session_id,ErrorPct,TooFast,Condition,ConditionNum,Age,Ethnicity,Gender,Race,WhiteAsianBIAT,WhiteHispBIAT,WhiteBlackBIAT,AsianHispBIAT,AsianBlackBIAT,HispBlackBIAT,WhiteImpAgg,HispImpAgg,AsianImpAgg,BlackImpAgg,RaceFocal,WhiteAsianExp,WhiteHispExp,WhiteBlackExp,AsianHispExp,AsianBlackExp,HispBlackExp,WhiteExpAgg,BlackExpAgg,AsianExpAgg,HispExpAgg,CondxImpWB,CondxImpWH,CondxImpWA,WhiteMinorityBIAT,WhiteMinorityExp
2425381,.0208333333333333,0,good,1,18,2,1,6,.988370489721446,1.27735575019206,.50756796778881,.115348023942142,-.179645589086825,-.905371392450511,.924431402567437,-.766025055528236,-.350889351622043,.192483004582842,White,0,0,0,0,0,0,0,0,0,0,.50756796778881,1.27735575019206,.988370489721446, , 
2425382,.0833333333333333,0,bad,-1,19,2,1,6,-.0832857567434138,-.241291778955561,.386527043069825,.522220565736689,-.527009217048043,.789044707373401,.0206498357902835,.169371973530758,.0261657018106864,-.216187511131727,White,1,1,1,2,1,-1,1,-.333333333333333,-1.33333333333333,.666666666666667,-.386527043069825,.241291778955561,.0832857567434138, , 
2425434,.0729166666666667,0,good,1,18,2,1,6,.439765788668117,.894081892718193,-.0981241103447952,.864355629059076,.371122815854497,.179709806667123,.411907857013838,-.526242571703382,.265237552081819,-.150902837392275,White,0,1,0,0,0,0,.333333333333333,0,0,-.333333333333333,-.0981241103447952,.894081892718193,.439765788668117, , 
2425525,.0416666666666667,0,bad,-1,18,2,1,6,.889983999448406,.304449989025848,.557675624633917,.659828231950107,.806500794919389,-.2621633190938,.584036537702724,-.408813846689918,.192115009140363,-.367337700153168,White,0,0,0,-2,-1,1,0,0,1,-1,-.557675624633917,-.304449989025848,-.889983999448406, , 
2426435,.119791666666667,0,bad,-1,18,2,1,6,.0964932628244775,.590698281152513,.341488016906249,-.327966253880265,-.124144165337,.53008219208371,.34289318696108,.0891167216038207,-.182867894013914,-.249142014550987,White,0,0,0,0,0,0,0,0,0,0,-.341488016906249,-.590698281152513,-.0964932628244775, , 
2426438,.140625,.0416666666666667,good,1,19,2,1,6,.611521726392213,.138724999448337,.327240093628333,-.333377160315415,.310141276148527,-.379038733143097,.359162273156294,-.061462190758673,-.211585870186367,-.0861142122112541,White,0,0,0,0,0,0,0,0,0,0,.327240093628333,.138724999448337,.611521726392213, , 
2426639,.0885416666666667,0,bad,-1,18,2,1,6,.236583476321977,-.731925853708167,.562494609087135,.633661061045384,-.113670593469941,.316381874498947,.0223840772336483,.138215555720577,.0944689970844889,-.255068630038714,White,2,2,1,-1,0,0,1.66666666666667,-.333333333333333,-.333333333333333,-1,-.562494609087135,.731925853708167,-.236583476321977, , 
2426748,.104166666666667,0,good,1,18,2,1,6,.205462774621143,-.714342641399529,.419999307080519,.267929327850167,-.740222876336936,-1.05651722155099,-.0296268532326222,-.203367969333877,-.225918774369304,.458913596935803,White,0,0,0,0,0,0,0,0,0,0,.419999307080519,-.714342641399529,.205462774621143, , 
2426751,.078125,0,good,1,19,2,1,6,.51270686151994,-.326562752742202,-.778177315325367,-.596172091652317,-.513059799331536,-.216466376954254,-.197344402182543,.235422822480089,-.540646250834598,.502567830537052,White,0,0,0,0,0,0,0,0,0,0,-.778177315325367,-.326562752742202,.51270686151994, , 
2426939,.015625,.00520833333333333,good,1,21,2,1,6,-.554272900478032,.421125657320795,-.0872855868035245,1.26988494555063,.897114448129932,-.206654418662039,-.0734776099869204,-.632555007177821,.907090764719531,-.201058147554789,White,0,0,0,0,0,0,0,0,0,0,-.0872855868035245,.421125657320795,-.554272900478032, , 
2426941,.0729166666666667,0,bad,-1,19,2,1,6,.773725017174228,.499440486561677,.617417530666943,.233324237281557,.619168450836781,.584121729588695,.630194344800949,-.049547664751513,.0262558903147031,-.60690257036414,White,0,0,0,0,0,0,0,0,0,0,-.617417530666943,-.499440486561677,-.773725017174228, , 
2430752,.223958333333333,0,bad,-1,18,2,1,6,.447927143115321,.434084574039675,.682430854944579,-.717604551769213,-.375338533309865,-.457534455958009,.521480857366525,-.0580048260761568,-.513623409398133,.0501473781077649,White,1,1,1,0,0,0,1,-.333333333333333,-.333333333333333,-.333333333333333,-.682430854944579,-.434084574039675,-.447927143115321, , 
2430754,.151041666666667,0,good,1,18,2,1,6,.593621884709202,.576349552970724,.647643810005054,.224248268530233,-.280528097397057,.502723592982337,.605871749228327,-.0992914095062069,-.216633904525342,-.289946435196778,White,2,3,2,-3,-1,2,2.33333333333333,-.333333333333333,.666666666666667,-2.66666666666667,.647643810005054,.576349552970724,.593621884709202, , 
2430762,.114583333333333,.0104166666666667,good,1,19,2,2,6,-.892247109648969,.340291527202898,-.353461297071934,.149250524498962,-.682772532380069,-.292972735089287,-.301805626506002,-.260838262263715,.119575033922621,.443068854847097,White,0,1,1,-1,0,0,.666666666666667,-.333333333333333,.333333333333333,-.666666666666667,-.353461297071934,.340291527202898,-.892247109648969, , 
2430795,.104166666666667,.00520833333333333,good,1,18,2,1,6,.237012072761828,-.0777562826834143,.983550618633237,-.139745843284193,-.342071959893087,-.113745500488635,.38093546957055,.034585541826324,-.23960995864637,-.175911052750505,White,1,1,1,-2,-1,1,1,-.333333333333333,.666666666666667,-1.33333333333333,.983550618633237,-.0777562826834143,.237012072761828, , 
2430806,.0833333333333333,.00520833333333333,good,1,18,2,1,6,-.495300870874369,-.531545278872557,.690204225131114,.0333730213874022,.498319294722856,.499026315207807,-.112213974871937,.332399524230987,.342331062328209,-.562516611687259,White,1,1,1,-1,0,0,1,-.333333333333333,0,-.666666666666667,.690204225131114,-.531545278872557,-.495300870874369, , 
2430807,.0833333333333333,.0104166666666667,good,1,18,2,1,6,-.452454629480086,-.327309904483698,-.548828312547154,-.0205026704502071,.199690566979911,-.283158876332279,-.442864282170313,.0215512328672088,.21054750866993,.210765540633174,White,0,0,0,0,0,0,0,0,0,0,-.548828312547154,-.327309904483698,-.452454629480086, , 
2430810,.125,0,bad,-1,18,2,1,6,-.111277972314951,.25636244883284,.0554448641834974,.444414338252275,1.04237377738453,.192831299845753,.0668431135671287,-.169315162413121,.53268869598392,-.430216647137928,White,0,0,1,1,0,0,.333333333333333,-.333333333333333,-.333333333333333,.333333333333333,-.0554448641834974,-.25636244883284,.111277972314951, , 
2430854,.130208333333333,0,bad,-1,18,2,1,6,1.12296136676212,1.2143962698188,-.553604818606246,-.220748806426597,.537292998582336,-.70193783433069,.594584272658227,-.565195099240966,-.268805724868794,.239416551451533,White,0,0,0,0,0,0,0,0,0,0,.553604818606246,-1.2143962698188,-1.12296136676212, , 
2430859,.119791666666667,0,bad,-1,18,2,1,6,.440580269104331,.220931163602138,.391846930762143,.214310176167466,.337552338366613,.377120165967117,.351119454489537,-.019373724600829,.0370940818099159,-.368839811698624,White,1,1,0,1,0,1,.666666666666667,.333333333333333,-.666666666666667,-.333333333333333,-.391846930762143,-.220931163602138,-.440580269104331, , 
2430861,.0729166666666667,0,bad,-1,18,2,1,6,.169334268205855,-.463452551334116,.175072527385492,.0114634681201601,-.370112101370099,-.0675468538773948,-.0396819185809233,.128147409778854,-.175994300485265,.087528809287334,White,0,0,0,0,0,0,0,0,0,0,-.175072527385492,.463452551334116,-.169334268205855, , 
2430925,.119791666666667,0,good,1,18,2,1,6,.70424717812898,.746274415357463,1.17346505280565,-.440489257276212,.215629984367647,-.00288426532000109,.874662215430698,-.102889807800417,-.309702150345848,-.462070257284432,White,2,2,2,0,-1,-1,2,-1.33333333333333,-.333333333333333,-.333333333333333,1.17346505280565,.746274415357463,.70424717812898, , 
2430930,.15625,0,bad,-1,18,2,1,6,.935932199440949,1.14932732527275,-.287182913401421,-.80065110602108,.88432594417314,-.316050931247814,.599358870437426,-.221575716833161,-.284085787096296,-.0936973665079683,White,0,0,0,0,0,0,0,0,0,0,.287182913401421,-1.14932732527275,-.935932199440949, , 
2430932,.015625,0,bad,-1,18,2,1,6,-.285727090698356,.512729115408915,.719562023793889,.589407259581098,-.0244852215118051,.683625432939744,.315521349501483,-.13950364735009,.283549709589216,-.459567411740609,White,0,0,1,-1,0,0,.333333333333333,-.333333333333333,.333333333333333,-.333333333333333,-.719562023793889,-.512729115408915,.285727090698356, , 
2431706,.03125,0,bad,-1,21,2,1,6,.360932198106521,-.246402817810606,.58732161372497,.132509263850334,.917055134133402,-.773353163406199,.233950331340295,-.219819869815309,.229544066625739,-.243674528150724,White,0,0,0,0,0,0,0,0,0,0,-.58732161372497,.246402817810606,-.360932198106521, , 
2431711,.0520833333333333,0,good,1,19,2,1,6,.0117995332703763,.699719363976698,.144029335234529,-.311690080300035,.48520463367506,-.118274892317724,.285182744160535,-.168768058664796,.0539050067015495,-.170319692197288,White,2,2,2,0,1,0,2,-.333333333333333,-1,-.666666666666667,.144029335234529,.699719363976698,.0117995332703763, , 
2435382,.0520833333333333,0,good,1,19,2,1,6,-.0331725131428765,-.0134655797700141,.349102629196856,.620340962889318,.236611136372059,-.0437279629610339,.100821512094655,-.216867782026779,.296708204134751,-.180661934202627,White,1,-1,1,0,0,0,.333333333333333,-.333333333333333,-.333333333333333,.333333333333333,.349102629196856,-.0134655797700141,-.0331725131428765, , 
2435388,.104166666666667,0,bad,-1,20,2,1,6,.659357078719057,.591442998980741,.85880438850586,-.7576311536758,.341727548969748,.0677209760362614,.703201488735219,.0779697102437736,-.35842022780837,-.422750971170623,White,0,1,-1,-2,-1,1,0,.333333333333333,1,-1.33333333333333,-.85880438850586,-.591442998980741,-.659357078719057, , 
2435390,.0520833333333333,0,bad,-1,18,2,2,6,.568074901376465,-.3441055583959,.173380003833461,-.426040707592074,-.442982131654673,-.0427351702243813,.132449782271342,.242470365254531,-.479032580207737,.104112432681865,White,0,0,0,0,0,0,0,0,0,0,-.173380003833461,.3441055583959,-.568074901376465, , 
2436126,.515625,.822916666666667,bad,-1,19,2,2,6,-.0528684044468936,.475067295912308,-.247540503826245,.594647328055384,-.725035694750907,.247370769158514,.0582194625463899,-.274114618269726,-.0258399874162099,.241735143139546,White,0,0,0,0,0,0,0,0,0,0,.247540503826245,-.475067295912308,.0528684044468936, , 
2436129,.197916666666667,.015625,good,1,18,3,2,6,.13431644702375,1.28588615030117,1.01678651899219,.244920901077094,.696354857789455,.587620372229761,.812329705439038,-.314395559716169,.268986437280933,-.766920583003802,White,0,0,0,0,0,0,0,0,0,0,1.01678651899219,1.28588615030117,.13431644702375, , 
2436133,.192708333333333,.00520833333333333,good,1,18,2,1,6,.679133650444653,.689314378167967,-.423024809518056,.060064300487528,.710189108664213,-.794192226883028,.315141073031521,-.514523635179508,.0303732529023626,.169009309245624,White,-1,1,-1,0,0,0,-.333333333333333,.333333333333333,.333333333333333,-.333333333333333,-.423024809518056,.689314378167967,.679133650444653, , 
2436134,.0260416666666667,0,good,1,18,2,2,6,-.328713754764001,1.07305364466417,.46134415897255,.663655077318045,-.646980685393668,.457559254027911,.401894682957572,-.426383155984767,.11512938222946,-.0906409092022645,White,0,0,0,0,0,0,0,0,0,0,.46134415897255,1.07305364466417,-.328713754764001, , 
2436203,.0364583333333333,0,good,1,18,2,1,6,.337797583191995,.673842484876612,.872764813858891,-.111229956423752,-.601787849312783,-.876888961789822,.628134960642499,-.479833830080894,-.35027179630951,.201970665747905,White,2,1,0,1,2,1,1,1,-1.66666666666667,-.333333333333333,.872764813858891,.673842484876612,.337797583191995, , 
2436205,.104166666666667,0,bad,-1,18,2,1,6,.36838372821116,.0783914831024197,.965531318495689,.326566542968027,-.76878159153299,.0604676410733984,.470768843269756,-.11483012833235,-.270199592258707,-.0857391226786991,White,0,0,0,0,0,0,0,0,0,0,-.965531318495689,-.0783914831024197,-.36838372821116, , 
2436206,.0208333333333333,0,good,1,18,2,1,6,.802359581028028,-.0757208490787955,-.488331137500011,-.245908308135355,-.334134589990713,-.245474373007607,.0794358648164072,.025384928068848,-.460800826384699,.355980033499444,White,0,0,0,0,0,0,0,0,0,0,-.488331137500011,-.0757208490787955,.802359581028028, , 
2436332,.09375,0,bad,-1,18,3,2,6,.844886916309363,-.0770343218798441,1.08668197910124,.369912293334524,.474430804095385,.814659093645448,.618178191176918,.173927040730256,-.000181272959817846,-.791923958947356,White,2,3,3,0,-1,-2,2.66666666666667,-2,-.333333333333333,-.333333333333333,-1.08668197910124,.0770343218798441,-.844886916309363, , 
2436335,.15625,.00520833333333333,good,1,18,2,1,6,.674818702468562,.622045464980876,.486636452117741,.0169746339524512,.28951290615798,.75221312463846,.594500206522393,.0377310085683776,-.122777054119377,-.509454160971394,White,0,0,0,0,0,0,0,0,0,0,.486636452117741,.622045464980876,.674818702468562, , 
2436370,.0364583333333333,0,bad,-1,18,2,1,6,-.220590464232516,-.0724318185400449,.214640435702267,.472657543971075,-.743774758299107,-1.04196184754121,-.0261272823567644,-.480729190990747,-.016842250031839,.52369872337935,White,2,2,2,0,1,0,2,-.333333333333333,-1,-.666666666666667,-.214640435702267,.0724318185400449,.220590464232516, , 
2436461,.0520833333333333,0,bad,-1,18,2,1,6,.421776736958186,.381121483926371,-.469180293406789,.597528371029069,-.29514071638896,.267060776678619,.111239309159256,-.237196359425607,-.0397963607726924,.165753411039044,White,0,0,0,0,0,0,0,0,0,0,.469180293406789,-.381121483926371,-.421776736958186, , 
2436462,.0416666666666667,0,bad,-1,19,2,2,6,1.07274001643978,.451097990126206,1.34443538520173,.429356540298032,-.288076904667335,.0173182785490315,.95609113058924,-.287712083958402,-.310486793603029,-.357892253027809,White,2,2,2,-1,-1,1,2,-.666666666666667,0,-1.33333333333333,-1.34443538520173,-.451097990126206,-1.07274001643978, , 
2436465,.0572916666666667,0,good,1,18,2,1,6,.672535432692937,.538502745042318,.53221263486849,.853466692518449,.440689198650958,.148286965872168,.581083604201248,-.4145608238962,.207206819492156,-.373729599797205,White,1,-1,1,0,0,0,.333333333333333,-.333333333333333,-.333333333333333,.333333333333333,.53221263486849,.538502745042318,.672535432692937, , 
2436473,.0833333333333333,0,bad,-1,18,2,2,6,.382491814342583,.691247552822122,.608657530371765,-.820121981956214,.102097278515821,.495444444724633,.56079896584549,.208106291286242,-.366838839260992,-.40206641787074,White,0,0,0,0,0,0,0,0,0,0,-.608657530371765,-.691247552822122,-.382491814342583, , 
2436558,.0208333333333333,0,bad,-1,18,2,2,6,.266737853812611,.688609163511366,.172562068530089,-.153754660921636,-.212939380436244,.674468980700313,.375969695284689,.0465381593701942,-.211143965056831,-.211363889598053,White,1,1,1,0,0,0,1,-.333333333333333,-.333333333333333,-.333333333333333,-.172562068530089,-.688609163511366,-.266737853812611, , 
2439351,.151041666666667,0,bad,-1,18,2,2,6,.0265515953530237,.466343503930427,.876997889126787,-.456961324726002,1.01272106084995,-.498351808892571,.456630996136746,-.169244662698999,.176402713590308,-.463789047028055,White,2,0,1,2,1,-1,1,-.333333333333333,-1.66666666666667,1,-.876997889126787,-.466343503930427,-.0265515953530237, , 
2439353,.182291666666667,0,good,1,18,2,2,6,1.14509859447303,.560319712610928,.903893029938236,-.610906348622409,.190048221475402,.444879061131864,.869770445674066,.165155232381115,-.521985573873347,-.512940104181834,White,2,-2,2,0,0,0,.666666666666667,-.666666666666667,-.666666666666667,.666666666666667,.903893029938236,.560319712610928,1.14509859447303, , 
2439355,.0520833333333333,.0104166666666667,bad,-1,18,2,1,6,.120601098064648,.655468900375969,.269730725942071,.133162361224835,.316154018087151,.663465430443091,.348600241460896,-.0417219437192376,.109571760415779,-.416450058157438,White,1,0,0,0,1,0,.333333333333333,.333333333333333,-.666666666666667,0,-.269730725942071,-.655468900375969,-.120601098064648, , 
2439357,.0885416666666667,0,good,1,17,2,1,6,.143607588641081,.706140007588375,.577608227357032,.528518317634603,.511812344157921,.827800427487406,.47578527452883,-.135619299245191,.298907691050481,-.63907366633412,White,1,1,1,0,0,0,1,-.333333333333333,-.333333333333333,-.333333333333333,.577608227357032,.706140007588375,.143607588641081, , 
2439524,.135416666666667,.03125,good,1,18,2,1,6,-.00134611335287773,-.201463424302538,.0805559591757824,-.0308744053380007,.0561758129384532,.183282445717978,-.0407511928265443,.138540091786172,.00888250698444342,-.106671405944071,White,1,2,1,-1,0,1,1.33333333333333,0,0,-1.33333333333333,.0805559591757824,-.201463424302538,-.00134611335287773, , 
2439527,.0416666666666667,0,good,1,20,2,1,6,-.233294089966755,.0292180599450941,.170315439425056,-.346209326352555,-.0640940963742521,.302774910004616,-.0112535301988681,.206588725470692,-.0590031109200174,-.136332084351807,White,0,0,0,1,0,0,0,0,-.333333333333333,.333333333333333,.170315439425056,.0292180599450941,-.233294089966755, , 
2439530,.0572916666666667,0,good,1,18,2,1,6,.346783926847811,.149834096314429,.10851277643607,-.082295732061391,.326774444303738,-.084278065567177,.20171026653277,-.0506054766067383,-.0341017382018212,-.117003051724211,White,1,1,0,1,1,0,.666666666666667,.333333333333333,-1,0,.10851277643607,.149834096314429,.346783926847811, , 
2439531,.0625,0,good,1,18,2,1,6,.113714013335431,.0328735742113636,.477757663144008,.0562993429881153,.106793492603964,.00623254303254912,.208115083563601,-.0276467913889766,.0164596074188828,-.196927899593507,White,0,0,0,0,0,0,0,0,0,0,.477757663144008,.0328735742113636,.113714013335431, , 
2439692,.046875,0,bad,-1,19,2,2,6,.320993259214418,-.215915384011802,.231340833110582,.540242120610125,.05629846372366,.479520119408639,.112139569437733,.0517311276034385,.0918491083731224,-.255719805414293,White,0,0,0,0,0,0,0,0,0,0,-.231340833110582,.215915384011802,-.320993259214418, , 
2439707,.0677083333333333,0,bad,-1,18,2,1,6,-.121809986113371,.158048022599072,.75502198102862,-.0643925705999269,-.088527669854936,.417852990186957,.26375333917144,.108065846062604,-.0103700847804974,-.361449100453547,White,0,0,0,-1,-2,0,0,-.666666666666667,1,-.333333333333333,-.75502198102862,-.158048022599072,.121809986113371, , 
2440028,.0625,0,good,1,18,2,2,6,.460772611791684,.859273641243536,.698005832218385,-.573096347420964,-.585426681537532,.375223343541473,.672684028417868,.0296820165729673,-.539765213583393,-.162600831407442,White,1,1,-1,0,0,0,.333333333333333,.333333333333333,-.333333333333333,-.333333333333333,.698005832218385,.859273641243536,.460772611791684, , 
2440036,.0677083333333333,.0104166666666667,bad,-1,18,2,1,6,.608891148041913,-.209055945513543,-.235255411618207,-.834083506580492,.306142718130576,.342507528679213,.0548599303033876,.461882326924416,-.378943978830609,-.137798278397194,White,2,2,2,0,0,0,2,-.666666666666667,-.666666666666667,-.666666666666667,.235255411618207,.209055945513543,-.608891148041913, , 
2440155,.109375,0,good,1,19,2,1,6,.752097758018557,.652921797099538,.429675995946321,.346257277773013,-.302724963165113,-.141895768290057,.611565183688139,-.380358281054203,-.236188481136886,.00498157850294939,White,2,2,2,0,-1,-1,2,-1.33333333333333,-.333333333333333,-.333333333333333,.429675995946321,.652921797099538,.752097758018557, , 
2440157,.0416666666666667,0,good,1,18,2,1,6,.158542845944805,.122694762869099,-.0436953518511989,.181264240101953,.528362818546057,.394403172978649,.0791807523209017,.0301480566691993,.183694737567735,-.293023546557836,White,0,0,0,0,0,0,0,0,0,0,-.0436953518511989,.122694762869099,.158542845944805, , 
2440160,.171875,0,bad,-1,18,2,1,6,.654289858946971,.683612664772319,.268922423107634,.97196874450099,-.116566672372031,-.308779720339178,.535608315608975,-.654787043204162,.067037404393996,.0521413232011917,White,0,0,0,0,0,0,0,0,0,0,-.268922423107634,-.683612664772319,-.654289858946971, , 
2440161,.09375,0,good,1,19,2,1,6,.612525776932847,-.17591747160385,.172489155647588,.137194235614509,-.32436229676919,-.313184987173529,.203032486992195,-.0914872503947292,-.266564612695843,.155019376098377,White,1,1,1,-1,1,0,1,0,-.333333333333333,-.666666666666667,.172489155647588,-.17591747160385,.612525776932847, , 
2442390,.109375,.03125,good,1,19,2,2,6,.984626069084232,.477042904619993,.396494780394965,-1.02865848676551,.167600115201384,-.648950275949899,.619387918033064,-.0324448979347952,-.615228146882785,.0282851267845164,White,3,2,2,2,2,0,2.33333333333333,0,-2.33333333333333,0,.396494780394965,.477042904619993,.984626069084232, , 
2442393,.140625,0,bad,-1,19,2,1,6,.455515544869696,.561627723133064,-.324403277860971,.270163808173948,.196792873324152,-.457473721178807,.230913330047263,-.42975508416194,.00381371220946775,.195028041905209,White,1,0,0,1,1,0,.333333333333333,.333333333333333,-1,.333333333333333,.324403277860971,-.561627723133064,-.455515544869696, , 
2443730,.0677083333333333,.00520833333333333,bad,-1,18,2,1,6,.853916736441088,1.17037287826038,.097800406197478,-.200189924552717,.430001325685232,-.337899494549952,.707363340299649,-.436027482752539,-.208035111769524,-.0633007457775861,White,0,0,0,0,0,0,0,0,0,0,-.097800406197478,-1.17037287826038,-.853916736441088, , 
2443744,.09375,0,good,1,18,2,1,6,-.711260300532685,-.151278757531982,.969994815109438,.479445883495483,.513754146734857,.283292657149844,.0358185856815903,-.0149581562712191,.568153443587675,-.589013872998046,White,0,0,0,0,0,0,0,0,0,0,.969994815109438,-.151278757531982,-.711260300532685, , 
2445923,.0260416666666667,0,good,1,20,2,1,6,-.607065489180411,.205037213282224,.683398778231155,.0411611079914776,-.79625182931979,.518420640840151,.0937901674443228,.0907407731888164,-.0493417440493007,-.135189196583839,White,1,0,1,1,0,-1,.666666666666667,-.666666666666667,-.666666666666667,.666666666666667,.683398778231155,.205037213282224,-.607065489180411, , 
2445934,.114583333333333,0,bad,-1,18,2,1,6,.477991854217269,.211708806833565,-.0974393995135931,.7676422040739,.425349557677373,-.518838707593596,.197420420512413,-.499396572833687,.238333302511335,.0636428498099387,White,0,0,0,0,0,0,0,0,0,0,.0974393995135931,-.211708806833565,-.477991854217269, , 
2446065,.00520833333333333,0,good,1,18,3,1,6,-.0149969646930883,-.346489717155147,-.540141299910528,.912231414686368,-1.06106510329333,-.111408941717459,-.300542660586255,-.22571687974956,-.044612241304625,.570871781640439,White,0,0,0,0,0,0,0,0,0,0,-.540141299910528,-.346489717155147,-.0149969646930883, , 
2446086,.03125,.0104166666666667,good,1,18,3,1,6,.367136415728359,.340818680768916,.114624638942528,.0340287334992239,.668569401682507,.0985843166022896,.274193245146601,-.09208769922195,.111820573151124,-.293926119075775,White,1,1,1,1,0,0,1,-.333333333333333,-.666666666666667,0,.114624638942528,.340818680768916,.367136415728359, , 
2447398,.0260416666666667,0,bad,-1,18,2,1,6,-.0982217730906147,.486809880558314,.372170991873424,-.179997002214658,.227564268430546,-.569659946794664,.253586366447041,-.29215760837944,.0485963464355009,-.0100251045031023,White,1,1,1,-1,-1,-1,1,-1,.333333333333333,-.333333333333333,-.372170991873424,-.486809880558314,.0982217730906147, , 
2447409,.0260416666666667,0,good,1,19,2,1,6,.301763350256098,1.09098763401836,.665808398692896,.923327880339007,.372483212087821,-.149318613696525,.686186460989117,-.721211376017963,.331349247390243,-.296324332361397,White,2,2,2,0,0,0,2,-.666666666666667,-.666666666666667,-.666666666666667,.665808398692896,1.09098763401836,.301763350256098, , 
2447430,.015625,0,bad,-1,18,2,1,6,-.201489335986211,.341313728595779,-.620583617727803,-.0408796516883126,-.810142396001113,-.326327840500662,-.160253075039412,-.208920639136043,-.216510903901071,.585684618076526,White,0,0,0,0,0,0,0,0,0,0,.620583617727803,-.341313728595779,.201489335986211, , 
2448070,.0833333333333333,0,good,1,18,2,1,6,-.375722080973436,-.446344516515753,-.38159015949531,-.255381756276348,.32598178576136,1.0230162776387,-.401218918994833,.574914183476933,.148774036819483,-.322469301301583,White,0,0,0,0,0,0,0,0,0,0,-.38159015949531,-.446344516515753,-.375722080973436, , 
2448073,.125,0,bad,-1,18,2,1,6,.0139688014181209,-.396805122569217,.0715213203397523,.111844771040122,.120359666341977,.694251227026845,-.103771666937115,.326403859518647,.0727452119879928,-.295377404569525,White,0,0,0,0,0,0,0,0,0,0,-.0715213203397523,.396805122569217,-.0139688014181209, , 
2448074,.104166666666667,0,good,1,19,2,2,6,-.380670095385989,.393350508668361,-.408303135372643,-.171327552873635,-.175299072840478,-.250290351202322,-.131874240696757,-.157437768999016,.0113478232239586,.277964186471815,White,1,1,0,-1,0,1,.666666666666667,.333333333333333,0,-1,-.408303135372643,.393350508668361,-.380670095385989, , 
2448078,.109375,0,good,1,18,2,1,6,.0110398604089047,.0419841448786283,.102745601603577,-.0573377096271413,-.212823067969695,.227715413976438,.0519232022970367,.0810229929083171,-.0937335460019136,-.0392126492034402,White,0,0,0,0,0,0,0,0,0,0,.102745601603577,.0419841448786283,.0110398604089047, , 
2448081,.0260416666666667,0,good,1,20,2,2,6,.229261672827018,.25142985137529,.797702063728198,.193400270778435,.332834370420316,.67200475793219,.426131195976835,.0757248785928216,.0989909894572443,-.600847064026901,White,0,1,1,-1,-1,0,.666666666666667,-.666666666666667,.666666666666667,-.666666666666667,.797702063728198,.25142985137529,.229261672827018, , 
2448086,.0677083333333333,0,bad,-1,18,2,1,6,.0443874432538544,-.390735430629101,.649306953323455,-.365484162052369,.85686061209237,.268475647171605,.100986321982736,.341565079951025,.148996335595382,-.591547737529143,White,1,2,2,-2,-2,1,1.66666666666667,-1,1,-1.66666666666667,-.649306953323455,.390735430629101,-.0443874432538544, , 
2448122,.0520833333333333,.015625,good,1,19,2,1,6,-.371016533231503,-.048975652703205,.336065026749469,.00188135814657636,-.485734148661088,-.162419248548286,-.027975719728413,-.0384416513305525,-.0376120857610028,.104029456819968,White,2,1,1,2,2,-2,1.33333333333333,-.333333333333333,-2,1,.336065026749469,-.048975652703205,-.371016533231503, , 
2448159,.161458333333333,.015625,bad,-1,18,3,1,6,.370300855989424,-.153049848240604,.165848421662273,-.0712533525542163,.634989602969316,.525347578700803,.127699809803698,.249883593165208,.0644784648085586,-.442061867777464,White,0,0,0,0,0,0,0,0,0,0,-.165848421662273,.153049848240604,-.370300855989424, , 
2448160,.046875,0,bad,-1,19,2,1,6,.0948870310445991,.412798901264056,.924766959451292,-.326025678432727,.522506490616318,.729289222695974,.477484297253316,.214171999954881,.0338645937129974,-.725520890921194,White,1,0,0,0,1,0,.333333333333333,.333333333333333,-.666666666666667,0,-.924766959451292,-.412798901264056,-.0948870310445991, , 
2448161,.0677083333333333,.015625,good,1,18,2,1,6,-.321206487077505,-.213975949911338,.220580899294332,-.530002340127948,-.0591734592496139,-.060985455350715,-.104867179231503,.227664278229524,-.0893231041000192,-.033473994898001,White,0,0,0,0,0,0,0,0,0,0,.220580899294332,-.213975949911338,-.321206487077505, , 
2448236,.03125,0,good,1,18,2,1,6,1.1403830486839,1.25031766629474,-.401748793090196,-.145209472480798,.610264709638013,-.761222521598039,.662983973962815,-.62211023847066,-.225109270508895,.184235535016741,White,0,0,0,0,-1,0,0,-.333333333333333,.333333333333333,0,-.401748793090196,1.25031766629474,1.1403830486839, , 
2448241,.109375,0,good,1,18,2,1,6,.17988977566832,.773434705576108,.943526787613031,.0902824686917919,.649052598767391,-.61138946085777,.632283756285819,-.491702211708557,.186481763930288,-.32706330850755,White,0,0,0,0,0,0,0,0,0,0,.943526787613031,.773434705576108,.17988977566832, , 
2448265,.0572916666666667,0,bad,-1,21,2,2,6,.188404785549802,.444464328531944,.489674499549262,-.788891467706444,-.335094151696377,.474734220267322,.374181204543669,.273053786480607,-.437463468317541,-.209771522706736,White,1,0,2,0,-2,-1,1,-1.66666666666667,.333333333333333,.333333333333333,-.489674499549262,-.444464328531944,-.188404785549802, , 
2448347,.0260416666666667,0,good,1,18,2,1,6,-.234961607179048,.657553927611674,-.120175511387931,.594690461814955,-.450318429615448,.318707865665092,.100805603014898,-.311178841253846,.126444546459518,.0839286917794289,White,1,1,0,0,1,0,.666666666666667,.333333333333333,-.666666666666667,-.333333333333333,-.120175511387931,.657553927611674,-.234961607179048, , 
2456954,.135416666666667,.015625,bad,-1,18,2,1,6,.550903513160199,1.00164098019777,1.08553530406732,.351654992529108,.253648877003978,.502172759749092,.879359932475096,-.283707737659261,.0181334521242955,-.613785646940131,White,1,0,0,1,1,0,.333333333333333,.333333333333333,-1,.333333333333333,-1.08553530406732,-1.00164098019777,-.550903513160199, , 
2456956,.135416666666667,.0364583333333333,bad,-1,18,2,1,2,.461105785405012,.241427962668541,.386254947413397,-.561769925892146,-.134568249417413,.909793520483784,.362929565162316,.410045161235796,-.385814653571524,-.387160072826589,Asian,-2,2,0,3,1,-2,0,.333333333333333,2,-2.33333333333333,-.386254947413397,-.241427962668541,-.461105785405012,.461105785405012,-2
2456960,.0989583333333333,0,bad,-1,18,2,1,6,.260764647028885,.831944166820987,-.0692560147345885,.0438385317169406,.200342312834906,.187866540509468,.341150933038428,-.229305386009487,-.00552793415901267,-.106317612869929,White,0,0,0,0,0,0,0,0,0,0,.0692560147345885,-.831944166820987,-.260764647028885, , 
2457024,.114583333333333,.0260416666666667,good,1,18,2,1,6,.339444078207804,.00476655588654973,.391446411169617,.056030965218397,-.41487276287452,-.336962600773657,.24521901508799,-.132586707292868,-.232761958621309,.120129650826187,White,1,-1,1,0,0,-1,.333333333333333,-.666666666666667,-.333333333333333,.666666666666667,.391446411169617,.00476655588654973,.339444078207804, , 
2457026,.0729166666666667,0,bad,-1,18,2,1,4*6,.388092130546355,.825686377083564,1.10512347935259,.539744526213691,.233019867335316,-.276227431584417,.772967328994168,-.547219444960558,.128224087667551,-.353971971701162, ,0,1,1,1,1,0,.666666666666667,-.666666666666667,.666666666666667,-.666666666666667,-1.10512347935259,-.825686377083564,-.388092130546355, , 
2457029,.0572916666666667,0,bad,-1,19,2,1,6,.840527318338576,.740549983872715,.518909675204926,.0502741897618144,.340837421599877,-.300682732794667,.699995659138739,-.363835635476399,-.149805235658962,-.186354788003378,White,0,1,1,-1,-1,-1,.666666666666667,-1,.666666666666667,-.333333333333333,-.518909675204926,-.740549983872715,-.840527318338576, , 
2457093,.15625,.046875,good,1,19,2,2,6,.568962763748128,.213837006279536,.68845656604307,-.380163490633235,.295016567352093,.527666458957866,.490418778690245,.231330981103855,-.21803656234309,-.50371319745101,White,0,0,0,0,0,0,0,0,0,0,.68845656604307,.213837006279536,.568962763748128, , 
2457103,.09375,0,good,1,18,2,2,2,.0165566121149069,.184940367231758,.756171201073969,-.288932370101775,.758579204557984,.915597776961186,.319222726806878,.339863259943734,.151030074113767,-.810116060864379,Asian,0,-1,1,0,1,1,0,-1,.333333333333333,.666666666666667,.756171201073969,.184940367231758,.0165566121149069,.0165566121149069,0
2457110,.104166666666667,0,bad,-1,18,2,1,2,.502459694104296,.150617249643813,.0856041200357299,-.378576361902317,-.125485830560581,.193335054663045,.24622702126128,.14043138897385,-.335507295522398,-.0511511147127316,Asian,0,1,1,1,1,0,.666666666666667,-.666666666666667,.666666666666667,-.666666666666667,-.0856041200357299,-.150617249643813,-.502459694104296,.502459694104296,0
2457145,.0572916666666667,.00520833333333333,good,1,18,2,1,6,.204440393827842,.598854193742937,.48944279498805,.407050813439417,.284025996143408,-.0650013146337296,.430912460852943,-.356968773938694,.162212138584994,-.236155825499243,White,0,0,0,-1,0,0,0,0,.333333333333333,-.333333333333333,.48944279498805,.598854193742937,.204440393827842, , 
2457150,.015625,0,good,1,20,2,2,6,-.832335255111714,.82316138644918,.823856258061879,-.619026119349654,-.354766412007434,.256224862295543,.271560796466448,.0173631983986724,-.0471524254151248,-.241771569449996,White,0,0,0,0,0,0,0,0,0,0,.823856258061879,.82316138644918,-.832335255111714, , 
2458803,.078125,.00520833333333333,good,1,19,2,1,2,.132722769356903,-.443103922254741,.76737760202423,.784195546919256,-.151826901778986,.129453548206963,.152332149708798,-.0705460254858505,.166548625261122,-.248334749484069,Asian,-1,0,0,0,0,0,-.333333333333333,0,.333333333333333,0,.76737760202423,-.443103922254741,.132722769356903,.132722769356903,-1
2458804,.1875,.0729166666666667,bad,-1,18,2,1,6,-.792234599869577,-.00700053558885347,-.205136772688663,-.227396181124489,.684030117106634,.0547530889086847,-.334790636049031,.0963832685406759,.416289511950574,-.177882144442219,White,2,2,2,-1,0,1,2,-.333333333333333,-.333333333333333,-1.33333333333333,.205136772688663,.00700053558885347,.792234599869577, , 
2458862,.078125,.0208333333333333,good,1,18,2,1,6,.0225822488232903,-.143802544561564,.22891808946794,.349505831399087,.0659695111946248,-.131903692077135,.0358992645765555,-.112535659638219,.130964364590141,-.0543279695284768,White,2,1,2,0,0,1,1.66666666666667,-.333333333333333,-.666666666666667,-.666666666666667,.22891808946794,-.143802544561564,.0225822488232903, , 
2458864,.178010471204188,.031413612565445,good,1,18,2,2,6,-.445937962727351,1.100601659133,.78613714987076,-.907812666552126,.329881482998037,.857209985350557,.480266948758804,.22147366425656,-.0439977402755793,-.657742872739785,White,2,0,1,1,-1,-1,1,-1,-.666666666666667,.666666666666667,.78613714987076,1.100601659133,-.445937962727351, , 
2458943,.0260416666666667,.015625,good,1,18,2,1,6,.748741229792039,.239043533112555,.486348312810077,-.130964656982587,-.0308659672831571,-.180989287653321,.49137769190489,-.0963560545944296,-.303523951352594,-.0914976859578662,White,1,1,1,0,0,0,1,-.333333333333333,-.333333333333333,-.333333333333333,.486348312810077,.239043533112555,.748741229792039, , 
2458948,.0677083333333333,0,bad,-1,18,2,2,6,.486605793187868,1.34492067237581,.712839477061549,.221582423623842,.562306384605715,.47328849846534,.848121980875076,-.364404865844771,.0990943383472299,-.582811453377535,White,0,0,0,0,0,0,0,0,0,0,-.712839477061549,-1.34492067237581,-.486605793187868, , 
2458949,.125,0,bad,-1,18,2,1,7,.38751861776942,-.331256241228336,.614174732198912,.225053901800148,.0546496775372016,-.552114291265746,.223479036246665,-.148637317279186,-.0359383461440237,-.0389033728234559, ,0,0,0,1,0,0,0,0,.333333333333333,-.333333333333333,-.614174732198912,.331256241228336,-.38751861776942, , 
2458950,.0837696335078534,0,bad,-1,19,2,1,6,.915025363314119,.254741459633361,.130719085332439,.607281042441155,.424596460385909,.501969983254978,.433495302759973,-.12001750627318,.0389507131709819,-.352428509657775,White,0,0,0,0,0,0,0,0,0,0,-.130719085332439,-.254741459633361,-.915025363314119, , 
2458952,.135416666666667,.0520833333333333,bad,-1,18,2,1,6,.949906547498581,.656628973968468,.626625724331345,.494719368594195,-.218872260554629,.452745710125604,.744387081932798,-.232867544145686,-.224686479819672,-.28683305796744,White,1,0,1,1,1,-1,.666666666666667,-.333333333333333,-1,.666666666666667,-.626625724331345,-.656628973968468,-.949906547498581, , 
2458959,.0520833333333333,0,good,1,18,2,1,6,.278651102197257,.431736982443855,.735386977536837,-.533003838225069,.0185478933721223,.338404397364995,.481925020725983,.14655708438207,-.264369015683401,-.364113089424652,White,1,1,1,0,0,0,1,-.333333333333333,-.333333333333333,-.333333333333333,.735386977536837,.431736982443855,.278651102197257, , 
2458974,.145833333333333,0,bad,-1,17,2,1,6,.294351942398301,-.641815876400707,.992082262484952,-.261794550776985,-.450386860371127,.843103200542925,.214872776160849,.582237875906872,-.335511117848804,-.461599534218917,White,0,0,0,0,0,0,0,0,0,0,-.992082262484952,.641815876400707,-.294351942398301, , 
2459000,.135416666666667,.015625,good,1,21,2,1,3,.0209693073494396,.702026407821973,-.503358135918402,-.586820498349749,.639922709151293,.18321274814564,.0732125264176703,.0226689462244721,.0107109678173682,-.106592440459511, ,0,0,2,2,2,1,.666666666666667,-1.66666666666667,1.33333333333333,-.333333333333333,-.503358135918402,.702026407821973,.0209693073494396, , 
2459002,.09375,0,bad,-1,20,2,2,2,.902183275962419,.8707769580228,.458318868436537,1.15732562849028,.0692113974404442,-.411752414300314,.743759700807252,-.813285000271132,.108117916656102,-.0385926171922223,Asian,0,0,0,0,0,0,0,0,0,0,-.458318868436537,-.8707769580228,-.902183275962419,.902183275962419,0
2459060,.0833333333333333,.00520833333333333,bad,-1,18,2,1,6,.767008345740312,1.02976261375823,-.0874225913655469,.306461163774784,.479606448519915,.873381278208644,.569782789377664,-.154280833108123,.0063530888514622,-.421855045121004,White,2,3,3,-1,-1,0,2.66666666666667,-1.33333333333333,0,-1.33333333333333,.0874225913655469,-1.02976261375823,-.767008345740312, , 
2459138,.0364583333333333,0,good,1,18,2,1,6,-.373654434746536,-.0563681801142271,-.482163548604163,.349946597725629,-.525027308055519,.316980071733876,-.304062054488308,.00780055137415806,.0661912414722153,.230070261641935,White,1,1,1,0,1,1,1,.333333333333333,-.666666666666667,-.666666666666667,-.482163548604163,-.0563681801142271,-.373654434746536, , 
2459152,.125,.00520833333333333,good,1,19,1,1,6,.081936666880476,-.197526504243803,1.08685349896998,-.783036873171546,-.242940892689516,.414114660715601,.323754553868886,.464892679376983,-.369304810913846,-.419342422332023,Hisp,3,2,2,-3,0,3,2.33333333333333,-1.66666666666667,-2,1.33333333333333,1.08685349896998,-.197526504243803,.081936666880476,-.197526504243803,2
2459222,.192708333333333,.00520833333333333,bad,-1,18,2,2,3,-.195330654892479,.323327700585788,-.0957329643388568,-.201003069283542,.185671683933067,-.764089375050666,.0107546937848175,-.295471335450971,.0599997565140012,.224716885152152, ,1,1,-1,1,-1,-1,.333333333333333,1,-.333333333333333,-1,.0957329643388568,-.323327700585788,.195330654892479, , 
2459230,.0625,.0104166666666667,good,1,18,2,1,6,-.0943311216022495,-.699060862894115,-.531642754621396,.552752971394813,.46424048775943,.230512725369808,-.441678246372587,.125606872289703,.370441526918831,-.0543701528359472,White,0,1,1,0,0,0,.666666666666667,-.333333333333333,0,-.333333333333333,-.531642754621396,-.699060862894115,-.0943311216022495, , 
2459237,.046875,0,good,1, ,3,1,6,.126537830186717,-.297650784005734,-.236278884031141,-.209338465706706,-.121552908921068,-.209996428739063,-.135797279283386,.0989976069911258,-.152476401604831,.189276073897091,White,0,0,0,0,0,0,0,0,0,0,-.236278884031141,-.297650784005734,.126537830186717, , 
2461258,.046875,.0104166666666667,bad,-1,19,2,2,6,.750770642964368,.541763093530992,1.27006007422876,.617027978130043,-.491326414354112,-.194333380211699,.85419793690804,-.451041483957578,-.208356359729479,-.194800093220983,White,2,2,2,1,-1,0,2,-1,-.666666666666667,-.333333333333333,-1.27006007422876,-.541763093530992,-.750770642964368, , 
2461260,0,0,good,1,18,1,1,7,.27392226344711,.604270624584543,1.09003286152118,-.33013539544411,.157927173365264,-.0617284795532255,.656075249850944,-.111954569564553,-.148710161841985,-.395410518444406,Hisp,1,0,0,-1,0,0,.333333333333333,0,-.666666666666667,.333333333333333,1.09003286152118,.604270624584543,.27392226344711,.604270624584543,0
2461264,.0885416666666667,0,good,1,18,2,1,3,-.179957157643364,.47539011887773,1.00304458171481,-.0742575035814563,.601957203292359,.317166600728661,.432825847649724,-.0279886715225375,.235885619118089,-.640722795245276, ,-1,1,0,1,1,-1,0,0,1,-1,1.00304458171481,.47539011887773,-.179957157643364, , 
2461358,.0364583333333333,0,good,1,20,2,2,6,.454141778134212,.540747062326174,-.701078649065106,-.50049613693187,.132210782838163,.353992538058241,.0979367304650933,.104580537554646,-.274142377409306,.0716251093895675,White,0,0,0,0,0,0,0,0,0,0,-.701078649065106,.540747062326174,.454141778134212, , 
2461419,.192708333333333,.0625,bad,-1,18,2,2,6,.807454014295632,-.238950883211617,.819540931983314,-.0517087900505438,.238472367705567,.527539675264002,.462681354355776,.272733116175388,-.206896812213536,-.528517658317628,White,0,0,0,0,0,1,0,.333333333333333,0,-.333333333333333,-.819540931983314,.238950883211617,-.807454014295632, , 
2461430,.0364583333333333,0,bad,-1,18,3,1,6,.179172808285871,.923077749112144,.77863749939494,.218450167028389,.37573490987969,.784391556914799,.626962685597651,-.119045453075245,.138337422874069,-.646254655396476,White,0,0,0,0,0,0,0,0,0,0,-.77863749939494,-.923077749112144,-.179172808285871, , 
2461442,.307291666666667,.0833333333333333,good,1,18,2,1,3,.0934643377283194,.363586315180437,.250385728949897,-.384710798280482,.912305215320012,.529547371203788,.235812127286218,.183557284767944,.14471002643707,-.564079438491232, ,0,0,0,0,0,0,0,0,0,0,.250385728949897,.363586315180437,.0934643377283194, , 
2483854,.078125,0,bad,-1,17,2,1,6,-.00838106407958491,.977209140697327,.928663339606933,-.0408598261327773,.599167034998636,.0499048967815697,.632497138741558,-.295481472594327,.188896090981815,-.525911757129046,White,1,1,1,-1,-1,0,1,-.666666666666667,.333333333333333,-.666666666666667,-.928663339606933,-.977209140697327,.00838106407958491, , 
2483862,.0572916666666667,0,good,1,20,2,1,6,.0292682447597642,.363126501676255,.518914217888739,.669054669273207,-.202932056085885,.248625092081286,.30376965477492,-.261185359622725,.145618122809186,-.18820241796138,White,2,2,2,1,2,2,2,.666666666666667,-1.66666666666667,-1,.518914217888739,.363126501676255,.0292682447597642, , 
2483866,.0364583333333333,0,bad,-1,18,2,1,6,.54665589239032,.364147285665041,1.10654879399034,-.202342056950885,-.136074284845545,-.0606163136383078,.672450657348567,-.0741405141174878,-.29502407806225,-.303286065168829,White,0,1,0,-1,0,1,.333333333333333,.333333333333333,.333333333333333,-1,-1.10654879399034,-.364147285665041,-.54665589239032, , 
2483901,.145833333333333,0,bad,-1,18,2,1,6,-.380643979448182,.0973120768240349,-.133746609190442,.155176804436336,.750335228762001,.00747697741121214,-.139026170604863,-.0816706346163863,.428718670882173,-.208021865660924,White,0,0,0,0,0,0,0,0,0,0,.133746609190442,-.0973120768240349,.380643979448182, , 
2483917,.0432098765432099,.0240963855421687,bad,-1,19,2,1,6,.366991828439022,-.00805487294835473,.737972194110158,-.610074140186977,.28611632666574,.77828913661991,.365636383200275,.465472716585081,-.230316547320086,-.600792552465269,White,1,2,0,-1,1,0,1,.333333333333333,-.333333333333333,-1,-.737972194110158,.00805487294835473,-.366991828439022, , 
2483970,.0677083333333333,0,good,1,19,2,1,6,.815740191925349,-.402997894275758,.254508053182724,-.201689624957932,.292564422324883,.580038773606128,.222416783610772,.394908764279939,-.241621798186133,-.375703749704579,White,1,0,1,0,0,0,.666666666666667,-.333333333333333,-.333333333333333,0,.254508053182724,-.402997894275758,.815740191925349, , 
2484044,.03125,0,good,1,18,2,1,6,.549617030051415,1.00793521990002,.762832943670536,-.00164391381812012,-.0660238205554195,.528706403121899,.773461731207324,-.159194967653334,-.205761588141651,-.408505175412339,White,1,-1,1,0,0,0,.333333333333333,-.333333333333333,-.333333333333333,.333333333333333,.762832943670536,1.00793521990002,.549617030051415, , 
2484055,.203125,0,bad,-1,19,2,2,6,-.276346295609245,.797340100389108,.805923812047914,.471773266839848,-.499762536271303,-.218363123704072,.442305872275926,-.495825496977676,.0827856753925965,-.0292660506908464,White,2,2,2,0,-1,0,2,-1,-.333333333333333,-.666666666666667,-.805923812047914,-.797340100389108,.276346295609245, , 
2484057,.0729166666666667,0,good,1,18,2,2,6,-.0122941608061927,1.13241290531136,.594176951963315,.80942344210625,.226539365579591,-.883900470966398,.571431898822827,-.941912272794669,.349418989497345,.0210613844744971,White,0,1,1,0,-1,-1,.666666666666667,-1,.333333333333333,0,.594176951963315,1.13241290531136,-.0122941608061927, , 
2486325,.166666666666667,0,bad,-1,18,3,1,6,.268282542859612,.0518181552028673,.477126832357072,.0713817143527422,1.00938488313593,.0994017753714954,.26574251013985,-.00793269806137138,.270828018209688,-.528637830288167,White,0,1,1,0,0,0,.666666666666667,-.333333333333333,0,-.333333333333333,-.477126832357072,-.0518181552028673,-.268282542859612, , 
2486339,.0625,0,bad,-1,18,2,2,6,.0857233088742456,-.521059362697762,-.466876163728088,.300042701176463,-.425044241182124,.49170317802365,-.300737405850535,.237573279848316,-.070241616293302,.13340574229552,White,0,1,0,0,0,0,.333333333333333,0,0,-.333333333333333,.466876163728088,.521059362697762,-.0857233088742456, , 
2486371,.182291666666667,0,bad,-1,18,2,1,6,.126635665362301,.296451058377242,.467352841235187,-.167357099489733,-.0765918776585707,.268755487239915,.29681318832491,.0465538427841356,-.123528214170202,-.219838816938844,White,1,0,0,0,1,-1,.333333333333333,0,-.666666666666667,.333333333333333,-.467352841235187,-.296451058377242,-.126635665362301, , 
2486484,.0885416666666667,0,bad,-1,18,2,1,6,.549493703700165,1.15141266668959,.777160811172769,.587479077318071,-.054452058628597,.208444191789826,.826022393854174,-.510149184072611,-.00548889500356357,-.310384314777999,White,0,0,0,0,0,0,0,0,0,0,-.777160811172769,-1.15141266668959,-.549493703700165, , 
2486619,.109375,0,good,1,18,2,1,6,.427972787634378,-.131369763168832,.882909021003456,.742944465099364,.069230712489391,.460313632935576,.393170681823,-.0504203563316517,.128067463318126,-.470817788809475,White,0,0,1,-1,-1,-1,.333333333333333,-1,.666666666666667,0,.882909021003456,-.131369763168832,.427972787634378, , 
2486646,.0520833333333333,0,good,1,18,2,2,6,.412643054507786,.796774950634892,-.105383240435671,-.214272921265484,-.218440487910107,-.810978174179922,.368011588235669,-.46449340118311,-.281785487894459,.3782673008419,White,1,1,1,0,0,0,1,-.333333333333333,-.333333333333333,-.333333333333333,-.105383240435671,.796774950634892,.412643054507786, , 
2486651,.0677083333333333,.0104166666666667,good,1,19,2,2,6,-.362675962422055,-.748551236055647,-.85058310843948,-.438623327627867,-.0397313665697838,-.492767361905559,-.653936768972394,.231469067259318,-.0385595772585318,.461027278971608,White,1,1,0,0,1,1,.666666666666667,.666666666666667,-.666666666666667,-.666666666666667,-.85058310843948,-.748551236055647,-.362675962422055, , 
2486697,.15625,0,good,1,19,2,2,6,.163997531094594,.624259962340907,.0635788063094594,-.651139749848265,-.551771073103321,-.116845983066186,.28394543324832,-.0299887318529424,-.455636118015393,.201679416620016,White,0,0,0,0,0,0,0,0,0,0,.0635788063094594,.624259962340907,.163997531094594, , 
2493997,.114583333333333,0,good,1,19,2,2,6,.926312846604534,.0868235820474044,-.241946728094111,.830491224906477,.0719256271190442,-1.08785553708147,.257063233519276,-.668390114678452,-.00796533152633764,.419292212685514,White,1,0,1,0,0,0,.666666666666667,-.333333333333333,-.333333333333333,0,-.241946728094111,.0868235820474044,.926312846604534, , 
2494003,.0572916666666667,0,good,1,19,2,2,6,.383027471574824,.727792870725813,.491571029075706,-.239629286448452,-.33182649659486,-.190039623953192,.534130457125448,-.226067736076851,-.318161084872712,.0100983638241155,White,2,3,2,-2,-1,2,2.33333333333333,-.333333333333333,.333333333333333,-2.33333333333333,.491571029075706,.727792870725813,.383027471574824, , 
2494010,.130208333333333,0,bad,-1,18,2,1,6,.932733520535786,.532593899321212,1.26726118985627,.237494347789179,-.099587766021187,.493155538982288,.910862869904424,-.0923109027093679,-.264942312922598,-.553609654272458,White,1,1,0,-1,1,1,.666666666666667,.666666666666667,-.333333333333333,-1,-1.26726118985627,-.532593899321212,-.932733520535786, , 
2494040,.166666666666667,.0208333333333333,good,1,18,2,1,6,.245617688213692,.278488553791821,1.05408196753062,.222213365086187,.00445692929837642,-.0446452486643986,.526062736512044,-.181782389180802,-.00631579794304298,-.337964549388199,White,1,1,1,0,-1,-1,1,-1,0,0,1.05408196753062,.278488553791821,.245617688213692, , 
2494042,.104166666666667,0,bad,-1,18,2,1,6,.669603085707956,.549164809767553,.475523080306633,.680915059298016,.324131214758246,-.386257265453262,.564763658594047,-.53877904483961,.111814396116102,-.137799009870539,White,1,3,2,-2,-2,1,2,-1,1,-2,-.475523080306633,-.549164809767553,-.669603085707956, , 
2494140,.0260416666666667,.00520833333333333,bad,-1,19,2,1,6,-.255998671330337,.896634546504823,.930436870417915,.672695497063853,.34863806063358,-.455243124364697,.523690915197467,-.674857722644458,.425777409675923,-.274610602228932,White,1,1,1,0,0,0,1,-.333333333333333,-.333333333333333,-.333333333333333,-.930436870417915,-.896634546504823,.255998671330337, , 
2494221,.0833333333333333,0,bad,-1,18,2,2,6,.08919252436141,.370073431215572,-.116864228998298,.357436129022793,.831164928419245,-.030773773971691,.114133908859561,-.252761111403352,.366469511026876,-.227842308483085,White,0,0,0,0,0,0,0,0,0,0,.116864228998298,-.370073431215572,-.08919252436141, , 
2494245,.0729166666666667,0,good,1,20,2,1,6,.819704607471123,.304362981409987,.0838237275485879,-.0544073765495406,.419589702590199,-.148450290046081,.402630438809899,-.132801964968842,-.151507427143488,-.118321046697569,White,0,0,0,0,0,0,0,0,0,0,.0838237275485879,.304362981409987,.819704607471123, , 
2494277,.1875,0,bad,-1,18,2,2,6,.570390576543967,.980646791753354,.996014733158907,.799961266886526,.227003921216207,.638606640323007,.849017367152076,-.380667139438958,.152191537186255,-.620541764899374,White,0,0,0,0,0,0,0,0,0,0,-.996014733158907,-.980646791753354,-.570390576543967, , 
2496035,.0677083333333333,0,good,1,18,2,1,6,.806565295409192,.434407498884492,.743417450367297,.529244196699281,-.0196496498036343,-.535266953180623,.661463414886994,-.499639549588132,-.0989902495045153,-.0628336157943464,White,0,0,0,0,0,0,0,0,0,0,.743417450367297,.434407498884492,.806565295409192, , 
2496067,.104166666666667,0,good,1,18,2,2,6,.44147577919479,.341201316007138,.2356127167835,-.305962943703913,-.398481560172779,.285785444034292,.339429937328476,.0835156905770226,-.381973427690494,-.0409722002150042,White,1,2,1,-2,0,1,1.33333333333333,0,.333333333333333,-1.66666666666667,.2356127167835,.341201316007138,.44147577919479, , 
2496105,.0729166666666667,0,good,1,20,2,1,6,.218886586556053,-.392838755295563,-.639703804039919,-.10455112517123,-.481716245721781,.991831533058374,-.271218657593143,.496407137841722,-.268384652483021,.0431961722344421,White,0,-1,1,0,-1,-1,0,-1,.333333333333333,.666666666666667,-.639703804039919,-.392838755295563,.218886586556053, , 
2496108,.0260416666666667,0,good,1,18,2,1,6,.575685080819154,.75286071664633,.602221874678339,-.552848087780764,.27534753370816,-.207240813937878,.643589224047941,-.135751147601148,-.284395211630586,-.223442864816207,White,0,0,0,0,0,0,0,0,0,0,.602221874678339,.75286071664633,.575685080819154, , 
2496129,.0833333333333333,0,good,1,19,2,1,6,-.634892427632797,.491649771482639,.122862587682273,-.567488958333365,-.517549445257643,.524868569763785,-.00679335615596158,.200235918871503,-.150048658652737,-.0433939040628051,White,1,0,0,0,0,0,.333333333333333,0,-.333333333333333,0,.122862587682273,.491649771482639,-.634892427632797, , 
2496168,.03125,.00520833333333333,bad,-1,18,2,1,6,.492180150090995,.429412049078373,.369596897607122,-.311803337509979,.24489707392926,.157960381825729,.430396365592163,.0134505567524452,-.186362137890571,-.257484784454037,White,3,-2,2,1,0,-1,1,-1,-1.33333333333333,1.33333333333333,-.369596897607122,-.429412049078373,-.492180150090995, , 
2496179,.03125,0,bad,-1,18,2,2,6,.820861133533573,.728328697801508,.295506841118716,-.295293157854907,-.304713306386635,.880694559213567,.614898890817932,.149219673088989,-.473622532591705,-.290496031315216,White,0,0,0,0,0,0,0,0,0,0,-.295506841118716,-.728328697801508,-.820861133533573, , 
2496190,.109375,0,good,1,19,2,1,6,.436065018106733,-.217509423464028,.481607391241701,.493095786510352,.142276452600729,.327263508422837,.233387661961468,.0172257151255044,.0664357403347826,-.317049117421755,White,1,2,1,-1,0,1,1.33333333333333,0,0,-1.33333333333333,.481607391241701,-.217509423464028,.436065018106733, , 
2496234,.0104166666666667,0,bad,-1,18,3,1,6,-.664711647598232,-.68955720454782,.576559858281977,-.0170120858593723,-.471013160723777,.231108180153084,-.259236331288025,.312559156853425,.0588954670050274,-.112218292570428,White,0,0,0,0,0,0,0,0,0,0,-.576559858281977,.68955720454782,.664711647598232, , 
2496235,.0677083333333333,0,bad,-1,18,2,2,6,.704493233994968,.938089305156066,1.43161125089803,-.307895097416781,.386667089264653,.925871831157355,1.02473126334969,.0985592078060233,-.208573747382365,-.914716723773345,White,0,2,1,-2,-2,1,1,-.666666666666667,1.33333333333333,-1.66666666666667,-1.43161125089803,-.938089305156066,-.704493233994968, , 
2496240,.119791666666667,.0260416666666667,good,1,19,2,2,6,.814630915475243,-.191384725256227,.279518106390535,-1.0964606650552,-.37655890804688,-1.01228356216395,.300921432203184,.0918539427158244,-.762550162859108,.369774787940099,White,1,1,0,0,0,0,.666666666666667,0,-.333333333333333,-.333333333333333,.279518106390535,-.191384725256227,.814630915475243, , 
2497437,.130208333333333,0,good,1,18,2,1,6,-.450609897594238,.907318285052786,.654742201166247,.744935187506887,.0542485216466614,-.690684348387568,.370483529541598,-.78097927364908,.416597868915929,-.00610212480844689,White,0,0,0,0,0,0,0,0,0,0,.654742201166247,.907318285052786,-.450609897594238, , 
2497438,.135416666666667,0,bad,-1,18,2,1,6,.386838953402084,-.336273543233842,-.204625372773761,.181006740525312,.0191085685131929,.267570312107372,-.0513533208685064,.140945704938634,-.0622412147878596,-.027351169282268,White,2,-3,2,0,0,1,.333333333333333,-.333333333333333,-.666666666666667,.666666666666667,.204625372773761,.336273543233842,-.386838953402084, , 
2497442,.0625,0,good,1,19,2,1,6,.00361431563628718,.315623025045392,.143018479832852,-.0154907990597617,.712503810366962,.549069844426308,.154085273504844,.0829792061468928,.231132898556971,-.468197378208707,White,1,0,1,0,0,0,.666666666666667,-.333333333333333,-.333333333333333,0,.143018479832852,.315623025045392,.00361431563628718, , 
2533915,.130208333333333,0,bad,-1,18,1,1,6*7,.825211433589287,.685438085731307,-.0982680509402835,.260434076276855,.889152015719038,.50051107468994,.470793822793437,-.148453695772741,.108124886135535,-.430465013156232,Hisp,0,-1,0,-1,0,2,-.333333333333333,-.666666666666667,-.333333333333333,1.33333333333333,.0982680509402835,-.685438085731307,-.825211433589287,.685438085731307,-1
2533916,.0677083333333333,0,good,1,18,2,2,6,1.15252731037775,-.583764254402086,.526696678819984,-.564427287654962,-.486498140192072,.269079567627225,.365153244931883,.472423703228091,-.734484246074929,-.103092702085046,White,0,0,0,0,0,0,0,0,0,0,.526696678819984,-.583764254402086,1.15252731037775, , 
2533918,.078125,0,bad,-1,18,1,1,7,.0506809969766441,.842790587261441,.458675006449353,-1.09519315118684,-.541672219964615,-.376741996067079,.450715530229146,-.0414464773805587,-.562515456042701,.153246403194114,Hisp,1,0,0,-2,-2,0,.333333333333333,.666666666666667,-1.66666666666667,.666666666666667,-.458675006449353,-.842790587261441,-.0506809969766441,.842790587261441,0
2534012,.302083333333333,.0833333333333333,good,1,18,2,2,6,.76700796797151,.83225647414316,-.371256570665337,-.183327028480646,-.0478134516409805,-.0448980115024298,.409335957149778,-.231275819054981,-.332716149364379,.154656011269582,White,0,0,0,0,0,0,0,0,0,0,-.371256570665337,.83225647414316,.76700796797151, , 
2534013,.166666666666667,0,bad,-1,18,2,2,6,1.07397238054017,-.193828207470953,.801662159032097,-.426511730474377,.367061247572586,.204189983091808,.560602110700439,.27484330701238,-.377807621147321,-.457637796565497,White,1,1,0,0,0,0,.666666666666667,0,-.333333333333333,-.333333333333333,-.801662159032097,.193828207470953,-1.07397238054017, , 
2534015,.0885416666666667,.015625,good,1,18,2,1,6,-.0664957662401748,-.396177022849851,-.0717776360902369,.30537902854725,-.565587138792206,-.492207044650593,-.178150141726754,-.133803016782664,-.0645707813349271,.376523939844345,White,1,0,1,1,0,0,.666666666666667,-.333333333333333,-.666666666666667,.333333333333333,-.0717776360902369,-.396177022849851,-.0664957662401748, , 
2534097,.0677083333333333,0,good,1,18,2,1,3*6,.62366030646045,-.632661404481596,-.647960740413039,-.0554660966295666,.00101643873948601,-.444465085899029,-.218987279478062,.081220805070711,-.22603665478351,.363803129190861, ,1,2,-1,0,-1,-1,.666666666666667,1,-.666666666666667,-1,-.647960740413039,-.632661404481596,.62366030646045, , 
2534099,.0572916666666667,.015625,good,1,18,2,1,6,.634751456170165,-.808866339797091,.315664991755285,.0215821633925618,-.403896379019365,.504904680020419,.0471833693761199,.430729618808316,-.339021890598989,-.138891097585446,White,1,2,2,-2,0,1,1.66666666666667,-.333333333333333,.333333333333333,-1.66666666666667,.315664991755285,-.808866339797091,.634751456170165, , 
2534107,.125,0,bad,-1,18,2,2,6,-.055920761582152,.66081834035258,-.0291611561039066,-.121142236477019,.685602647831814,.867383120603682,.191912140888841,.109235672242707,.206793724312316,-.507941537443863,White,0,0,0,0,0,0,0,0,0,0,.0291611561039066,-.66081834035258,.055920761582152, , 
2536756,.104166666666667,0,bad,-1,18,3,1,1,-.447485896838784,-.123637898174346,.283216496104272,-.0674281463527464,-.0755158538554611,-.292256701287045,-.0959690996362858,-.0337302189199842,.101513965543525,.0281853530127446, ,1,1,1,1,-1,-1,1,.333333333333333,-.333333333333333,-1,-.283216496104272,.123637898174346,.447485896838784, , 
2536757,.0677083333333333,.00520833333333333,bad,-1,19,2,1,6,.310792843392373,-.0220194084515926,-.511815734445977,.00174484111426121,.994083287439557,-.273008168786623,-.0743474331683986,-.0842445338164304,.228345095053815,-.069753128068986,White,0,0,0,0,0,0,0,0,0,0,.511815734445977,.0220194084515926,-.310792843392373, , 
2536759,.0677083333333333,.0104166666666667,bad,-1,18,2,1,6,.623610487264116,.878437893582125,.638441311636586,.801602973072669,.137676236277355,.0770497372302577,.713496564160942,-.534330376474845,.105222907361969,-.284389095048066,White,1,1,1,0,0,0,1,-.333333333333333,-.333333333333333,-.333333333333333,-.638441311636586,-.878437893582125,-.623610487264116, , 
2536848,.0677083333333333,0,bad,-1,18,2,1,6,.908871415838305,.14488688248926,.188534168151767,-.325653171353793,.205642610229086,.794231379284072,.414097488826444,.324999222716202,-.342960658987671,-.396136052554975,White,0,0,0,0,0,0,0,0,0,0,-.188534168151767,-.14488688248926,-.908871415838305, , 
2536850,.0729166666666667,.015625,good,1,18,2,1,6,-.579921337052568,.372031626617477,-.0857756112232331,-.621628379310892,.0697342049285832,-.397450692103351,-.0978884405527746,-.0492846464699786,.00934238755675298,.137830699466,White,1,2,1,-2,0,2,1.33333333333333,.333333333333333,.333333333333333,-2,-.0857756112232331,.372031626617477,-.579921337052568, , 
2536851,.135416666666667,0,bad,-1,19,3,2,6,-.304862227901774,.509732274772829,.270879346235103,.0855598105764037,-.533325640083171,-.189003704247306,.158583131035386,-.261431929865513,-.0476345338683311,.150483332698458,White,0,0,0,0,0,0,0,0,0,0,-.270879346235103,-.509732274772829,.304862227901774, , 
2536938,.0625,.00520833333333333,good,1,18,2,1,6,-.252107603988691,.299236370651192,1.21390761685613,1.08998128662317,-.0204080999564653,.529765764403946,.420345461172878,-.286483964290139,.440560263551799,-.574421760434538,White,0,0,0,0,0,0,0,0,0,0,1.21390761685613,.299236370651192,-.252107603988691, , 
2536953,.015625,0,bad,-1,25,1,2,6,1.23099110208796,.59270806935115,-.128457727096079,-1.18694087528947,.260815810901358,.177606493031472,.565080481447676,.257279766323263,-.719038722158689,-.10332152561225,Hisp,0,0,0,0,0,0,0,0,0,0,.128457727096079,-.59270806935115,-1.23099110208796,.59270806935115,0
2537017,.015625,0,good,1,19,2,1,6,-.068305828985468,-.198045701910219,.0778391979386753,-.503721018781126,-.220993511031644,-.610428640159066,-.0628374443190038,.0304460268440929,-.218802900275767,.251194317750678,White,0,0,0,0,0,0,0,0,0,0,.0778391979386753,-.198045701910219,-.068305828985468, , 
2537018,.119791666666667,0,bad,-1,19,2,2,6,-.0789046296962347,-.0472784418607143,-.206704066745484,.286884093131703,.0386762980152289,-.740518478993928,-.110962379434144,-.326708043421639,.134821673614389,.302848749241394,White,0,0,0,0,0,0,0,0,0,0,.206704066745484,.0472784418607143,.0789046296962347, , 
2537025,.0989583333333333,0,bad,-1,18,2,1,6,1.13434193429239,.414761171045081,1.20278030914318,-.426723715199496,-.662441674995299,.399951572470189,.917294471493551,.137304705541535,-.741169108162395,-.313430068872692,White,0,0,0,0,0,0,0,0,0,0,-1.20278030914318,-.414761171045081,-1.13434193429239, , 
2537143,.09375,0,bad,-1,18,2,2,2*6,-.270711190673066,.0743313891682349,.864157865028724,-.177424804803564,.961894852093259,.425139181326802,.222592687841298,.17607753232071,.35172707932092,-.750397299482928, ,0,0,-2,0,-1,-1,-.666666666666667,1.33333333333333,-.333333333333333,-.333333333333333,-.864157865028724,-.0743313891682349,.270711190673066, , 
2537148,.0885416666666667,.0208333333333333,good,1,19,2,2,6,.209796800607455,-.504637418909993,-.460918197950411,.144015615660361,.655594265381946,.457089423695032,-.251919605417649,.272570408981554,.196604360144951,-.217255163708856,White,0,1,0,0,0,0,.333333333333333,0,0,-.333333333333333,-.460918197950411,-.504637418909993,.209796800607455, , 
2537166,.0833333333333333,.0364583333333333,good,1,18,2,1,6,-.27046253775758,.494779807402977,.348121723852735,.121048848572443,-.386739671488352,.653256504335737,.190812997832711,.0124759494534392,.00159057161389041,-.20487951890004,White,0,0,0,0,0,0,0,0,0,0,.348121723852735,.494779807402977,-.27046253775758, , 
2537206,.0416666666666667,0,good,1,20,2,1,6,-.12951699870502,.138559000176165,.387845104964335,-.309994696029721,.481509005252901,-.0535085392187274,.13229570214516,.0393090522116097,.1003437693094,-.27194852366617,White,0,1,1,-1,-1,-1,.666666666666667,-1,.666666666666667,-.333333333333333,.387845104964335,.138559000176165,-.12951699870502, , 
2537209,.0260416666666667,0,good,1,21,2,1,6,.785764548549031,-.380969954438249,.0385465784998929,-.0362293646345552,-.147487496986624,-.408601250827223,.147780390870225,.0028660227485271,-.323160470056737,.172514056437985,White,0,0,0,0,0,0,0,0,0,0,.0385465784998929,-.380969954438249,.785764548549031, , 
2537220,.192708333333333,0,bad,-1,18,2,1,6,.106662251572061,.705814636972175,.661284049282744,.277291282073083,-.0201974875117142,-.0663463286859854,.491253645942327,-.349817415910414,.0501438476631026,-.191580077695015,White,0,0,0,0,0,0,0,0,0,0,-.661284049282744,-.705814636972175,-.106662251572061, , 
2537251,.140625,0,good,1,18,2,2,6,.0760691650591797,.152410079695322,.364120959229402,-.098485209362874,-.67704752687661,-.466550342359697,.197533401327968,-.173491737564048,-.283867300432888,.259825636668968,White,0,0,0,0,0,0,0,0,0,0,.364120959229402,.152410079695322,.0760691650591797, , 
2537256,.0520833333333333,.00520833333333333,bad,-1,17,2,1,6,-.078875917457645,1.11531257624424,-.197593946443911,-.225867856729638,.41918923332091,.415614622635103,.279614237447562,-.1579433656265,.0907324313496389,-.212403303170701,White,0,0,0,0,0,0,0,0,0,0,.197593946443911,-1.11531257624424,.078875917457645, , 
2542998,.0208333333333333,0,bad,-1,20,2,1,6,.245395902082879,.725454695453057,-.243523789419317,-.0377323512282661,.781468696991151,.239715341497875,.242442269372207,-.149335667575639,.166113481226669,-.259220083023236,White,0,0,1,0,0,0,.333333333333333,-.333333333333333,0,0,.243523789419317,-.725454695453057,-.245395902082879, , 
2543001,.0416666666666667,0,good,1,20,3,1,6,.324895748929232,.248759987092426,.82040803608615,.0935269415141292,-.242355983163519,-.623741132443949,.464687924035936,-.322009353683502,-.157908263526207,.0152296931737727,White,1,2,1,-1,-2,1,1.33333333333333,-.666666666666667,.666666666666667,-1.33333333333333,.82040803608615,.248759987092426,.324895748929232, , 
2543004,.0572916666666667,0,good,1,20,2,2,6,.877040838203604,-.30906619389656,-.550710292117251,-.0317635657037937,.542128862260196,.461541364849731,.00575478406326431,.267457041483362,-.122225180549067,-.150986644997559,White,0,1,0,0,0,0,.333333333333333,0,0,-.333333333333333,-.550710292117251,-.30906619389656,.877040838203604, , 
2543093,.03125,0,bad,-1,18,2,1,6,.27569068058523,-.49818455704622,-.0188887689089166,-.651109151875605,-.143205672679074,-.446629732007066,-.080460881789969,.234221325638253,-.356668501713303,.202908057865019,White,2,2,2,1,-2,0,2,-1.33333333333333,-.333333333333333,-.333333333333333,.0188887689089166,.49818455704622,-.27569068058523, , 
2543173,.0989583333333333,0,good,1,19,2,1,6,.351885766971356,.238481654248368,-.418846580345398,-.216634246497534,-.628519007223741,-1.15828570608499,.0571736136247752,-.393377704611941,-.399013006897544,.73521709788471,White,0,0,0,0,0,0,0,0,0,0,-.418846580345398,.238481654248368,.351885766971356, , 
2543174,.125,.0104166666666667,bad,-1,18,2,1,6,.668813541715341,.744979062938444,.513410379675722,.0790805914482068,.495769467083752,-.230522990386952,.642400994776502,-.351527548257868,-.0313211610611274,-.259552285457507,White,0,0,0,0,0,0,0,0,0,0,-.513410379675722,-.744979062938444,-.668813541715341, , 
2543176,.09375,0,good,1,18,2,2,6,.169930266611303,.803710534392353,.778411816379976,.0933645752165338,.453909748044425,.321062053292083,.584017539127878,-.192004352105601,.125781352216552,-.517794539238828,White,0,0,0,0,0,0,0,0,0,0,.778411816379976,.803710534392353,.169930266611303, , 
2543235,.125,0,bad,-1,19,2,1,6,.468807685886644,.438363953853527,1.31139343755185,-.000792784441944008,-.609695622120157,-.238244999031468,.739521692430674,-.225272056147683,-.359765364149582,-.154484272133409,White,3,3,0,-1,2,1,2,1,-1.33333333333333,-1.66666666666667,-1.31139343755185,-.438363953853527,-.468807685886644, , 
2543237,.03125,0,bad,-1,18,2,1,6,.252636579465455,.194029363159221,1.06469355186081,.616559877473572,-.46834780166918,-.120033615390509,.503786498161828,-.310207618674434,-.0348081678870208,-.158770711600374,White,0,1,0,0,0,0,.333333333333333,0,0,-.333333333333333,-1.06469355186081,-.194029363159221,-.252636579465455, , 
2543238,.125,0,bad,-1,19,2,1,6*7,.23038073218008,.017432065438972,.0537734652116341,.172574918828776,-.145225711911829,.616594420381245,.100528754276895,.142195812037832,-.0676771750877112,-.175047391227017, ,0,2,1,2,1,0,1,-.666666666666667,1,-1.33333333333333,-.0537734652116341,-.017432065438972,-.23038073218008, , 
2543321,.0989583333333333,.0104166666666667,good,1,18,1,1,6,-.0919013284828782,.358734141507764,-.00406526550355883,-.701219393175743,.425788244928645,-.0314102363461461,.0875891825071091,.103691671773944,-.0611766065880733,-.13010424769298,Hisp,0,0,0,0,0,0,0,0,0,0,-.00406526550355883,.358734141507764,-.0919013284828782,.358734141507764,0
2543323,.0208333333333333,0,good,1,19,2,2,6,.780344013961965,.55268933564889,1.28416332101967,-.38620362511662,.487520070310279,.261739483694352,.872398890210176,.031751257720694,-.226342522922769,-.677807625008101,White,1,1,1,0,0,0,1,-.333333333333333,-.333333333333333,-.333333333333333,1.28416332101967,.55268933564889,.780344013961965, , 
2543382,.151041666666667,.0104166666666667,bad,-1,20,2,1,6,.0642258770888085,.077861771049679,.0171295029259117,.245215516407256,.356048889343543,.774750558710543,.0530723836881331,.150557757084536,.17901284288733,-.382642983659999,White,1,1,1,0,0,0,1,-.333333333333333,-.333333333333333,-.333333333333333,-.0171295029259117,-.077861771049679,-.0642258770888085, , 
2543383,.0260416666666667,.00520833333333333,good,1,19,2,1,6,.389580385673835,.759791248194849,.761537269956477,-.260313212774658,-.304995492536737,-.538252544372205,.636969634608387,-.345910193264132,-.318296363661744,.0272369223174886,White,0,0,0,0,0,0,0,0,0,0,.761537269956477,.759791248194849,.389580385673835, , 
2543384,.171875,.00520833333333333,good,1,18,1,1,6,.298915107877945,.388155076944126,.466436860266664,.684861466613798,.0647171750043306,.51590327364,.384502348362912,-.185704423305974,.150221177913394,-.349019102970332,Hisp,0,0,0,0,0,0,0,0,0,0,.466436860266664,.388155076944126,.298915107877945,.388155076944126,0
2543450,.09375,0,bad,-1,18,2,1,6,1.05469988963879,.241311541883527,-.035428386009105,.758628428704627,.670766369882851,-.4750756840344,.420194348504403,-.491671884874185,.124898302982897,-.0534207666131152,White,0,0,0,0,0,0,0,0,0,0,.035428386009105,-.241311541883527,-1.05469988963879, , 
2543451,.0572916666666667,0,good,1,18,2,1,6,.347530181348588,-.200720167327577,1.10341571313158,-.224567820770633,.789951977480947,.39926963065464,.416741909050865,.274852539584284,.0726179917872418,-.76421244042239,White,2,2,1,-1,0,1,1.66666666666667,0,-.333333333333333,-1.33333333333333,1.10341571313158,-.200720167327577,.347530181348588, , 
2543452,.015625,.0260416666666667,bad,-1,19,2,1,6,.172465459296688,1.41913883448174,.464382270130052,.186824007683126,1.23780920144793,.637822552060142,.685328854636159,-.322713430034907,.41738924994479,-.780004674546042,White,0,0,0,0,0,0,0,0,0,0,-.464382270130052,-1.41913883448174,-.172465459296688, , 
2543569,.0885416666666667,0,good,1,18,2,1,6,-.031618509990037,.687519892002225,-.167629544738221,.0906370293520726,.488033639997264,-.302917402690079,.162757279091322,-.360358108014792,.203429726446458,-.00582889752298795,White,0,0,0,0,0,0,0,0,0,0,-.167629544738221,.687519892002225,-.031618509990037, , 
2543571,.0260416666666667,0,good,1,19,2,1,6,-.0823442318868785,-.125787783542892,.0359162046003164,.253912772708114,.0452077439428642,-.237875215771035,-.0574052702764848,-.122000068312085,.127154916179286,.0522504224092847,White,1,-1,1,0,0,0,.333333333333333,-.333333333333333,-.333333333333333,.333333333333333,.0359162046003164,-.125787783542892,-.0823442318868785, , 
2548697,.307291666666667,.135416666666667,bad,-1,18,2,2,6,.14084298332895,.0149982719008589,.689520329595807,.386087443448824,.292207753729619,.0102340733675717,.281787194941872,-.130283880660704,.179150737949831,-.330654052230999,White,3,3,2,0,2,0,2.66666666666667,0,-1.66666666666667,-1,-.689520329595807,-.0149982719008589,-.14084298332895, , 
2548705,.0885416666666667,.00520833333333333,bad,-1,18,2,2,6,.595840646796444,.8686638534602,-1.04595592629603,.572185186015658,.302714174869649,-.121831825250952,.139516191320205,-.520893621575604,.0930195713629543,.288357858892445,White,0,0,0,0,0,0,0,0,0,0,1.04595592629603,-.8686638534602,-.595840646796444, , 
2551155,.230366492146597,.031413612565445,bad,-1,19,1,1,6,.204645811151015,.031910771518691,.351918935054629,-.873060220266659,.234217420233301,.0185434787775942,.196158505908112,.286564309175187,-.281162870394791,-.201559944688508,Hisp,0,0,0,0,0,0,0,0,0,0,-.351918935054629,-.031910771518691,-.204645811151015,.031910771518691,0
2551156,.0364583333333333,0,good,1,19,2,1,6,-.648432095953208,.728458900451351,.666704334048554,-1.06312622422929,-.34067641776207,-.212019130476507,.248910379515566,.0408827311004763,-.251790182012716,-.0380029286033259,White,2,2,2,0,2,0,2,0,-1.33333333333333,-.666666666666667,.666704334048554,.728458900451351,-.648432095953208, , 
2551300,.125,.0625,good,1,19,2,2,6,.417044179018668,.0531794540250812,.090377709709906,-.440524888556898,-.0681630855751558,.0448914784971655,.186867114251218,.144078971009661,-.308577384383574,-.0223687008773052,White,1,2,1,-1,-1,1,1.33333333333333,-.333333333333333,.333333333333333,-1.33333333333333,.090377709709906,.0531794540250812,.417044179018668, , 
2551304,.119791666666667,.0104166666666667,bad,-1,18,2,1,6,.281005577464317,-.469971037449849,.763848205706116,-.0327170430196264,-.223972813009015,.10562774301493,.191627581906861,.202771941161468,-.179231811164319,-.21516771190401,White,-1,2,0,1,1,1,.333333333333333,.666666666666667,-.333333333333333,-.666666666666667,-.763848205706116,.469971037449849,-.281005577464317, , 
2551337,.078125,.00520833333333333,bad,-1,18,2,1,6,.293962450267732,.802444398597617,-.138467201517371,-.0378541501989937,.175592353553955,-.485554302490021,.319313215782659,-.416714850296215,-.0520747489709233,.149476383484479,White,0,0,0,0,0,0,0,0,0,0,.138467201517371,-.802444398597617,-.293962450267732, , 
2551339,.046875,.0208333333333333,bad,-1,19,2,2,6,.117213263668393,.874048233763925,.642247408865285,-.162177351784075,.411584568216646,-.13356537120359,.544502968765868,-.28181208439448,.0440646509213926,-.30675553529278,White,1,1,1,0,-1,0,1,-.666666666666667,0,-.333333333333333,-.642247408865285,-.874048233763925,-.117213263668393, , 
2551455,.0416666666666667,0,good,1,18,2,1,6,.244494601389549,.596404090561326,.471781951792004,-.0839807228391951,.0772391873401663,.466689451021388,.43756021458096,-.0152446389002477,-.0837453789628592,-.338570196717853,White,0,-2,1,-2,-1,0,-.333333333333333,-.666666666666667,1,0,.471781951792004,.596404090561326,.244494601389549, , 
2551456,.109375,.0208333333333333,good,1,19,2,1,6,.459199374748439,.139254317164287,-.33364171959557,-.796007860541346,-.113395699603037,-.254718222223586,.0882706574390518,.134011773717824,-.456200978297607,.233918547140731,White,0,0,0,0,0,0,0,0,0,0,-.33364171959557,.139254317164287,.459199374748439, , 
2551463,.197916666666667,.0104166666666667,bad,-1,19,2,1,6,-.50255411524487,.0397573277258795,-.411491526656067,.550649577065048,-.0635556434336192,-.752528643340627,-.291429438058352,-.447645182710518,.329882682958766,.409191937810104,White,0,1,0,0,0,1,.333333333333333,.333333333333333,0,-.666666666666667,.411491526656067,-.0397573277258795,.50255411524487, , 
2551503,.213541666666667,.0572916666666667,good,1,19,2,1,7,.316720562455829,.692468909401841,-.335118322540775,.103979464971336,-.349263582790882,-.0569174108768817,.224690383105632,-.28445526175002,-.187334893425125,.247099772069513, ,2,1,1,0,-1,-1,1.33333333333333,.333333333333333,-1,-.666666666666667,-.335118322540775,.692468909401841,.316720562455829, , 
2551504,.0364583333333333,.00520833333333333,bad,-1,18,3,1,6,.544800057941675,.774085518395049,.0662388084978476,.241509328421046,.142708852657851,-.0855026101679081,.46170812827819,-.367032485661334,-.0535272922875924,-.0411483503292636,White,1,2,1,-1,-1,1,1.33333333333333,-.333333333333333,.333333333333333,-1.33333333333333,-.0662388084978476,-.774085518395049,-.544800057941675, , 
2551547,.0364583333333333,0,bad,-1,18,2,1,6,.850011131284243,-.0868292529710371,.58468240520696,.398916756950192,.354975451183127,.334049779555391,.449288094506722,.00732075852541206,-.0320396410503082,-.424569211981826,White,0,0,0,0,0,0,0,0,0,0,-.58468240520696,.0868292529710371,-.850011131284243, , 
2551550,.09375,.114583333333333,good,1,21,2,2,6,-.909560967551175,-.385177431734687,-.814810287114235,.366940558945855,.264733426781784,.654690907704025,-.703182895466699,.224309260164286,.513744984426271,-.0348713491238578,White,0,0,0,0,0,0,0,0,0,0,-.814810287114235,-.385177431734687,-.909560967551175, , 
2551583,.0833333333333333,0,bad,-1,19,2,1,6,.311499877501648,.174809070731238,.482848839865069,-.199333830042408,.101715834495796,.9021006574538,.323052596032652,.308875138921657,-.13637262434942,-.495555110604888,White,0,1,1,-1,-1,0,.666666666666667,-.666666666666667,.666666666666667,-.666666666666667,-.482848839865069,-.174809070731238,-.311499877501648, , 
2555603,.114583333333333,0,good,1,19,2,1,6,.00894141068615658,.051825097592293,-.36256627338075,.171400462325234,.734978148865791,.283498181105867,-.100599921700767,.0200908737294468,.299145733501623,-.218636685530303,White,0,0,0,0,0,0,0,0,0,0,-.36256627338075,.051825097592293,.00894141068615658, , 
2555692,.130208333333333,.046875,good,1,18,1,1,7,-.201344479196848,.0674921659792478,.744944074026461,.00234315779711882,-.768586806187326,.603429912665813,.203697253602953,.177864862963149,-.188299723064453,-.193262393501649,Hisp,0,0,0,0,0,0,0,0,0,0,.744944074026461,.0674921659792478,-.201344479196848,.0674921659792478,0
2555713,.0364583333333333,0,bad,-1,18,2,2,6,1.18951157097382,.530363071727909,-.493613496914681,-.55378189206726,-.503846408719677,-1.23360321392809,.408753715262351,-.403394797862914,-.749046623920254,.743687706520817,White,0,0,0,0,0,0,0,0,0,0,.493613496914681,-.530363071727909,-1.18951157097382, , 
2555721,.0104166666666667,0,good,1,19,2,1,6,.314708869108419,-.401752963407006,-.167939794806498,-.483710490552248,-.265479724418703,-.159886667954302,-.0849946297016951,.241858928668317,-.354633028026457,.197768729059834,White,1,1,1,1,0,0,1,-.333333333333333,-.666666666666667,0,-.167939794806498,-.401752963407006,.314708869108419, , 
2555784,.0729166666666667,.00520833333333333,good,1,19,2,1,6,-.105092362437439,-.395704406154489,-.507597561960185,.764618466905684,-.811818446132802,.122191686096322,-.336131443517371,-.0822407915516244,.019297461070107,.399074773998889,White,0,0,0,0,0,0,0,0,0,0,-.507597561960185,-.395704406154489,-.105092362437439, , 
2555787,.0520833333333333,0,bad,-1,18,2,1,6,.148891970332136,.296912691462999,.27453205020554,.208946676996787,.585766519939523,.373839781587137,.240112237333558,-.0440065289575496,.215273742201391,-.4113794505774,White,1,1,1,-1,-1,1,1,-.333333333333333,.333333333333333,-1,-.27453205020554,-.296912691462999,-.148891970332136, , 
2555825,.0729166666666667,0,bad,-1,19,1,1,7,-.341259867636522,-.417359242882674,.411043112805359,-.082395605700303,-1.1206704629302,.341595213640231,-.115858665904612,.280450020741069,-.287268733664659,.122677378828202,Hisp,1,-2,0,-3,-1,2,-.333333333333333,-.333333333333333,-1.66666666666667,2.33333333333333,-.411043112805359,.417359242882674,.341259867636522,-.417359242882674,-2
2555837,.177083333333333,.015625,bad,-1,22,3,1,3,-.134112063691565,-.74724106037744,-.46973200277134,.122111306701193,.431108421478623,.529928533038983,-.450361708946782,.385019428905077,.229110597290461,-.163768317248755, ,0,0,0,0,0,0,0,0,0,0,.46973200277134,.74724106037744,.134112063691565, , 
2555839,.0208333333333333,0,good,1,18,1,1,7,.540094629542631,.127365293407909,-.655318227914195,.182363073223314,1.0867669367052,-1.09004632531867,.00404723167878163,-.466591563983299,.243011793461962,.219532538842555,Hisp,0,0,0,0,0,0,0,0,0,0,-.655318227914195,.127365293407909,.540094629542631,.127365293407909,0
2555902,.0572916666666667,0,bad,-1,19,2,1,2,.627653965553359,.299121526024707,.0294618746959652,-.610474845227809,-.118540739044234,-.540929040461387,.31874578875801,-.0765252404194281,-.452223183275134,.210002634936552,Asian,-2,1,1,2,2,0,0,-1,2,-1,-.0294618746959652,-.299121526024707,-.627653965553359,.627653965553359,-2
2555913,.0416666666666667,.00520833333333333,bad,-1,18,2,1,6,-.738421404279929,-.816969493588354,.162951914770993,-.160887750219987,-.257314131317715,-.157938692250341,-.464146327699097,.273306183852667,.106739840914076,.0841003029323545,White,0,0,0,0,0,0,0,0,0,0,-.162951914770993,.816969493588354,.738421404279929, , 
2555914,.171875,0,bad,-1,18,2,1,5,.355053990244036,-.696048604261777,.122304907284442,.566858143966624,-.178641650394988,.758909598242071,-.0728965689110995,.296033352845741,.0110541677758666,-.234190951710509,Black,0,0,0,0,0,0,0,0,0,0,-.122304907284442,.696048604261777,-.355053990244036,.122304907284442,0
2555918,.0572916666666667,0,bad,-1,18,2,1,6,.559795441930423,-.622909879249526,-.276118375305229,.750589217003886,.593851822306017,.325564925306929,-.113077604208111,.0659618625175232,.261548532459827,-.214432790769239,White,2,2,2,-2,2,1,2,.333333333333333,-.666666666666667,-1.66666666666667,.276118375305229,.622909879249526,-.559795441930423, , 
2573567,.197916666666667,.00520833333333333,bad,-1,20,2,1,2,.886487631029453,.731395983542101,1.24226463770072,-.0392461932446933,-.137390989034448,-.145970948198716,.953382750757426,-.279373579498708,-.354374937769531,-.319634233489186,Asian,0,0,0,0,0,0,0,0,0,0,-1.24226463770072,-.731395983542101,-.886487631029453,.886487631029453,0
2573588,.0989583333333333,0,bad,-1,18,2,1,6,.623421422730313,1.05742061022439,.521918545825212,-.19212741013775,-.677629693935213,.418558658010246,.734253526259972,-.148911514025465,-.497726175601092,-.0876158366334149,White,0,0,0,0,0,0,0,0,0,0,-.521918545825212,-1.05742061022439,-.623421422730313, , 
2573589,.114583333333333,0,bad,-1,19,2,1,5,-.322576921857484,.272275807344299,-1.03872240007385,-.79034460990881,-.168170482482936,-.761058724300562,-.363007838195678,-.0809966405786838,-.211979390178087,.655983868952449,Black,2,-2,2,0,-2,-2,.666666666666667,.666666666666667,-1.33333333333333,0,1.03872240007385,-.272275807344299,.322576921857484,-1.03872240007385,2
2573638,.0729166666666667,0,good,1,18,2,2,6,.177123357751396,-.0687143220463933,-.141782856268517,-.464321291123811,-.509010983617332,-.217911273047624,-.0111246068545047,.105041446707527,-.383485210830846,.289568370977824,White,0,1,0,-1,0,0,.333333333333333,0,.333333333333333,-.666666666666667,-.141782856268517,-.0687143220463933,.177123357751396, , 
2573659,.0625,0,good,1,19,1,1,6,.202376885661991,-.0207662607716041,.979269370527156,.202259133636767,.449452575736854,.366285128339053,.386959998472514,.0615974184912967,.149778274570543,-.598335691534355,Hisp,0,0,0,0,0,0,0,0,0,0,.979269370527156,-.0207662607716041,.202376885661991,-.0207662607716041,0
2573699,.0729166666666667,0,bad,-1,18,2,1,5,-.0607875833859044,-.454872846801188,1.05926502250992,-.813500316275455,-.6653634481918,.491460147249433,.181201530774277,.586611103442025,-.47269206036045,-.295120573855851,Black,0,0,-1,-1,-1,-2,-.333333333333333,1.33333333333333,-.666666666666667,-.333333333333333,-1.05926502250992,.454872846801188,.0607875833859044,1.05926502250992,-1
2573782,.015625,0,good,1,18,2,2,6,.0725189411563309,-.850607953763593,.151503202964629,-.991790609354985,.291045704012511,.294374555587684,-.208861936547544,.712257706235421,-.257754615499602,-.245641154188275,White,0,0,0,0,0,0,0,0,0,0,.151503202964629,-.850607953763593,.0725189411563309, , 
2573786,.0942408376963351,.0157068062827225,good,1,19,2,1,6,.118785778233692,.0701026659757444,-.446151955601468,-.0838524328362088,.281303169745352,-.153567607379201,-.0857545037973436,-.0466059468395788,.026221652891817,.106138797745105,White,1,2,1,-1,-1,0,1.33333333333333,-.666666666666667,.333333333333333,-1,-.446151955601468,.0701026659757444,.118785778233692, , 
2573807,.25,.03125,bad,-1,19,1,1,6,-.180808517681473,-.363158736068866,-.621994592944141,.388503404383285,.878274023761071,.253873630238994,-.38865394889816,.076176320641525,.48252864860861,-.170051020351975,Hisp,0,0,0,0,0,0,0,0,0,0,.621994592944141,.363158736068866,.180808517681473,-.363158736068866,0
2573808,.015625,0,bad,-1,21,2,2,6,1.17332333018677,.221716022210603,1.22119589320185,.987119897646157,-.116728851229666,-.279152072660253,.872078415199743,-.495995997505671,-.100977427923427,-.275104989770645,White,2,2,2,-2,2,1,2,.333333333333333,-.666666666666667,-1.66666666666667,-1.22119589320185,-.221716022210603,-1.17332333018677, , 
2573831,.0989583333333333,.0572916666666667,good,1,19,2,2,6,.529198646945847,-.526032775693742,-.244003002951753,.712988006501215,.031089027921409,.084652796116909,-.0802790438998826,-.0341008115635215,.0716261291589257,.0427537263044784,White,0,0,0,0,0,0,0,0,0,0,-.244003002951753,-.526032775693742,.529198646945847, , 
2573842,.104166666666667,.0104166666666667,good,1,18,2,1,6,.955617188906882,.393194336341309,1.31394939470865,.662083985423854,-.702440551479072,.722749344078056,.887586973318947,-.110842992562369,-.331991251654033,-.444752729102545,White,3,3,3,-1,-1,1,3,-1,-.333333333333333,-1.66666666666667,1.31394939470865,.393194336341309,.955617188906882, , 
2573878,.03125,0,good,1,19,2,1,6,-.407144975226566,.0227057839764969,.807129654791728,-.436209873138523,.335337519644335,.135932756720083,.140896821180553,.183145615294036,.102090873910793,-.426133310385382,White,0,0,0,0,0,0,0,0,0,0,.807129654791728,.0227057839764969,-.407144975226566, , 
2573899,.03125,.0104166666666667,good,1,18,2,1,6,.056243423628275,-.456498297838802,.889686214108023,.108713457681475,.289817173149945,-.147890026904782,.163143779965832,.066631604417515,.114095735734382,-.343871120117729,White,0,0,0,0,0,0,0,0,0,0,.889686214108023,-.456498297838802,.056243423628275, , 
2573932,.104166666666667,0,good,1,19,2,1,6,.26337764377119,.194431035488326,.58878993389851,-.119017777398773,.788515671152673,-.530529911564463,.348866204386009,-.201981056551339,.135373416660903,-.282258564495573,White,0,0,0,0,0,0,0,0,0,0,.58878993389851,.194431035488326,.26337764377119, , 
2573951,.015625,0,good,1,21,2,1,2*6,.773620109872022,.230226674732203,.117452200057274,-.506033617123884,-.29331765684267,.823225265823405,.3737663282205,.366344069405029,-.524323794612859,-.21578660301267, ,0,0,0,-1,-1,0,0,.333333333333333,-.666666666666667,.333333333333333,.117452200057274,.230226674732203,.773620109872022, , 
2574002,.140625,0,bad,-1,21,2,1,6,.197210610761195,.356172968359482,.0584364056987453,.290924613894077,.147077619536062,.0612616703922768,.203939994939807,-.195278637287094,.0802638742229814,-.0889252318756948,White,1,0,0,1,1,0,.333333333333333,.333333333333333,-1,.333333333333333,-.0584364056987453,-.356172968359482,-.197210610761195, , 
2574010,.0729166666666667,0,bad,-1,18,2,1,2,.244340695202289,.94569736203873,-.497830641746238,-.305357066868228,-.319466117993405,.839410199458823,.230735805164927,.0663566347627736,-.28972129335464,-.00737114657306022,Asian,-1,1,1,1,2,0,.333333333333333,-1,1.33333333333333,-.666666666666667,.497830641746238,-.94569736203873,-.244340695202289,.244340695202289,-1
2574011,.53125,.994791666666667,bad,-1,20,1,2,6, , ,.353553390593274, , , , , , , ,Hisp,-2,2,-2,-3,2,-2,-.666666666666667,.666666666666667,.333333333333333,-.333333333333333,-.353553390593274, , , ,2
2574032,.0364583333333333,0,good,1,18,2,1,6*7,.545151701481506,.0849479893214249,.0640130403255336,-.98263551348906,-.915884222041855,-.503729145748712,.231370910376155,.131319459472974,-.814557145670807,.451866775821678, ,0,0,0,0,0,0,0,0,0,0,.0640130403255336,.0849479893214249,.545151701481506, , 
2574039,.151041666666667,0,bad,-1,18,2,2,6,-.039241641209285,.539982513441801,.615137879303003,.159856280228683,.896419556611143,.116161090544272,.371959583845173,-.194559234375404,.365172492683037,-.542572842152806,White,2,-2,2,-2,1,1,.666666666666667,0,-.333333333333333,-.333333333333333,-.615137879303003,-.539982513441801,.039241641209285, , 
2574055,.046875,0,good,1,18,2,1,3,-.352226952357174,-.107341307208888,.495852578256859,-.142886031501451,.0813353667044656,-.276724269628887,.0120947728969323,-.00883231030618286,.0968920958533963,-.100154558444146, ,0,0,0,0,0,0,0,0,0,0,.495852578256859,-.107341307208888,-.352226952357174, , 
2574060,.0260416666666667,0,bad,-1,18,2,1,6,-.269349088526241,1.12546205747979,.176458320472626,.668113592525753,-.17285108639056,.148309864825372,.344190429808725,-.548421928393391,.254870531553811,-.050639032969146,White,0,0,0,0,0,0,0,0,0,0,-.176458320472626,-1.12546205747979,.269349088526241, , 
2574061,.0885416666666667,0,bad,-1,18,2,1,3,.166606202387191,.414955598325677,.636014476807566,.36930535502487,.0915156461026099,.648872014158636,.405858759173478,-.0451296463973037,.0980715995800963,-.458800712356271, ,0,0,0,0,0,0,0,0,0,0,-.636014476807566,-.414955598325677,-.166606202387191, , 
2574068,.0520833333333333,.00520833333333333,good,1,18,1,1,6,-.197766420627065,.800270274076723,.541719956327505,-.115589946105789,.670784498505759,-.00968956605031161,.381407936592387,-.231456631340415,.250986991009012,-.400938296260984,Hisp,2,2,2,-1,-2,0,2,0,-1.66666666666667,-.333333333333333,.541719956327505,.800270274076723,-.197766420627065,.800270274076723,2
2574091,.151041666666667,.03125,bad,-1,18,2,1,2,1.07690681089543,.0391047711270873,1.0058766749691,.14791483092827,-.241278977334408,-.0180223954116527,.707296085663872,-.0683473324890032,-.390090319100524,-.248858434074345,Asian,0,0,0,0,0,0,0,0,0,0,-1.0058766749691,-.0391047711270873,-1.07690681089543,1.07690681089543,0
2574113,.03125,0,good,1,22,2,2,6,.574984586447687,-.182786948787226,.21987426476385,-.220576546357386,-.570189497378764,-.103663946171575,.20402396747477,.099899849657679,-.455250210061279,.15132639292883,White,0,0,0,0,0,0,0,0,0,0,.21987426476385,-.182786948787226,.574984586447687, , 
2574114,.0833333333333333,0,bad,-1,19,2,2,6,-.0487996390394959,.259036539947112,.500323214316663,-.274206984410041,.139990652795106,-.104171678162162,.236853371741427,-.0296670778997444,-.0284722308584795,-.178714062983203,White,0,0,0,0,0,0,0,0,0,0,-.500323214316663,-.259036539947112,.0487996390394959, , 
2574176,.0957446808510638,0,good,1,19,2,2,5,-.47345299943034,.173034666518616,.188886177657956,-.517988072701005,-.434262988871414,-.585969994934715,-.0371773850845893,-.0803388629174419,-.15959935404736,.277115602049391,Black,1,-2,-1,0,0,0,-.666666666666667,.333333333333333,-.333333333333333,.666666666666667,.188886177657956,.173034666518616,-.47345299943034,.188886177657956,-1
2574196,.09375,0,bad,-1,18,2,1,3,.139906079195506,.513696552395564,-.14175306327547,.454713808168108,-.20473629827087,.359023684354315,.170616522771867,-.203128892069786,.0366904769005776,-.00417810760265854, ,-1,0,0,1,1,0,-.333333333333333,-.333333333333333,1,-.333333333333333,.14175306327547,-.513696552395564,-.139906079195506, , 
2574243,.0572916666666667,.00520833333333333,good,1,19,2,1,6,-.110286888216296,.738583744977587,-.189276107511301,-.0251239215512843,.211733546324542,-.149565697197608,.146340249749997,-.287675173541304,.0989655043298512,.0423694194614556,White,0,0,0,0,0,0,0,0,0,0,-.189276107511301,.738583744977587,-.110286888216296, , 
2574278,.0625,0,bad,-1,18,1,1,6,.875503490697998,.3187743803922,.00380086632628125,-.14223097330259,.0757582021366863,-.793209447373862,.399359579138826,-.323250951487824,-.313992087287967,.237883459636965,Hisp,0,0,0,0,0,0,0,0,0,0,-.00380086632628125,-.3187743803922,-.875503490697998,.3187743803922,0
2574837,.166666666666667,.0104166666666667,good,1,18,2,1,2*5,-.132772876487975,-.310499993849848,-.163649473392067,.630716932561894,.148474546747553,-.67060384075043,-.202307447909963,-.330273593154159,.303988118599141,.228592922464981, ,0,0,0,1,0,0,0,0,.333333333333333,-.333333333333333,-.163649473392067,-.310499993849848,-.132772876487975, , 
2574880,.0677083333333333,0,good,1,19,3,1,2,-.536045539417259,-.311525988516559,1.06014506952661,.0510521341587413,.915015000198198,-.352320151103531,.0708578471975968,-.0306154322485712,.500704224591399,-.540946639540425,Asian,0,0,0,0,0,0,0,0,0,0,1.06014506952661,-.311525988516559,-.536045539417259,-.536045539417259,0
2574884,.135416666666667,.0104166666666667,good,1,18,2,2,6,.568905788746242,.37797569228993,.68919673571713,-.972786641418922,-.0308650027534141,-.666385750448526,.545359405584434,-.0238582671065114,-.52418581097286,.00268467249493698,White,1,0,0,0,-1,-1,.333333333333333,-.666666666666667,0,.333333333333333,.68919673571713,.37797569228993,.568905788746242, , 
2574946,.0885416666666667,0,bad,-1,20,2,1,7,-.312685168640347,-.196979844390792,.0759422679934346,.18457155430973,.566509880454192,.14328564213135,-.144574248345902,.0518979774041373,.354588867801423,-.261912596859659, ,0,0,0,0,0,0,0,0,0,0,-.0759422679934346,.196979844390792,.312685168640347, , 
2574953,.0625,.0104166666666667,good,1,18,1,2,6*7,.0891666250733724,-.512717643143082,-.703520914532988,-.370895265642597,-.381276395684387,-.483455636108884,-.375690644200899,.133385757558932,-.280446095466786,.522750982108753,Hisp,0,0,0,0,0,0,0,0,0,0,-.703520914532988,-.512717643143082,.0891666250733724,-.512717643143082,0
2574959,.0729166666666667,0,bad,-1,20,2,1,6*7,-.413334477837997,.307061748192322,.940639167314645,.18339378660587,.0202054957556894,-.494171979362047,.278122145889657,-.328209171386747,.205644586733186,-.155557561236096, ,0,0,0,0,0,0,0,0,0,0,-.940639167314645,-.307061748192322,.413334477837997, , 
2575010,.078125,.00520833333333333,good,1,18,2,1,6,.388559344457937,.229907687212986,.176217426600816,-.295896823735152,-.523169744504517,.0453907316632589,.264894819423913,.0371266227284747,-.402541970899202,.100520528746814,White,3,3,3,0,-3,0,3,-2,0,-1,.176217426600816,.229907687212986,.388559344457937, , 
2575023,.104166666666667,.00520833333333333,bad,-1,19,2,2,3*6,-.124883988179926,.725476368705016,.810632754958378,.520534956155411,-.114397723062053,.346591646023671,.470408378494489,-.299806559612252,.177007073757761,-.347608892639999, ,0,0,0,0,0,0,0,0,0,0,-.810632754958378,-.725476368705016,.124883988179926, , 
2575053,.109375,0,bad,-1,21,2,2,6,.479537195582929,.491653184510253,.531119739942161,-.114154525685044,.673034851509661,-.329385977230188,.500770040011781,-.235628212018466,.0264477100805626,-.291589538073878,White,3,1,2,1,2,1,2,.333333333333333,-2,-.333333333333333,-.531119739942161,-.491653184510253,-.479537195582929, , 
2575071,.135416666666667,.0260416666666667,good,1,19,2,1,6,.611979192771188,.202539532717078,-.0350244511274007,.0717843382930537,.164467872805811,.232465331974305,.259831424786955,-.0139528463452757,-.125242327224108,-.120636251217572,White,2,2,2,1,1,1,2,0,-1.33333333333333,-.666666666666667,-.0350244511274007,.202539532717078,.611979192771188, , 
2575103,.453125,.880208333333333,bad,-1,18,2,2,2, , ,1.62626725183558,.89062299945751,-.353553390593274, , , , , ,Asian,0,0,0,0,0,0,0,0,0,0,-1.62626725183558, , , ,0
2575145,.348958333333333,.208333333333333,good,1,23,2,2,2,.436404491410273,.0437385800210976,-.0443526852048048,-.554148380711127,.321637037236231,-.557948031955749,.145263462075522,-.0158460770885731,-.222971944961723,.0935545599747744,Asian,-1,0,1,2,2,0,0,-1,1.66666666666667,-.666666666666667,-.0443526852048048,.0437385800210976,.436404491410273,.436404491410273,-1
2575172,.340314136125654,.0471204188481675,bad,-1,18,2,1,6,.556355095922584,.367988286481157,-.0246462959491177,-.045186121528949,-.574234869236524,.385700489480373,.299899028818208,.0209661081760549,-.391925362229352,.0710602252350895,White,0,0,0,0,0,0,0,0,0,0,.0246462959491177,-.367988286481157,-.556355095922584, , 
2575196,.28125,.109375,good,1,19,3,2,2,-.35619009124869,-.0241831067356668,1.18647437935395,-.416729743727056,-.785226763874274,.387017324067911,.268700393789866,.275976724843545,-.281922138784213,-.262754979849197,Asian,0,0,0,0,0,0,0,0,0,0,1.18647437935395,-.0241831067356668,-.35619009124869,-.35619009124869,0
2575210,.120192307692308,0,bad,-1,18,2,2,6,.526491536730624,.101844590780355,.3590850894686,.321884909781979,.713757425517584,.73267794580973,.329140405659859,.102982815082466,.169716932856313,-.601840153598638,White,1,1,1,0,1,0,1,0,-.666666666666667,-.333333333333333,-.3590850894686,-.101844590780355,-.526491536730624, , 
2575277,.151041666666667,.00520833333333333,bad,-1,18,2,2,2,.741265323021497,.605813354164715,.659683316363632,.181882369301854,.35793822630678,-.63897068455781,.668920664516615,-.475555469341459,-.0671482424709545,-.126216952704201,Asian,-1,0,0,1,1,0,-.333333333333333,-.333333333333333,1,-.333333333333333,-.659683316363632,-.605813354164715,-.741265323021497,.741265323021497,-1
2575281,.0729166666666667,.0104166666666667,good,1,19,2,1,6*7,.213994653112754,-.566650107997139,.0572809548310813,.602737985206178,.135366666899366,-1.02695865792103,-.0984581666844349,-.354348845043356,.174703332997597,.278103678730194, ,0,0,0,0,0,0,0,0,0,0,.0572809548310813,-.566650107997139,.213994653112754, , 
2575287,.109375,.00520833333333333,bad,-1,20,2,1,6,-.754274987660382,-.282434115611159,.579031596000617,-.223219994339079,.424662008701626,-.421723354744746,-.152559169090308,.0279769184018305,.318572334007643,-.193990083319166,White,0,0,0,0,0,0,0,0,0,0,-.579031596000617,.282434115611159,.754274987660382, , 
2575329,.197916666666667,.015625,good,1,21,2,1,2,-.0752264149645875,1.03258884556235,-.376548628823329,.670467076597548,.7450524357589,.0236681837805084,.193604600591479,-.559795912793131,.496915309107012,-.13072399690536,Asian,-2,2,-2,2,2,1,-.666666666666667,-.333333333333333,2,-1,-.376548628823329,1.03258884556235,-.0752264149645875,-.0752264149645875,-2
2575375,.0677083333333333,0,good,1,18,2,2,6,-.129991490907706,1.00196443865968,.219071919941252,.26842212857509,-.189760320229924,-.700737099078445,.36368162256441,-.657041222104407,.0695510997509574,.223808499789039,White,0,0,0,0,0,0,0,0,0,0,.219071919941252,1.00196443865968,-.129991490907706, , 
2575452,.0625,0,good,1,21,2,2,6,-.0494310614045049,-.368877649453452,-.618761095546308,-.0507794738045097,-.42437685177529,-.0894065018190467,-.345689935468088,.110083540479638,-.141908421391765,.377514816380215,White,0,0,0,0,0,0,0,0,0,0,-.618761095546308,-.368877649453452,-.0494310614045049, , 
2575454,.338541666666667,.515625,bad,-1,19,2,2,2,-.874052091703927,1.4561869063503,1.53410591019605,-.471281734907544, ,.0140178901034979,.705413574947473,-.323629093779751, , ,Asian,-3,-3,-1,3,3,0,-2.33333333333333,-.666666666666667,3,0,-1.53410591019605,-1.4561869063503,.874052091703927,-.874052091703927,-3
2575462,.109375,.00520833333333333,bad,-1,18,2,2,6,-.121759115144039,.146672010462589,1.14634320033479,-.230366336359007,.0530819892325721,-.141402974140773,.390418698551114,-.019236216081452,-.0185084106607986,-.352674071808864,White,0,0,0,0,0,0,0,0,0,0,-1.14634320033479,-.146672010462589,.121759115144039, , 
2575477,.203125,.171875,good,1,18,2,2,6,-1.7271773977932,-.271480664058653,.775603224865871,-.416268986177962,-1.42748258505631,.13701736734002,-.407684945661993,.274922339192212,-.0388580578136905,.171620664283472,White,0,0,0,0,0,0,0,0,0,0,.775603224865871,-.271480664058653,-1.7271773977932, , 
2575525,.119791666666667,.0104166666666667,good,1,19,2,2,6,.535949417182238,-.303030830661431,-.881449749324105,.682092761090741,-.683125147762917,.213700273829689,-.216177054267766,-.0551205521998738,-.178993934618138,.450291541085778,White,1,1,1,-1,-1,1,1,-.333333333333333,.333333333333333,-1,-.881449749324105,-.303030830661431,.535949417182238, , 
2575554,.0364583333333333,0,good,1,21,2,2,6,.905689999308405,.818854701043503,.0789141038816389,.213311929328623,-.121884865491455,-.106507728509069,.601152934744516,-.379558119627065,-.271420978490413,.0498261633729618,White,1,1,2,-1,-1,-1,1.33333333333333,-1.33333333333333,.333333333333333,-.333333333333333,.0789141038816389,.818854701043503,.905689999308405, , 
2575566,.203125,.015625,bad,-1,18,1,1,6,.845754262553464,-.101285456594487,-.0403424202101928,.759065857812487,-.150589750306276,-.27656199265397,.234708795249595,-.31144746462399,-.0790927183490845,.15583138772348,Hisp,0,0,0,0,0,0,0,0,0,0,.0403424202101928,.101285456594487,-.845754262553464,-.101285456594487,0
2575593,.0625,0,good,1,19,2,1,2,-.550254806592312,.480161326134242,.351332075954265,.6888913313458,.0485288499272214,-.663477575102875,.093746198498732,-.610843410860972,.429224995955111,.0878722164071292,Asian,0,0,0,0,0,0,0,0,0,0,.351332075954265,.480161326134242,-.550254806592312,-.550254806592312,0
2575602,.078125,0,good,1,18,2,1,6,-.0846196772467731,-.262098834524617,.0563538929832625,.651502901615794,.00487419117817937,.373518163328201,-.0967882062627093,-.00529530125432524,.246998923346915,-.144915415829881,White,0,0,0,0,0,0,0,0,0,0,.0563538929832625,-.262098834524617,-.0846196772467731, , 
2575635,.09375,.00520833333333333,bad,-1,18,2,2,6,.589897671706753,.470170937970337,1.0745466823087,.716479292517789,-.156388655976194,-.123037078432716,.71153843066193,-.436562436306948,-.00993567838838586,-.265040315966597,White,2,1,1,0,1,0,1.33333333333333,0,-1,-.333333333333333,-1.0745466823087,-.470170937970337,-.589897671706753, , 
2575642,.0416666666666667,0,bad,-1,20,2,1,2,-.324638302427619,.217243824566709,.107910869503982,-.719330127528645,.357310203527925,-.347106482017782,.000172130547690922,.0516599403147182,-.0124605405243672,-.0393715303380419,Asian,-1,0,0,1,1,0,-.333333333333333,-.333333333333333,1,-.333333333333333,-.107910869503982,-.217243824566709,.324638302427619,-.324638302427619,-1
2575654,.0625,.00520833333333333,good,1,18,2,1,5*6,-.182827607307224,.119829222855246,-.110793352325412,-.40913192660604,.88738842505131,-.23851844126229,-.0579305789257966,.0169280874961677,.220361368584165,-.179358877154536, ,1,1,0,0,-1,-1,.666666666666667,.666666666666667,-.666666666666667,-.666666666666667,-.110793352325412,.119829222855246,-.182827607307224, , 
2575678,.0260416666666667,0,bad,-1,18,2,2,6,.403242802375562,.435750874313278,.742403360987303,.922029474277645,-.00779469974886598,.210019960081356,.527132345892048,-.382586796169856,.170330657384406,-.314876207106598,White,2,2,1,0,2,2,1.66666666666667,1,-1.33333333333333,-1.33333333333333,-.742403360987303,-.435750874313278,-.403242802375562, , 
2575708,.0208333333333333,0,good,1,19,2,1,6,-.127269929651527,.517213422096606,.469580208431827,.77247758243471,.275859822647727,.156887171145909,.286507900292302,-.377601277795136,.391869111577988,-.300775734075154,White,0,0,0,0,0,0,0,0,0,0,.469580208431827,.517213422096606,-.127269929651527, , 
2575888,.0833333333333333,.015625,good,1,19,1,2,7,.709877171799094,-.376314927860488,.661930567449335,.326635820085064,.91355830530267,.821939305165257,.331830937129313,.290539470980227,.17677231786288,-.799142725972421,Hisp,0,-1,0,0,0,0,-.333333333333333,0,0,.333333333333333,.661930567449335,-.376314927860488,.709877171799094,-.376314927860488,-1
2575940,.0416666666666667,0,good,1,18,2,1,5,-.17543040239649,-.0162181113955453,-.464511592465901,.0942648875084135,-.898718041253776,-.350819406757361,-.218720035419312,-.142955394290076,-.209674250449624,.571349680159013,Black,0,0,0,-1,0,-2,0,.666666666666667,-.333333333333333,-.333333333333333,-.464511592465901,-.0162181113955453,-.17543040239649,-.464511592465901,0
2576015,.0260416666666667,0,bad,-1, ,3,1,6,-.438390836859423,-.14995936496258,.260354018696352,-.496001558117598,-.696627689913609,-.218795876728782,-.109332061041884,.142388348783799,-.251412803723928,.218356515982013,White,0,0,0,0,0,0,0,0,0,0,-.260354018696352,.14995936496258,.438390836859423, , 
2576016,.09375,0,bad,-1,18,2,1,6,-.227907350334159,.584778799914851,-.321564876195154,.0172955890287487,.0551323037837758,.425798759952911,.0117688577951793,-.0587585429968964,.100111747715561,-.053122062513844,White,0,0,0,0,0,0,0,0,0,0,.321564876195154,-.584778799914851,.227907350334159, , 
2576101,.03125,0,good,1,19,2,2,6,-.302038779392231,-.734061444826331,.0983342270114498,.545332730165103,-.544316961340574,-1.11980471095762,-.312588665735704,-.310358665432131,.10101818273892,.521929148428915,White,1,0,0,0,0,0,.333333333333333,0,-.333333333333333,0,.0983342270114498,-.734061444826331,-.302038779392231, , 
2576108,.125,0,good,1,18,2,1,6,-.412427912278928,-.0610229855529836,-.29570802495188,.137391506427958,.215020738137439,-.759461466126689,-.256386307594597,-.278609995667221,.254946718948108,.28004958431371,White,0,0,0,0,0,0,0,0,0,0,-.29570802495188,-.0610229855529836,-.412427912278928, , 
2576120,.0729166666666667,.015625,bad,-1,19,2,2,6,.980982181507414,1.04594264384285,1.1750026146491,.0373349113026289,.165906191516166,1.17758512993166,1.06730914666645,.0314358582620621,-.25924702622954,-.839497978698974,White,0,0,0,0,0,0,0,0,0,0,-1.1750026146491,-1.04594264384285,-.980982181507414, , 
2576134,.0364583333333333,.0104166666666667,good,1,18,2,1,6,.101859817477725,-.17291512530223,-.0324702317066103,.104564239251031,-.502617905187165,-.85953224845938,-.0345085131770386,-.263727120802727,-.16663782780462,.464873461784385,White,0,1,1,-1,-1,-1,.666666666666667,-1,.666666666666667,-.333333333333333,-.0324702317066103,-.17291512530223,.101859817477725, , 
2576159,.125,0,good,1,18,2,2,6,-.124667711200142,1.11959571268342,.540827178797991,.362269914808789,.72924214960353,-.23675149993976,.51191839342709,-.572872375810657,.405393258537487,-.34443927615392,White,-3,3,3,0,0,0,1,-1,1,-1,.540827178797991,1.11959571268342,-.124667711200142, , 
2576175,.145833333333333,.0104166666666667,bad,-1,17,2,1,6,.29332504564801,-.10952146471301,-.199748856024236,.489672606959822,.464763910118232,-.263141043527394,-.00531509169641204,-.214430728591402,.220370490476681,-.000624670188866897,White,0,0,0,0,0,0,0,0,0,0,.199748856024236,.10952146471301,-.29332504564801, , 
2576188,.208333333333333,0,bad,-1,18,2,1,6,.598194670747977,-.806099178415746,.134675474290385,.285665022912268,.00599145927731652,-.713758641798931,-.0244096777924616,-.0644414954318175,-.102179396186131,.19103056941041,White,0,1,1,-1,-1,1,.666666666666667,-.333333333333333,.666666666666667,-1,-.134675474290385,.806099178415746,-.598194670747977, , 
2576190,.229166666666667,0,good,1,19,2,1,6,1.02470266216012,.666311429088358,1.1919313739452,-.607274298264867,.275922917749705,.210724420795102,.960981821731227,.0505624299905368,-.452018014225094,-.55952623749667,White,2,3,2,0,2,2,2.33333333333333,.666666666666667,-1.33333333333333,-1.66666666666667,1.1919313739452,.666311429088358,1.02470266216012, , 
2576195,.0572916666666667,0,bad,-1,19,2,2,6,.639972240892073,-.464538155475903,.317928753141994,.796787003426506,.0634543715412699,.0493953100297346,.164454279519388,-.0942845126402893,.0734230446919009,-.143592811570999,White,1,0,0,0,0,0,.333333333333333,0,-.333333333333333,0,-.317928753141994,.464538155475903,-.639972240892073, , 
2576198,.265625,.09375,good,1,19,1,2,6*7,.169376123506786,-.986348680472033,-.117633558446248,-1.36650506571453,-.916327989595046,-1.13763162679995,-.311535371803831,.405074039795536,-.817403059605454,.723864391613749,Hisp,0,0,0,0,0,0,0,0,0,0,-.117633558446248,-.986348680472033,.169376123506786,-.986348680472033,0
2576224,.0947368421052632,.0105263157894737,good,1,20,2,2,6,-.708939275459326,.442367135615847,-.0834221227891992,.484533488663024,.447258255750058,.200943509119695,-.116664754210893,-.241985705053059,.546910339957469,-.188259880693518,White,0,0,0,0,0,0,0,0,0,0,-.0834221227891992,.442367135615847,-.708939275459326, , 
2576240,.369791666666667,.208333333333333,good,1,18,2,1,6,-.168676988024183,.0261829434908499,.256195864998366,.0397379974122859,.109638042984909,.161600954430627,.0379006068216778,.0318933378424971,.106017676140459,-.175811620804634,White,2,2,2,0,0,0,2,-.666666666666667,-.666666666666667,-.666666666666667,.256195864998366,.0261829434908499,-.168676988024183, , 
2576250,.130208333333333,.015625,good,1,19,2,2,6,-.66775750093156,.421106583774009,.492759586705809,-.206064907356362,.159805866566466,.285632216531716,.0820362231827528,.0235301800380232,.207166153380554,-.31273255660133,White,-1,1,1,-1,-2,1,.333333333333333,-.666666666666667,1.33333333333333,-1,.492759586705809,.421106583774009,-.66775750093156, , 
2576299,.192708333333333,0,bad,-1,18,2,2,6,.446641784280703,-.549141444678109,1.26604162688703,.837371890302633,.28043711159604,.193098426929348,.387847322163207,-.0317106728983919,.223722405872657,-.579859055137472,White,0,0,0,0,-1,0,0,-.333333333333333,.333333333333333,0,-1.26604162688703,.549141444678109,-.446641784280703, , 
2576300,.0104166666666667,.0416666666666667,bad,-1,20,2,2,6,.883752000865571,.321734007005035,.397243754215606,.532990635306856,.546811495046502,1.06478765493868,.534243254028738,.0700210042089283,.0653500431625958,-.669614301400262,White,2,2,1,2,1,0,1.66666666666667,0,-1.66666666666667,0,-.397243754215606,-.321734007005035,-.883752000865571, , 
2576314,.192708333333333,0,bad,-1,18,2,2,6,.0590954114642308,-.751138272080587,.466360633103287,.928835153517611,-.0735591135522491,1.02417704438607,-.0752274091710231,.282160054316349,.26539354283371,-.472326187979036,White,0,0,0,0,0,0,0,0,0,0,-.466360633103287,.751138272080587,-.0590954114642308, , 
2576322,.15625,.03125,good,1,19,3,1,5,-.45316430311304,-.276116088982929,.155895580995054,-.968362600809427,-.547471480289484,-.692977506125729,-.191128270366972,.183833727888876,-.354223259328624,.36151780180672,Black,-1,-1,0,0,0,0,-.666666666666667,0,.333333333333333,.333333333333333,.155895580995054,-.276116088982929,-.45316430311304,.155895580995054,0
2576333,.255208333333333,0,bad,-1,18,2,1,3,-.723339874340922,-1.2059392224861,-.180408213739423,.734616140500425,.740828179056256,.784883838779562,-.703229103522148,.418735640255078,.732928064632534,-.448434601365465, ,-1,0,0,1,1,0,-.333333333333333,-.333333333333333,1,-.333333333333333,.180408213739423,1.2059392224861,.723339874340922, , 
2576334,.15625,0,good,1,18,3,2,6,1.01502746333491,.481663737884484,-.28663286067025,.473462262982609,.466225415809602,-.496445019338397,.403352780183048,-.483857006735163,-.0251132615142326,.105617488066348,White,2,2,1,-1,-1,2,1.66666666666667,0,0,-1.66666666666667,-.28663286067025,.481663737884484,1.01502746333491, , 
2576352,.3125,.0364583333333333,good,1,19,2,1,6,.128578290122814,.196765805243332,.211620546460018,-.00187063939878315,-.387267591215725,.211585107170688,.178988213942055,.00556331377537965,-.172572173579107,-.0119793541383271,White,3,3,3,-2,-2,0,3,-1.66666666666667,.333333333333333,-1.66666666666667,.211620546460018,.196765805243332,.128578290122814, , 
2576391,.1875,0,bad,-1,20,2,2,5,-.0464408661922175,.149834398632101,.964997066740209,-.764606897863156,-.307665069013441,.783383391067743,.356130199726697,.466051963432932,-.341943700228127,-.480238462931503,Black,0,0,0,0,-1,0,0,.333333333333333,-.333333333333333,0,-.964997066740209,-.149834398632101,.0464408661922175,.964997066740209,0
2576445,.140625,.015625,bad,-1,18,2,2,2,-.24030520800101,.148769945129563,.560087520003806,-.493622941268658,-.562370159897343,.740136622525358,.156184085710786,.361663206221484,-.27189596438833,-.24595132754394,Asian,0,0,0,0,0,0,0,0,0,0,-.560087520003806,-.148769945129563,.24030520800101,-.24030520800101,0
2576533,.078125,0,good,1,18,2,1,6,.136660083331763,-.17074443101461,-.0835515946002192,-.0764784659345307,.711037277823943,-.838206651945436,-.0392119807610221,-.196994584998765,.16596624285255,.0702403229072376,White,1,1,0,0,1,1,.666666666666667,.666666666666667,-.666666666666667,-.666666666666667,-.0835515946002192,-.17074443101461,.136660083331763, , 
2576557,.0729166666666667,0,good,1,19,2,2,6,.110748163352459,.606145454119881,.914609602480828,-.381884003631054,.308737638535671,.0710663145121312,.543834406651056,-.0510650453255651,-.0612981761492807,-.43147118517621,White,0,0,0,0,0,0,0,0,0,0,.914609602480828,.606145454119881,.110748163352459, , 
2576563,.119791666666667,.00520833333333333,good,1,20,2,1,2,.0707876612641338,.342401766064117,-.634256497184091,.626882623799544,.603844100216632,-.930104707918409,-.0736890232852802,-.63312969926069,.386646354250681,.320172368295289,Asian,-2,2,2,3,1,-1,.666666666666667,-.666666666666667,2,-2,-.634256497184091,.342401766064117,.0707876612641338,.0707876612641338,-2
2576599,.119791666666667,0,bad,-1,19,2,2,3,.506515293718149,.31749444902251,-.831356043466196,-.373154660102948,1.05401509229788,.0597039629515625,-.00244876690851215,.0384547246773335,.0581150461589271,-.0941210039277485, ,0,1,1,1,1,0,.666666666666667,-.666666666666667,.666666666666667,-.666666666666667,.831356043466196,-.31749444902251,-.506515293718149, , 
2576654,.09375,.0104166666666667,good,1,18,2,2,6,.281130716110642,.637227664496179,.714098392897687,-.398474705773448,-.334458510247688,-.0707525658912621,.544152257834836,-.103168508204664,-.338021310710593,-.102962438919579,White,1,1,1,0,0,0,1,-.333333333333333,-.333333333333333,-.333333333333333,.714098392897687,.637227664496179,.281130716110642, , 
2576685,.125,0,good,1,21,2,2,3,.0989004233910238,.288630547088622,.490076344953115,.0382015178601147,-.0117359003219333,.39136259498314,.29253577181092,.0215101766781342,-.0241449352842808,-.289901013204774, ,-1,1,1,1,1,1,.333333333333333,-1,1,-.333333333333333,.490076344953115,.288630547088622,.0989004233910238, , 
2576711,.078125,0,bad,-1,19,2,1,6,.683395856479207,-.366654200769225,.564887903677224,-.548227719180357,-.418435327523484,.849073246877847,.293876519795735,.587985055609143,-.550019634394349,-.331841941010529,White,2,2,2,-1,-1,0,2,-1,0,-1,-.564887903677224,.366654200769225,-.683395856479207, , 
2576735,.4375,.380208333333333,good,1,20,2,1,6,.41023683166719,.380935711411108,.566586117905776,-.0907393991030654,-.300929394398609,-.28617771333832,.452586220328024,-.192124675215454,-.267301875056288,.00684032994371779,White,0,0,0,0,0,0,0,0,0,0,.566586117905776,.380935711411108,.41023683166719, , 
2576879,.0989583333333333,.00520833333333333,bad,-1,19,2,2,3,.787696039300936,.0913891314534157,.230179088020863,.273311992338913,-.146431390669566,.526634334430272,.369754752925071,.0539777368793145,-.220271812543863,-.203460677260523, ,-2,3,2,3,3,-2,1,-1,2.66666666666667,-2.66666666666667,-.230179088020863,-.0913891314534157,-.787696039300936, , 
2576891,.0729166666666667,.00520833333333333,bad,-1,18,1,2,7,.315778176341827,-.19709226853667,.460539960663781,.343206121314377,.544547956262216,-.528103558312822,.193075289489646,-.224739137030176,.190658633744922,-.158994786204392,Hisp,3,-3,0,-3,-3,3,0,0,-3,3,-.460539960663781,.19709226853667,-.315778176341827,-.19709226853667,-3
2576894,.109375,0,bad,-1,20,2,1,6,-.137556725469126,1.04053435131953,-.103716741397665,.65204777610641,.634383797554007,-.492454133378778,.266420294817581,-.72834542026824,.474662766376514,-.0127376409258547,White,2,2,2,-1,-2,-1,2,-1.66666666666667,.333333333333333,-.666666666666667,.103716741397665,-1.04053435131953,.137556725469126, , 
2576901,.145833333333333,0,bad,-1,19,2,1,6,.482272265709877,.133906820271842,.251345038394097,-.0837452699306063,-.250129010901925,-.0138256129611094,.289174708125272,-.0213290544341149,-.272048848847469,.00420319515631255,White,2,2,2,-2,-2,-1,2,-1.66666666666667,.666666666666667,-1,-.251345038394097,-.133906820271842,-.482272265709877, , 
2576931,.109375,0,good,1,18,2,1,3*6,-.113588225391575,-.392973073669655,-.0712145793868224,.569596424109951,-.7388266237406,-.362616763447544,-.192591959482684,-.17974670462928,-.0185473247463581,.390885988858322, ,1,1,-1,0,-1,-1,.333333333333333,1,-.666666666666667,-.666666666666667,-.0712145793868224,-.392973073669655,-.113588225391575, , 
2576932,.0416666666666667,0,bad,-1,18,2,1,2,.612572405974558,-.0838850351557086,.851261965518443,-.437471762192243,.701610130502945,.636930161618902,.459983112112431,.386095652988951,-.116144679221285,-.729934085880097,Asian,0,0,0,0,0,0,0,0,0,0,-.851261965518443,.0838850351557086,-.612572405974558,.612572405974558,0
2577136,.109375,0,bad,-1,21,2,2,6,-.1395415431062,.315937796796475,-.184385615837452,.0533875732276876,-.790578865919011,.0321972554959394,-.00266312071572567,-.112376038176074,-.199216583195041,.314255742086841,White,0,1,0,-1,0,1,.333333333333333,.333333333333333,.333333333333333,-1,.184385615837452,-.315937796796475,.1395415431062, , 
2577157,.0520833333333333,0,bad,-1,18,2,1,6,-.211868427144068,.359188560213294,.92649487330521,.0330472237549891,.66365588129591,.581033755768993,.357938335458146,.0629326572669031,.302857177398323,-.723728170123371,White,0,0,0,0,0,0,0,0,0,0,-.92649487330521,-.359188560213294,.211868427144068, , 
2577184,.140625,.0833333333333333,good,1,18,2,2,5,.25328033700205,-.0417480719902014,.229442841735136,-.381983932120084,.42103705468678,.57616844930126,.146991702248995,.333300151137182,-.0714090714784517,-.408882781907725,Black,0,0,0,0,0,0,0,0,0,0,.229442841735136,-.0417480719902014,.25328033700205,.229442841735136,0
2577229,.0416666666666667,0,good,1,18,1,1,7,-.21530960009989,-.654576272920342,-.396868646849725,.0675977495986716,-.529505818696299,.134823321344615,-.422251506623319,.240600614888762,-.0821994896659127,.26385038140047,Hisp,0,-1,0,-1,0,1,-.333333333333333,-.333333333333333,-.333333333333333,1,-.396868646849725,-.654576272920342,-.21530960009989,-.654576272920342,-1
2577261,.145833333333333,0,bad,-1,18,2,1,5,.490959541945738,-.138136197572817,.570254571642944,-.446203758652066,.394915689376046,.264445425527933,.307692638671955,.282928460584272,-.180749203740586,-.409871895515641,Black,0,0,0,0,0,0,0,0,0,0,-.570254571642944,.138136197572817,-.490959541945738,.570254571642944,0
2577290,.109375,.0416666666666667,good,1,18,2,2,6,-.127134616199461,.418302946264117,.385233888860855,.232600172930636,.32646996138592,.268297240850048,.225467406308503,-.127535292781568,.228734916838672,-.326667030365608,White,3,3,3,-1,0,2,3,-.333333333333333,-.666666666666667,-2,.385233888860855,.418302946264117,-.127134616199461, , 
2577429,.140625,.0104166666666667,bad,-1,18,2,1,6,.302059306543345,-.699578964345707,-.669157163276889,-.00302659140986851,.37659218323826,.778862899770264,-.35555894035975,.493822818508613,.0238354284283487,-.162099306577212,White,0,0,0,0,0,0,0,0,0,0,.669157163276889,.699578964345707,-.302059306543345, , 
2577619,.166666666666667,0,good,1,18,2,2,6,.0157576027886214,.621093111472023,.0212151357710999,-.477806761116947,-.213000202700398,-.208944683534697,.219355283343915,-.117410344629924,-.235521522201989,.133576583487998,White,3,3,2,2,1,1,2.66666666666667,0,-2,-.666666666666667,.0212151357710999,.621093111472023,.0157576027886214, , 
2578242,.104166666666667,0,good,1,18,2,2,6,.0863813724869992,.0930159044397462,-.0699669807912987,.236572957149154,-.673799276084224,-.199410799161786,.0364767653784822,-.176333220250229,-.174535897140689,.314392352012436,White,0,0,0,0,0,0,0,0,0,0,-.0699669807912987,.0930159044397462,.0863813724869992, , 
2578281,.505208333333333,.473958333333333,bad,-1,18,2,2,6,.300203672460151,-.254520892402477,.251929467853937,-.365670919641256,.462756567435909,.125617816767092,.0992040826372038,.248603209603608,-.0677060082218328,-.280101284018979,White,0,0,0,0,0,0,0,0,0,0,-.251929467853937,.254520892402477,-.300203672460151, , 
2578625,.15625,0,good,1,19,1,1,6,-.290141805288435,.722791397795929,.208950198829135,-.192057868867761,-.74107564075843,-.677398247491231,.21386659711221,-.4027105921398,-.214330568112585,.403174563140175,Hisp,0,0,0,0,0,0,0,0,0,0,.208950198829135,.722791397795929,-.290141805288435,.722791397795929,0
2578714,.135416666666667,0,bad,-1,22,2,1,2,-.471284219500254,1.0104390622291,-.293869114049432,.339530278206209,.446856474848805,.0970971280389996,.0817619095598059,-.417624070798771,.419223657518422,-.0833614962794577,Asian,-2,1,-1,1,0,-2,-.666666666666667,1,1,-1.33333333333333,.293869114049432,-1.0104390622291,.471284219500254,-.471284219500254,-2
2578731,.03125,.015625,good,1,18,2,2,6,.735280764702372,.309856329986602,-.325817391706321,-.0374808885175015,-.203867352606318,-.900758767667668,.239773234327551,-.391044736378923,-.325543001942064,.476814503993436,White,2,2,2,0,1,1,2,0,-1,-1,-.325817391706321,.309856329986602,.735280764702372, , 
2578809,.046875,.0364583333333333,good,1,19,2,1,6,-.0227820262971545,-.888945113042215,1.34422873950641,.169902517881322,-.301980046728134,-.336533672732812,.144167200055679,.127502974142694,-.0364318341832192,-.235238340015153,White,0,0,0,0,0,0,0,0,0,0,1.34422873950641,-.888945113042215,-.0227820262971545, , 
2579063,.0364583333333333,0,bad,-1,18,2,2,2,.361860407815383,.819283416830905,.399023782466139,.891782599517875,.312528674336228,.338506961474494,.526722535704142,-.457519684958095,.28081695534624,-.350019806092287,Asian,-2,1,0,1,3,-1,-.333333333333333,-.666666666666667,2,-1,-.399023782466139,-.819283416830905,-.361860407815383,.361860407815383,-2
2579114,.0885416666666667,.0416666666666667,good,1,19,2,1,6,-.492237911490106,.537540871361025,.733629446256303,-.310764744182542,.545352808248682,.351050217359522,.25964413537574,.0414246967270132,.242275325185415,-.543344157288169,White,0,0,0,0,0,0,0,0,0,0,.733629446256303,.537540871361025,-.492237911490106, , 
2579317,.0885416666666667,.0104166666666667,good,1,18,1,1,6*7,.489768116363919,.158747144512899,.0447926104174078,-.167834028754494,.730923517450688,.047756639707607,.231102623764742,.0189478413164008,.0244404574440915,-.274490922525234,Hisp,0,0,0,0,0,0,0,0,0,0,.0447926104174078,.158747144512899,.489768116363919,.158747144512899,0
2580203,.0989583333333333,0,bad,-1,20,2,1,2,.288337556683715,.919253201230057,.911857675223112,.523599840708004,.916826351394715,.437659108849902,.706482811045628,-.33506464436272,.384029545139668,-.755447711822576,Asian,-1,0,2,2,3,2,.333333333333333,-2.33333333333333,2,0,-.911857675223112,-.919253201230057,-.288337556683715,.288337556683715,-1
2580853,.125,.015625,good,1,18,2,2,6,.878707190779732,.466598280082718,-.449592272971466,.300416106289023,.651171718713548,.477593745540691,.298571065963661,-.096473546943683,.0242935447409462,-.226391063760924,White,0,0,0,0,0,0,0,0,0,0,-.449592272971466,.466598280082718,.878707190779732, , 
2580983,.140625,0,good,1,18,2,1,6,.268178184197112,.512459274601049,.448995186197863,.263025449694911,.108527923433255,.335937072009275,.409877548332008,-.146515884095562,.0344583963103513,-.297820060546798,White,0,0,0,0,0,0,0,0,0,0,.448995186197863,.512459274601049,.268178184197112, , 
2581208,.125,.00520833333333333,good,1,18,1,1,6,.337738940272389,.437784369097666,-.230036147385665,-.246814014825209,-.164575115087951,-.108742810811509,.181829053994797,-.0999043883613218,-.249709356728516,.167784691095041,Hisp,1,2,1,0,1,0,1.33333333333333,-.666666666666667,0,-.666666666666667,-.230036147385665,.437784369097666,.337738940272389,.437784369097666,2
2583164,.0520833333333333,0,bad,-1,18,2,1,6,.563020755100642,1.07492807285566,.474935485268121,-.594203558124833,.561504307185199,-.340697855727863,.704294771074809,-.273807456819565,-.198573335346759,-.231913978908486,White,0,0,0,0,0,0,0,0,0,0,-.474935485268121,-1.07492807285566,-.563020755100642, , 
2583479,.161458333333333,0,bad,-1,18,2,2,3,.0569020956140076,.718340119291535,.672588453022459,1.26287842382607,.64809141205235,.224491407104952,.482610222642667,-.585575712004219,.618022580088139,-.515057090726587, ,0,0,0,0,0,0,0,0,0,0,-.672588453022459,-.718340119291535,-.0569020956140076, , 
2583849,.0364583333333333,0,good,1,20,2,2,6,1.15526418990621,.37802734406225,-.459120146059934,.221597376022075,-.451207087924527,.748802344358196,.358057129302841,.049725874757957,-.46162463393622,.0538416298754218,White,2,2,0,0,1,1,1.33333333333333,.666666666666667,-1,-1,-.459120146059934,.37802734406225,1.15526418990621, , 
2583877,.15625,0,bad,-1,18,2,2,2*6,.304182746275055,-.0920216473862807,.280066552960743,-.370713624082057,-.04249733791647,-.520765170440129,.164075883949839,-.0193432996572638,-.239131236091194,.0943986517986185, ,1,1,0,-1,1,-2,.666666666666667,.333333333333333,-.333333333333333,-.666666666666667,-.280066552960743,.0920216473862807,-.304182746275055, , 
2584995,.0677083333333333,.0104166666666667,good,1,19,2,2,6,-.0493353818616419,-.267632512064276,-.745189393002279,-.193546273339155,-.799156707521757,-.968881581783767,-.354052428976066,-.169234265460112,-.31445586633309,.837742560769268,White,1,0,0,1,1,0,.333333333333333,.333333333333333,-1,.333333333333333,-.745189393002279,-.267632512064276,-.0493353818616419, , 
2585048,.0625,0,good,1,18,2,2,6,.333961736817114,.659340927127674,.173321263787942,.113094968647053,-.635681342244701,.288208047142557,.388874642577577,-.16140928287739,-.285516036804921,.0580506771047342,White,2,1,0,1,1,0,1,.333333333333333,-1.33333333333333,0,.173321263787942,.659340927127674,.333961736817114, , 
2585591,.0104166666666667,.015625,bad,-1,19,2,1,2,.596163134441357,-.24979023854146,.428770670601421,-.518189059446635,.219106642596412,-.396657382252972,.258381188833773,.123773971911708,-.29841518376386,-.0837399769816202,Asian,-2,-1,-3,2,0,-2,-2,1.66666666666667,1.33333333333333,-1,-.428770670601421,.24979023854146,-.596163134441357,.596163134441357,-2
2585653,.0989583333333333,0,good,1,19,2,2,6,-.339571780645271,.112278997628213,.310290421895348,.41364046147486,.0565870732320915,.0107817901496433,.0276658796260968,-.17171255631781,.269933105117407,-.125886428425694,White,0,0,0,0,0,0,0,0,0,0,.310290421895348,.112278997628213,-.339571780645271, , 
2585689,.0416666666666667,0,good,1,21,2,1,2,-.578983606295521,.697427039371474,.187625502331225,.43968671045231,-.764892996895592,.730783548807759,.102022978469059,-.135443400338675,.0845924399507461,-.0511720180811305,Asian,0,0,0,0,0,0,0,0,0,0,.187625502331225,.697427039371474,-.578983606295521,-.578983606295521,0
2585748,.109375,0,good,1,18,2,1,6,.464380833799601,-.427309249842559,.502871799008391,.52010316487426,.440970544451999,.160567696156666,.179981127655144,.0225912603749881,.16556429184222,-.368136679872352,White,0,0,0,0,0,0,0,0,0,0,.502871799008391,-.427309249842559,.464380833799601, , 
2585791,.182291666666667,.015625,good,1,19,2,2,6,-.0603955757039125,-.716841359355149,-.698641784002318,.899612644343307,-.493800729598296,-.483400022728361,-.49195957302046,-.222057102572173,.155402496816308,.558614178776325,White,2,2,1,0,0,0,1.66666666666667,-.333333333333333,-.666666666666667,-.666666666666667,-.698641784002318,-.716841359355149,-.0603955757039125, , 
2585794,.135416666666667,.03125,good,1,19,3,1,2,-.235314270252802,.264123819138641,.639816584847312,.797224757490154,.0136846698318399,.24306360561747,.22287537791105,-.272761657003775,.348741232524932,-.298854953432207,Asian,0,1,1,1,1,1,.666666666666667,-1,.666666666666667,-.333333333333333,.639816584847312,.264123819138641,-.235314270252802,-.235314270252802,0
2585797,.0677083333333333,0,bad,-1,18,2,2,6,.32400573800209,-.0797880068469615,-.00237455292468672,.410973126867983,.0276788667084122,-.630747735654686,.0806143927434806,-.320644285225236,.0382154185247684,.201814473956987,White,1,1,0,0,0,0,.666666666666667,0,-.333333333333333,-.333333333333333,.00237455292468672,.0797880068469615,-.32400573800209, , 
2585799,.119791666666667,0,bad,-1,18,2,2,6,-.139117098304465,.874646311973822,.188065534451111,.21833008948324,-.13260555084762,-.10946087462177,.307864916040156,-.400812425359611,.0749472123133617,.0180002970060931,White,0,1,1,-1,-1,0,.666666666666667,-.666666666666667,.666666666666667,-.666666666666667,-.188065534451111,-.874646311973822,.139117098304465, , 
2585837,.395833333333333,.640625,bad,-1,19,2,2,6,.735182153621198,-.867111377141197,1.12559528415733,-1.43821645470143,-1.3703471930857,.49838007715769,.331222020212444,.934569303000107,-1.18124860046945,-.0845427227431056,White,0,0,0,0,0,0,0,0,0,0,-1.12559528415733,.867111377141197,-.735182153621198, , 
2585845,.130208333333333,.00520833333333333,good,1,20,2,1,6,.503264839827668,.743950813646379,.292699029981531,-.37464148962994,-.40277458913534,-.514889804645104,.513304894485193,-.294733042887181,-.426893639530983,.208321787932971,White,2,2,2,2,2,2,2,.666666666666667,-2,-.666666666666667,.292699029981531,.743950813646379,.503264839827668, , 
2585861,.166666666666667,.0104166666666667,good,1,18,2,1,6,-.212729276932996,-.126533054621591,1.04099825128913,-.334828377617238,-.0706807721092056,.0299615621472088,.233911973244848,.163774331462013,-.064259957597816,-.333426347109044,White,0,0,0,0,0,0,0,0,0,0,1.04099825128913,-.126533054621591,-.212729276932996, , 
2586014,.151041666666667,.0208333333333333,bad,-1,20,2,1,2*3,.0454133406238933,1.10497358084991,.880110595174198,-.929264311305001,.335058066868822,.309797220996174,.676832505549333,.0446959838170889,-.213206528353357,-.508321961013065, ,-2,0,0,2,2,0,-.666666666666667,-.666666666666667,2,-.666666666666667,-.880110595174198,-1.10497358084991,-.0454133406238933, , 
2586066,.104166666666667,0,bad,-1,19,2,2,6,.136737712348607,-.0442859006494763,.860650069161238,.736733129017629,1.13690352678684,.739781662578895,.317700626953456,.0157781447369143,.578966314485287,-.912445086175658,White,1,2,1,-1,-2,0,1.33333333333333,-1,.666666666666667,-1,-.860650069161238,.0442859006494763,-.136737712348607, , 
2586145,.166666666666667,.0260416666666667,bad,-1,19,2,2,6,.296332325754645,.605392302662548,.814900113252496,.185116343495527,.547465214525749,.152012826512385,.57220824722323,-.212831939881897,.145416410755544,-.504792718096877,White,1,1,1,0,0,-1,1,-.666666666666667,-.333333333333333,0,-.814900113252496,-.605392302662548,-.296332325754645, , 
2586188,.0520833333333333,0,good,1,22,1,2,5*7,-1.10504560581136,-.139097669016884,-.891309642342571,.0652105537676139,.39584307672126,-.0159447585922239,-.711817639056938,.0193141188856822,.522033078766744,.170470441404512,Hisp,1,-1,0,-1,-1,0,0,.333333333333333,-1,.666666666666667,-.891309642342571,-.139097669016884,-1.10504560581136,-.139097669016884,-1
2586206,.0833333333333333,0,bad,-1,20,2,1,6,.692293096259972,-.166940553654352,.794882116240758,.187059889505166,-.386063586462405,.547465384984227,.440078219615459,.175782016377805,-.297098931072404,-.31876130492086,White,0,0,0,0,0,0,0,0,0,0,-.794882116240758,.166940553654352,-.692293096259972, , 
2586378,.182291666666667,0,good,1,18,2,1,6,.464982686836386,-.488436293277473,-.0790194861418469,.459422414638981,-.220608269255975,-.413135842950128,-.0341576975276447,-.128040654770545,-.0753895138177931,.237587866115983,White,0,0,0,0,0,0,0,0,0,0,-.0790194861418469,-.488436293277473,.464982686836386, , 
2586397,.09375,0,good,1,19,2,2,6,.328159106237121,.314553738238235,1.46084162686327,1.05213387210992,-.567107491089434,-.712335311544784,.701184823779542,-.693007640630978,.0522890915944534,-.0604662747430166,White,1,1,1,0,1,0,1,0,-.666666666666667,-.333333333333333,1.46084162686327,.314553738238235,.328159106237121, , 
2586400,.0625,0,bad,-1,30,2,2,7,-.529461440431211,.891496437068169,-.217139622897161,.176677908310042,.558385108113212,.522333649731301,.0482984579132658,-.18194689854897,.421508152284822,-.287859711649117, ,0,0,0,0,0,0,0,0,0,0,.217139622897161,-.891496437068169,.529461440431211, , 
2586429,.197916666666667,.00520833333333333,good,1,20,2,2,5,.218564448625306,.178162558413743,.233578585815612,.517131319552569,.366741990605354,-.140916180863544,.210101864284887,-.278736686276618,.221769620510872,-.153134798519141,Black,0,0,0,0,0,0,0,0,0,0,.233578585815612,.178162558413743,.218564448625306,.233578585815612,0
2586457,.0625,.0260416666666667,bad,-1,19,2,2,6,-.0408481861725859,.017672040227044,.486905440806779,-.318715647836065,-.450637276066389,.260900470129036,.154576431620412,.187314692579352,-.242834912576623,-.099056211623142,White,0,0,0,0,0,0,0,0,0,0,-.486905440806779,-.017672040227044,.0408481861725859, , 
2586479,.0416666666666667,0,bad,-1,21,2,1,2,-.0717004026705469,.76178453529376,-.211797644990473,.431048392951842,.777736251897989,.948897662774578,.159428829210914,-.0813117551570082,.426828349173459,-.504945423227365,Asian,0,0,0,1,1,0,0,-.333333333333333,.666666666666667,-.333333333333333,.211797644990473,-.76178453529376,.0717004026705469,-.0717004026705469,0
2586480,.0885416666666667,0,bad,-1,19,2,1,6,-.174501661704438,-.634146535685244,.536702773791778,-.773877612720587,-.250738269067235,.024151465204196,-.0906484745326347,.477391871203342,-.283371406694461,-.103371989976246,White,1,1,1,1,1,1,1,.333333333333333,-1,-.333333333333333,-.536702773791778,.634146535685244,.174501661704438, , 
2586499,.015625,0,good,1,21,2,1,6,.649737665249705,.411319864737247,.740601267791549,-.203012624491387,.333129644326989,-.387115016633017,.600552932592834,-.198474085626292,-.173206881804701,-.22887196516184,White,0,0,0,0,0,0,0,0,0,0,.740601267791549,.411319864737247,.649737665249705, , 
2586539,.0575916230366492,0,good,1,20,2,2,6,.579276266029204,-.960712400040915,.239126899698687,-.431696712070338,-.884304187768231,.475116818251468,-.0474364114376745,.62250864345424,-.631759055289258,.056686823272692,White,0,0,0,0,0,0,0,0,0,0,.239126899698687,-.960712400040915,.579276266029204, , 
2586551,.0729166666666667,0,bad,-1,19,2,2,2*6,-.35020139548637,.102774122517644,.1213388050927,-.514269117711337,.41108319441865,.845843732367846,-.0420294892920088,.41911290918718,.0823384907312277,-.459421910626399, ,1,0,0,0,0,0,.333333333333333,0,-.333333333333333,0,-.1213388050927,-.102774122517644,.35020139548637, , 
2586588,.145833333333333,0,bad,-1,18,2,1,5,.0264914154333658,.404260230753397,.363326378485036,.216272437687458,.446723708396623,.604114782013745,.264692674890599,-.00547262880903637,.212168243550239,-.471388289631802,Black,0,0,0,0,0,0,0,0,0,0,-.363326378485036,-.404260230753397,-.0264914154333658,.363326378485036,0
2586596,.03125,0,good,1,19,2,1,6,1.19116088042712,-.340112046556884,.780319158798161,.627078898379152,.354713160076471,.594725114334479,.543789330889466,.10258608750407,-.0697896073238327,-.576585811069704,White,3,2,1,0,1,0,2,0,-1.33333333333333,-.666666666666667,.780319158798161,-.340112046556884,1.19116088042712, , 
2586597,.119791666666667,0,good,1,19,2,1,6,-.315726846929839,.28847450937766,.286600137329307,.3973491637554,-.321902346424254,-.801925918452609,.0864492665923758,-.495916530528556,.130391221420329,.279076042515852,White,3,1,1,1,1,1,1.66666666666667,.333333333333333,-1.66666666666667,-.333333333333333,.286600137329307,.28847450937766,-.315726846929839, , 
2586632,.114583333333333,.0260416666666667,good,1,19,2,2,6,-.322841105737032,1.11800054327096,.155614866116758,-.131554738559405,-.30829612518473,-.791794818726566,.316924767883563,-.592746874479375,-.0390032526690343,.314825359264846,White,3,2,3,-1,1,-2,2.66666666666667,-1.33333333333333,-1,-.333333333333333,.155614866116758,1.11800054327096,-.322841105737032, , 
2586705,.125,0,good,1,17,2,2,5,-.00929294893182578,.477774904246342,-.388673310780522,.180807869864141,-1.08363835028241,-.477751225195303,.0266028815113314,-.378777999768595,-.297845843828816,.65002096208608,Black,2,-1,3,-1,1,1,1.33333333333333,-1.66666666666667,-.666666666666667,1,-.388673310780522,.477774904246342,-.00929294893182578,-.388673310780522,3
2586753,.192708333333333,.0260416666666667,good,1,18,2,2,5,.511551847651883,.087092270401307,.437828216683183,-.436257362776612,-.925711391077524,.315511176037419,.345490778245458,.221558756137575,-.624506867168673,.0574573327856406,Black,-1,2,1,2,1,-1,.666666666666667,-.333333333333333,1.33333333333333,-1.66666666666667,.437828216683183,.087092270401307,.511551847651883,.437828216683183,1
2586807,.0729166666666667,0,good,1,18,2,1,3,-.12566225664016,-.498107667573224,.832263987476173,-.672733389312152,-.0649102578807248,.426911563709758,.0694980210875965,.532584206865044,-.203993796850906,-.398088431101735, ,0,0,0,0,0,0,0,0,0,0,.832263987476173,-.498107667573224,-.12566225664016, , 
2587329,.557291666666667,.921875,bad,-1,18,2,2,3,.351205193030821,-.506145162133699,-.0913383642283989, ,-.17950255373787,-.204931421171271,-.0820927777770923, , ,.158590779712513, ,0,0,0,0,0,0,0,0,0,0,.0913383642283989,.506145162133699,-.351205193030821, , 
2587436,.0677083333333333,.015625,good,1,18,2,1,3,.934242321419414,.328570320081744,.55022285073785,.249896469829914,-.242794116096572,.41651719439671,.60434516407967,-.0539831985049829,-.309046655895357,-.24131530967933, ,0,1,1,0,0,0,.666666666666667,-.333333333333333,0,-.333333333333333,.55022285073785,.328570320081744,.934242321419414, , 
2587736,.1875,.015625,bad,-1,19,2,1,3,.409138413609485,.956457426455521,1.10248745872491,-.815289456347901,.93614301916733,.199541432040786,.822694432929972,.0194578206443888,-.0960949502633518,-.746057303311009, ,2,2,3,-1,1,2,2.33333333333333,-2,-.666666666666667,.333333333333333,-1.10248745872491,-.956457426455521,-.409138413609485, , 
2587758,.0523560209424084,0,good,1,23,2,1,2,-.404066388167377,-.626828006132883,-.0551710034722477,-.393512325050347,-.924092943715321,-.36432525316263,-.362021799257503,.218671692673533,-.30451296019943,.447863066783399,Asian,-3,2,0,3,3,-2,-.333333333333333,-.333333333333333,3,-2.33333333333333,-.0551710034722477,-.626828006132883,-.404066388167377,-.404066388167377,-3
2587857,.4375,.369791666666667,good,1,19,2,1,2,-.544502093386076,-1.28342327200776,.368960787000822,-.763561625618719,-.399762707297301,.26316826920042,-.486321526131005,.770051055608967,-.206274079843315,-.077455449634647,Asian,-3,2,3,3,3,1,.666666666666667,-2.33333333333333,3,-1.33333333333333,.368960787000822,-1.28342327200776,-.544502093386076,-.544502093386076,-3
2587933,.119791666666667,0,good,1,19,2,1,6,-.294969455987051,.121254719446075,.22302677468636,.21484002861671,.012358921880753,-.443185242460494,.0164373460484614,-.259759996841093,.174056135494838,.0692665152977938,White,0,0,0,0,0,0,0,0,0,0,.22302677468636,.121254719446075,-.294969455987051, , 
2587967,.0677083333333333,.0364583333333333,good,1,20,2,2,6,-.486952731710655,.666607784873956,.967188790255571,-.650645951413513,.544675830910376,.340396017487513,.382281281139624,.108144728009023,.126994203735839,-.617420212884487,White,1,1,1,0,-1,0,1,-.666666666666667,0,-.333333333333333,.967188790255571,.666607784873956,-.486952731710655, , 
2587973,.0364583333333333,0,bad,-1,18,2,2,6,.644319579257716,.121622675211381,.323881548535604,-.602108278462164,-.54305027088434,-.318043694937563,.363274601001567,.0541473027710731,-.59649270953474,.1790708057621,White,1,1,1,0,1,0,1,0,-.666666666666667,-.333333333333333,-.323881548535604,-.121622675211381,-.644319579257716, , 
2587981,.120418848167539,0,bad,-1,18,1,2,6*7,.613582787012446,.523330636584741,.517779050080621,.241454190824281,-.0949004965579568,.632325207864336,.551564157892603,-.0441532065148955,-.155676364248707,-.351734587129,Hisp,0,0,1,-2,0,2,.333333333333333,-1,-.666666666666667,1.33333333333333,-.517779050080621,-.523330636584741,-.613582787012446,.523330636584741,0
2587989,.0677083333333333,0,good,1,18,2,1,5,-.456591789425719,.998589535736127,.79022620708742,-.595915034761077,-.981285425611855,-.678636920259294,.444074651132609,-.360437140411448,-.373536223649071,.28989871292791,Black,0,-1,-2,0,-2,-2,-1,2,-.666666666666667,-.333333333333333,.79022620708742,.998589535736127,-.456591789425719,.79022620708742,-2
2588154,.46875,1,good,1,22,2,1,2, , , , , , , , , , ,Asian,0,0,0,0,0,0,0,0,0,0, , , , ,0
2588220,.046875,.0208333333333333,good,1,22,2,2,3*6,.0597468452091313,-.325447487469691,-.0244077829922109,.846433922476574,-.182889621422738,-.72552814964696,-.0967028084175901,-.415504861551281,.201265818614902,.31094185135397, ,0,0,0,0,0,0,0,0,0,0,-.0244077829922109,-.325447487469691,.0597468452091313, , 
2588268,.0989583333333333,.0104166666666667,good,1,20,3,2,3*6,-.216355455256221,.186486206446088,-.0099764939552818,-.174213885460294,.0733651079547495,.46398077972941,-.0132819142551383,.150569486247872,.0385022259168922,-.175789797909626, ,1,1,1,1,2,-1,1,-.666666666666667,.666666666666667,-1,-.0099764939552818,.186486206446088,-.216355455256221, , 
2588275,.598958333333333,.9375,good,1,20,1,2,7,.342934814540911,.393918691690029,-.276226227534356, ,-.39454424879236,.398320034446763,.153542426232194, , ,.0908168139599843,Hisp,-2,1,-1,-1,2,-2,-.666666666666667,.333333333333333,1,-.666666666666667,-.276226227534356,.393918691690029,.342934814540911,.393918691690029,1
2588284,.130208333333333,0,good,1,24,2,2,2,.283431157088362,.543343348101619,.805303067505233,.422989560303259,.582928942852882,.0162509326097191,.544025857565071,-.316693991931719,.240829115355926,-.468160980989278,Asian,1,0,0,0,0,-1,.333333333333333,.333333333333333,-.333333333333333,-.333333333333333,.805303067505233,.543343348101619,.283431157088362,.283431157088362,1
2588353,.457894736842105,.368421052631579,good,1,19,2,2,6,.679608767494299,1.43483524214464,1.3526619900342,-.363775982001263,1.32350955104567,-.0875644167526718,1.15570199989105,-.386207892298683,.0933749338500358,-.8628690414424,White,1,1,1,-1,1,1,1,.333333333333333,-.333333333333333,-1,1.3526619900342,1.43483524214464,.679608767494299, , 
2588398,.192708333333333,.00520833333333333,bad,-1,21,2,2,6,.692359840012349,.608484490062451,.255681331903773,-.591680734384333,-.757631008616255,-.607833529355381,.518841887326191,-.208212428344499,-.680557194337645,.369927735355954,White,2,1,1,1,1,0,1.33333333333333,0,-1.33333333333333,0,-.255681331903773,-.608484490062451,-.692359840012349, , 
2588451,.109375,0,good,1,19,2,2,6,-.193283470873409,.697897230173733,.422389082062858,.817845918821537,.49055119067734,.54073730365266,.30900094712106,-.325001948447537,.500560193457429,-.484559192130953,White,0,0,0,0,0,0,0,0,0,0,.422389082062858,.697897230173733,-.193283470873409, , 
2588595,.0885416666666667,0,good,1,18,2,2,6,.958381953514742,-.13081449557197,.513322835991227,.6549274228854,.812428706053657,-.351045637418447,.446963431311333,-.291719521577292,.169658058474771,-.324901968208812,White,2,2,1,1,1,1,1.66666666666667,.333333333333333,-1.33333333333333,-.666666666666667,.513322835991227,-.13081449557197,.958381953514742, , 
2588621,0,0,bad,-1,18,2,1,5,1.13725439725854,.430233800017724,-.154571084166785,.253278797691576,-.580030224970468,-.162666739159983,.470972371036494,-.282059778956428,-.488001941512478,.299089349432412,Black,1,1,0,0,0,-1,.666666666666667,.333333333333333,-.333333333333333,-.666666666666667,.154571084166785,-.430233800017724,-1.13725439725854,-.154571084166785,0
2588753,.135416666666667,0,good,1,24,2,2,6,-.356726093457565,-.65221149251949,-.412112862194934,.0156536143085125,.124500996320581,.51549549102078,-.473683482723996,.384017789743919,.165626901362219,-.0759612083821422,White,0,0,0,0,0,0,0,0,0,0,-.412112862194934,-.65221149251949,-.356726093457565, , 
2588794,.03125,0,bad,-1,19,2,2,6,.933680674855712,.788940104866541,.809320523881613,-.504269237197521,-.18718895571537,-.312304840334353,.843980434534622,-.198991902667791,-.541712955922868,-.103275575943963,White,0,0,0,0,0,0,0,0,0,0,-.809320523881613,-.788940104866541,-.933680674855712, , 
2588805,.0104166666666667,0,bad,-1,18,2,1,6,-.62519032725632,.147531594736836,.677194592773455,.625048247849743,-.466516945440708,.0256374585747359,.06651195341799,-.248980794670614,.261240543221785,-.0787717019691609,White,0,0,0,0,0,0,0,0,0,0,-.677194592773455,-.147531594736836,.62519032725632, , 
2588811,.0885416666666667,0,good,1,19,1,2,.,-.616339496259699,-1.20306689673884,-.00408743111555443,.20338762892666,.690231284658986,.559536240356453,-.607831274704697,.519738502722877,.503319469948448,-.415226697966628,Hisp,2,-1,0,-3,-2,1,.333333333333333,.333333333333333,-2.33333333333333,1.66666666666667,-.00408743111555443,-1.20306689673884,-.616339496259699,-1.20306689673884,-1
2589279,.518324607329843,.774869109947644,bad,-1,19,2,2,5*6,.537606423848303,-.298370688841238,-.375856117810564,.125705375418247,-.221499541667476,-.0302650440755173,-.0455401276011665,.0474667564491579,-.21113353003251,.209206901184519, ,-3,0,0,-1,0,-3,-1,1,.666666666666667,-.666666666666667,.375856117810564,.298370688841238,-.537606423848303, , 
2589335,.0885416666666667,.00520833333333333,bad,-1,21,2,2,6,.0925024618790667,1.23465940248915,-.0302235547676196,-.13718412922766,.227100876097485,-.8478228866133,.432312769866866,-.648432719958263,-.000861905003080689,.216981855094478,White,0,0,0,0,0,0,0,0,0,0,.0302235547676196,-1.23465940248915,-.0925024618790667, , 
2589501,.119791666666667,0,bad,-1,19,1,2,6,.337835949421708,.172378331011,.0956415003692019,-.145596488746609,.680288211254912,.0174047969337884,.20195192693397,-.00312568177686753,.0656185910288651,-.264444836185967,Hisp,1,0,1,-2,1,2,.666666666666667,-1.33333333333333,-.666666666666667,1.33333333333333,-.0956415003692019,-.172378331011,-.337835949421708,.172378331011,0
7529553,.104166666666667,.0260416666666667,good,1,18,2,2,6,.155375590202042,.529590029076021,.331682438234251,-.194882382576968,-.542355988432849,-.665155826084707,.338882685837438,-.333287824194587,-.297537987070619,.291943125427768,White,1,1,0,0,0,0,.666666666666667,0,-.333333333333333,-.333333333333333,.331682438234251,.529590029076021,.155375590202042, , 
7529572,.0520833333333333,0,good,1,18,2,1,6,.5241607093027,.570505336833407,-.351065925616592,.34112643407904,.74892405650758,.343379400977295,.247866706839838,-.189417456645051,.18862992709464,-.247079177289428,White,0,0,0,0,0,0,0,0,0,0,-.351065925616592,.570505336833407,.5241607093027, , 
7529613,.0885416666666667,.00520833333333333,bad,-1,18,2,1,6,-.0529030030403865,.0320302301140699,1.34646256331367,.00434748177471592,1.07669406392831,.74982794067524,.441863263462451,.237816742928818,.377981516247805,-1.05766152263907,White,2,3,3,-1,-2,-1,2.66666666666667,-2,.333333333333333,-1,-1.34646256331367,-.0320302301140699,.0529030030403865, , 
7529614,.0416666666666667,0,bad,-1,19,2,2,6,.115372710967534,.0226338110897753,.151923466391716,.550924385649256,.340315515773627,.96224126992363,.0966433294830084,.129561024394866,.25862239681845,-.484826750696324,White,1,1,1,0,0,0,1,-.333333333333333,-.333333333333333,-.333333333333333,-.151923466391716,-.0226338110897753,-.115372710967534, , 
7529618,.119791666666667,.0104166666666667,good,1,18,2,2,6,.183204714242477,-.187529764092199,.247442543916222,-.499562414428856,-.394834850382056,-.568053808087182,.0810391646888333,.0396794568112911,-.359200659684463,.238482038184339,White,-1,2,1,-1,1,1,.666666666666667,.333333333333333,.333333333333333,-1.33333333333333,.247442543916222,-.187529764092199,.183204714242477, , 
7529623,.0677083333333333,0,bad,-1,18,2,1,6,-.254942963744549,.944446025884645,-.634536544417583,-1.10181439906946,.115649118323389,-.0870809024382684,.0183221725741711,.0234291569155142,-.243740772333839,.201989442844154,White,0,0,0,0,0,0,0,0,0,0,.634536544417583,-.944446025884645,.254942963744549, , 
7529682,.0677083333333333,.015625,good,1,18,1,1,4,-.261342430759326,.533749388019366,.436229211355666,.430780625836362,.911822098067604,.619778834206145,.236212056205235,-.114917059883194,.534648384887764,-.655943381209805,Hisp,0,0,0,0,0,0,0,0,0,0,.436229211355666,.533749388019366,-.261342430759326,.533749388019366,0
7529684,.161458333333333,.00520833333333333,good,1,19,2,2,6,-.281744819020998,.386006944632125,.40498581326096,-.818671351005269,-.190890579157194,.251916043180009,.169749312957362,.228193483184384,-.242605703713822,-.155337092427925,White,1,0,0,0,1,0,.333333333333333,.333333333333333,-.666666666666667,0,.40498581326096,.386006944632125,-.281744819020998, , 
7529699,.078125,.0104166666666667,bad,-1,20,2,2,6,.643875660647393,.147538179973912,.999457464320401,.375010345589399,.0422330128309561,-.294907651270852,.596957101647235,-.272485392278054,-.0755441007423457,-.248927608626835,White,1,1,2,1,-2,-2,1.33333333333333,-2,0,.666666666666667,-.999457464320401,-.147538179973912,-.643875660647393, , 
7529746,.161458333333333,.03125,bad,-1,18,2,2,5,.810306876131894,-.516304824917466,.930066790755476,-.810906395218673,.787143699159661,-.314660521711737,.408022947323301,.337516899474801,-.278023190730302,-.4675166560678,Black,0,1,1,0,-1,-1,.666666666666667,.333333333333333,-.333333333333333,-.666666666666667,-.930066790755476,.516304824917466,-.810306876131894,.930066790755476,1
7529760,.109375,.0104166666666667,bad,-1,18,2,2,5,-.174626536885832,.18788665882306,-.815289202301784,-.383103676272979,.573770999212423,-.0466462721180317,-.267343026788186,.0495235817772958,.121764619941759,.0960548250691311,Black,0,0,0,0,0,0,0,0,0,0,.815289202301784,-.18788665882306,.174626536885832,-.815289202301784,0
7529761,.302083333333333,.00520833333333333,bad,-1,18,2,2,6,.0517540280979069,.380927665485548,-.473269769316956,.262109632638538,-.0108174919042427,.135329983982761,-.0135293585778337,-.169235771380442,.0665127042121297,.116252425746146,White,-1,-1,0,0,-1,-1,-.666666666666667,-.666666666666667,.666666666666667,.666666666666667,.473269769316956,-.380927665485548,-.0517540280979069, , 
7529813,.104166666666667,.0104166666666667,bad,-1,18,2,1,6,-.25605069212191,.368793375426521,.591725463263018,.779522764614253,.213248027104046,.384206472492681,.234822715522543,-.254703222516031,.416273827946736,-.396393320953248,White,0,0,0,0,0,0,0,0,0,0,-.591725463263018,-.368793375426521,.25605069212191, , 
7529827,.0364583333333333,0,good,1,18,2,2,6,-.264855465888024,.508747376545638,.461491563431955,.303820008259394,-.297332343967297,-.686235965358217,.235127824696523,-.499601116721083,.0904477100600404,.17402558196452,White,0,0,0,0,0,0,0,0,0,0,.461491563431955,.508747376545638,-.264855465888024, , 
7529842,.0260416666666667,.0104166666666667,good,1,18,2,2,6,-.210396474906756,-.499339706663466,-.341124223575524,-.488944826618983,-.737927629185864,-.677442842142313,-.350286801715248,.103613897046712,-.33882532696603,.585498231634567,White,0,0,0,0,0,0,0,0,0,0,-.341124223575524,-.499339706663466,-.210396474906756, , 
7530434,.0833333333333333,0,bad,-1,18,2,1,6,-.25844320702845,1.24800724240718,-.0370879627368952,-.403804508068241,.283233181311399,.514320387144055,.317492024213945,-.109960782398294,.0459572934238691,-.25348853523952,White,1,1,0,0,0,1,.666666666666667,.333333333333333,-.333333333333333,-.666666666666667,.0370879627368952,-1.24800724240718,.25844320702845, , 
7530439,.046875,0,good,1,19,2,2,6,-.363019234786845,-.372626940750525,-.106097843686364,-.159825030724864,.290630783541594,-.353787366483068,-.280581339741245,.0595548683307737,.164608329201192,.0564181422092794,White,0,0,0,0,0,0,0,0,0,0,-.106097843686364,-.372626940750525,-.363019234786845, , 
7530446,.078125,.015625,bad,-1,18,2,1,6,.114175235153274,.103319457475672,-.554636025769193,-.141990920221201,.795619225411689,-.0452713560539,-.112380444380082,-.00219996443612371,.179817690012405,-.0652372811961986,White,0,1,0,-1,0,0,.333333333333333,0,.333333333333333,-.666666666666667,.554636025769193,-.103319457475672,-.114175235153274, , 
7530487,.09375,.0260416666666667,bad,-1,18,2,2,6,-.707050668950247,.307880509774916,.543251335880148,.327996983526068,.306172546242983,.0914733115786544,.0480270589016056,-.18146806057411,.4470733995731,-.313632397900595,White,0,1,1,0,0,0,.666666666666667,-.333333333333333,0,-.333333333333333,-.543251335880148,-.307880509774916,.707050668950247, , 
7530489,.140625,.0364583333333333,good,1,18,2,1,6,.467393037755113,.192369307327919,-.279912179005669,.447128375443635,.146079514686544,.4991462516314,.126616722025787,-.0467838103800511,.041938284125022,-.121771195770758,White,0,0,0,0,0,0,0,0,0,0,-.279912179005669,.192369307327919,.467393037755113, , 
7530491,.0833333333333333,.0260416666666667,good,1,18,2,1,6,-.123003742726605,.0946093605245364,.08565338312383,.13209282878293,-.856374661885376,.251505207924212,.0190863336405871,.00826767287224868,-.20042603012528,.173072023612444,White,0,0,0,0,0,0,0,0,0,0,.08565338312383,.0946093605245364,-.123003742726605, , 
7530497,.0989583333333333,.00520833333333333,bad,-1,18,3,2,6,-.695035407392601,-.233627612032817,-.411917967292005,-.354260630423909,-1.13013011215833,.0446436403255534,-.446860328905808,.210843960927426,-.263118445063213,.499134813041595,White,1,0,0,1,1,0,.333333333333333,.333333333333333,-1,.333333333333333,.411917967292005,.233627612032817,.695035407392601, , 
7530561,.182291666666667,.078125,good,1,18,2,2,3,.0502999617626534,.242819445982993,.812366008525023,1.07024081486292,.764294478665099,-.245021623918452,.36849513875689,-.519360628254789,.594745110588456,-.443879621090557, ,-1,-2,2,3,3,0,-.333333333333333,-1.66666666666667,2.33333333333333,-.333333333333333,.812366008525023,.242819445982993,.0502999617626534, , 
7530562,.203125,.015625,bad,-1,19,2,2,6,-.336223462304674,-.0446538340408184,.263802275115601,-.60514771185793,-.371021288463663,-.229613547014541,-.0390250070766305,.140062666294736,-.213315179338973,.112277520120868,White,0,0,0,0,0,0,0,0,0,0,-.263802275115601,.0446538340408184,.336223462304674, , 
7530565,.140625,.00520833333333333,bad,-1,18,2,2,2*6,-.630300665413751,-.00234472834375953,.258091965261147,.698245180300113,1.02489303302093,.233324490570642,-.124851142832121,-.15419198712857,.784479626244931,-.505436496284239, ,0,0,0,0,0,0,0,0,0,0,-.258091965261147,.00234472834375953,.630300665413751, , 
7530576,.0416666666666667,.00520833333333333,good,1,18,2,1,6,.296633907147167,.427587177609133,-.314390876885565,.694974362036956,.479369895739339,.122276535597075,.136610069290245,-.333428334683005,.292570116876376,-.0957518514836165,White,0,0,0,0,0,0,0,0,0,0,-.314390876885565,.427587177609133,.296633907147167, , 
7530639,.0833333333333333,0,bad,-1,18,2,1,6,.745186236248027,-.0997882948820128,.134710541491495,.743547302530402,.017293632167037,.628726104262321,.260036160952503,-.00501096779535607,.00521823281647049,-.260243425973618,White,0,0,0,0,0,0,0,0,0,0,-.134710541491495,.0997882948820128,-.745186236248027, , 
7530642,.223958333333333,.046875,bad,-1,18,2,1,6,.468973723483707,.783551088260833,.999490067550601,-.163722506899133,.444169529729024,.749880783820977,.750671626431714,.0433507341530922,-.0628422335512719,-.731180127033534,White,1,1,1,0,0,0,1,-.333333333333333,-.333333333333333,-.333333333333333,-.999490067550601,-.783551088260833,-.468973723483707, , 
7530644,.109375,0,good,1,18,3,1,6,.565506869905886,.696863875473741,.333503446585787,.351889874199614,.547746241277593,.392168912707806,.531958063988471,-.21886161232185,.11137641519044,-.424472866857062,White,0,0,0,0,0,0,0,0,0,0,.333503446585787,.696863875473741,.565506869905886, , 
7532010,.0520833333333333,0,good,1,20,3,2,6,-.593522033981643,.0750738728130465,-.937547392005025,-.256629569891064,-.428358662719684,-.366777078445648,-.485331851057874,-.0617404604558769,-.0304887328763684,.577561044390119,White,2,2,3,-2,-2,0,2.33333333333333,-1.66666666666667,.666666666666667,-1.33333333333333,-.937547392005025,.0750738728130465,-.593522033981643, , 
7532016,.291666666666667,.0833333333333333,bad,-1,20,2,2,2,.701274670499697, , , , , , , , , ,Asian,0,1,-1,-1,0,-1,0,.666666666666667,-.333333333333333,-.333333333333333, , ,-.701274670499697,.701274670499697,0
7532031,.140625,.0104166666666667,good,1,18,2,1,3,-.62183109225262,1.08002213497286,.356179878977031,1.21327988096367,-.776420117989343,-.392068442560367,.271456973899092,-.895123486165634,.352896951742316,.270769560524226, ,0,0,0,0,0,0,0,0,0,0,.356179878977031,1.08002213497286,-.62183109225262, , 
7532051,.0364583333333333,.130208333333333,good,1,18,2,1,6,-.103989467779346,-.0137336601630425,-.520190172097147,.674962992090914,.21770155110562,-.383689085571013,-.212637766679845,-.348306139166295,.332218003658627,.228725902187513,White,1,1,1,0,0,0,1,-.333333333333333,-.333333333333333,-.333333333333333,-.520190172097147,-.0137336601630425,-.103989467779346, , 
7532063,.130208333333333,.0260416666666667,good,1,18,1,2,6*7,.0935871613237607,.365449872989971,.411297971014454,-.934058975721165,.147712324008069,.116544919176978,.290111668442729,.228384673969391,-.293311271012285,-.225185071399834,Hisp,0,0,0,0,0,0,0,0,0,0,.411297971014454,.365449872989971,.0935871613237607,.365449872989971,0
7532114,.0572916666666667,0,good,1,18,2,1,2,.396342221320989,.041369113915338,.819492581536452,.972149579378818,.66583890774305,.96644206332217,.419067972257593,-.015692209990662,.413882088600293,-.817257850867224,Asian,-1,1,1,1,1,1,.333333333333333,-1,1,-.333333333333333,.819492581536452,.041369113915338,.396342221320989,.396342221320989,-1
7532126,.135416666666667,.0104166666666667,good,1,18,2,1,6,.0946084873891853,.484280934601416,-.680744712566698,-.0713837585164598,.239736127872856,.157228583221979,-.0339517635253656,-.0852228642876593,.0245812939890705,.0945933338239545,White,0,0,0,0,0,0,0,0,0,0,-.680744712566698,.484280934601416,.0946084873891853, , 
7532127,.0677083333333333,.015625,good,1,18,1,1,6,-.427471845353319,-.502888671350332,.852305934004361,-.513115061192949,.545903657338171,.747733217699276,-.0260181942330966,.587912316747519,.153420147166181,-.715314269680603,Hisp,0,0,0,0,0,0,0,0,0,0,.852305934004361,-.502888671350332,-.427471845353319,-.502888671350332,0
7532170,.0989583333333333,.03125,good,1,18,2,1,6,.410027918896975,.10339307624501,.0427267168621115,.0911240143655919,-.905001176005306,-.360448790621786,.185382570668032,-.184988627077463,-.407968360178896,.407574416588327,White,1,1,1,0,1,1,1,.333333333333333,-.666666666666667,-.666666666666667,.0427267168621115,.10339307624501,.410027918896975, , 
7532178,.130208333333333,0,good,1,18,2,2,6,-.395675991641399,-.423029214287112,.0609890008799366,-.397933150118102,-.179894136900857,-.0233779328199356,-.252572068349525,.265861477195093,-.0607170984591867,.0474276896136187,White,-1,1,1,-1,-1,0,.333333333333333,-.666666666666667,1,-.666666666666667,.0609890008799366,-.423029214287112,-.395675991641399, , 
7532179,.078125,.015625,good,1,18,2,2,6,.619782495385636,-.332964364975719,.18900084016282,-.735377842292821,.0528357811032108,-.745173666180237,.158606323524246,.107722847029434,-.434108185525082,.167779014971402,White,1,1,1,0,0,0,1,-.333333333333333,-.333333333333333,-.333333333333333,.18900084016282,-.332964364975719,.619782495385636, , 
7536011,.145833333333333,.00520833333333333,good,1,19,2,2,6,.794475791875467,1.22016117169028,1.37614809366369,.664123110725345,.890099326022624,.152333841007375,1.13026168574314,-.577316813802749,.253248881624167,-.806193753564563,White,1,2,2,-2,3,-2,1.66666666666667,-.333333333333333,-.666666666666667,-.666666666666667,1.37614809366369,1.22016117169028,.794475791875467, , 
7536020,.130208333333333,0,good,1,18,2,1,6,.918325464185959,.518647967992724,.349873518252042,.588478113932191,-.156044243275465,.180087109476373,.595615650143575,-.30901299081618,-.161963864509744,-.12463879481765,White,1,1,1,0,0,0,1,-.333333333333333,-.333333333333333,-.333333333333333,.349873518252042,.518647967992724,.918325464185959, , 
7536024,.182291666666667,.0208333333333333,good,1,18,2,2,5,-.450230937984988,.443442608910041,-.084530346020965,-1.01047694828176,.349155108804727,-.347407049668892,-.0304395583653042,.0732090965676098,-.0703636338306822,.0275940956283766,Black,0,0,0,0,0,0,0,0,0,0,-.084530346020965,.443442608910041,-.450230937984988,-.084530346020965,0
7536058,.145833333333333,0,bad,-1,19,2,1,6,.444481988937907,.85071053347556,.0538461731722147,.13192509127293,.321259493683757,-.401815310419169,.449679565195227,-.461483645055886,.0029008653395934,.00890321452106569,White,1,1,1,1,1,1,1,.333333333333333,-1,-.333333333333333,-.0538461731722147,-.85071053347556,-.444481988937907, , 
7536163,.0572916666666667,.0104166666666667,bad,-1,18,2,2,5,.475043474501629,.293778765611115,-.124861709778455,.466789141505895,.553082828184526,-.764926375765807,.214653510111429,-.508498094294272,.181609498396264,.112235085786579,Black,0,0,0,0,-1,-1,0,.666666666666667,-.333333333333333,-.333333333333333,.124861709778455,-.293778765611115,-.475043474501629,-.124861709778455,0
7536170,.15625,.0677083333333333,bad,-1,19,2,1,6,.546613350996442,.11241086787709,.82690046429088,.0153431016076962,.344886002267295,.195276160759543,.495308227721471,.0225073970915857,-.062128082373817,-.45568754243924,White,1,0,1,0,0,0,.666666666666667,-.333333333333333,-.333333333333333,0,-.82690046429088,-.11241086787709,-.546613350996442, , 
7536174,.109375,.0416666666666667,good,1,19,2,2,5,.605410245962971,-.257813313613768,.489926377534104,-.349526150550965,-.606932513206071,.417417382132849,.279174436627769,.341585615432527,-.520622969906669,-.100137082153627,Black,0,0,0,0,0,0,0,0,0,0,.489926377534104,-.257813313613768,.605410245962971,.489926377534104,0
7536225,.0625,.0104166666666667,good,1,18,2,1,6,.15089103269446,-.277344090061446,.692364104405211,.318322385014248,-.485421554094166,.439521296259553,.188637015679409,.13284766710225,-.105996733924793,-.215487948856866,White,1,1,1,0,0,0,1,-.333333333333333,-.333333333333333,-.333333333333333,.692364104405211,-.277344090061446,.15089103269446, , 
7536229,.140625,0,good,1,18,2,2,3,-.235616389047868,-.0417175574990393,-.228509470545485,-.0990909882126773,-.154590084583879,.444077256800379,-.168614472364131,.194961934170698,-.00602156124956279,-.0203259005570048, ,0,0,0,0,0,0,0,0,0,0,-.228509470545485,-.0417175574990393,-.235616389047868, , 
7536236,.09375,.0260416666666667,good,1,18,2,1,3,.285354703832199,-.929745597552781,-.280264406890772,-.191357005219802,-.377756611303108,.106285885333449,-.308218433537118,.409129496035344,-.284822773451703,.183911710953477, ,0,0,0,0,0,0,0,0,0,0,-.280264406890772,-.929745597552781,.285354703832199, , 
7536275,.0989583333333333,0,bad,-1,19,2,2,6,.218468430926751,.078537359173246,.792877283543522,-.232107182727078,-.574134703309772,.530100288676129,.363294357881173,.227890037409987,-.341570105654533,-.249614289636626,White,0,0,0,0,0,0,0,0,0,0,-.792877283543522,-.078537359173246,-.218468430926751, , 
7536335,.125,0,good,1,18,2,2,6,.969541955215803,.400948431265511,.767662888401593,.515186484417583,.686997620871891,-1.02078713087491,.712717758294302,-.645640682186002,.0775473833578905,-.144624459466191,White,1,1,1,-1,2,1,1,.666666666666667,-.666666666666667,-1,.767662888401593,.400948431265511,.969541955215803, , 
7536349,.229166666666667,.182291666666667,good,1,20,2,1,6,.0417191875402857,.0991631621981237,.858061285719289,-.486971697154107,.178858980800862,-.0830075739358662,.332981211819233,.101600320340039,-.116610634631177,-.317970897528095,White,1,1,1,-1,-1,1,1,-.333333333333333,.333333333333333,-1,.858061285719289,.0991631621981237,.0417191875402857, , 
7536359,.317708333333333,.0572916666666667,bad,-1,18,2,1,6,.474982872436093,.324318878883422,-.352282050368453,-.32057733777746,.473694078884691,.866798284310165,.149006566983687,.287685581068068,-.107288710442954,-.329403437608801,White,0,0,0,0,0,0,0,0,0,0,.352282050368453,-.324318878883422,-.474982872436093, , 
7536400,.0625,.00520833333333333,good,1,18,2,1,6,.617549147858153,-.670070026750064,.373051393594767,.14103235989339,.849073572668168,.697513594466662,.106843504900952,.408850420441112,.124185594901135,-.639879520243199,White,0,0,0,0,0,0,0,0,0,0,.373051393594767,-.670070026750064,.617549147858153, , 
7536403,.234375,.015625,bad,-1,18,2,1,2,.552795469022994,.365004390836638,.662715696594606,-.251226822090727,.0339659099135705,.300077191667403,.526838518818079,.0620998743071639,-.25668546040005,-.332252932725193,Asian,0,1,1,1,1,0,.666666666666667,-.666666666666667,.666666666666667,-.666666666666667,-.662715696594606,-.365004390836638,-.552795469022994,.552795469022994,0
7536426,.0572916666666667,0,good,1,18,2,1,6,-.506366875547961,.360634008559918,-.0172485835465713,.0203880921218432,-.553578025189849,-.0614234765131909,-.0543271501782046,-.147481859064984,-.00894101917334814,.210750028416537,White,1,1,0,0,1,0,.666666666666667,.333333333333333,-.666666666666667,-.333333333333333,-.0172485835465713,.360634008559918,-.506366875547961, , 
7536486,.0833333333333333,0,bad,-1,19,2,2,6,.454544967990572,-.0686373165052957,.381845689630273,.683807515805423,-.191231862630406,.0845909210841009,.25591778037185,-.176859759405342,.0126768950614818,-.0917349160279893,White,1,0,0,1,1,-1,.333333333333333,0,-1,.666666666666667,-.381845689630273,.0686373165052957,-.454544967990572, , 
7536503,.0625,0,bad,-1,19,2,1,6,1.00804988087964,.201517015010506,-.092031633435431,.367121820641271,-.492613809469723,.222845833927299,.37251175415157,-.115264333908159,-.377847289902696,.120599869659285,White,2,2,2,-1,-1,1,2,-.666666666666667,0,-1.33333333333333,.092031633435431,-.201517015010506,-1.00804988087964, , 
7536504,.0677083333333333,.015625,good,1,18,2,1,6,-.426418065918897,-.274425207089597,-.312854521509265,-.393101837294064,-.46993905047331,.344754954421789,-.337899264839253,.33742733293515,-.145540940616159,.146012872520262,White,1,1,1,0,0,0,1,-.333333333333333,-.333333333333333,-.333333333333333,-.312854521509265,-.274425207089597,-.426418065918897, , 
7536515,.203125,.078125,good,1,20,2,2,6,-.0564908909669896,.805832609724464,.176332228708441,.508704274447379,-.0819260838111527,-.123392951714012,.308557982488638,-.479309945295285,.161089693867739,.00966226893890786,White,0,0,0,0,0,0,0,0,0,0,.176332228708441,.805832609724464,-.0564908909669896, , 
7536603,.166666666666667,0,bad,-1,18,2,2,3,.271719266124557,.03128638367554,-.72671551518144,-.451059060844464,.0928596333093083,.454494630342696,-.141236621793781,.291422435837206,-.209972897886571,.0597870838431455, ,-2,0,0,0,2,0,-.666666666666667,-.666666666666667,1.33333333333333,0,.72671551518144,-.03128638367554,-.271719266124557, , 
7536628,.03125,0,good,1,19,2,1,6,-.100749882713279,-.370829640637838,-.432260767199587,.80336535775584,-.0507789602800782,-.406183061106931,-.301280096850234,-.279572926074978,.28444542672968,.296407596195532,White,0,0,0,0,0,0,0,0,0,0,-.432260767199587,-.370829640637838,-.100749882713279, , 
7536629,.151041666666667,.0208333333333333,good,1,18,2,1,6,.240247657717223,1.09775003589807,.749612075411841,.903656182983049,-.274992724401997,.277484320451568,.695869923009046,-.574640632809851,.129471933621276,-.250701223820471,White,0,0,0,0,0,0,0,0,0,0,.749612075411841,1.09775003589807,.240247657717223, , 
7536631,.0885416666666667,0,bad,-1,18,2,1,6,-.594670755413093,-.0581078616582428,.507110032431032,-.554845218793515,.944530724207088,.137659803380767,-.0485561948801015,.250204294610842,.328118753608889,-.529766853339629,White,1,0,1,-1,-1,1,.666666666666667,-.333333333333333,.333333333333333,-.666666666666667,-.507110032431032,.0581078616582428,.594670755413093, , 
7538449,.0572916666666667,.0104166666666667,bad,-1,18,2,1,6,.747132504490011,-.607512448783825,.512599876609689,-.0673313049000018,-.00401071479609164,.351327110938301,.217406644105292,.342056954874043,-.272824841395368,-.286638757583966,White,-1,1,1,-1,-1,0,.333333333333333,-.666666666666667,1,-.666666666666667,-.512599876609689,.607512448783825,-.747132504490011, , 
7538451,.078125,.00520833333333333,bad,-1,18,2,2,3*6,1.01973497687699,.560673675849369,.428875592829762,.94773512783606,.0314699306270836,-.0610912801767056,.669761415185375,-.523166694620712,-.0135099728046171,-.133084747760047, ,1,1,1,0,0,0,1,-.333333333333333,-.333333333333333,-.333333333333333,-.428875592829762,-.560673675849369,-1.01973497687699, , 
7538452,.0208333333333333,.03125,good,1,18,2,2,2,-.552987513475712,.721837885125859,.592262891190617,.267652276444404,.382756677955037,.186116492109462,.253704420946921,-.2677912231536,.401132155958384,-.387045353751705,Asian,-1,1,1,1,1,-1,.333333333333333,-.333333333333333,1,-1,.592262891190617,.721837885125859,-.552987513475712,-.552987513475712,-1
7538460,.151041666666667,0,bad,-1,18,3,1,6,.13996848130861,.899010728968496,.635223083640458,.405527332845911,.107521685241309,.885647486326378,.558067431305855,-.139630191829343,.124360178926203,-.542797418402715,White,0,0,0,0,0,0,0,0,0,0,-.635223083640458,-.899010728968496,-.13996848130861, , 
7538504,.0833333333333333,.015625,good,1,20,2,1,6,.0574517280592049,.328863632324865,.461949150220109,.277224027717421,-.486524058285452,-.299182111287309,.28275483686806,-.301756590443198,-.0889172528757452,.107919006450884,White,2,2,2,-1,-1,0,2,-1,0,-1,.461949150220109,.328863632324865,.0574517280592049, , 
7538514,.25,.15625,good,1,18,2,1,6,.117031717398704,-.00417499841566921,.723578974030491,.0541269696822175,.431767014517926,.317363841011026,.278811897671175,.0891372899148259,.122954088933813,-.490903276519814,White,2,2,2,-1,1,2,2,.333333333333333,-.666666666666667,-1.66666666666667,.723578974030491,-.00417499841566921,.117031717398704, , 
7538516,.046875,0,good,1,19,2,1,6,-.573597218453182,1.49558682722273,.214197706175118,-.128231306550831,.993896169352211,.510742912908971,.378729104981556,-.285537535920976,.479754027084854,-.572945596145434,White,0,0,0,0,-1,0,0,-.333333333333333,.333333333333333,0,.214197706175118,1.49558682722273,-.573597218453182, , 
7538525,.0729166666666667,.00520833333333333,good,1,21,2,1,6,.566598186517815,.517475317837398,.810081396408583,.0448687811950858,-.110163405097871,-.317304139030823,.631384966921265,-.293216079354435,-.210630936806867,-.127537950759963,White,0,0,0,0,0,0,0,0,0,0,.810081396408583,.517475317837398,.566598186517815, , 
7538594,.0677083333333333,.0208333333333333,good,1,20,2,1,2,.410337732367259,-.739293520031167,.381415725761443,.325384173636501,-.313876478032627,-.610513195492696,.0174866460325118,-.0655346163660102,-.132943345587795,.180991315921294,Asian,-1,-1,-1,1,1,-1,-1,.333333333333333,1,-.333333333333333,.381415725761443,-.739293520031167,.410337732367259,.410337732367259,-1
7538607,.0833333333333333,0,bad,-1,20,2,2,2,.269589115736249,.247819685497022,.251389743988392,-.397025826048238,-.477611274018584,.588745754806818,.256266181740554,.245983965119345,-.381408738601023,-.120841408258876,Asian,0,0,0,0,0,0,0,0,0,0,-.251389743988392,-.247819685497022,-.269589115736249,.269589115736249,0
7538624,.260416666666667,0,bad,-1,20,2,1,6,.835715129316624,.380623469694048,.628676876829517,-.288865385489433,.203165968072643,.0206147606593145,.615005158613396,-.0237144411817665,-.307138182244472,-.284152535187158,White,0,0,0,1,1,0,0,.333333333333333,-.666666666666667,.333333333333333,-.628676876829517,-.380623469694048,-.835715129316624, , 
7538664,.0208333333333333,0,good,1,19,2,1,3*6,.512911590876588,.741794648239785,.601221492379031,-.100178018084411,.121302127315882,-.277355289427782,.618642577165134,-.306323973194385,-.163929160548372,-.148389443422377, ,1,0,1,-1,0,0,.666666666666667,-.333333333333333,-.666666666666667,.333333333333333,.601221492379031,.741794648239785,.512911590876588, , 
7538678,.104166666666667,0,good,1,18,2,2,6,-.156318551850769,.787317624665701,.502969146080895,-.605711823363769,.373348816037558,-.685511119424893,.377989406298609,-.289038973575608,-.0253481518251471,-.0636022808978535,White,0,0,0,0,0,0,0,0,0,0,.502969146080895,.787317624665701,-.156318551850769, , 
7538679,.21875,0,good,1,18,2,1,6,.159518864562489,-.118076868573275,.0447647431284859,.394302464669729,.103606347440785,-.360551509284042,.0287355797058999,-.212259035126832,.112796649182675,.0707268062382569,White,0,0,0,0,0,0,0,0,0,0,.0447647431284859,-.118076868573275,.159518864562489, , 
7538738,.0520833333333333,.0104166666666667,bad,-1,18,2,2,6,.116543761812158,.524579954041767,-.433530075665664,.214002623965246,-.607389060287806,-.445266471432592,.0691978800627534,-.394616349813202,-.169976732711573,.495395202462021,White,0,0,0,0,0,0,0,0,0,0,.433530075665664,-.524579954041767,-.116543761812158, , 
7538739,.15625,.0520833333333333,bad,-1,20,2,1,6,.274284140921682,.753458354479426,.750308552392268,-.251742144405186,.0378517915272914,-.0442752750741019,.592683682597792,-.181997161716114,-.162724831266525,-.247961689615153,White,2,1,1,-1,0,1,1.33333333333333,0,-.333333333333333,-1,-.750308552392268,-.753458354479426,-.274284140921682, , 
7538752,.078125,0,good,1,19,2,1,6,-.323459273853751,-.48964592242883,-.315745599176448,-.446705760815823,.223564612613313,-.374188817839188,-.376283598486343,.187387621801822,.0334393752170805,.155456601467441,White,0,0,0,0,0,0,0,0,0,0,-.315745599176448,-.48964592242883,-.323459273853751, , 
7538753,.0625,0,bad,-1,19,2,1,5,-.78569098078954,.0380067024837934,.0742997479252334,-.418616545235144,-.765332935102791,.0222147795635714,-.224461510126838,.134274874104974,-.132752833182798,.222939469204662,Black,1,-1,-1,-1,-1,0,-.333333333333333,.666666666666667,-1,.666666666666667,-.0742997479252334,-.0380067024837934,.78569098078954,.0742997479252334,-1
7538843,.197916666666667,.03125,good,1,19,2,2,2,.25493695243635,.717220901307477,.370072025422675,.529532220423708,.37784278184095,.667673249681286,.447409959722167,-.193026624016633,.217479349942769,-.471862685648304,Asian,-2,1,2,2,3,1,.333333333333333,-2,2.33333333333333,-.666666666666667,.370072025422675,.717220901307477,.25493695243635,.25493695243635,-2
7538845,.166666666666667,0,bad,-1,19,2,2,6,.319614200240735,.169408345689142,.467598968206575,-.166079611512308,.321372931425659,.436241636105585,.318873838045484,.144304300642917,-.0547736267757949,-.408404511912606,White,3,1,3,2,1,-1,2.33333333333333,-1,-2,.666666666666667,-.467598968206575,-.169408345689142,-.319614200240735, , 
7538947,.0364583333333333,0,good,1,18,2,1,6,.621096173029099,-.866921199623348,.498334970173045,.249774855205953,-.346263307358636,.331647270725289,.0841699811929321,.316264538380895,-.239194875060594,-.161239644513233,White,0,0,0,0,0,0,0,0,0,0,.498334970173045,-.866921199623348,.621096173029099, , 
7538965,.0989583333333333,0,bad,-1,18,3,1,2,.308708517110033,-.273223016671804,.481756945585204,-.293268836211735,-.443289243781643,.151279728122497,.172414148674478,.239257193668679,-.34842219903447,-.0632491433086861,Asian,-2,1,1,2,2,0,0,-1,2,-1,-.481756945585204,.273223016671804,-.308708517110033,.308708517110033,-2
7538974,.0677083333333333,.015625,good,1,18,2,1,6,.686213675046648,-.270186431425588,-.430263078890117,-.832091157939313,-.299577157851925,.444169360428925,-.00474527842301901,.515482316597942,-.605960663612629,.0952236254377056,White,0,0,0,0,0,0,0,0,0,0,-.430263078890117,-.270186431425588,.686213675046648, , 
7539017,.0625,0,bad,-1,18,2,1,6,-.233446908947352,1.06532217597307,.582661142173309,.400286731807818,.21902090636937,-.523094747466435,.471512136399676,-.662901218415774,.28425151570818,-.0928624336920813,White,1,0,0,0,0,0,.333333333333333,0,-.333333333333333,0,-.582661142173309,-1.06532217597307,.233446908947352, , 
7539024,.255208333333333,.00520833333333333,bad,-1,18,2,1,5,-1.01541671716137,-.568347513482542,-.363987694695171,.523214532265359,-.23602504076504,-.114824079939199,-.649250641779694,-.023230366240672,.434202069553896,.23827893846647,Black,-1,1,-1,1,0,-1,-.333333333333333,.666666666666667,.666666666666667,-1,.363987694695171,.568347513482542,1.01541671716137,-.363987694695171,-1
7539037,.119791666666667,0,bad,-1,18,2,2,6,.425922908274873,.942507554230389,.239433906398405,.305273932900493,.649357560421987,-.0985975040204115,.535954789634556,-.448792997050431,.176236195015869,-.263397987599994,White,2,2,1,-1,-1,1,1.66666666666667,-.333333333333333,0,-1.33333333333333,-.239433906398405,-.942507554230389,-.425922908274873, , 
7539050,.114583333333333,0,good,1,19,2,1,6,.886993769924035,.272769074579642,.170099903294956,.0281042596668498,.246010225404533,-.41718250670254,.443287582599544,-.239351946983011,-.204293094950884,.000357459334350478,White,1,1,1,0,0,0,1,-.333333333333333,-.333333333333333,-.333333333333333,.170099903294956,.272769074579642,.886993769924035, , 
7539120,.0833333333333333,0,good,1,18,2,1,6,.107340903457304,-1.03906699037895,-.164739170781879,-.142208449456368,-.211526686457079,-.470419449445034,-.365488419234509,.236951996796762,-.153692013123583,.282228435561331,White,0,0,0,0,0,0,0,0,0,0,-.164739170781879,-1.03906699037895,.107340903457304, , 
7539125,.0572916666666667,0,bad,-1,18,2,1,6,.769245559445601,.181332503843948,-.412034320721114,-.967220987982324,-.250333666558291,-.0102291441848596,.179514580856145,.258553113317839,-.662266737995405,.224199043821422,White,0,0,0,0,0,0,0,0,0,0,.412034320721114,-.181332503843948,-.769245559445601, , 
7539130,.0677083333333333,0,good,1,20,2,2,7,-.0126030039529085,-.280490228779725,-.353815113279011,-.439438826683903,.277774804621959,.257107532802419,-.215636115337215,.325678862755349,-.0496870060363452,-.0603557413817889, ,0,0,0,0,0,0,0,0,0,0,-.353815113279011,-.280490228779725,-.0126030039529085, , 
7539214,.119791666666667,.00520833333333333,good,1,19,2,2,6,.828175011347028,.568377012450453,-.248450905964657,.874005523555406,-.899323426619832,.313473983788625,.382700372610941,-.376302850739078,-.284497638137151,.278100116265288,White,0,0,0,0,0,0,0,0,0,0,-.248450905964657,.568377012450453,.828175011347028, , 
7539216,.0520833333333333,0,good,1,21,2,1,6,-.398316852927409,.600696759318411,-.185934302945758,-.204776115416688,-.884197828101071,-.461011970528249,.00548186781508139,-.285644204809991,-.230219030196783,.510381367191693,White,1,0,0,0,2,0,.333333333333333,.666666666666667,-1,0,-.185934302945758,.600696759318411,-.398316852927409, , 
7539228,.140625,.015625,good,1,19,1,2,6,-.137811085867672,-.532668459862155,-.57766914590502,.404187187518327,.288185183348283,-.0139389124069658,-.416049563878283,.0381807866456209,.276727818911428,.101140958321234,Hisp,0,0,0,0,0,0,0,0,0,0,-.57766914590502,-.532668459862155,-.137811085867672,-.532668459862155,0
7540801,.0677083333333333,0,good,1,20,2,1,6,.746935394997562,.964419587140185,.843574551487262,.455461859346593,.147042866052379,1.05446624294504,.851643177875003,-.121805067847245,-.0481435565328633,-.681694553494895,White,2,2,2,-2,-1,1,2,-.666666666666667,.333333333333333,-1.66666666666667,.843574551487262,.964419587140185,.746935394997562, , 
7540803,.0416666666666667,0,bad,-1,18,2,1,6,.479960731983544,.0746687636534361,.345727388206017,-.636285778658984,-.904554627940293,-.24987683080034,.300118961280999,.103913394735069,-.673600379527607,.269568023511539,White,1,1,1,0,-1,-1,1,-1,0,0,-.345727388206017,-.0746687636534361,-.479960731983544, , 
7540822,.0677083333333333,0,good,1,19,2,2,6,.24979321774978,1.02973382693724,.86048766072381,.975243240195045,.465002851182686,-.0503163495459185,.713338235136943,-.685097805559401,.39681762454265,-.425058054120192,White,2,2,2,0,1,2,2,.333333333333333,-1,-1.33333333333333,.86048766072381,1.02973382693724,.24979321774978, , 
7540830,.03125,0,good,1,19,1,2,7,-.544763532433531,-.649109957338669,-.0223988321113678,.34312323012736,-.863453563950484,.1677561967971,-.405424107294522,.157914308002803,.00814439953680246,.239365399754917,Hisp,1,2,0,-3,0,-2,1,.666666666666667,-1.33333333333333,-.333333333333333,-.0223988321113678,-.649109957338669,-.544763532433531,-.649109957338669,2
7540857,.130208333333333,0,bad,-1,20,3,1,2,.710923650700574,.354512119264129,1.05687375990502,-.669346221711503,.520898088187131,.323436662851403,.707436509956575,.212756921766259,-.286457261408315,-.633736170314519,Asian,1,1,0,1,0,0,.666666666666667,0,0,-.666666666666667,-1.05687375990502,-.354512119264129,-.710923650700574,.710923650700574,1
7540867,.109375,0,bad,-1,18,2,1,6,.74236315005398,.780710389442374,-.0715181757961129,-.421582305995304,-.507034758639301,.36966443260707,.48385178790008,.00351211638666663,-.556993404896195,.0696295006094482,White,1,0,0,0,1,0,.333333333333333,.333333333333333,-.666666666666667,0,.0715181757961129,-.780710389442374,-.74236315005398, , 
7540884,.145833333333333,0,bad,-1,19,3,2,6,.754228762387982,.914190388922186,.999822149150989,-.610189208559066,-.234091253204999,-.0447096800607244,.889413766820386,-.116236953474615,-.532836408050682,-.240340405295089,White,0,0,0,0,0,0,0,0,0,0,-.999822149150989,-.914190388922186,-.754228762387982, , 
7540991,.046875,0,bad,-1,18,2,1,6,.711866223363071,.635026939424255,.444961515340329,-.295386758699405,-.169329693061904,.41420315649102,.597284892709218,.0248543252553897,-.39219422504146,-.229944992923148,White,2,0,0,1,1,0,.666666666666667,.333333333333333,-1.33333333333333,.333333333333333,-.444961515340329,-.635026939424255,-.711866223363071, , 
7541043,.0677083333333333,.0260416666666667,good,1,18,2,1,5,.686859240216633,.210180630875732,.221244568973288,-.656912230034756,-.271550443517974,.508418038374719,.372761480021884,.318383212511248,-.538440637923121,-.152704054610011,Black,0,0,0,0,0,0,0,0,0,0,.221244568973288,.210180630875732,.686859240216633,.221244568973288,0
7541082,.0520833333333333,.00520833333333333,bad,-1,18,2,1,6,-.0574784587173491,.481218024178076,.261043238929287,.709681117210154,-.296287371403085,-.046309500956884,.228260934796672,-.412402880781705,.156957401508139,.027184544476894,White,0,0,0,0,0,0,0,0,0,0,-.261043238929287,-.481218024178076,.0574784587173491, , 
7541106,.0520833333333333,0,bad,-1,18,1,2,6,.545077915068673,-.260939676736405,.783636706126211,-.504360259510398,-.0817951739961221,1.01951706224408,.35592498148616,.594938999496963,-.377077782858398,-.573786198124724,Hisp,1,1,1,-1,-1,0,1,0,-1,0,-.783636706126211,.260939676736405,-.545077915068673,-.260939676736405,1
7541120,.276041666666667,0,bad,-1,20,2,2,6,.663190184724747,.196085626361187,-.293411849569388,.0788590201859274,.0847362195388128,-.221305531512784,.188621320505515,-.165416726019966,-.166531648333335,.143327053847786,White,0,0,0,0,0,0,0,0,0,0,.293411849569388,-.196085626361187,-.663190184724747, , 
7541121,.0989583333333333,.015625,bad,-1,18,2,1,6,-.999728600584044,-.75971035801511,.492445749478106,.57293409120437,-.502101789770401,-.424156833319295,-.422331069707016,-.0791268555028518,.356853634006005,.144604291203863,White,1,1,1,-1,0,0,1,-.333333333333333,0,-.666666666666667,-.492445749478106,.75971035801511,.999728600584044, , 
7541500,.109375,0,bad,-1,20,2,1,6,.656636129149444,.232067298037092,-.538550386347814,-.36213897129732,.769966775207008,.848206026524189,.116717680279574,.326092566594806,-.082936108413252,-.359874138461128,White,1,1,1,1,0,0,1,-.333333333333333,-.666666666666667,0,.538550386347814,-.232067298037092,-.656636129149444, , 
7541502,.109375,.0104166666666667,good,1,18,2,1,6,-.0669270650076647,.336280501713553,.776256047784056,-.4385962920518,-.245712700558856,.1988281664747,.348536494829981,.100381318937649,-.205793975867664,-.243123837899967,White,0,0,0,0,0,0,0,0,0,0,.776256047784056,.336280501713553,-.0669270650076647, , 
7541511,.0677083333333333,.0260416666666667,bad,-1,18,2,2,2,.514678884847148,.790189989150481,.571232104144076,-.292330818192444,-.408397929399883,-.0300864833871567,.625366992713902,-.175981884781731,-.405135877479825,-.0442492304523451,Asian,-1,0,1,1,2,1,0,-1.33333333333333,1.33333333333333,0,-.571232104144076,-.790189989150481,-.514678884847148,.514678884847148,-1
7541519,.03125,0,good,1,18,2,2,6,.246636024422715,.855243017380486,.56374343405847,-.0633390356998925,-.89506240055715,-1.04987383957898,.55520749195389,-.613925940419859,-.401679153559919,.460397602025888,White,2,0,0,1,1,0,.666666666666667,.333333333333333,-1.33333333333333,.333333333333333,.56374343405847,.855243017380486,.246636024422715, , 
7541543,.0989583333333333,0,bad,-1,18,2,1,5,.211811745744002,.457656439602104,-.515670630200741,.460794418704058,.628556355058449,-.448739905459669,.0512658517151216,-.45573025458861,.292513009339502,.111951393533987,Black,0,0,0,0,0,0,0,0,0,0,.515670630200741,-.457656439602104,-.211811745744002,-.515670630200741,0
7541562,.104166666666667,.078125,bad,-1,19,2,2,6,.458184264927362,.630374331961038,.360317946700576,.196409072958163,.734626985329604,1.01961282477282,.482958847862992,.0642764732845405,.157617264453468,-.704852585601001,White,0,0,0,1,1,0,0,.333333333333333,-.666666666666667,.333333333333333,-.360317946700576,-.630374331961038,-.458184264927362, , 
7541581,.0989583333333333,.00520833333333333,good,1,19,3,2,2,-.63990254010323,-.681113521943808,.103576208823041,-.0051303395302065,.500101160425145,-.583278715637938,-.405813284407999,.0343217152786923,.378291120332723,-.00679955120341592,Asian,-1,0,1,0,1,0,0,-.666666666666667,.666666666666667,0,.103576208823041,-.681113521943808,-.63990254010323,-.63990254010323,-1
7541612,.0677083333333333,.00520833333333333,bad,-1,19,2,1,6,.8486486195063,-.619325332592478,1.13568067528052,-.0552506717963145,.150218794467423,-.661322348089323,.455001320731446,.00441788543315639,-.251226832278397,-.208192373886205,White,0,0,0,0,0,0,0,0,0,0,-1.13568067528052,.619325332592478,-.8486486195063, , 
7541631,.114583333333333,.015625,good,1,18,3,1,6,.43381883711963,-.0991952028673975,-.246160763957113,-.212896956302363,.666403086626269,.898638671785206,.0294876234317065,.403576943651655,.00656243106809183,-.439626998151454,White,2,-2,2,2,0,-1,.666666666666667,-1,-1.33333333333333,1.66666666666667,-.246160763957113,-.0991952028673975,.43381883711963, , 
7541633,.078125,0,good,1,18,2,1,6,-.135226629423975,.248641397784677,-.0184442791039726,.360850669410734,-.214516146348005,-.353870557437089,.0316568297522433,-.3211208748775,.093853717495568,.195610327629689,White,1,1,0,0,0,0,.666666666666667,0,-.333333333333333,-.333333333333333,-.0184442791039726,.248641397784677,-.135226629423975, , 
7543158,.119791666666667,.00520833333333333,bad,-1,19,2,2,6,.544698692288722,.713920348747527,.0969861562302753,.232686087270637,.383140742357215,.330854597679908,.451868399088842,-.205250612779419,.0237093791130435,-.270327165422466,White,0,0,0,0,0,0,0,0,0,0,-.0969861562302753,-.713920348747527,-.544698692288722, , 
7543173,.125,.0104166666666667,bad,-1,18,2,1,6,-.438261261619783,-.0248011615232477,-.516901372609707,-.611584003191916,.0316477837204956,.314994901681985,-.326654598584246,.317126688799049,-.0472249859505457,.0567528957357422,White,0,0,0,0,0,0,0,0,0,0,.516901372609707,.0248011615232477,.438261261619783, , 
7543175,.0625,0,bad,-1,18,2,1,6,-.358418967988157,.523949467862953,.327384027067835,.494376881722694,.426402601908972,.275418713074472,.16430484231421,-.247635878837058,.426399483873274,-.343068447350426,White,1,1,1,0,0,0,1,-.333333333333333,-.333333333333333,-.333333333333333,-.327384027067835,-.523949467862953,.358418967988157, , 
7543180,.0520833333333333,0,bad,-1,18,1,1,6,.48990997022187,.701304298074179,-.419203359386786,-.26279490455209,.74592583443391,-.375865145034877,.257336969636421,-.271458179518989,-.00225968011335024,.0163808899959177,Hisp,1,0,2,-1,1,0,1,-1,-.333333333333333,.333333333333333,.419203359386786,-.701304298074179,-.48990997022187,.701304298074179,0
7543207,.40625,.151041666666667,good,1,19,2,1,6,.0133338898590243,-.497956351098449,.191876980263823,-.03035396480646,.506124820935945,-1.2348298604768,-.0975818269918673,-.235506514857297,.154145655423487,.178942686425678,White,0,0,0,0,0,0,0,0,0,0,.191876980263823,-.497956351098449,.0133338898590243, , 
7543220,.171875,0,bad,-1,18,2,1,6,.0723690098730988,.484502217226145,-.414846456370042,-.671833892023685,.0340836188359019,.562419048650655,.047341590243067,.249916907816065,-.236706427686961,-.0605520703721717,White,0,0,0,0,0,0,0,0,0,0,.414846456370042,-.484502217226145,-.0723690098730988, , 
7543266,.114583333333333,.00520833333333333,bad,-1,18,2,1,2,.123297281829167,.574607989851849,.695625073782295,.0401217693290816,.387263021025879,.00893362753239311,.464510115154437,-.201932043882846,.101362502841931,-.363940574113522,Asian,1,0,0,0,0,0,.333333333333333,0,-.333333333333333,0,-.695625073782295,-.574607989851849,-.123297281829167,.123297281829167,1
7543298,.0989583333333333,.0260416666666667,good,1,18,2,2,2,-.0534064353463446,.294238131200527,-.61215532079877,.574418925328388,.756888077783011,-.232766385066036,-.123774541648196,-.367141147198317,.461571146152581,.0293445426939316,Asian,0,0,1,1,1,0,.333333333333333,-.666666666666667,.666666666666667,-.333333333333333,-.61215532079877,.294238131200527,-.0534064353463446,-.0534064353463446,0
7543311,.0572916666666667,.00520833333333333,good,1,18,2,2,6,.00936087781247572,.837215554252047,.503503032935902,-.642562759093138,.712094169355188,.366987811639146,.450026488333475,.0574450054934122,.0200568441498581,-.527528337976745,White,0,0,0,0,0,0,0,0,0,0,.503503032935902,.837215554252047,.00936087781247572, , 
7543315,.265625,.145833333333333,good,1,20,2,1,5,.183959764783086,-.11239426982796,-.970402696957835,-.077825094629912,.0674230732509659,-.357825032469523,-.29961240066757,-.0558685560038837,-.0647872620540107,.420268218725464,Black,-1,1,-3,-1,-3,-3,-1,3,-1,-1,-.970402696957835,-.11239426982796,.183959764783086,-.970402696957835,-3
7543409,.145833333333333,.00520833333333333,good,1,18,2,1,6,-.0533339713111568,-.0665944954820304,.872052165420567,-.50506902557601,-.0862631295595875,.360681796764587,.25070789954246,.310781772607542,-.17933272794148,-.382156944208522,White,0,0,0,0,0,0,0,0,0,0,.872052165420567,-.0665944954820304,-.0533339713111568, , 
7543413,.078125,.015625,bad,-1,22,2,2,6,.906604229041767,-.046719155783062,1.07990343357355,.982389702546216,-.502315434112427,-.0560314280275397,.646596168944085,-.330567324930231,-.142176653535993,-.173852190477861,White,2,2,2,2,0,0,2,-.666666666666667,-1.33333333333333,0,-1.07990343357355,.046719155783062,-.906604229041767, , 
7543424,.03125,.0104166666666667,bad,-1,20,2,1,6,.204108451221588,.972331773257027,.214236104923535,.560588647031532,-.378560541613768,.00269065542125718,.463558776467383,-.510076588289101,-.00736011526794159,.0538779270896586,White,-1,-1,-1,-1,-1,0,-1,0,1,0,-.214236104923535,-.972331773257027,-.204108451221588, , 
7543492,.140625,0,bad,-1,18,2,1,6,.361087458738894,.113994641905359,.861718655929905,-.0316070065246101,-.0947826056056021,.0247249784776741,.445600252191386,-.0192208856343581,-.162492356956369,-.263887009600659,White,0,0,0,0,0,0,0,0,0,0,-.861718655929905,-.113994641905359,-.361087458738894, , 
7543502,.119791666666667,0,good,1,18,1,1,6*7,.150330385107503,-.433238623687184,.104386981713906,-.110556328382194,-.440562575173368,-.458698017121867,-.0595070856219251,.0283656449825037,-.233816429554355,.264957870193776,Hisp,0,3,1,1,0,-1,1.33333333333333,0,.333333333333333,-1.66666666666667,.104386981713906,-.433238623687184,.150330385107503,-.433238623687184,3
7543504,.109375,0,good,1,19,2,1,3,.803322752863953,-.100487062405786,-.47535958057526,.149950697421897,.879760181876233,-.404502857521677,.0758253699609691,-.151322164179263,.0754627088113922,3.4085406901511E-05, ,1,1,0,1,-1,-1,.666666666666667,.666666666666667,-.333333333333333,-1,-.47535958057526,-.100487062405786,.803322752863953, , 
7543517,.0989583333333333,.0104166666666667,good,1,20,2,1,6,.342208433524671,.271194546700926,.987126561087619,.453167608763783,.60178665239481,-.77292819201683,.533509847104405,-.499096782493846,.237581942544641,-.2719950071552,White,0,0,0,0,0,0,0,0,0,0,.987126561087619,.271194546700926,.342208433524671, , 
7543557,.0572916666666667,.015625,good,1,18,2,1,6,.489532298737185,.434726523387157,.788385971087418,-.125926329175508,.789486637781261,-.69980456671685,.570881597737253,-.336201586976166,.058009336622856,-.292689347383943,White,2,0,0,1,2,0,.666666666666667,.666666666666667,-1.66666666666667,.333333333333333,.788385971087418,.434726523387157,.489532298737185, , 
7543559,.0625,0,good,1,18,2,1,6,-.234710752408787,-.187216598094644,-.76406433117565,-.0154141259584844,.47362127837629,-.00721077999488344,-.395330560559694,.0651399813527484,.230972634942197,.099217944264748,White,0,0,0,0,0,0,0,0,0,0,-.76406433117565,-.187216598094644,-.234710752408787, , 
7543565,.114583333333333,0,bad,-1,18,2,2,3,.827405603169778,1.04564796406744,-.149997878388566,-.289104654082348,.32343470877923,-.144018017085992,.574351896282883,-.300187109023694,-.264358516157632,-.00980627110155734, ,2,1,1,-2,-1,0,1.33333333333333,0,-1.66666666666667,.333333333333333,.149997878388566,-1.04564796406744,-.827405603169778, , 
7543599,.260416666666667,.0208333333333333,bad,-1,19,2,1,2,-.173861779195196,.500739535502917,.160734924013794,-.0744208415353479,.499756225845557,.951436016448267,.162537560107172,.175039107493566,.199732387835135,-.537309055435873,Asian,-1,-1,0,1,1,-1,-.666666666666667,0,1,-.333333333333333,-.160734924013794,-.500739535502917,.173861779195196,-.173861779195196,-1
7544985,.104166666666667,.0364583333333333,good,1,18,2,2,3,-.0941090100431134,.130107030296744,-.0125631410813676,-.123145044615955,.331308883689705,.165214734296602,.00781162639075438,.0527509162052709,.100757616372288,-.161320158968313, ,2,0,0,-1,-1,0,.666666666666667,.333333333333333,-1.33333333333333,.333333333333333,-.0125631410813676,.130107030296744,-.0941090100431134, , 
7544989,.0364583333333333,0,good,1,18,2,2,3,.544339933375127,-.16567842237429,-.229357819674882,-.425914068457377,-.682644788692497,-.268969652961849,.0497678971086517,.107540945956606,-.550966263508333,.393657420443076, ,0,0,0,0,0,0,0,0,0,0,-.229357819674882,-.16567842237429,.544339933375127, , 
7544993,.0572916666666667,0,good,1,18,2,1,2*6,-.299151474113051,.375423870367043,.601104872545578,.0609720401171414,-.582344725343732,.739368113271574,.22579242293319,.100990734262463,-.0740737370378465,-.252709420157807, ,1,1,2,0,0,0,1.33333333333333,-.666666666666667,-.333333333333333,-.333333333333333,.601104872545578,.375423870367043,-.299151474113051, , 
7545006,.0729166666666667,.00520833333333333,bad,-1,17,2,1,5,.431380000016969,-.386526564743892,.175305123501179,.354721956506868,-.239369602075332,.577731398537786,.0733861862580852,.203178668924937,-.105342548528478,-.171222306654544,Black,0,0,0,0,0,0,0,0,0,0,-.175305123501179,.386526564743892,-.431380000016969,.175305123501179,0
7545027,.114583333333333,.0104166666666667,good,1,18,2,2,6,-.64435901692475,-.26909238122683,.0537492678159733,.583114749976946,-.225756927687094,.241732298452219,-.286567376778536,-.0240966900992988,.333905613071534,-.0232415461936994,White,1,1,1,0,0,0,1,-.333333333333333,-.333333333333333,-.333333333333333,.0537492678159733,-.26909238122683,-.64435901692475, , 
7545032,.473958333333333,.151041666666667,bad,-1,19,2,1,7,.773981596288356,.0660409431043806,-1.07968889840934,.557771602402911,.351197047908487,.0823547815935324,-.0798887863388663,-.180485921304587,.0449956846743474,.215379022969105, ,0,0,0,0,0,0,0,0,0,0,1.07968889840934,-.0660409431043806,-.773981596288356, , 
7545046,.161458333333333,.00520833333333333,bad,-1,19,2,2,2,-.812136596713581,1.11137795749765,1.04601692310739,.587648799127188,-.260685562280706,-.172117498238363,.448419427963821,-.623714751621067,.379699944520021,-.204404620862775,Asian,-2,-2,1,2,3,2,-1,-2,2.33333333333333,.666666666666667,-1.04601692310739,-1.11137795749765,.812136596713581,-.812136596713581,-2
7545097,.046875,.00520833333333333,good,1,18,2,1,6,-.20910312579098,.134926939170796,.00828247947274782,-.66052782288303,-.393391984582072,.0346528722531853,-.0219645690491455,.186751251988473,-.281605560558041,.116818877618713,White,1,0,0,1,1,0,.333333333333333,.333333333333333,-1,.333333333333333,.00828247947274782,.134926939170796,-.20910312579098, , 
7545099,.0729166666666667,.0104166666666667,good,1,18,2,1,2,.454357829805021,-.23382900959096,-.899238286018243,-.128062947001458,.338794243891346,.585767319713917,-.226236488601394,.315886425435445,-.081208844305044,-.00844109252900679,Asian,0,0,0,0,0,0,0,0,0,0,-.899238286018243,-.23382900959096,.454357829805021,.454357829805021,0
7545105,.114583333333333,.046875,good,1,20,1,1,2,-.421079916497571,.275788449152645,.695246880899935,.423743854904835,.805049865447434,.440516710333307,.183318471185003,-.0863385312413909,.549957878949947,-.646937818893559,Hisp,0,1,0,2,0,0,.333333333333333,0,.666666666666667,-1,.695246880899935,.275788449152645,-.421079916497571,.275788449152645,1
7545106,.130208333333333,.0104166666666667,good,1,19,2,1,2,.580036934176254,-.369425841753302,.962953606825826,.0647379612637146,.172523255177016,.0935538459233126,.391188233082926,.132747242137633,-.114258572578508,-.409676902642052,Asian,0,0,0,0,0,0,0,0,0,0,.962953606825826,-.369425841753302,.580036934176254,.580036934176254,0
7549290,.125,0,bad,-1,18,2,2,6,.440234754311606,.192398584858361,.800784813350805,-.681381577059345,-.297195519274487,.750995543975906,.477806050840257,.41332617872563,-.472937283548479,-.418194946017408,White,1,1,1,1,1,0,1,0,-1,0,-.800784813350805,-.192398584858361,-.440234754311606, , 
7549293,.078125,.00520833333333333,good,1,18,2,2,1,.49491701729443,.768576497904593,.832368628057728,-.173225197394194,-.426751064008637,-.528383636181665,.698620714418917,-.374578312230688,-.364964426232421,.0409220240441914, ,1,1,1,0,0,0,1,-.333333333333333,-.333333333333333,-.333333333333333,.832368628057728,.768576497904593,.49491701729443, , 
7549308,.145833333333333,.03125,bad,-1,21,2,1,2,-.265094787699397,.25229884445211,.365784393695643,-.512769711658385,-.533299017853595,.757660211037591,.117662816816119,.339377026081289,-.260324647270861,-.196715195626546,Asian,-1,1,2,2,2,1,.666666666666667,-1.66666666666667,1.66666666666667,-.666666666666667,-.365784393695643,-.25229884445211,.265094787699397,-.265094787699397,-1
7549313,.0833333333333333,0,good,1,19,2,2,6,.908879078983918,.938123701565109,1.13924836928135,.280122799952384,-.0809102477572672,-.127483365850336,.995417049943459,-.448576622455943,-.236555508929601,-.310284918557915,White,0,0,0,0,0,1,0,.333333333333333,0,-.333333333333333,1.13924836928135,.938123701565109,.908879078983918, , 
7562895,.0885416666666667,.0104166666666667,bad,-1,20,3,2,6,.242426167678735,-.374400181501379,.953923535981363,.493822050223942,.904891914175451,1.12890968401996,.273983174052906,.336495938432464,.385429265573553,-.995908378058923,White,2,0,0,1,2,2,.666666666666667,1.33333333333333,-1.66666666666667,-.333333333333333,-.953923535981363,.374400181501379,-.242426167678735, , 
7562914,.0833333333333333,.00520833333333333,bad,-1,20,2,1,6,.414529081397413,.189809412608734,-.348737238482641,.195233663082533,.0597526297377107,.918466316004537,.0852004185078355,.17780774677109,-.053180929525723,-.209827235753202,White,0,0,0,0,0,0,0,0,0,0,.348737238482641,-.189809412608734,-.414529081397413, , 
7562915,.0729166666666667,0,good,1,18,2,1,2,-.410018117052228,-.202532437834962,.0721592127235939,.530720895664219,.41587937766472,-.614643154807971,-.180130447387865,-.314277204212409,.452206130127056,.0422015214732191,Asian,-1,0,1,1,1,0,0,-.666666666666667,1,-.333333333333333,.0721592127235939,-.202532437834962,-.410018117052228,-.410018117052228,-1
7562932,.0416666666666667,0,good,1,20,1,2,7,-.262327652217309,-.107275035501116,-.832699675880737,-.589252618136562,-.823156096296426,-.230146144494705,-.400767454533054,.155460503047658,-.383360354071893,.628667305557289,Hisp,1,-1,0,-1,-1,0,0,.333333333333333,-1,.666666666666667,-.832699675880737,-.107275035501116,-.262327652217309,-.107275035501116,-1
7562970,.151041666666667,.0625,bad,-1,18,1,2,6,.356595481485572,-.540802815548837,.772180063635131,.0143914907516103,-.310197004488648,-.0669800051181363,.195990909857289,.153143773226364,-.217466998407536,-.131667684676116,Hisp,0,0,0,0,0,0,0,0,0,0,-.772180063635131,.540802815548837,-.356595481485572,-.540802815548837,0
7562972,.0989583333333333,0,good,1,18,2,1,6,-.370356373164878,-.0899554210142884,.533312894070858,.72468544906695,-.00171474610307941,-.823069268577337,.0243336999638974,-.485933098876666,.364442358709583,.097157040203186,White,1,1,1,0,0,0,1,-.333333333333333,-.333333333333333,-.333333333333333,.533312894070858,-.0899554210142884,-.370356373164878, , 
7562983,.114583333333333,.00520833333333333,bad,-1,19,2,1,6,-.168155590320803,.852252185074348,.285777147833863,.193132478438694,.420676051216505,.429229784683309,.323291247529136,-.205384959609911,.260654706658667,-.378560994577893,White,0,0,0,0,0,0,0,0,0,0,-.285777147833863,-.852252185074348,.168155590320803, , 
7563041,.0260416666666667,0,good,1,20,1,1,7,.363957773269575,-1.03278374013805,-1.06515822110968,-.552970210165111,-.500526185739525,.90135161077509,-.577994729326049,.829035187026082,-.47248472305807,.221444265358037,Hisp,0,0,0,0,0,0,0,0,0,0,-1.06515822110968,-1.03278374013805,.363957773269575,-1.03278374013805,0
7563046,.0833333333333333,.0520833333333333,good,1,18,2,1,6,.468240891824552,1.20650398107479,.361620418489288,-.179857190168259,.667800463632217,-.0604025627347864,.678788430462878,-.362349784547107,.00656746054646877,-.32300610646224,White,0,0,0,0,0,0,0,0,0,0,.361620418489288,1.20650398107479,.468240891824552, , 
7563050,.0260416666666667,.00520833333333333,bad,-1,19,2,2,6,-.00541684504143482,.233525575438784,.813513478171679,-.181908611150877,.831022787454545,.321146848381624,.347207402856343,.0898432946979058,.218177007115034,-.655227704669283,White,1,1,1,-1,1,1,1,.333333333333333,-.333333333333333,-1,-.813513478171679,-.233525575438784,.00541684504143482, , 
7563057,.125,0,bad,-1,19,2,1,5,.727447497085292,.952644495289383,.695693128336593,.134592909859183,-.5243239475364,.351577738651576,.791928373570422,-.24521988883233,-.372392844920836,-.174315639817256,Black,0,0,0,0,0,0,0,0,0,0,-.695693128336593,-.952644495289383,-.727447497085292,.695693128336593,0
7563157,.1875,.00520833333333333,bad,-1,18,2,1,6,.447050966727014,1.06701731065272,.367375995290009,.515435485766244,.0456127576127914,.240539665419619,.627148090889914,-.447304376999781,.0379990922173403,-.217842806107473,White,0,0,0,0,0,0,0,0,0,0,-.367375995290009,-1.06701731065272,-.447050966727014, , 
7563166,.078125,0,bad,-1,19,2,1,6,.01797179181504,.00651853572514307,1.16007787453243,-.0843360351201222,-.243857005270474,.752697912380396,.394856067357539,.276838470591792,-.115388277401879,-.556306260547452,White,1,1,0,-1,0,0,.666666666666667,0,0,-.666666666666667,-1.16007787453243,-.00651853572514307,-.01797179181504, , 
7563205,.0260416666666667,0,good,1,18,2,1,6,.455703186241881,.468877743724918,.202995859577633,-.0701077611429798,.84718797067334,.548822647390683,.375858929848144,.0500175549362483,.107125674429493,-.533002159213885,White,1,0,1,1,0,0,.666666666666667,-.333333333333333,-.666666666666667,.333333333333333,.202995859577633,.468877743724918,.455703186241881, , 
7563223,.270833333333333,.0260416666666667,bad,-1,18,3,1,6,-.0869326182504232,-.312180694138742,.586742188817494,.127290684557445,.56772973427219,.79562708833977,.0625429588094428,.326839032640356,.260651012360019,-.650033003809818,White,0,0,0,0,0,0,0,0,0,0,-.586742188817494,.312180694138742,.0869326182504232, , 
7563245,.046875,0,good,1,18,2,1,6,-.543998702069802,.129689053512689,.285044594498231,.448695148685432,.40529484250397,-.369059705094345,-.0430883513529606,-.315814635764155,.465996231086401,-.107093243969285,White,0,0,0,0,0,0,0,0,0,0,.285044594498231,.129689053512689,-.543998702069802, , 
7563275,.0885416666666667,0,bad,-1,18,2,1,5,.632010029179377,-.125610007189852,.517721673558903,-1.27969932741265,-.164308100680839,.0991954872561796,.341373898516143,.501501607286227,-.692005819090955,-.150869686711415,Black,2,1,2,0,1,0,1.66666666666667,-1,-.333333333333333,-.333333333333333,-.517721673558903,.125610007189852,-.632010029179377,.517721673558903,2
7563280,.09375,0,good,1,18,2,1,6,.555565040611164,-.285957407450747,-.674938027787862,-.11124938285105,.658050428967768,-.176832928108761,-.135110131542482,.0734579540643453,-.00292133149814859,.064573508976285,White,0,0,0,0,0,0,0,0,0,0,-.674938027787862,-.285957407450747,.555565040611164, , 
7563356,.0520833333333333,.0364583333333333,bad,-1,19,2,1,6,-.183533292252937,-.278287106346547,.755740569902487,.720691229604783,.513617681390133,-.173431851537105,.0979733904343342,-.205278658265113,.472614067749284,-.365308799918505,White,0,0,0,0,0,0,0,0,0,0,-.755740569902487,.278287106346547,.183533292252937, , 
7563361,.109375,.00520833333333333,good,1,18,2,1,6,.445186721998642,-.490400228290248,-.216033154824213,.400140227140429,-.134864601656525,.402817120775509,-.0870822203719398,.164359040641776,-.0599703655049128,-.0173064547649237,White,3,2,2,2,2,0,2.33333333333333,0,-2.33333333333333,0,-.216033154824213,-.490400228290248,.445186721998642, , 
7563364,.078125,.015625,good,1,18,2,1,6,.409979129362556,.92470405061236,.37397715578725,.927767298917427,.140571775813567,.0753247145832451,.569553445254056,-.592382211648848,.219453315122812,-.196624548728021,White,0,2,1,0,0,0,1,-.333333333333333,0,-.666666666666667,.37397715578725,.92470405061236,.409979129362556, , 
7563381,.25130890052356,0,bad,-1,18,2,1,6,-.487122270964542,.155785979628807,.885472185736983,.131274152622557,.0415041454172447,-.424952758077398,.184711964800416,-.237337630109588,.219966856334781,-.16734119102561,White,0,1,0,-1,0,0,.333333333333333,0,.333333333333333,-.666666666666667,-.885472185736983,-.155785979628807,.487122270964542, , 
7563470,.046875,0,good,1,19,2,2,6,.271847664743455,.569745925908864,.36147656081239,.435179485312165,.311128143059484,-.0951093438769649,.40102338382157,-.366678251699331,.158153321209398,-.192498453331636,White,1,0,0,0,0,0,.333333333333333,0,-.333333333333333,0,.36147656081239,.569745925908864,.271847664743455, , 
7563486,.0885416666666667,.0208333333333333,good,1,18,2,2,6,-.618090757476939,-.195106842912226,-.0215185284885279,-.0870407179458178,-.459216400810968,-1.02268362162802,-.278238709625898,-.246845353589992,.0239445462400512,.501139516975838,White,0,0,0,0,0,0,0,0,0,0,-.0215185284885279,-.195106842912226,-.618090757476939, , 
7563487,.0625,.0520833333333333,good,1,19,2,2,6,1.08460641303224,.855045534722863,.337116162581465,.212283821690772,-.00941657539155915,.0575518866887074,.758922703445523,-.336592489908309,-.293913055577676,-.128417157959538,White,0,0,0,0,0,0,0,0,0,0,.337116162581465,.855045534722863,1.08460641303224, , 
7563496,.0208333333333333,0,bad,-1,21,2,2,6,-.117862066691678,.335961325994149,.988226533089086,-.300568029125851,.233442819136424,-.305404565974839,.402108597463853,-.113599287614379,.0169122855674169,-.305421595416891,White,0,0,0,0,0,0,0,0,0,0,-.988226533089086,-.335961325994149,.117862066691678, , 
7563542,.0677083333333333,.00520833333333333,good,1,18,2,2,2,.484111867518443,-.00183400040736911,.239263531325532,.100576955198813,-.161630619166402,.0325950167898455,.240513799478869,-.0220493126671995,-.181721843828677,-.036742642982992,Asian,0,0,1,1,0,0,.333333333333333,-.333333333333333,.333333333333333,-.333333333333333,.239263531325532,-.00183400040736911,.484111867518443,.484111867518443,0
7563579,.135416666666667,.0104166666666667,good,1,20,2,2,6,-.249135522803635,-.456666546028328,.447825833952137,.87051213074542,.765073178184797,.0763320577659117,-.0859920782932754,-.112504508983727,.628240277244617,-.429743689967615,White,0,0,1,0,-1,0,.333333333333333,-.666666666666667,.333333333333333,0,.447825833952137,-.456666546028328,-.249135522803635, , 
7563580,.0885416666666667,0,bad,-1,18,2,1,6,-.567554834137031,-.0330931835749606,-.606961756323964,-.716229878612052,.96108714091312,.153498577685103,-.402536591345318,.300940546624039,.270804032146033,-.169207987424753,White,0,0,0,0,0,0,0,0,0,0,.606961756323964,.0330931835749606,.567554834137031, , 
7563581,.046875,.0104166666666667,bad,-1,19,2,2,6,-.00539619757742047,-.0446613336650165,-.160838637135968,-.109945976634574,-.78133855021536,.00959386128642566,-.0702987227928018,.0547337238620053,-.295296109757505,.310861108688301,White,0,1,0,0,0,0,.333333333333333,0,0,-.333333333333333,.160838637135968,.0446613336650165,.00539619757742047, , 
7563655,.130208333333333,0,good,1,18,2,1,6,.351333107247019,.0188996273006059,-.0796814233365781,-.109141285185436,.0171892317755498,.0215473608134977,.0968504370703489,.037263006232776,-.147761720218969,.0136482769158435,White,0,0,0,0,0,0,0,0,0,0,-.0796814233365781,.0188996273006059,.351333107247019, , 
7563657,.0520833333333333,0,good,1,19,2,1,6,.111692787850715,.104347125119823,-1.30224482919445,-.612860820816242,.835498665521376,-.205191989864981,-.362068305407969,.101107235277146,.0369816856181397,.223979384512684,White,0,0,0,0,0,0,0,0,0,0,-1.30224482919445,.104347125119823,.111692787850715, , 
7563667,.4375,.046875,bad,-1,18,2,1,3,.216415939596277,-.157329109704371,-.0342224983460102,-.090310459274253,.429711587872553,.111170098586502,.00828811051529853,.119603222521709,.0409950630006745,-.168886396037682, ,0,0,0,2,0,0,0,0,.666666666666667,-.666666666666667,.0342224983460102,.157329109704371,-.216415939596277, , 
7563685,.0833333333333333,.0208333333333333,bad,-1,19,2,1,6,.136956656945261,.425252683477631,.917996324237712,.570866749508998,-.693755902269314,.297627624334413,.493401888220201,-.232830602884072,-.0866152699018587,-.17395601543427,White,0,1,0,0,0,1,.333333333333333,.333333333333333,0,-.666666666666667,-.917996324237712,-.425252683477631,-.136956656945261, , 
7563711,.114583333333333,.03125,good,1,18,2,1,6,.510738585695377,-.236079386704291,.68021430142781,-.562224000059091,-.238095365304845,-.79591621215729,.318291166806299,.000795724868697315,-.437019317019771,.117932425344775,White,1,1,0,0,1,0,.666666666666667,.333333333333333,-.666666666666667,-.333333333333333,.68021430142781,-.236079386704291,.510738585695377, , 
7563721,.0833333333333333,0,bad,-1,18,2,1,6,.531662305839439,.689026357867255,-.213391206414605,.14658521604049,-.307976283085837,-.386235844468923,.335765819097363,-.407282472792223,-.231017790961595,.302534444656455,White,0,0,0,0,0,0,0,0,0,0,.213391206414605,-.689026357867255,-.531662305839439, , 
7563728,.0572916666666667,0,good,1,18,3,1,6,-.124634178457967,-.518842606036564,.386828600849763,.183614111855511,.140824653296246,.0523393026793296,-.0855493945482562,.129189265620128,.149690981203241,-.193330852275113,White,1,1,0,0,1,0,.666666666666667,.333333333333333,-.666666666666667,-.333333333333333,.386828600849763,-.518842606036564,-.124634178457967, , 
7566311,.046875,0,bad,-1,19,3,1,2,1.01054832139623,.948484338206159,1.01140996027362,.354905660675945,.106073847221251,-.522160819210875,.990147539958668,-.608516939364326,-.183189604499678,-.198440996094664,Asian,-3,0,1,3,3,1,-.666666666666667,-1.66666666666667,3,-.666666666666667,-1.01140996027362,-.948484338206159,-1.01054832139623,1.01054832139623,-3
7566312,.140625,0,good,1,20,2,1,2,-.336396009530076,1.00578237367298,.737307431739687,.407744872388371,.872710407163788,.0116652911967001,.468897931960864,-.467287318288218,.538950429694078,-.540561043366725,Asian,0,2,2,3,3,0,1.33333333333333,-1.66666666666667,2,-1.66666666666667,.737307431739687,1.00578237367298,-.336396009530076,-.336396009530076,0
7566318,.119791666666667,0,bad,-1,18,2,1,6,.996000585951397,-.0848832980710223,-.061422885720516,.533933363776404,-1.20635807365724,-.378078382069942,.283231467386619,-.275709482591774,-.55614176527741,.548619780482565,White,0,0,0,0,0,0,0,0,0,0,.061422885720516,.0848832980710223,-.996000585951397, , 
7566449,.09375,.00520833333333333,good,1,18,2,1,6,.857798859582121,.305068810027525,.481976948770559,.181701491743039,.176676582742829,.130897809042363,.548281539460069,-.118624164242734,-.166473595032084,-.26318378018525,White,0,0,0,0,0,0,0,0,0,0,.481976948770559,.305068810027525,.857798859582121, , 
7566461,.161458333333333,.046875,good,1,18,2,2,6,.0511217516240435,.245201273301144,-.191524015122176,.222140858614436,.0245210373205957,-.0921234476236277,.0349330032676704,-.186488526513069,.0651800481036628,.0863754751417361,White,1,1,0,0,-1,0,.666666666666667,-.333333333333333,0,-.333333333333333,-.191524015122176,.245201273301144,.0511217516240435, , 
7566467,.119791666666667,0,bad,-1,18,1,1,6,.573008790027101,.684865698326712,-.204575650960385,-.174709154846681,.727761300136081,.937698442482106,.351099612464476,.142513966334025,-.00665221491256699,-.486961363885934,Hisp,0,0,0,0,0,0,0,0,0,0,.204575650960385,-.684865698326712,-.573008790027101,.684865698326712,0
7566613,.0833333333333333,.00520833333333333,good,1,18,2,1,6,-.0527650149307205,-.458069338736805,1.02624689548727,-.655778990928946,.484277747697829,.350060022714456,.171804180606582,.487969450793402,-.0395787427667988,-.620194888633186,White,0,0,0,0,0,0,0,0,0,0,1.02624689548727,-.458069338736805,-.0527650149307205, , 
7566614,.078125,0,good,1,20,2,1,6,-.498213774164078,.185994976392781,-.320485364863949,-.282554690116094,-.378696050517912,-.268313550110561,-.210901387545082,-.0572512787957494,-.0543456554899759,.322498321830807,White,2,1,1,-1,-1,-1,1.33333333333333,-1,0,-.333333333333333,-.320485364863949,.185994976392781,-.498213774164078, , 
7566623,.0364583333333333,0,bad,-1,22,2,2,6,.813191498080583,1.05387997610061,.188972244127307,-.648652958056663,-.205718857175285,-.110439998565415,.685347906102833,-.171889005536453,-.555854437770844,.0423955372044643,White,2,0,0,0,0,1,.666666666666667,.333333333333333,-.666666666666667,-.333333333333333,-.188972244127307,-1.05387997610061,-.813191498080583, , 
7566712,.125,.0416666666666667,bad,-1,19,3,1,6,.0991370930690027,-.296933272287356,-.440260078958564,.61139470275006,-.228712847859198,.217324827773887,-.212685419392306,-.032378867562939,.0945149206072865,.150549366347958,White,1,1,0,1,1,0,.666666666666667,.333333333333333,-1,0,.440260078958564,.296933272287356,-.0991370930690027, , 
7566722,.0260416666666667,.00520833333333333,bad,-1,19,2,1,6,.584551748356941,.887578148285855,.625227475316352,-.140340972114184,-.564735157865421,.0983973651548777,.699119123986383,-.216279937005598,-.429875959445515,-.0529632275352695,White,0,0,0,0,0,0,0,0,0,0,-.625227475316352,-.887578148285855,-.584551748356941, , 
7566733,.119791666666667,0,bad,-1,18,2,2,6,.705702975661849,.666399106540711,1.04874248964281,.139623656997715,-.721941886730335,.257073956577757,.806948190615123,-.182982935653556,-.429340401798157,-.19462485316341,White,2,1,0,1,1,0,1,.333333333333333,-1.33333333333333,0,-1.04874248964281,-.666399106540711,-.705702975661849, , 
7566735,.03125,0,bad,-1,19,2,2,2*6,-.240545340813962,.210741239723251,.174509596925145,-.0684367745967968,-.267780248003096,-.183583433265534,.0482351652781448,-.108629299463996,-.0318905605953105,.092284694781162, ,2,0,0,-1,0,0,.666666666666667,0,-1,.333333333333333,-.174509596925145,-.210741239723251,.240545340813962, , 
7566917,.104166666666667,.00520833333333333,bad,-1,18,2,2,2,.411647362480983,-.225300417818407,.0270175798437287,-.77876554503714,.822424674217525,-.400848352866344,.0711215081687683,.201072536663068,-.122662744433533,-.149531300398303,Asian,0,1,1,1,1,0,.666666666666667,-.666666666666667,.666666666666667,-.666666666666667,-.0270175798437287,.225300417818407,-.411647362480983,.411647362480983,0
7566929,.104166666666667,0,bad,-1,18,1,1,7,.40104614568389,.586121238721819,.83534977808083,-.593223738723479,.0914357302455608,.236232854039959,.607505720828846,.0811117846805397,-.300944718053936,-.38767278745545,Hisp,2,-2,1,-3,0,3,.333333333333333,-1.33333333333333,-1.66666666666667,2.66666666666667,-.83534977808083,-.586121238721819,-.40104614568389,.586121238721819,-2
7566930,.0833333333333333,0,bad,-1,19,2,1,6,.659017923151429,.573652549665801,-.179352891882766,.0862123981959969,-.156282226050434,-.507435166159504,.351105860311488,-.389100038007101,-.243029250335289,.281023428030901,White,0,0,0,0,0,0,0,0,0,0,.179352891882766,-.573652549665801,-.659017923151429, , 
7566946,.03125,.015625,good,1,19,2,1,6,-.466481206708298,.0834825491839862,-.359057918412839,.362837097204242,-.277014382242177,.175343960894004,-.24735219197905,-.0903252284980748,.184101307223455,.153576113253671,White,0,0,0,0,0,0,0,0,0,0,-.359057918412839,.0834825491839862,-.466481206708298, , 
7567020,.09375,.0104166666666667,bad,-1,18,2,2,6,.12853555766096,.599138499593561,-.559757688417347,-.603556488614357,-.0230759324554193,-.240766426345971,.0559721229457247,-.0787828124417247,-.251722659576912,.274533349072912,White,0,0,0,-1,-1,0,0,-.333333333333333,.666666666666667,-.333333333333333,.559757688417347,-.599138499593561,-.12853555766096, , 
7567025,.09375,0,bad,-1,19,2,2,6,.75891185735732,.661475367490519,.341918625884328,.483025646349137,-.233001734943763,-.0671940634707354,.587435283577389,-.403898359103464,-.169629315317315,-.0139076091566101,White,1,0,0,0,1,0,.333333333333333,.333333333333333,-.666666666666667,0,-.341918625884328,-.661475367490519,-.75891185735732, , 
7567031,.125,0,bad,-1,19,2,1,6,-.681983496627169,.038555894884615,.175763432436343,-.70762546918295,-.405815061804487,.204641028156386,-.155888056435404,.291236867484907,-.143819011453422,.00847020040391946,White,1,1,-1,1,1,0,.333333333333333,.666666666666667,-1,0,-.175763432436343,-.038555894884615,.681983496627169, , 
7567033,.046875,0,good,1,19,2,2,6,-.657541297981632,-.0589537989769406,.250398494648663,.906197337655285,-.895724277128264,-.047112961590313,-.155365534103303,-.298118833422886,.222671452836217,.230812914689971,White,2,2,2,-1,2,1,2,.333333333333333,-1,-1.33333333333333,.250398494648663,-.0589537989769406,-.657541297981632, , 
7567168,.161458333333333,.015625,bad,-1,18,2,2,6,.407537141291667,.48963533167546,.481705125676232,-.209540843959106,.284165173412842,-.0780209880191252,.459625866214453,-.11937182524516,-.11097093727931,-.229283103689983,White,0,0,0,0,0,0,0,0,0,0,-.481705125676232,-.48963533167546,-.407537141291667, , 
7567174,.125,0,good,1,18,2,1,6,-.392608499729525,.257124478042328,.573915787637326,.365732148777319,-.645549795840038,.536968320347282,.146143921983376,-.0286294354907883,.0375969508889353,-.155111437381523,White,0,0,0,0,0,0,0,0,0,0,.573915787637326,.257124478042328,-.392608499729525, , 
7567201,.104166666666667,0,bad,-1,19,2,2,6,-.19337787600326,-.0436845402622594,.508748196591027,.342139955346231,.249339337280335,-.657894252347415,.0905619267751691,-.318783222477129,.261619056209942,-.0333977605079823,White,0,0,0,0,0,0,0,0,0,0,-.508748196591027,.0436845402622594,.19337787600326, , 
7567223,.0260416666666667,0,bad,-1,18,2,1,6,.651908829754194,-.0852042251295612,.281862199377714,-.0260174598140644,.48533759601145,.515043843254522,.282855601334116,.208755176066049,-.0641962311856031,-.427414546214562,White,1,1,1,1,1,1,1,.333333333333333,-1,-.333333333333333,-.281862199377714,.0852042251295612,-.651908829754194, , 
7567284,.0729166666666667,0,good,1,21,2,2,6,-.225278354101724,-.197336684268414,-.954998760831427,.00921992372159966,-.877789526104956,-.464868199885155,-.459204599733855,-.0922504797794468,-.214430416093877,.76588549560718,White,0,0,0,0,0,0,0,0,0,0,-.954998760831427,-.197336684268414,-.225278354101724, , 
7567325,.182291666666667,.0208333333333333,bad,-1,19,3,1,6,.955173178511311,.0433927325437611,1.10758952102009,.687190321212305,-.122845030957108,-.549241095690136,.702051810691721,-.426608049815401,-.130275962752038,-.145167798124282,White,3,3,3,3,1,-2,3,-1.33333333333333,-2.33333333333333,.666666666666667,-1.10758952102009,-.0433927325437611,-.955173178511311, , 
