session_id,RaceEthCategory,WhiteCondition,TooFast,WhiteBlackBIATGood,WhiteBlackBIATBad,WhiteAsianBIATGood,WhiteAsianBIATBad,WhiteHispanicBIATGood,WhiteHispanicBIATBad,AsianNeg,AsianPos,BlackNeg,BlackPos,HispNeg,HispPos,WhiteNeg,WhitePos,AsianCulturalWarmth,BlackCulturalWarmth,HispCulturalWarmth,WhiteCulturalWarmth,WhiteAsianCultPref,WhiteBlackCultPref,WhiteHispCultPref,WhiteAsianExp,WhiteBlackExp,WhiteHispExp,Age,Citizenship,Residence,Ethnicity,Race,Gender,CultPrfWhite,PrefWhitePos,PrefWhiteNeg
7228935,Hispanic, ,0, , , , ,.326804355125517,.0959912653446589, , , , ,1,4,1,4, , ,2,3, , ,2, , ,-1,54,us,us,1,White,f,2,0,0
7228981,Hispanic, ,0, , , , ,-1.06085508466561,-.337694827596722, , , , ,2,4,3,2, , ,2,7, , ,3, , ,-2,29,us,us,1,Other or Unknown,f,3,-2,-1
7229005,Black, ,0,-.619829023230276,-.142198909156789, , , , , , ,2,5, , ,2,5, ,1, ,7, ,3, , ,0, ,29,us,sm,2,Black or African American,m,3,0,0
7229077,White,Asian, , , , , , , ,3,3, , , , ,3,4,3, , ,7,3, , ,1, , ,28,us,sm,2,White,f,3,1,0
7229109,White,Asian,0, , ,.0166607597749552,-.253481014325767, , ,1,4, , , , ,1,3,4, , ,4,1, , ,0, , ,36,us,sm,3,White,m,1,-1,0
7229184,White,Asian,.0234375, , ,.764780596131884,.908340310044876, , ,1,3, , , , ,1,5,3, , ,7,2, , ,0, , ,19,us,sm,2,White,f,2,2,0
7229294,White,Asian,0, , ,-.918629686838372,-.317750767858568, , ,1,3, , , , ,1,3,3, , ,3,2, , ,0, , ,19,us,us,2,White,f,2,0,0
7229296,White,Asian, , , , , , , ,3,3, , , , ,3,3,4, , ,6,1, , ,0, , ,19,us,sm,2,White,m,1,0,0
7229302,White,Hispanic, , , , , , , , , , , ,2,1,2,1, , ,3,7, , ,2, , ,1,38,us,sm,.,White,m,2,0,0
7229331,Hispanic, ,0, , , , ,.827239955550326,-.0916854652616386, , , , ,4,3,4,3, , ,4,3, , ,2, , ,0,22,us,sm,1,More than one race - Other,f,2,0,0
7229355,Asian, ,.0078125, , ,.643230174660858,-.447161373687779, , ,2,4, , , , ,3,4,2, , ,3,3, , ,-2, , ,23,us,us,2,East Asian,m,3,0,-1
7229410,White,Hispanic,0, , , , ,.538684435761693,.706420936813457, , , , ,1,3,2,2, , ,2,7, , ,3, , ,-2,56,us,us,.,White,m,3,-1,-1
7229412,White,Hispanic,0, , , , ,.0878097612704822,.71188006702128, , , , ,2,3,2,3, , ,4,6, , ,2, , ,1,24,us,sm,2,White,f,2,0,0
7229432,Black, ,.0390625,.0506489510984732,.494285036077173, , , , , , ,1,4, , ,1,4, ,2, ,7, ,1, , ,0, ,19,us,sm,2,Black or African American,f,1,0,0
7229437,Hispanic, ,.015625, , , , ,.392082242441355,-.201621723586819, , , , ,1,5,2,5, , ,3,7, , ,3, , ,-1,21,us,us,1,Other or Unknown,f,3,0,-1
7229617,Black, ,.015625,-.431717803806335,-.384931880434434, , , , , , ,1,5, , ,3,2, ,3, ,6, ,1, , ,-2, ,28,us,us,2,Black or African American,f,1,-3,-2
7229645,White,Black,0,-.288007956772486,.657338182027451, , , , , , ,2,2, , ,2,2, ,3, ,6, ,2, , ,1, ,34,us,sm,2,White,f,2,0,0
7229736,White,Hispanic,0, , , , ,-.222605983436177,-.34482953149515, , , , ,2,4,3,2, , ,2,7, , ,3, , ,1,27,us,sm,2,White,m,3,-2,-1
7229805,White,Black,0,.469668797120276,.0340299124769939, , , , , , ,2,2, , ,2,2, ,2, ,6, ,2, , ,0, ,19,us,sm,2,White,f,2,0,0
7229823,Hispanic, ,.0078125, , , , ,.211829567915332,.171529077885886, , , , ,1,5,1,5, , ,4,4, , ,0, , ,0,27,us,us,1,More than one race - Other,f,0,0,0
7229830,Black, ,0,.487554332889807,-.168693615492773, , , , , , ,2,3, , ,2,3, ,2, ,7, ,2, , ,0, ,29,us,us,2,Black or African American,f,2,0,0
7229924,Hispanic, ,0, , , , ,-.302652297796399,-.0753523991920437, , , , ,1,5,1,5, , ,3,7, , ,2, , ,0,26,us,us,1,More than one race - Other,f,2,0,0
7230055,White,Asian,0, , ,-.519371459368307,.398688481896423, , ,3,3, , , , ,3,3,5, , ,7,2, , ,1, , ,30,us,sm,2,White,f,2,0,0
7230066,White,Black,0,.0814222120414825,.954495781105037, , , , , , ,1,2, , ,1,2, ,4, ,4, ,0, , ,0, ,22,us,us,2,White,f,0,0,0
7230073,White,Hispanic,0, , , , ,-1.07004746861473,-.0183416476912958, , , , ,1,4,2,2, , ,3,7, , ,2, , ,-2,19,us,sm,2,White,f,2,-2,-1
7230094,White,Black,0,-.570613423272496,.163828214603687, , , , , , ,1,3, , ,1,3, ,3, ,7, ,2, , ,0, ,57,us,sm,2,White,m,2,0,0
7230103,White,Black,0,.16891245794761,-.394931529026451, , , , , , ,1,4, , ,1,3, ,3, ,6, ,2, , ,0, ,36,us,us,2,White,f,2,-1,0
7230111,White,Hispanic,0, , , , ,-.13254925698952,.0772082564203411, , , , ,2,4,3,3, , ,3,6, , ,1, , ,1,20,us,sm,.,White,m,1,-1,-1
7230212,White,Asian,.0078125, , ,.87201935290436,-.26127112591808, , ,2,3, , , , ,1,4,2, , ,7,2, , ,1, , ,22,us,us,2,White,f,2,1,1
7230247,White,Asian,0, , ,.969598522964347,-.313790703793312, , ,1,5, , , , ,2,4,2, , ,7,3, , ,0, , ,23,us,us,2,White,f,3,-1,-1
7230268,White,Black,0,.399494158976572,-.843160845238867, , , , , , , , , , , , , , , , , , , , , , ,23,us,sm,2,White,f, , , 
7230319,White,Hispanic,0, , , , ,-.41249124282836,-.275852374466339, , , , ,1,3,2,2, , ,1,7, , ,3, , ,0,25,us,sm,2,White,f,3,-1,-1
7230323,White,Hispanic,0, , , , ,-.224371168873609,.489328997644601, , , , ,1,5,1,5, , ,2,7, , ,3, , ,0,80,us,us,2,White,f,3,0,0
7230356,Hispanic, , , , , , , , , , , , ,1,3,1,3, , ,3,7, , ,2, , ,0,27,us,us,1,White,f,2,0,0
7230504,White,Hispanic,0, , , , ,-1.08594516985519,-.327909682092072, , , , ,1,3,2,3, , ,3,7, , ,2, , ,-1,55,us,us,2,White,m,2,0,-1
7230619,White,Black,0,-.245715226788493,.390631501361897, , , , , , ,2,4, , ,1,4, ,3, ,7, ,2, , ,0, ,25,us,us,3,White,f,2,0,1
7230638,Hispanic, ,0, , , , ,.0878212002278813,-.126990913142937, , , , ,3,2,1,3, , ,2,6, , ,2, , ,0,27,us,us,1,More than one race - Other,f,2,1,2
7230645,White,Hispanic,.0078125, , , , ,-.417845842045245,-.832950358593368, , , , ,2,5,2,5, , ,3,7, , ,1, , ,0,21,us,us,2,White,m,1,0,0
7230665,White,Asian,0, , ,.794314976998891,.656135987413926, , ,1,5, , , , ,1,5,6, , ,7,2, , ,0, , ,23,us,sm,2,White,m,2,0,0
7230678,Black, ,0,.176308168678531,-.110108919419278, , , , , , ,2,5, , ,2,5, ,2, ,3, ,1, , ,0, ,28,us,us,2,Black or African American,f,1,0,0
7230723,White,Asian,.0078125, , ,.503135161203503,.710518321589567, , ,2,2, , , , ,2,4,5, , ,6,2, , ,2, , ,19,us,us,2,White,f,2,2,0
7230735,Hispanic, ,.75, , , , , , , , , , ,1,3,1,3, , ,3,2, , ,1, , ,0,22,us,us,1,White,f,1,0,0
7230874,White,Asian,0, , ,-.0692133938752762,-.22863110372007, , ,1,5, , , , ,1,5,4, , ,4,0, , ,0, , ,27,us,us,2,White,m,0,0,0
7230939,White,Black,0,.137369128267256,.585463510794502, , , , , , ,3,4, , ,3,4, ,1, ,3, ,3, , ,1, ,52,us,us,2,White,f,3,0,0
7230954,White,Asian,0, , , ,.372006652513819, , ,1,2, , , , ,1,4,3, , ,5,1, , ,0, , ,58,us,sm,2,White,f,1,2,0
7231043,White,Asian, , , ,-.271397223738257, , , , , , , , , , , , , , , , , , , , , ,23,us,sm,2,White,m, , , 
7231078,Hispanic, ,0, , , , ,-.137690733569881,-.409543520548007, , , , ,3,2,3,3, , ,1,7, , ,3, , ,-2,21,us,us,1,Other or Unknown,f,3,1,0
7231091,White,Hispanic,0, , , , ,-.518662116335351,-.707052157753848, , , , ,1,2,2,2, , ,3,6, , ,1, , ,0,26,us,sm,2,White,f,1,0,-1
7231095,White,Black,0,.402263900081193,.703764121612671, , , , , , ,3,4, , ,2,5, ,2, ,7, ,3, , ,1, ,25,us,sm,2,White,f,3,1,1
7231128,Hispanic, ,0, , , , ,-1.23177365430363,-.16080984403416, , , , ,2,4,3,4, , ,2,7, , ,3, , ,-1,28,us,sm,1, ,f,3,0,-1
7231143,Hispanic, ,0, , , , ,.791933665425529,.969568650629729, , , , ,2,4,3,2, , ,5,7, , ,1, , ,1,42,us,us,1,More than one race - Other,f,1,-2,-1
7231144,White,Asian,0, , ,-.6020638349477,.290650823648903, , ,2,3, , , , ,2,1,5, , ,7,3, , ,0, , ,26,us,sm,1,White,f,3,-2,0
7231199,White,Black,0,.359369334938425,.561659927016193, , , , , , ,2,3, , ,2,3, ,7, ,7, ,0, , ,0, ,24,us,sm,2,White,f,0,0,0
7231211,Hispanic, ,.0078125, , , , ,.995820025617974,-.1770044977226, , , , ,1,5,2,2, , ,2,7, , ,3, , ,-3,22,us,sm,1,Other or Unknown,m,3,-3,-1
7231296,White,Hispanic,0, , , , ,-.22166292818182,.101068642819531, , , , ,2,3,2,4, , ,5,7, , ,2, , ,2,61,us,us,2,White,f,2,1,0
7231342,Hispanic, ,0, , , , ,.0183029048080705,.88811444462743, , , , ,2,5,3,3, , ,5,7, , ,3, , ,-2,21,us,us,1,Other or Unknown,f,3,-2,-1
7231474,Black, ,0,-.929663092132224,.424610302073513, , , , , , ,1,5, , ,1,5, ,1, ,1, ,2, , ,3, ,26,us,us,2,Black or African American,f,2,0,0
7231505,Hispanic, ,0, , , , ,.334935716439301,.122871270243241, , , , ,1,4,3,2, , ,1,7, , ,3, , ,-1,27,us,us,1,More than one race - Other,f,3,-2,-2
7231800,White,Black,.0234375,.0957987867752954,.612443333307109, , , , , , ,2,5, , ,2,5, ,7, ,5, ,0, , ,0, ,43,us,us,2,White,f,0,0,0
7231971,Asian, ,0, , ,-.804698607825881,.726498617388241, , ,3,4, , , , ,3,3,2, , ,6,3, , ,-2, , ,50,us,se,3,East Asian,f,3,-1,0
7232085,White,Black,.0078125,.167336917790805,.957097952457929, , , , , , ,2,3, , ,2,3, ,3, ,7, ,2, , ,1, ,19,us,us,2,White,m,2,0,0
7232144,White,Asian,0, , ,.912711592311162,-.315543256005262, , ,1,5, , , , ,1,5,7, , ,7,0, , ,0, , ,28,us,sm,2,White,m,0,0,0
7232289,Black, ,0,.307536344610856,.23667361095221, , , , , , ,2,4, , ,3,3, ,2, ,7, ,3, , ,0, ,45,us,sm,2,Black or African American,f,3,-1,-1
7232338,White,Hispanic,0, , , , ,.78335262395302,.344336569435656, , , , ,2,2,2,3, , ,2,6, , ,2, , ,2,39,us,sm,2,White,f,2,1,0
7232381,Black, ,0,-.934912195638518,-.0434571648754202, , , , , , ,2,4, , ,4,2, ,1, ,7, ,3, , ,-2, ,60,us,us,.,Black or African American,f,3,-2,-2
7232471,White,Black,0,.0647724828354515,.0696913619629843, , , , , , ,2,4, , ,2,4, ,2, ,6, ,2, , ,0, ,24,us,us,.,White,m,2,0,0
7232481,White,Black,0,.167360294111877,.199415261260137, , , , , , ,1,4, , ,1,4, ,6, ,4, ,0, , ,0, ,24,us,sm,3,White,m,0,0,0
7232486,White,Hispanic,.0078125, , , , ,1.03771705520022,1.42963677625551, , , , ,1,2,1,3, , ,3,7, , ,3, , ,1,18,us,sm,2,White,m,3,1,0
7232502,White,Black,0,.561653588142096,.708640855128788, , , , , , ,1,5, , ,1,5, ,4, ,4, ,0, , ,0, ,24,us,us,2,White,f,0,0,0
7232526,White,Hispanic,.0078125, , , , ,1.0269958146957,.999847016616758, , , , ,3,3,3,3, , ,2,2, , ,3, , ,1,20,us,us,2,White,f,3,0,0
7232535,White,Hispanic,0, , , , ,-.112111312662392,.392024804253361, , , , ,2,4,2,4, , ,5,7, , ,3, , ,2,44,us,us,2,White,m,3,0,0
7232538,White,Black,0,.360150741939385,.341067935583423, , , , , , ,2,4, , ,3,3, ,6, ,5, ,1, , ,0, ,30,us,us,3,White,m,1,-1,-1
7232543,White,Asian,0, , ,.575810256964201,.991660702366834, , ,2,2, , , , ,1,1,6, , ,5,-1, , ,1, , ,19,us,us,3,White,m,-1,-1,1
7232549,White,Black,0,.75200062569074,.66824354068974, , , , , , ,3,4, , ,3,4, ,3, ,7, ,1, , ,0, ,20,us,us,.,White,f,1,0,0
7232550,White,Asian,0, , ,-.137161356086808,-.0227313028416924, , ,2,2, , , , ,1,5,3, , ,7,2, , ,2, , ,17,us,us,3,White,m,2,3,1
7232552,White,Black,.0078125,.188460191861612,.870299197558402, , , , , , ,2,2, , ,2,4, ,2, ,6, ,2, , ,1, ,19,us,sm,2,White,f,2,2,0
7232567,White,Hispanic,.0078125, , , , ,.658469660720781,.466212198979515, , , , ,2,3,1,4, , ,4,6, , ,1, , ,0,20,us,us,2,White,f,1,1,1
7232582,White,Asian,.0546875, , ,.330694459394569,.601061106304458, , ,3,2, , , , ,3,4,1, , ,7,3, , ,1, , ,18,us,us,2,White,m,3,2,0
7232587,White,Asian,0, , ,-.147548118398677,.657378857937849, , ,3,2, , , , ,3,2,3, , ,5,1, , ,0, , ,19,us,us,2,White,m,1,0,0
7232588,White,Asian, , , ,-.188530993423843, , , ,2,4, , , , ,3,3,3, , ,6,1, , ,0, , ,52,us,sm,.,White,m,1,-1,-1
7232598,White,Black,0,-.298197821371243,.593659918349249, , , , , , ,1,5, , ,1,5, ,3, ,5, ,1, , ,0, ,24,us,sm,3,White,m,1,0,0
7232599,White,Asian,0, , ,.577508663354143,.17381974530786, , ,2,3, , , , ,2,4,3, , ,7,2, , ,1, , ,18,us,sm,2,White,f,2,1,0
7232600,White,Asian,.0078125, , ,-.108608844539876,.387088639215075, , ,1,4, , , , ,2,4,3, , ,7,1, , ,0, , ,19,us,us,2,White,f,1,0,-1
7232601,White,Asian,0, , ,-.213813805940455,.113499918103829, , ,1,4, , , , ,1,4,3, , ,7,2, , ,0, , ,21,us,sm,2,White,f,2,0,0
7232602,White,Asian,0, , ,.560104710097445,-.266411222645015, , ,1,3, , , , ,1,3,4, , ,4,0, , ,0, , ,18,us,sm,2,White,f,0,0,0
7232617,White,Black,0,.559991906044427,-.297387417945, , , , , , ,1,5, , ,1,5, ,3, ,7, ,2, , ,-1, ,20,us,sm,2,White,f,2,0,0
7232623,White,Black,.0078125,.94953469238867,-.136437667905693, , , , , , ,1,5, , ,1,5, ,7, ,7, ,0, , ,0, ,19,us,sm,2,White,f,0,0,0
7232626,White,Black,.734375,.101575198854065,-.0978296378277071, , , , , , ,1,5, , ,1,5, ,1, ,7, ,3, , ,3, ,20,us,sm,2,White,f,3,0,0
7232632,White,Hispanic,.015625, , , , ,-.0241625844549546,.293735163110621, , , , ,2,2,1,3, , ,2,7, , ,2, , ,0,19,us,us,2,White,m,2,1,1
7232650,Hispanic, ,0, , , , ,.41372102019358,-.428202720567509, , , , ,3,5,2,3, , ,1,7, , ,3, , ,0,19,us,us,1,More than one race - Other,f,3,-2,1
7232658,Black, ,.015625,-.223599237207779,-.0154437397248549, , , , , , ,2,4, , ,3,5, ,2, ,7, ,3, , ,-2, ,20,us,us,2,Black or African American,f,3,1,-1
7232688,White,Black,0,-.721438336179413,-.633339196744405, , , , , , ,1,3, , ,2,3, ,2, ,7, ,3, , ,0, ,28,us,us,2,White,f,3,0,-1
7232699,White,Black,.03125,.205614422622471,-.178254077398018, , , , , , ,1,1, , ,1,1, ,4, ,4, ,1, , ,0, ,19,us,us,2,White,m,1,0,0
7232704,White,Black,0,.498847439765991,-.213912755016514, , , , , , ,3,4, , ,3,3, ,3, ,7, ,2, , ,0, ,37,us,us,2,White,m,2,-1,0
7232718,White,Hispanic,0, , , , ,.320920958860902,.625653485476718, , , , ,1,4,2,3, , ,5,5, , ,-1, , ,0,36,us,us,2,White,m,-1,-1,-1
7232746,White,Asian, , , , , , , ,2,4, , , , ,3,3,5, , ,6,3, , ,0, , ,40,us,sm,2,White,f,3,-1,-1
7232785,Hispanic, ,.0078125, , , , ,.24495153513921,.474462948439703, , , , ,3,3,3,3, , ,3,6, , ,2, , ,0,29,us,us,1,Other or Unknown,f,2,0,0
7232787,Hispanic, ,.0390625, , , , ,.0264540802834893,.205355326778005, , , , ,2,5,2,4, , ,2,7, , ,3, , ,0,20,us,us,1,Other or Unknown,m,3,-1,0
7232801,White,Asian,0, , ,-.0303844119629179,.393888717777731, , ,1,4, , , , ,1,4,6, , ,7,2, , ,2, , ,22,us,sm,.,White,m,2,0,0
7232811,White,Black,0,-.399070750427943,-.662810685060306, , , , , , ,2,3, , ,2,2, ,3, ,3, ,1, , ,0, ,53,us,us,2,White,f,1,-1,0
7232831,Black, ,0,.379504447683681,-.935587202874736, , , , , , ,3,4, , ,4,3, ,2, ,6, ,3, , ,-2, ,61,us,us,2,Black or African American,f,3,-1,-1
7232861,White,Hispanic,0, , , , ,.231713128886036,1.00000660081723, , , , ,2,3,2,3, , ,4,7, , ,2, , ,1,41,us,sm,2,White,m,2,0,0
7232872,Black, ,0,-.0690032972728239,.16837196873471, , , , , , ,2,2, , ,2,2, ,3, ,3, ,3, , ,0, ,35,us,us,2,Black or African American,m,3,0,0
7232897,White,Asian,0, , ,.250554461740195,.658698146153513, , ,1,5, , , , ,1,5,4, , ,7,0, , ,0, , ,67,us,us,.,White,f,0,0,0
7232904,Black, ,0,-.128554065298187,-.0257090092375686, , , , , , ,2,4, , ,3,3, ,2, ,7, ,3, , ,-1, ,61,us,sm,2,Black or African American,m,3,-1,-1
7232960,White,Asian, , , , , , , ,1,3, , , , ,2,3,4, , ,3,0, , ,1, , ,24,us,sm,.,White,m,0,0,-1
7232985,White,Asian,0, , ,.566707520643122,.857349460453114, , ,1,4, , , , ,3,2,6, , ,6,1, , ,0, , ,47,us,us,2,White,f,1,-2,-2
7233031,White,Black,.0078125,.596461484952121,.689931702322199, , , , , , ,1,4, , ,2,4, ,3, ,7, ,2, , ,0, ,23,us,us,2,White,f,2,0,-1
7233050,White,Asian,0, , ,.192809503401953,.42548897224354, , ,1,5, , , , ,2,2,7, , ,7,1, , ,0, , ,43,us,sm,2,White,f,1,-3,-1
7233052,White,Black,0,-.0302244612019973,.250174356953046, , , , , , ,1,5, , ,1,5, ,4, ,7, ,2, , ,0, ,58,us,sm,2,White,f,2,0,0
7233098,Hispanic, ,0, , , , ,-.24848268627171,.680978491177903, , , , ,1, , ,4, , ,4,7, , ,3, , ,0,26,us,us,1,Black or African American,f,3, , 
7233109,White,Black,0,.507734240133707,.598760729040202, , , , , , ,1,4, , ,1,5, ,3, ,6, ,1, , ,0, ,46,us,us,2,White,f,1,1,0
7233112,White,Black,0,.0569046545054691,-.271385835965678, , , , , , ,2,3, , ,2,3, ,3, ,3, ,1, , ,0, ,31,us,us,2,White,f,1,0,0
7233134,White,Hispanic,0, , , , ,.654044289217648,.667787433728944, , , , ,2,3,2,4, , ,3,7, , ,2, , ,0,55,us,us,2,White,f,2,1,0
7233188,White,Hispanic,0, , , , ,-.421545134452121,.117732542440928, , , , ,2,3,2,3, , ,3,5, , ,2, , ,0,41,us,us,2,White,f,2,0,0
7233220,White,Black,0,-.335777103720867,.152662111785065, , , , , , ,2,3, , ,2,3, ,4, ,4, ,1, , ,0, ,34,us,us,2,White,f,1,0,0
7233368,White,Asian,.015625, , ,-.391030547783176,.759211980538294, , ,1,4, , , , ,1,5,5, , ,7,2, , ,0, , ,18,us,us,2,White,f,2,1,0
7233379,Asian, ,0, , ,-.249371334497624,-.619990333265946, , ,2,4, , , , ,2,2,2, , ,5,2, , ,-1, , ,26,us,us,2,East Asian,f,2,-2,0
7233391,Asian, ,0, , ,-.252229943179622,.5121572872951, , ,3,3, , , , ,2,3,3, , ,4,3, , ,0, , ,20,us,sm,2,East Asian,f,3,0,1
7233401,White,Asian,0, , ,-1.00538768603418,.355597188723203, , ,1,5, , , , ,4,3,6, , ,7,3, , ,0, , ,19,us,sm,2,White,f,3,-2,-3
7233444,Asian, ,0, , ,-.559091596449061,.888312852783963, , ,3,3, , , , ,3,3,6, , ,6,2, , ,1, , ,81,us,us,2,East Asian,f,2,0,0
7233467,White,Asian,0, , ,-.0216622415741322,.218425648543887, , ,2,2, , , , ,3,2,5, , ,6,1, , ,0, , ,26,us,us,2,White,m,1,0,-1
7233513,White,Black,0,-.273127595197926,.682403728884216, , , , , , ,2,3, , ,2,3, ,4, ,4, ,1, , ,1, ,29,us,us,2,White,f,1,0,0
7233515,White, , , , , , , , , , , , , , , , , , , , , , , , , , ,28,us,us,2,White,f, , , 
7233551,Hispanic, , , , , , , , , , , , , , , , , , , , , , , , , , ,39,us,us,1,White,m, , , 
7233554,White,Hispanic,0, , , , ,.551631975504962,.926529567710989, , , , ,2,4,2,4, , , ,7, , , , , , ,39,us,sm,.,White,f, ,0,0
7233573,White,Black,0,.165113263625677,.428119871359626, , , , , , ,1,3, , ,1,3, ,3, ,3, ,2, , ,0, ,40,us,sm,2,White,m,2,0,0
7233626,White,Black,.0546875,.48130952679163,.220422125987625, , , , , , ,2,3, , ,1,3, ,5, ,6, ,1, , ,1, ,22,us,us,2,White,f,1,0,1
7233650,White,Asian,.0390625, , ,.301894994448232,.43981424518973, , ,2,4, , , , ,1,4,5, , ,5,0, , ,1, , ,43,us,sm,2,White,f,0,0,1
7233675,White,Asian,0, , ,.365512457309162,.633230677952265, , ,3,4, , , , ,2,4,6, , ,7,2, , ,2, , ,20,us,us,2,White,m,2,0,1
7233756,White,Asian,0, , ,-.257166658581067,-.770489251844437, , ,2,4, , , , ,2,4,4, , ,6,1, , ,1, , ,32,us,sm,2,White,f,1,0,0
7233797,Hispanic, ,0, , , , ,-.176815366084511,-.167993590456883, , , , ,2,4,3,4, , ,3,4, , ,2, , ,0,19,us,us,1,Other or Unknown,f,2,0,-1
7233838,White,Black,0,-.31947269601964,-.0806510448636619, , , , , , ,1,3, , ,1,3, ,3, ,6, ,2, , ,0, ,48,us,us,2,White,f,2,0,0
7233850,White,Hispanic,.0546875, , , , ,.424439771279812,.414869161653565, , , , ,1,3,1,2, , ,2,6, , ,2, , ,1,18,us,us,2,White,f,2,-1,0
7233887,White,Hispanic,0, , , , ,.355058332241985,.100146173242964, , , , ,2,2,3,3, , ,6,7, , ,1, , ,1,22,us,us,2,White,m,1,1,-1
7233924,Black, ,0,-.282177229327,.189196373389455, , , , , , ,4,5, , ,2,3, ,1, ,7, ,3, , ,-3, ,35,us,us,2,Black or African American,f,3,-2,2
7234019,White,Asian,.0234375, , ,.451870782810309,.96722162245143, , ,2,3, , , , ,5,3,2, , ,6,2, , ,0, , ,22,us,us,2,White,f,2,0,-3
7234020,Black, ,0,.376213212169561,-.319683851325682, , , , , , ,1,5, , ,1,4, ,2, ,7, ,3, , ,0, ,20,us,sm,2,Black or African American,f,3,-1,0
7234043,White,Asian,0, , ,1.26585865315148,.346628449547026, , ,1,4, , , , ,1,5,6, , ,5,3, , ,3, , ,29,us,us,2,White,m,3,1,0
7234089,Black, ,0,.448610076601129,-.700782998706492, , , , , , ,1,5, , ,1,5, ,2, ,7, ,2, , ,0, ,27,us,us,2,Black or African American,m,2,0,0
7234140,Black, ,0,-.037631460483682,-.640013012323261, , , , , , ,1,5, , ,3,2, ,1, ,7, ,3, , ,-1, ,36,us,us,2,Black or African American,f,3,-3,-2
7234146,White,Asian,0, , ,.274757775353514,-.108997445260783, , ,1,2, , , , ,2,2,4, , ,3,1, , ,0, , ,61,us,us,3,White,f,1,0,-1
7234274,White,Hispanic,0, , , , ,.472425365299652,-.384857883996297, , , , ,2,2,2,4, , ,2,3, , ,2, , ,3,49,us,us,2,White,m,2,2,0
7234282,Black, ,0,-.639520862043709,-.41503732160838, , , , , , ,1,5, , ,1,5, ,2, ,6, ,2, , ,0, ,40,us,us,2,Black or African American,f,2,0,0
7234284,White,Hispanic,.0078125, , , , ,.701445583937339,.798250792073894, , , , , , , , , , , , , , , , , , ,45,us,us,3,White,f, , , 
7234291,White,Black,0,-.0653362145899646,.21668028115235, , , , , , ,1,1, , ,1,1, ,2, ,6, ,3, , ,1, ,36,us,sm,2,White,m,3,0,0
7234317,White,Asian,.0078125, , ,1.01299545141086,.791711802738329, , ,2,2, , , , ,1,4,3, , ,7,-2, , ,1, , ,19,us,sm,2,White,m,-2,2,1
7234431,White,Asian,0, , ,-.815181193914156,.39250102552167, , ,2,4, , , , ,2,4,6, , ,7,3, , ,0, , ,32,us,us,2,White,f,3,0,0
7234443,White,Asian,0, , ,-.178825762128424,-.265976431326382, , ,1,4, , , , ,1,4,5, , ,5,0, , ,-2, , ,18,us,sm,2,White,m,0,0,0
7234451,Black, ,0,.15664158667726,-.394864310862724, , , , , , ,1,5, , ,1,4, ,2, ,6, ,3, , ,0, ,19,us,sm,2,Black or African American,f,3,-1,0
7234465,White,Black,0,.510341688827211,.0403418635111678, , , , , , ,1,4, , ,1,4, ,3, ,4, ,1, , ,1, ,59,us,us,2,White,m,1,0,0
7234503,White,Black, , , , , , , , , ,3,2, , ,3,2, ,7, ,6, ,2, , ,1, ,20,us,us,.,White,m,2,0,0
7234504,Black, ,0,.256505840264544,-.452572549207438, , , , , , ,3,4, , ,3,4, ,1, ,7, ,3, , ,0, ,17,us,us,2,Black or African American,f,3,0,0
7234586,Black, ,0,-.33254223092345,.170073038049931, , , , , , ,1,4, , ,2,3, ,5, ,1, ,3, , ,-1, ,16,us,us,2,Black or African American,f,3,-1,-1
7234632,Hispanic, ,0, , , , ,.14783205623458,.409400655988355, , , , ,1,3,1,3, , ,5,6, , ,2, , ,0,29,us,us,1,White,m,2,0,0
7234635,Hispanic, ,0, , , , ,.272744742986338,.330548551107909, , , , ,1,5,1,5, , ,2,7, , ,3, , ,0,39,us,us,1,Native Hawaiian or other Pacific Islander,f,3,0,0
7234654,White,Hispanic,0, , , , ,.274668387288741,-.0929096344225588, , , , ,3,2,2,4, , ,3,4, , ,2, , ,1,45,us,sm,2,White,f,2,2,1
7234658,Black, , , , , , , , , , ,3,4, , ,3,3, ,3, ,6, ,2, , ,1, ,20,us,us,2,Black or African American,f,2,-1,0
7234698,White,Black, , , , , , , , , ,4,2, , ,1,4, ,5, ,5, ,1, , ,0, ,22,us,us,2,White,f,1,2,3
7234699,White,Hispanic,0, , , , ,1.07038324234989,1.13634337201366, , , , ,3,4,2,4, , ,2,6, , ,2, , ,1,18,us,sm,3,White,m,2,0,1
7234701,White,Asian,0, , ,-.590065500149964,-.283559075425502, , ,1,1, , , , ,1,1,2, , ,2,3, , ,0, , ,27,us,sm,2,White,m,3,0,0
7234728,White,Hispanic,0, , , , ,.0689519099768995,.48027700671311, , , , ,2,4,2,4, , ,3,6, , ,2, , ,0,38,us,sm,2,White,f,2,0,0
7234735,Black, ,0,.281137922871035,.995156582821748, , , , , , ,3,4, , ,2,4, ,1, ,7, ,3, , ,1, ,21,us,sm,2,Black or African American,f,3,0,1
7234906,White,Asian,0, , ,.413942535676516,.586822690672058, , ,1,3, , , , ,1,3,4, , ,4,0, , ,0, , ,40,us,us,2,White,f,0,0,0
7234950,White,Black,0,-.59367257016019,-.518635813035971, , , , , , ,2,3, , ,4,2, ,2, ,6, ,3, , ,-2, ,22,us,us,2,White,m,3,-1,-2
7234985,Black, ,0,.015498146985247,.207084094794732, , , , , , ,2,4, , ,4,1, ,1, ,5, ,3, , ,-1, ,19,us,us,2,Black or African American,f,3,-3,-2
7235025,Hispanic, ,0, , , , ,-.366654809519917,-.7945985871038, , , , ,2,3,1,3, , ,3,6, , ,1, , ,0,24,us,us,1,Other or Unknown,m,1,0,1
7235103,White,Asian,0, , ,-.364261125420523,.0526063036594079, , ,2,2, , , , ,2,3,3, , ,7,2, , ,1, , ,23,us,sm,2,White,f,2,1,0
7235127,White,Asian,0, , ,.260817182682639,.527748822277802, , ,2,3, , , , ,1,4,7, , ,7,1, , ,2, , ,22,us,us,2,White,f,1,1,1
7235138,White,Hispanic,0, , , , ,.00878723364695191,-.512155580438894, , , , ,1,5,2,1, , ,5,4, , ,1, , ,0,21,us,us,2,White,f,1,-4,-1
7235171,White,Hispanic,0, , , , ,-.0788251341708771,.0282683911934998, , , , ,2,3,3,3, , ,5,6, , ,2, , ,0,36,us,sm,2,White,f,2,0,-1
7235234,White,Hispanic,0, , , , ,-.448945749545058,.395967220370084, , , , ,1,3,2,2, , ,2,7, , ,2, , ,0,28,us,sm,2,White,f,2,-1,-1
7235262,White,Asian,0, , ,.347942077242116,.583336518919946, , ,1,3, , , , ,1,3,4, , ,4,1, , ,2, , ,30,us,us,2,White,f,1,0,0
7235303,White,Hispanic,0, , , , ,-.0358213388156662,.177331107999362, , , , ,1,1,1,1, , ,4,4, , ,0, , ,0,30,us,sm,2,White,f,0,0,0
7235326,White,Hispanic,0, , , , ,-.018405034394876,-.377593444041038, , , , ,2,4,2,4, , ,3,6, , ,2, , ,0,65,us,us,2,White,f,2,0,0
7235488,Hispanic, ,0, , , , ,-.756621659199001,.0611844752219349, , , , ,3,3,3,3, , ,4,4, , ,1, , ,0,40,us,sm,1,Other or Unknown,f,1,0,0
7235526,Hispanic, ,0, , , , ,-.946762105152438,.436071864272133, , , , ,2,5,2,5, , ,4,6, , ,1, , ,0,37,us,sm,1,White,m,1,0,0
7235534,White,Asian,0, , ,.434454349207276,.0900397485499773, , ,2,4, , , , ,2,4,6, , ,6,1, , ,0, , ,30,us,kr,2,White,m,1,0,0
7235565,White,Asian,0, , ,.376473303579486,.373142324867026, , ,3,2, , , , ,2,5,4, , ,4,0, , ,2, , ,64,us,us,2,White,f,0,3,1
7235577,Black, , , , , , , , , , ,1,5, , ,1,5, ,6, ,7, ,1, , ,0, ,66,us,us,2,Black or African American,f,1,0,0
7235598,White,Hispanic,0, , , , ,.376763934952849,.942199740390032, , , , ,2,2,2,2, , ,2,6, , ,2, , ,1,52,us,us,.,White,m,2,0,0
7235624,White,Black,0,1.18364306552883,.694694071564324, , , , , , ,2,3, , ,1,3, ,4, ,7, ,0, , ,0, ,58,us,us,2,White,f,0,0,1
7235680,Black, , , ,1.02558108948289, , , , , , , , , , , , , , , , , , , , , , ,46,us,us,2,Black or African American,f, , , 
7235761,White,Black,0,.562568791348336,1.01227838896946, , , , , , ,2,3, , ,2,4, ,4, ,4, ,1, , ,1, ,35,us,sm,2,White,m,1,1,0
7235762,Black, ,0,-.487605506524649,-.343939845189797, , , , , , ,2,3, , ,2,3, ,3, ,3, ,1, , ,-1, ,44,us,us,2,Black or African American,m,1,0,0
7235783,White,Asian,0, , ,-.0527255579432476,-.0710381038580228, , ,1,3, , , , ,3,4,3, , ,7,2, , ,0, , ,33,us,sm,2,White,m,2,1,-2
7235786,White,Asian,0, , ,-.208460003144119,.612021817562872, , ,2,3, , , , ,2,4,3, , ,6,3, , ,2, , ,23,us,sm,2,White,f,3,1,0
7235819,Black, ,0,.512683278034092,.763905318409297, , , , , , ,1,5, , ,3,2, ,1, ,7, ,3, , ,-2, ,47,us,us,2,Black or African American,f,3,-3,-2
7235828,White,Asian,0, , ,.730904058349592,.514137404998711, , ,2,3, , , , ,1,5,7, , ,7,0, , ,3, , ,21,us,us,2,White,f,0,2,1
7235842,White,Hispanic,0, , , , ,-.413226426456816,.697297993627467, , , , ,1,4,1,4, , ,3,6, , ,3, , ,0,37,us,us,2,White,m,3,0,0
7235853,White,Black,0,.0332242321125421,.678147053937107, , , , , , ,3,3, , ,3,3, ,4, ,4, ,1, , ,0, ,36,us,us,2,White,f,1,0,0
7235925,White,Asian,.0078125, , ,.447269927578749,.439636160407322, , ,1,4, , , , ,1,4,1, , ,7,2, , ,1, , ,23,us,us,2,White,f,2,0,0
7235938,Black, ,0,-.458376879942214,-.825192748062278, , , , , , ,1,5, , ,2,2, ,2, ,3, ,1, , ,-1, ,46,us,us,2,Black or African American,f,1,-3,-1
7235940,White,Asian,.0078125, , , ,.245642943399464, , , , , , , , , , , , , , , , , , , , ,23,us,us,2,White,f, , , 
7235974,Black, ,.0078125,-.0746127128753134,.0167892452170777, , , , , , ,1,1, , ,4,3, ,2, ,7, ,3, , ,-2, ,21,us,us,2,Black or African American,f,3,2,-3
7235976,Black, ,.0859375,-.76553067873645,.141444994595079, , , , , , ,1,3, , ,1,3, ,3, ,7, ,1, , ,0, ,53,us,us,2,Black or African American,m,1,0,0
7235977,White,Hispanic,0, , , , ,.890433291397177,1.02910582659312, , , , ,2,2,2,2, , ,2,1, , ,2, , ,2,49,us,us,2,White,m,2,0,0
7235997,White,Asian,0, , ,-.0541061874630366,.0579140550024942, , , , , , , , , , ,4, , ,4,0, , ,0, , ,37,us,sm,2,White,f, , , 
7236016,Hispanic, ,0, , , , ,-.0165925996094824,.397308683712971, , , , , , , , , , ,3,3, , , , , , ,23,us,us,1, ,f, , , 
7236019,White,Black,0,.225044206991468,.832958175816667, , , , , , ,2,2, , ,2,3, ,1, ,7, ,3, , ,2, ,36,us,us,2,White,f,3,1,0
7236028,Hispanic, ,0, , , , ,-.646297492848834,-.223785348193094, , , , ,2,5,2,4, , ,2,7, , ,2, , ,-1,24,us,us,1,More than one race - Other,f,2,-1,0
7236034,White,Black,0,.173360360326914,-.160767689955713, , , , , , ,2,4, , ,2,4, ,3, ,5, ,1, , ,0, ,31,us,sm,2,White,m,1,0,0
7236035,White,Asian,.1953125, , ,.433751409126081,1.35694078137976, , ,3,4, , , , ,3,4,3, , ,6,1, , ,0, , ,23,us,sm,2,White,f,1,0,0
7236062,White,Asian,0, , ,.396267658701682,.89931508280744, , ,1,4, , , , ,2,5,3, , ,7,3, , ,0, , ,26,us,us,2,White,f,3,1,-1
7236076,White,Asian,0, , ,.156022913148179,.433492589987599, , ,1,5, , , , ,1,5,7, , ,6,0, , ,0, , ,64,us,us,2,White,f,0,0,0
7236092,White,Asian,0, , ,.417734518919548,.201055902661199, , ,1,3, , , , ,1,3,3, , ,4,2, , ,0, , ,51,us,sm,3,White,m,2,0,0
7236104,White,Black,0,.162148179490484,.566223240530516, , , , , , ,2,1, , ,1,1, ,3, ,4, ,2, , ,1, ,62,us,sm,2,White,m,2,0,1
7236112,White,Asian,0, , ,-.107163273071634,1.15029228248588, , ,1,1, , , , ,1,1,4, , ,4,1, , ,0, , ,28,us,sm,2,White,f,1,0,0
7236114,White,Asian,0, , ,.0383662946973691,-.168630335621827, , ,1,1, , , , ,1,1,6, , ,7,3, , ,0, , ,44,us,us,2,White,m,3,0,0
7236173,White,Asian,0, , ,.190163044154508,.531230955984997, , ,1,3, , , , ,1,1,5, , ,6,0, , ,0, , ,74,us,sm,2,White,f,0,-2,0
7236177,White,Asian,.015625, , ,.259577769724278,.0708932615300994, , ,2,3, , , , ,2,3,3, , ,7,-3, , ,1, , ,19,us,sm,2,White,m,-3,0,0
7236182,White,Asian,0, , ,.494931824333013,.954132434595673, , ,1,5, , , , ,1,5,4, , ,7,0, , ,0, , ,35,us,sm,2,White,f,0,0,0
7236193,White,Hispanic,0, , , , ,.088281248733197,.796533935011939, , , , ,3,4,4,4, , ,3,6, , ,2, , ,1,35,us,sm,2,White,f,2,0,-1
7236212,White,Asian,0, , ,.66328750200623,.409819334795377, , ,2,2, , , , ,2,2,3, , ,7,2, , ,0, , ,40,us,us,2,White,m,2,0,0
7236219,White,Asian,0, , ,.140104711612545,-.328494487102308, , ,3,4, , , , ,3,4,3, , ,7,3, , ,2, , ,25,us,sm,2,White,f,3,0,0
7236245,White,Hispanic,0, , , , ,-.227491561555308,.673379303902683, , , , ,2,5,3,5, , ,2,7, , ,3, , ,0,29,us,us,2,White,.,3,0,-1
7236251,White,Hispanic,0, , , , ,.138468046263316, , , , , ,2,2,2,4, , ,3,7, , ,3, , ,2,22,us,sm,2,White,m,3,2,0
7236252,Black, ,0,-.192285079536261,-.1887762583503, , , , , , ,2,4, , ,3,3, ,6, ,6, ,2, , ,0, ,22,us,us,1,Black or African American,f,2,-1,-1
7236267,White,Black,0,-.466602756429423,.394665069010269, , , , , , ,1,5, , ,1,5, ,7, ,7, ,0, , ,0, ,44,us,sm,.,White,f,0,0,0
7236271,White,Black,.0078125,1.03214533812148,.0344157234996018, , , , , , ,2,3, , ,4,1, ,3, ,6, ,2, , ,0, ,20,us,us,2,White,f,2,-2,-2
7236275,White,Hispanic,0, , , , ,.55575617134123,.334719897762457, , , , ,2,3,2,4, , ,3,3, , ,2, , ,1,19,us,us,2,White,f,2,1,0
7236279,Hispanic, , , , , , , , , , , , ,2,4,2,3, , ,3,6, , ,-1, , ,0,23,us,us,1,White,m,-1,-1,0
7236297,White,Black,0,-.21054691083134,-.281433539147981, , , , , , ,2,2, , ,2,2, ,3, ,7, ,3, , ,0, ,20,us,sm,.,White,f,3,0,0
7236300,White,Asian,0, , ,-.000710154672879409,.556370832184433, , ,3,5, , , , ,4,4,4, , ,3,0, , ,1, , ,49,us,us,2,White,f,0,-1,-1
7236316,White,Hispanic,0, , , , ,-.624752623523233,.374775157573409, , , , ,1,4,3,3, , ,4,5, , ,-2, , ,0,56,us,sm,2,White,m,-2,-1,-2
7236335,White,Asian,0, , ,-.385266065064448,-.241257781573656, , ,1,5, , , , ,1,3,2, , ,7,3, , ,-1, , ,46,us,sm,2,White,f,3,-2,0
7236355,White,Black,0,.2387057382195,.576163934540622, , , , , , ,1,3, , ,1,3, ,4, ,4, ,1, , ,0, ,51,us,us,2,White,f,1,0,0
7236367,White,Asian,0, , ,.956362228477948,-.171714114515828, , ,1,3, , , , ,1,3,2, , ,7,3, , ,0, , ,66,us,us,2,White,f,3,0,0
7236368,White,Black,.0078125,.0246173695832104,.165035430455711, , , , , , ,3,3, , ,3,4, ,3, ,6, ,1, , ,1, ,19,us,us,2,White,f,1,1,0
7236379,White,Hispanic,0, , , , ,.714391505166876,.798886736638334, , , , ,2,2,1,3, , ,3,4, , ,3, , ,1,61,us,us,2,White,f,3,1,1
7236403,White,Asian,0, , ,.793203353298938,.729674913648191, , ,1,4, , , , ,1,4,4, , ,3,1, , ,0, , ,32,us,sm,2,White,f,1,0,0
7236417,White,Black,0,.199669211364069,1.24099642628368, , , , , , ,1,5, , ,1,5, ,4, ,5, ,1, , ,0, ,46,us,us,2,White,f,1,0,0
7236418,White,Hispanic,0, , , , ,.936553168261314,.214374245830571, , , , ,1,4,1,4, , ,4,6, , ,2, , ,0,31,us,us,2,White,f,2,0,0
7236419,White,Asian,0, , ,.703959545241474,-.598505046516904, , ,1,5, , , , ,1,5,4, , ,4,1, , ,1, , ,68,us,sm,2,White,m,1,0,0
7236426,White,Black,.03125,.333485747384513,-.220724623693892, , , , , , ,1,5, , ,1,5, ,3, ,6, ,3, , ,0, ,18,us,us,.,White,f,3,0,0
7236429,Black, ,.0078125,-.0917319268258914,.982285292159357, , , , , , ,2,5, , ,4,4, ,2, ,7, ,3, , ,-2, ,29,us,us,2,Black or African American,f,3,-1,-2
7236464,Black, ,0,-.687493831277948,-.907576342139186, , , , , , ,1,5, , ,2,4, ,2, ,7, ,3, , ,-1, ,35,us,sm,2,Black or African American,m,3,-1,-1
7236483,Black, ,0,.378173960245483,.191122409898109, , , , , , ,1,5, , ,1,5, ,4, ,4, ,0, , ,0, ,41,us,us,2,Black or African American,f,0,0,0
7236486,White,Black,0,-.10865289074349,.248456763353913, , , , , , ,2,4, , ,3,3, ,2, ,6, ,2, , ,1, ,30,us,sm,2,White,m,2,-1,-1
7236491,Black, ,0,.0557985248792991,-.456570968803585, , , , , , ,1,5, , ,3,3, ,2, ,5, ,3, , ,-3, ,60,us,us,2,Black or African American,f,3,-2,-2
7236492,White,Asian,0, , ,.466378188401524,.421310984380779, , ,2,2, , , , ,5,2,4, , ,4,-1, , ,0, , ,27,us,us,2,White,m,-1,0,-3
7236495,White,Black,0,-.514078537605599,.594055604382731, , , , , , ,2,4, , ,2,4, ,2, ,6, ,2, , ,0, ,37,us,us,2,White,f,2,0,0
7236497,White,Black,0,1.161125675829,.817252268736494, , , , , , ,1,2, , ,2,2, ,3, ,5, ,1, , ,0, ,65,us,sm,2,White,m,1,0,-1
7236503,White,Asian,0, , ,-.441973151853854,.455058419418638, , ,2,4, , , , ,2,4,6, , ,6,0, , ,0, , ,38,us,us,2,White,f,0,0,0
7236519,White,Asian, , , , , , , ,1,4, , , , ,1,4,3, , ,7,3, , ,1, , ,49,us,us,.,White,f,3,0,0
7236525,White,Hispanic, , , , , ,-.270006178349223, , , , , , , , , , , , , , , , , , , ,22,us,us,2,White,f, , , 
7236526,Hispanic, ,0, , , , ,-.613871957881642,.527897450153497, , , , ,1,5,1,3, , ,3,5, , ,2, , ,0,17,us,us,1,More than one race - Other,f,2,-2,0
7236538,White,Black,0,.536777852290459,.202690637479908, , , , , , ,2,2, , ,2,2, ,4, ,4, ,-1, , ,0, ,32,us,sm,2,White,m,-1,0,0
7236546,White,Asian,.015625, , ,.417367895148771,.713000029989353, , ,2,2, , , , ,2,3,3, , ,7,2, , ,1, , ,55,us,us,2,White,m,2,1,0
7236548,White,Hispanic,0, , , , ,.170575516481176,-.117366002637093, , , , ,2,4,1,4, , ,4,7, , ,2, , ,1,30,us,sm,2,White,f,2,0,1
7236556,White,Hispanic,.562752016129032, , , , ,-.371819211505707,-.702420567389123, , , , ,2,4,2,4, , ,2,7, , ,3, , ,0,27,us,us,2,White,m,3,0,0
7236560,White,Black,0,.0594317558334006,.253879945390331, , , , , , ,2,4, , ,2,4, ,3, ,6, ,1, , ,1, ,48,us,sm,2,White,f,1,0,0
7236562,Black, ,0,-.175192534766056,.455051602127773, , , , , , ,1,4, , ,2,3, ,2, ,7, ,3, , ,0, ,57,us,sm,.,Black or African American,f,3,-1,-1
7236568,White,Black,.0078125,-.0685102486407166,.512495602456555, , , , , , ,3,2, , ,3,4, ,2, ,6, ,2, , ,1, ,26,us,us,2,White,f,2,2,0
7236570,White,Black,0,.416653126587402,-.102274217438692, , , , , , ,1,4, , ,1,4, ,6, ,6, ,2, , ,0, ,57,us,sm,2,White,m,2,0,0
7236575,White,Black,0,.978432847171502,1.22877685033977, , , , , , ,2,2, , ,1,4, ,3, ,4, ,0, , ,1, ,63,us,us,2,White,f,0,2,1
7236579,White,Asian,0, , ,-.70899669691223,-.141633851140237, , ,1,3, , , , ,1,3,5, , ,7,2, , ,0, , ,66,us,us,2,White,m,2,0,0
7236585,White,Asian,0, , ,.607130446321253,.943269109862513, , ,1,4, , , , ,1,4,6, , ,7,2, , ,0, , ,41,us,us,2,White,m,2,0,0
7236601,Black, ,0,.261288172741998,.376263197655618, , , , , , ,3,4, , ,1,2, ,3, ,4, ,2, , ,1, ,26,us,sm,2,Black or African American,m,2,-2,2
7236604,White,Black,0,.343770210957566,.885372607891734, , , , , , ,2,3, , ,2,3, ,2, ,6, ,2, , ,1, ,65,us,us,2,White,m,2,0,0
7236612,Hispanic, ,0, , , , , ,-.693662647851857, , , , ,2,3,2,3, , ,2,7, , ,3, , ,-1,35,us,us,1,More than one race - Other,f,3,0,0
7236615,White,Hispanic,0, , , , ,.828626704998901,.677099911805694, , , , ,3,3,2,5, , ,5,7, , ,2, , ,2,19,us,sm,2,White,f,2,2,1
7236621,Black, ,0,-.894897231526855,-.431467503237396, , , , , , ,3,4, , ,2,3, ,3, ,3, ,2, , ,-2, ,62,us,sm,3,Black or African American,f,2,-1,1
7236629,White,Hispanic, , , , , , , , , , , ,1,5,1,5, , ,6,7, , ,3, , ,0,24,us,sm,2,White,f,3,0,0
7236653,Hispanic, , , , , , , , , , , , ,2,3,2,3, , ,4,7, , ,2, , ,0,29,us,us,1,More than one race - Other,f,2,0,0
7236659,Black, ,0,-.991824674754836,-.778968161893072, , , , , , ,2,5, , ,3,3, ,2, ,7, ,3, , ,-2, ,58,us,sm,.,Black or African American,f,3,-2,-1
7236675,White,Black,0,.574394857166745,.388152460047204, , , , , , , , , , , , , , , , , , , , ,0, ,32,us,us,2,White,f, , , 
7236712,Black, , , , , , , , , , ,1,5, , ,2,4, ,2, ,7, ,3, , ,-3, ,29,us,us,2,Black or African American,f,3,-1,-1
7236721,White,Hispanic, , , , , , , , , , , ,1,4,2,3, , ,5,7, , ,2, , ,-1,44,us,us,2,White,m,2,-1,-1
7236731,White,Hispanic,.0078125, , , , ,-.757077065974106,.0152953876625989, , , , ,2,2,2,1, , ,3,3, , ,1, , ,0,26,us,sm,2,White,f,1,-1,0
7236740,White,Asian,0, , ,-.205979276496554,.691566921470933, , ,2,4, , , , ,2,4,6, , ,5,0, , ,1, , ,27,us,us,2,White,f,0,0,0
7236743,White,Asian,0, , ,.0825613633197183,.803594794744302, , ,5,3, , , , ,1,3,5, , ,7,2, , ,0, , ,20,us,us,2,White,m,2,0,4
7236744,White,Black,0,.617239542169249,.65963774525557, , , , , , ,1,4, , ,1,4, ,7, ,7, ,1, , ,0, ,67,us,us,2,White,f,1,0,0
7236751,White,Black,0,.566956192044335,.967489849472418, , , , , , ,1,5, , ,1,5, ,3, ,4, ,1, , ,0, ,56,us,us,2,White,f,1,0,0
7236776,Hispanic, ,0, , , , ,.450861017705802,.402181115139479, , , , ,3,3,1,5, , ,5,7, , ,0, , ,0,25,us,us,1,White,f,0,2,2
7236819,White,Asian, , , , , , , , , , , , , , , ,5, , ,6,2, , , , , ,32,us,us,2,White,f, , , 
7236874,Black, ,0,.369622196794096,-.168950407271346, , , , , , ,3,5, , ,3,4, ,2, ,3, ,3, , ,-1, ,24,us,us,2,Black or African American,f,3,-1,0
7236879,Hispanic, ,.015625, , , , ,-.368114694266189,-.379254729810531, , , , ,1,4,2,4, , ,3,6, , ,2, , ,0,22,us,sm,1,Other or Unknown,m,2,0,-1
7236904,Black, ,.0078125,.294037498170726,-.210967914468885, , , , , , ,1,5, , ,1,5, ,2, ,7, ,-1, , ,0, ,24,us,sm,2,Black or African American,m,-1,0,0
7236966,Hispanic, ,0, , , , ,-.116139212292585,.42959571504144, , , , ,2,4,2,4, , ,2,7, , ,3, , ,1,46,us,us,1,White,f,3,0,0
7236982,White,Black,0,.615765824403615,.437991308995811, , , , , , ,2,3, , ,1,5, ,4, ,6, ,1, , ,1, ,28,us,us,2,White,f,1,2,1
7237016,White,Asian,.0234375, , ,.51941801239225,.439179911027948, , ,1,4, , , , ,4,5,7, , ,7,3, , ,2, , ,20,us,us,2,White,f,3,1,-3
7237019,White,Black,0,-.255815445494265,.617571710315214, , , , , , ,1,4, , ,2,4, ,2, ,7, ,3, , ,0, ,54,us,us,2,White,m,3,0,-1
7237047,Hispanic, ,0, , , , ,-.440996928053635,-.164770104721748, , , , ,2,5,2,4, , ,3,7, , ,3, , ,0,21,us,us,1,White,f,3,-1,0
7237169,Black, ,.0078125,-.364022048128184,-.223055149546733, , , , , , ,1,5, , ,1,3, ,3, ,7, ,2, , ,0, ,52,us,us,2,Black or African American,m,2,-2,0
7237181,White,Black,0,.435887561606915,.635295719931993, , , , , , ,3,4, , ,4,3, ,2, ,6, ,3, , ,0, ,75,us,sm,3,White,f,3,-1,-1
7237231,Hispanic, ,0, , , , ,-.0483650687917916,.799565323318079, , , , ,1,5,1,4, , ,3,7, , ,2, , ,0,33,us,us,1,White,f,2,-1,0
7237280,Black, ,0,.258496832553909,.0237190066539971, , , , , , ,2,4, , ,2,4, ,3, ,7, ,1, , ,-1, ,38,us,us,2,Black or African American,m,1,0,0
7237287,White,Asian,0, , ,.163087484351015,1.06838015559917, , ,1,4, , , , ,1,4,4, , ,7,2, , ,0, , ,55,us,sm,2,White,f,2,0,0
7237293,White,Asian,.015625, , ,.513968772857655,.114685986565581, , ,1,4, , , , ,1,5,3, , ,7,2, , ,1, , ,19,us,sm,2,White,f,2,1,0
7237302,White,Hispanic, , , , , , , , , , , ,1,4,1,4, , ,5,7, , ,-1, , ,-1,49,us,us,2,White,f,-1,0,0
7237318,White,Asian,0, , , ,.662523680766609, , ,1,3, , , , ,1, ,3, , ,5,1, , ,0, , ,24,us,us,2,White,m,1, ,0
7237337,White,Black,0,.587046157545525,.38806006603861, , , , , , ,4,3, , ,2,4, ,3, ,7, ,3, , ,2, ,18,us,sm,2,White,f,3,1,2
7237402,White,Asian,0, , ,.176132331385397,-.0562079799016483, , ,2,2, , , , ,3,2,3, , ,5,2, , , , , ,49,us,us,2,White,m,2,0,-1
7237413,White,Asian,0, , ,-.635692321322558,-.355050645253663, , ,1,1, , , , ,2,1,3, , ,7,2, , ,0, , ,22,us,us,2,White,m,2,0,-1
7237440,White,Black,0,.594167680293126,-.105818934908107, , , , , , ,3,4, , ,4,3, ,3, ,6, ,1, , ,0, ,39,us,us,2,White,f,1,-1,-1
7237446,White,Asian,0, , ,-.26548917460871,.0885296280364174, , ,2,4, , , , ,2,2,3, , ,6,2, , ,0, , ,23,us,us,2,White,f,2,-2,0
7237455,White,Black,0,.490977065433115,.424748604003441, , , , , , ,4,3, , ,2,5, ,5, ,7, ,3, , ,3, ,21,us,us,.,White,m,3,2,2
7237516,White,Black,.5625,.926840165683773, , , , , , , ,2,3, , ,1,4, ,3, ,6, ,2, , ,2, ,19,us,us,2,White,m,2,1,1
7237548,Hispanic, ,0, , , , ,-.0505632115777448,-.217827623019331, , , , ,2,5,5,2, , ,4,7, , ,3, , ,-3,22,us,us,1,Other or Unknown,f,3,-3,-3
7237634,White,Asian,0, , ,-.53517376476147,.585521348827617, , ,1,4, , , , ,2,4,3, , ,7,2, , ,0, , ,49,us,sm,2,White,f,2,0,-1
7237743,White,Black,0,.1832004670491,.132380798749029, , , , , , ,1,4, , ,1,4, ,6, ,5, ,-1, , ,0, ,20,us,sm,2,White,m,-1,0,0
7237780,Black, ,0,-.183024875215432,-.0546316648078683, , , , , , ,1,4, , ,2,4, ,6, ,6, ,2, , ,-1, ,65,us,us,2,Black or African American,f,2,0,-1
7237784,White,Asian,.0078125, , ,1.09220166612639,1.16390734385745, , ,2,2, , , , ,3,4,5, , ,7,2, , ,2, , ,61,us,us,2,White,f,2,2,-1
7237821,White,Hispanic,.0078125, , , , ,-.989461636657275,.296474514009693, , , , ,1,5,1,4, , ,6,7, , ,2, , ,0,42,us,sm,2,White,f,2,-1,0
7237867,White,Hispanic,0, , , , ,1.11346652980555,.597017589640818, , , , ,3,3,3,3, , ,6,7, , ,2, , ,1,60,us,us,2,White,f,2,0,0
7237949,White,Asian,0, , ,-.943971424122733,-.296281877429661, , ,1,3, , , , ,3,2,7, , ,7,3, , ,0, , ,33,us,us,2,White,f,3,-1,-2
7238006,Black, ,.0078125,-.600091418245669,-.339119041559919, , , , , , ,4,3, , ,3,4, ,5, ,7, ,3, , ,1, ,24,us,sm,3,Black or African American,f,3,1,1
7238014,White,Black,0,.326826715782851,.390861455919203, , , , , , ,1,5, , ,1,5, ,4, ,1, ,0, , ,0, ,20,us,us,.,White,m,0,0,0
7238015,Black, ,0,.00645277402413632,.299521497876889, , , , , , ,2,3, , ,2,2, ,5, ,6, ,2, , ,0, ,21,us,us,2,Black or African American,f,2,-1,0
7238054,White,Asian,0, , ,.866254711466714,.69298756391398, , , , , , , , , , , , , , , , , , , , ,33,us,us,2,White,f, , , 
7238098,White,Asian,0, , ,-.198437823107405,.285951899083123, , ,1,3, , , , ,1,3,3, , ,7,3, , ,0, , ,43,us,sm,2,White,f,3,0,0
7238142,White,Black,0,.158401645988996,.0183042716634648, , , , , , ,2,4, , ,2,4, ,3, ,6, ,2, , ,1, ,52,us,sm,2,White,f,2,0,0
7238203,Black, ,0,-.330628409419544,.507471673321741, , , , , , ,2,4, , ,2,4, ,3, ,4, ,1, , ,0, ,26,us,us,2,Black or African American,m,1,0,0
7238221,Asian, ,.015625, , ,.16911699628245,.621084336877853, , ,1,4, , , , ,4,4,3, , ,7,2, , ,0, , ,24,us,us,2,East Asian,f,2,0,-3
7238234,White,Asian,0, , ,-.164047619663289,.241306076619547, , , , , , , , , , , , , , , , , , , , ,31,us,sm,2,White,m, , , 
7238251,White,Black,0,.0154424332947046,-.541356623176153, , , , , , ,1,3, , ,2,4, ,4, ,4, ,1, , ,0, ,52,us,sm,2,White,f,1,1,-1
7238256,White,Asian,0, , ,-.226825923762883,.828959249334532, , ,2,2, , , , ,1,2,5, , ,7,1, , ,1, , ,28,us,sm,2,White,m,1,0,1
7238260,White,Hispanic, , , , , , , , , , , ,1,4,1,4, , ,4,4, , ,0, , ,0,43,us,us,2,White,f,0,0,0
7238265,White,Hispanic,0, , , , ,.123195054172764,.486306605142367, , , , ,2,4,3,2, , , , , , ,3, , ,0,38,us,us,2,White,f,3,-2,-1
7238270,White,Black,0,-.131473469782206,.717674812531718, , , , , , ,1,5, , ,1,5, ,4, ,4, ,1, , ,0, ,50,us,us,2,White,f,1,0,0
7238286,White,Hispanic,0, , , , ,.170223702476126,-.201738524558134, , , , ,3,2,1,5, , , , , , , , , , ,31,us,us,2,White,m, ,3,2
7238309,Black, , ,-.939492710644908, , , , , , , , , , , , , , , , , , , , , , , ,30,us,us,2,Black or African American,f, , , 
7238311,Hispanic, ,0, , , , ,.237786405646961,.590683866025441, , , , ,3,4,3,4, , ,2,2, , ,3, , ,-1,30,us,us,1,More than one race - Other,f,3,0,0
7238438,White,Hispanic,0, , , , ,.328073435788992,.106442067700115, , , , ,1,4,1,4, , ,3,7, , ,2, , ,0,41,us,us,1,White,m,2,0,0
7238441,Black, ,0,-.726596773519785, , , , , , , ,3,5, , ,3,5, ,4, ,4, ,0, , ,0, ,27,us,us,2,Black or African American,f,0,0,0
7238462,White,Black,0,-.50123042433417,.0940857954696146, , , , , , ,2,3, , ,2,3, ,6, ,6, ,1, , ,-1, ,20,us,us,2,White,f,1,0,0
7238477,White,Hispanic,0, , , , ,-.169839512507348,-.233566346305805, , , , ,1,4,1,4, , ,4,4, , ,0, , ,0,45,us,us,2,White,f,0,0,0
7238489,White,Hispanic, , , , , , , , , , , ,3,3,3,3, , ,4,4, , ,0, , ,0,27,us,us,2,White,m,0,0,0
7238495,White,Asian,0, , ,-.0784032158775488,.137874128103082, , ,1,4, , , , ,1,4,3, , ,3,1, , ,0, , ,54,us,sm,2,White,m,1,0,0
7238502,White,Black, , , , , , , , , ,1,3, , ,1,3, ,3, ,6, ,2, , ,0, ,19,us,sm,2,White,f,2,0,0
7238503,White,Hispanic,0, , , , ,-.0111578049161526,.0938814694295658, , , , ,2,4,2,3, , ,4,6, , ,3, , ,0,31,us,us,2,White,f,3,-1,0
7238514,Black, ,0,-.160041119424299,.130253341552314, , , , , , ,1,5, , ,1,5, ,4, ,7, ,3, , ,0, ,24,us,us,2,Black or African American,m,3,0,0
7238519,White,Hispanic,0, , , , ,-.103907707094123,.0106101722431825, , , , ,2,4,2,5, , ,3,4, , ,0, , ,0,42,us,us,1,White,f,0,1,0
7238557,White,Hispanic, , , , , , ,.982763379917117, , , , , , , , , , , , , , , , , , ,20,us,sm,2,White,f, , , 
7238558,White,Hispanic,0, , , , ,.473473131884112,.741458827894645, , , , ,1,3,3,4, , ,3,7, , ,2, , ,0,19,us,sm,2,White,m,2,1,-2
7238583,White,Hispanic,0, , , , ,1.01371379479566,.945340946441396, , , , ,3,3,3,3, , ,3,5, , ,2, , ,0,23,us,us,2,White,m,2,0,0
7238592,White,Hispanic,.0078125, , , , ,.607369096703706,.751465105495905, , , , ,3,2,3,4, , ,5,7, , ,2, , ,2,40,us,us,2,White,m,2,2,0
7238598,Asian, ,0, , ,-.321929052891654,-.564228975594681, , ,1,4, , , , ,1,3,3, , ,7,2, , ,0, , ,26,us,us,2,East Asian,f,2,-1,0
7238618,Hispanic, ,0, , , , ,.587993418242306,.0496307341147319, , , , ,2,5,4,2, , ,1,7, , ,3, , ,0,27,us,us,1,More than one race - Other,f,3,-3,-2
7238627,White,Asian,0, , ,-1.01519131106526,.339075174098992, , ,1,5, , , , ,1,5,6, , ,7,2, , ,0, , ,43,us,sm,2,White,f,2,0,0
7238656,White,Asian,0, , ,.0731470233434091,.410946488043507, , ,1,5, , , , ,1,5,4, , ,7,2, , ,0, , ,64,us,us,2,White,m,2,0,0
7238661,White,Hispanic,0, , , , ,-.40602799773021,.742812759226574, , , , ,2,4,1,4, , ,7,7, , ,2, , ,2,33,us,sm,.,White,m,2,0,1
7238683,White,Black,.0078125,-.573317200624903,-.160849828213496, , , , , , ,1,2, , ,1,2, ,1, ,6, ,3, , ,0, ,19,us,sm,2,White,f,3,0,0
7238736,White,Hispanic,0, , , , ,.0700213011259423,.739683217178372, , , , ,1,5,1,5, , ,7,7, , ,0, , ,0,49,us,sm,2,White,m,0,0,0
7238764,Black, ,0,-.185416019597847,-.707488485058064, , , , , , ,1,5, , ,3,2, ,1, ,7, ,3, , ,-3, ,48,us,us,2,Black or African American,f,3,-3,-2
7238765,Black, ,0,-.940804845768546,.438168971543927, , , , , , ,2,4, , ,2,4, ,1, ,7, ,2, , ,0, ,62,us,us,2,Black or African American,f,2,0,0
7238766,White,Black,0,.741169003724622,.686935165837659, , , , , , ,2,4, , ,2,4, ,2, ,7, ,3, , ,0, ,59,us,us,2,White,f,3,0,0
7238772,Hispanic, ,0, , , , ,-.609685993283626,.60223968810849, , , , ,1,5,1,5, , ,3,7, , ,3, , ,0,19,us,us,1,More than one race - Other,f,3,0,0
7238818,White,Hispanic,0, , , , ,.0759773544043043,-.166922918124701, , , , ,1,1,1,1, , ,3,5, , ,2, , ,1,38,us,us,2,White,f,2,0,0
7238852,Hispanic, ,.0078125, , , , ,-.231844419516876,.200681006479731, , , , ,3,3,3,3, , ,4,4, , ,3, , ,1,23,us,us,1,More than one race - Other,m,3,0,0
7238893,Hispanic, ,0, , , , ,-.386474509789216,-.000844508844659912, , , , ,3,4,3,3, , ,7,7, , ,0, , ,-1,32,us,us,1,White,f,0,-1,0
7238900,White,Asian,0, , ,.848039095091702,1.05286180867654, , , , , , , , , , , , , , , , , , , , ,29,us,us,2,White,f, , , 
7238923,White,Black,0,.0730625341614804,-.17458552808832, , , , , , ,1,3, , ,2,3, ,2, ,7, ,2, , ,0, ,20,us,sm,2,White,f,2,0,-1
7238942,White,Black,.921875, , , , , , , , ,5,1, , ,1,5, ,1, ,7, ,3, , ,3, ,26,us,sm,2,White,m,3,4,4
7238956,Black, ,0,.352885633602485,.815451997306152, , , , , , ,3,3, , ,1,4, ,3, ,5, ,1, , ,0, ,20,us,sm,2,Black or African American,f,1,1,2
7239009,White,Asian,0, , ,.385364063897864,.0119592577120027, , ,3,2, , , , ,3,2,6, , ,7,1, , ,2, , ,37,us,sm,2,White,f,1,0,0
7239011,Black, ,.359375,.421451890092337,.0865000706243181, , , , , , ,1,4, , ,1,4, ,2, ,7, ,3, , ,0, ,65,us,us,2,Black or African American,m,3,0,0
7239041,White,Asian,0, , ,-.854890317697372,-.252954322041324, , ,1,4, , , , ,1,3,4, , ,4,0, , ,0, , ,30,us,us,2,White,m,0,-1,0
7239047,White,Asian,0, , ,.527697660137501,.119251119799618, , ,2,5, , , , ,2,5,4, , ,7,2, , ,0, , ,24,us,us,2,White,m,2,0,0
7239072,Black, ,.2109375,.480974620979917,.262082986806863, , , , , , ,1,5, , ,1,5, ,4, ,4, ,0, , ,0, ,44,us,sm,2,Black or African American,f,0,0,0
7239125,White,Hispanic,0, , , , ,.463206345303965,.68428189731487, , , , ,2,3,2,3, , ,2,7, , ,3, , ,0,38,us,us,2,White,f,3,0,0
7239126,White,Black,0,1.04703320800937,.422549724306563, , , , , , , , , , , , , , , , , , , , , , ,52,us,us,2,White,m, , , 
7239204,White,Asian,0, , ,-.19049959237057,-.753264269352137, , ,1,4, , , , ,3,2,5, , ,7,1, , ,-3, , ,20,us,sm,.,White,f,1,-2,-2
7239209,White,Asian,.015625, , ,.264898071763649,.132816717251284, , ,1,1, , , , ,1,1,3, , ,4,2, , ,0, , ,43,us,us,2,White,m,2,0,0
7239256,Black, ,.0078125,-.0113370976325154,.252372226232266, , , , , , ,3,4, , ,3,4, ,2, ,7, ,3, , ,0, ,18,us,us,2,Black or African American,f,3,0,0
7239293,White,Hispanic,0, , , , ,.117941184967232,.0873700491903408, , , , ,1,1,1,1, , ,4,4, , ,1, , ,0,21,us,sm,2,White,m,1,0,0
7239305,White,Black,0,-.180094412718247,.634520010315236, , , , , , ,2,4, , ,2,3, ,2, ,7, ,3, , ,0, ,24,us,sm,2,White,f,3,-1,0
7239377,White,Hispanic,0, , , , ,1.00614071778184,-.00241101871155213, , , , ,2,2,2,2, , ,2,3, , ,3, , ,1,59,us,us,2,White,m,3,0,0
7239539,Hispanic, ,0, , , , ,-.0496437866997708,-.522191758949474, , , , ,2,4,4,2, , ,2,7, , ,3, , ,-3,25,us,us,1,White,f,3,-2,-2
7239772,White,Hispanic,.875, , , , , , , , , , ,3,2,3,3, , ,4,4, , ,1, , ,0,22,us,us,1,White,f,1,1,0
7239856,White,Asian,0, , ,-.442790604242944,.566957109316631, , ,1,4, , , , ,2,4,6, , ,7,2, , ,0, , ,44,us,sm,2,White,m,2,0,-1
7239885,White,Asian,0, , ,.595841162758723,.132707561860809, , ,1,3, , , , ,1,3,3, , ,3,1, , ,0, , ,74,us,us,2,White,m,1,0,0
7239887,Black, , , , , , , , , , ,1,3, , ,1,4, ,4, ,6, ,3, , ,2, ,46,us,sm,2,Black or African American,f,3,1,0
7239968,White,Hispanic,0, , , , ,.54414214407898,.296631662167783, , , , ,1,4,1,4, , ,2,7, , ,3, , ,0,44,us,sm,2,White,m,3,0,0
7240008,Hispanic, , , , , , , , , , , , ,1,5,1,5, , ,6,4, , ,0, , ,0,20,us,us,1,White,m,0,0,0
7240073,White,Hispanic,0, , , , , ,-.570075690847777, , , , ,1,3,1,3, , ,4,6, , ,1, , ,0,57,us,us,2,White,m,1,0,0
7240114,White,Hispanic,0, , , , ,-.372604032817598,1.08014301215406, , , , ,2,3,2,4, , ,3,2, , ,3, , ,0,19,us,sm,2,White,f,3,1,0
7240119,White,Black,0,-.237254098748633,.431044069754055, , , , , , ,2,2, , ,1,3, ,3, ,6, ,1, , ,2, ,65,us,us,2,White,f,1,1,1
7240137,Black, ,0,-.752884030511193,-.272353051222344, , , , , , ,3,3, , ,3,3, ,3, ,7, ,3, , ,-2, ,26,us,sm,2,Black or African American,m,3,0,0
7240172,White,Hispanic,0, , , , ,.414450471358884,.516023693108424, , , , ,2,2,3,3, , ,3,2, , ,2, , ,1,66,us,sm,2,White,f,2,1,-1
7240179,Hispanic, ,0, , , , , ,-.240251981803668, , , , ,2,4,2,4, , ,2,7, , ,3, , ,-1,21,us,us,1,Other or Unknown,m,3,0,0
7240274,Hispanic, ,0, , , , ,.144285600559691,.804772877120596, , , , ,2,4,2,4, , ,2,7, , ,2, , ,1,26,us,us,1,Other or Unknown,f,2,0,0
7240325,Asian, ,0, , ,-.44571606454383,.140494560299323, , ,2,4, , , , ,2,3,4, , ,7,2, , ,-1, , ,22,us,sm,2,East Asian,m,2,-1,0
7240368,Asian, ,.0078125, , ,-.589207730820296,.0630559019169903, , ,1,3, , , , ,1,2,6, , ,6,2, , ,-1, , ,22,us,sm,2,East Asian,m,2,-1,0
7240379,Hispanic, ,0, , , , ,-.105720301340623,.399046201739352, , , , , , , , , , , , , , , , , , ,22,us,sm,1,More than one race - Other,m, , , 
7240456,Hispanic, ,0, , , , ,-.523712305158304,-.943067060718398, , , , ,2,4,3,3, , ,1,7, , ,3, , ,-2,35,us,sm,1,White,f,3,-1,-1
7240478,White,Asian,0, , ,-.182728730471723,.134795814664651, , ,1,2, , , , ,2,2,4, , ,5,1, , ,0, , ,43,us,sm,2,White,f,1,0,-1
7240514,White,Hispanic,0, , , , ,.502962495331815,.24953977597058, , , , ,2,3,3,3, , ,2,5, , ,2, , ,1,30,us,sm,2,White,m,2,0,-1
7240526,White,Asian,0, , ,-.222199534552797,.696387540153966, , ,1,4, , , , ,2,2,7, , ,6,1, , ,0, , ,54,us,us,2,White,f,1,-2,-1
7240579,Asian, , , , , , , , ,3,4, , , , ,3,4,3, , ,6,1, , ,-2, , ,23,us,us,2,East Asian,f,1,0,0
7240589,White,Black,0,-.102813105339964,.864111852880455, , , , , , ,1,5, , ,1,5, ,1, ,7, ,3, , ,0, ,36,us,sm,2,White,f,3,0,0
7240592,White,Asian,0, , ,.499643028820737,.2908178606392, , ,2,4, , , , ,2,3,5, , ,6,2, , ,0, , ,31,us,us,2,White,f,2,-1,0
7240640,White,Asian,0, , ,-.0784956241387811,.706096534434295, , ,4,5, , , , ,5,5,7, , ,7,-1, , ,0, , ,25,us,sm,2,White,f,-1,0,-1
7240688,White,Black,0,.127693320211821,.464181644399325, , , , , , ,3,4, , ,2,2, ,3, ,5, ,2, , ,0, ,18,us,us,2,White,m,2,-2,1
7240701,White,Asian,0, , ,-.0979295185825818,.57624574746899, , ,1,3, , , , ,3,3,2, , ,7,3, , ,0, , ,24,us,us,2,White,f,3,0,-2
7240731,Hispanic, ,0, , , , ,.0407587576006503,.467208791996566, , , , ,3,4,3,3, , ,2,7, , ,3, , ,0,21,us,us,1,White,f,3,-1,0
7240790,Hispanic, ,0, , , , ,.0979937136121806,.266829448870774, , , , ,1,4,2,4, , ,3,5, , ,2, , ,0,37,us,us,1,White,f,2,0,-1
7240805,White,Black,0,.515140770073103,.618400543360371, , , , , , ,4,3, , ,3,3, ,2, ,7, ,3, , ,0, ,38,us,vn,2,White,m,3,0,1
7240835,Asian, ,0, , ,.157479405902352,.690681098410253, , ,3,3, , , , ,2,4,3, , ,3,3, , ,1, , ,21,us,sm,2,East Asian,f,3,1,1
7240840,Hispanic, ,.00806451612903226, , , , ,.0579022625759258,.642585583373271, , , , ,3,3,2,3, , ,3,3, , ,0, , ,1,19,us,sm,1,White,m,0,0,1
7240853,White,Black,0,-.280586721134,.0956672202749582, , , , , , ,2,4, , ,2,4, ,5, ,3, ,0, , ,0, ,27,us,us,3,White,m,0,0,0
7240908,White,Black,0,-.311541043148458,.856306897631126, , , , , , ,3,3, , ,3,4, ,2, ,7, ,3, , ,0, ,46,us,us,3,White,f,3,1,0
7241152,Asian, ,0, , ,-.375373688085926,.520991775118849, , ,2,5, , , , ,2,4,5, , ,7,2, , ,0, , ,49,us,sm,2,East Asian,f,2,-1,0
7241155,White,Asian, , , , , , , ,2,4, , , , ,2,4,5, , ,7,1, , ,1, , ,61,us,us,2,White,f,1,0,0
7241220,White,Hispanic,0, , , , ,-.86907362260267,.0367215171497625, , , , ,2,4,2,4, , ,5,6, , ,2, , ,0,53,us,sm,2,White,f,2,0,0
7241231,Hispanic, ,0, , , , ,-.125109775246587,.543065230709491, , , , ,2,3,1,4, , ,2,7, , ,2, , ,2,49,us,us,1,White,f,2,1,1
7241390,White,Hispanic,0, , , , ,-.183090732757608,.495325272274509, , , , ,2,4,2,4, , ,3,7, , ,2, , ,0,23,us,us,2,White,f,2,0,0
7241702,White,Asian,0, , ,.42772361077031,-.144395321365355, , ,1,3, , , , ,2,2,3, , ,7,3, , ,0, , ,46,us,us,2,White,f,3,-1,-1
7241776,White,Asian,0, , ,.269551648551209,.671483431075849, , ,2,3, , , , ,2,4,3, , ,5,1, , ,1, , ,43,us,us,2,White,f,1,1,0
7241784,White,Asian,0, , ,.266915587311, , , , , , , , , , , , , , , , , , , , , ,39,us,us,2,White,f, , , 
7241900,White,Black,0,.183669419691546,-.0707374433933612, , , , , , ,2,3, , ,2,4, ,3, ,3, ,2, , ,0, ,27,us,us,2,White,f,2,1,0
7242052,Black, ,.0078125,-1.08654967078735,.691201326962454, , , , , , ,2,4, , ,3,2, ,2, ,7, ,3, , ,-1, ,30,us,us,2,Black or African American,m,3,-2,-1
7242054,Black, ,0,-.0490019151324899,-.439276734362185, , , , , , ,1,3, , ,2,4, ,2, ,2, ,2, , ,-2, ,36,us,us,3,Black or African American,f,2,1,-1
7242078,Black, ,0,-.0878284555158391,-.803821662949791, , , , , , ,1,5, , ,1,5, ,3, ,7, ,3, , ,0, ,28,us,us,2,Black or African American,f,3,0,0
7242172,Black, , , , , , , , , , ,4,3, , ,3,4, ,2, ,6, ,3, , ,-1, ,64,us,us,2,Black or African American,m,3,1,1
7242240,White,Black,0,.339375505902691,.337895215973169, , , , , , ,3,3, , ,3,3, ,2, ,7, ,2, , ,1, ,22,us,sm,.,White,f,2,0,0
7242255,White,Asian,0, , ,.141984358880165,.938663781375056, , ,2,4, , , , ,2,4,3, , ,4,2, , ,0, , ,25,us,us,.,White,f,2,0,0
7242259,Hispanic, ,0, , , , ,.0889402686688767,.171870085938071, , , , ,1,4,1,4, , ,6,6, , ,0, , ,0,25,us,us,1,White,m,0,0,0
7242308,White,Asian,.0078125, , ,.293249351609714,.728525015467825, , ,1,4, , , , ,1,4,3, , ,7,2, , ,0, , ,28,us,us,2,White,m,2,0,0
7242316,White,Asian,0, , ,-.796454594167801,-.182671025280844, , ,1,3, , , , ,2,3,3, , ,7,2, , ,0, , ,35,us,sm,2,White,.,2,0,-1
7242336,White,Black, , ,.3708473627294, , , , , , ,1,3, , ,1,3, ,2, ,7, ,3, , ,1, ,22,us,us,2,White,f,3,0,0
7242337,Hispanic, ,0, , , , ,-.0609640502468257,-.115703099925347, , , , ,1,5,1, , , ,4,7, , ,3, , ,0,20,us,sm,1,Other or Unknown,f,3, ,0
7242352,Hispanic, ,0, , , , ,.0671878165138371,-.175893934125736, , , , ,1,2,1,2, , ,2,6, , ,3, , ,0,33,us,us,1,Other or Unknown,m,3,0,0
7242383,Hispanic, ,0, , , , ,-.0200747944888703,.897239244059032, , , , ,1,4,1,4, , ,7,7, , ,0, , ,0,48,us,us,1,White,f,0,0,0
7242385,White,Asian,0, , ,-.434598786806346,.459669773380412, , ,1,4, , , , ,1,4,6, , ,6,1, , ,1, , ,19,us,sm,2,White,f,1,0,0
7242430,Hispanic, , , , , , , , , , , , ,2,2,2,3, , ,2,4, , ,1, , ,0,34,us,us,1,White,f,1,1,0
7242443,Asian, ,0, , ,.494808271737815,.890865297475107, , ,3,4, , , , ,3,4,2, , ,7,3, , ,0, , ,40,us,us,3,East Asian,m,3,0,0
7242449,Hispanic, ,.015625, , , , ,-.682194539112447,.0550578352949295, , , , ,1,5,1,5, , ,2,7, , ,3, , ,0,21,us,sm,1,Other or Unknown,f,3,0,0
7242457,White,Hispanic, , , , , , , , , , , ,1,2,2,2, , ,3,5, , ,1, , ,0,41,us,us,2,White,m,1,0,-1
7242464,Black, ,0,-.93083848701741,-.659515670075366, , , , , , , , , , , , , , , , , , , , , , ,39,us,us,2,Black or African American,f, , , 
7242604,Black, ,0,-.251925952989712,.119449143077271, , , , , , ,5,5, , ,5,5, ,7, ,7, ,0, , ,0, ,29,us,us,2,Black or African American,f,0,0,0
7242784,White,Asian,0, , ,-.246146349286507,-.0999320977746451, , ,1,4, , , , ,4,2,3, , ,7,1, , ,-1, , ,40,us,us,2,White,f,1,-2,-3
7242786,Black, ,0,.0763608486106073,-.083830902543312, , , , , , ,2,3, , ,3,3, ,4, ,4, ,0, , ,0, ,31,us,us,3,Black or African American,f,0,0,-1
7242918,White,Black,0,.538030214908462,.867274616904691, , , , , , ,2,2, , ,2,2, ,2, ,7, ,3, , ,2, ,51,us,us,2,White,f,3,0,0
7242965,White,Asian,0, , ,.375224512609437,.485395929051685, , ,1,3, , , , ,2,3,2, , ,7,3, , ,-1, , ,21,us,sm,2,White,m,3,0,-1
7242970,White,Asian,0, , ,.0741363424669958,1.39468869498818, , , , , , , , , , , , , , , , , , , , ,40,us,us,2,White,f, , , 
7242976,White,Asian,0, , ,-.323084925729233,.413259338518822, , ,1,3, , , , ,1,3,4, , ,7,1, , ,1, , ,50,us,sm,3,White,m,1,0,0
7243013,White,Hispanic,0, , , , ,.24422899267745,.527315094994538, , , , ,1,3,1,4, , ,2,6, , ,2, , ,0,50,us,us,2,White,m,2,1,0
7243040,White,Hispanic,0, , , , ,-.000167944198151082,.606556048177629, , , , ,1,3,2,4, , ,2,7, , ,3, , ,1,25,us,sm,.,White,m,3,1,-1
7243075,Black, ,0,-.84136021964949,.549069218118429, , , , , , ,3,4, , ,3,2, ,2, ,7, ,3, , ,-2, ,22,us,us,2,Black or African American,f,3,-2,0
7243089,White,Asian, , , , , , , ,1,2, , , , ,2,3,5, , ,7,3, , ,2, , ,21,us,sm,2,White,m,3,1,-1
7243097,White,Black,0,.700468237238317,.13496744541281, , , , , , ,2,4, , ,2,4, ,6, ,6, ,1, , ,0, ,58,us,sm,.,White,f,1,0,0
7243115,White,Black,0,-.194031928544961,.825008510954514, , , , , , ,2,4, , ,2,4, ,3, ,5, ,2, , ,0, ,60,us,us,2,White,f,2,0,0
7243152,Hispanic, ,.0546875, , , , ,.135255956488304,-.68623194276397, , , , ,1,5,1,5, , ,6,6, , ,1, , ,0,52,us,us,1,White,m,1,0,0
7243166,White,Asian,0, , ,-.0486227952989443,-.2604757069818, , ,5,5, , , , ,1,5,6, , ,6,1, , ,0, , ,72,us,sm,2,White,.,1,0,4
7243173,White,Hispanic,0, , , , ,1.21228131169814,.726002856005769, , , , ,1,1,1,1, , ,4,4, , ,1, , ,0,68,us,us,2,White,f,1,0,0
7243199,White,Hispanic,.0078125, , , , ,-.651337726449457,.0512150141040023, , , , ,1,5,1,5, , ,2,7, , ,3, , ,0,30,us,sm,2,White,f,3,0,0
7243213,White,Asian,0, , ,.62823518102296,.781532777753209, , ,2,3, , , , ,2,3,3, , ,5,1, , ,0, , ,61,us,sm,2,White,m,1,0,0
7243238,Black, ,0,-.0991151381292836,.304551704232471, , , , , , , , , , , , , , , , , , , , , , ,53,us,us,2,Black or African American,f, , , 
7243244,Black, ,.1640625,-.901000559650903,.4325603708054, , , , , , ,1,4, , ,1,4, ,1, ,1, ,3, , ,0, ,54,us,us,2,Black or African American,f,3,0,0
7243260,White,Asian,0, , ,-.353580627320472,.373689728048991, , ,1,3, , , , ,1,3,4, , ,6,1, , ,0, , ,30,us,sm,2,White,f,1,0,0
7243263,Hispanic, ,0, , , , ,-.160984565934309,.176614549215122, , , , ,1,5,3,4, , ,1,7, , ,3, , ,0,58,us,sm,1,White,f,3,-1,-2
7243301,Hispanic, , , , , , ,.473439145992383, , , , , ,1,4,1,4, , ,3,7, , ,3, , ,0,34,us,sm,1,White,f,3,0,0
7243303,White,Hispanic,0, , , , ,-.481406554593746,.565644722212142, , , , ,1,4,1,4, , ,7,7, , ,0, , ,0,49,us,us,2,White,f,0,0,0
7243351,White,Black,0,.248549892421395,.269912095890528, , , , , , ,1,4, , ,1,4, ,3, ,2, ,1, , ,0, ,50,us,us,2,White,m,1,0,0
7243395,White,Asian,0, , ,.578675164110777,.117497671058047, , ,1,3, , , , ,3,4,3, , ,7,-2, , ,0, , ,19,us,us,2,White,m,-2,1,-2
7243397,White,Asian,0, , ,.407399505998898,.424349046263749, , ,3,2, , , , ,2,4,3, , ,7,2, , ,1, , ,19,us,us,2,White,f,2,2,1
7243400,White,Hispanic,.03125, , , , ,1.09619362982276,1.32415382905043, , , , ,1,4,1,4, , ,6,7, , ,2, , ,0,19,us,us,2,White,f,2,0,0
7243424,Black, ,0,-.411483919716269,.139026198154896, , , , , , ,1,3, , ,1,2, ,4, ,4, ,3, , ,0, ,37,us,us,2,Black or African American,m,3,-1,0
7243438,White,Black,0,1.26370648195793,.406798950929228, , , , , , ,2,4, , ,2,4, ,3, ,6, ,1, , ,0, ,17,us,us,2,White,f,1,0,0
7243442,White,Asian,.734375, , , , , , ,2,4, , , , ,3,5,6, , ,7,0, , ,2, , ,20,us,sm,2,White,f,0,1,-1
7243469,Black, ,0,-.707510277715363,-.438849591987239, , , , , , ,2,3, , ,4,3, ,2, ,7, ,3, , ,-1, ,35,us,us,3,Black or African American,f,3,0,-2
7243605,White,Black,0,.588254376712161,.424564936275175, , , , , , ,3,3, , ,2,4, ,3, ,6, ,1, , ,2, ,18,us,sm,2,White,f,1,1,1
7243769,Hispanic, ,.0078125, , , , ,-.78663367889328,-.491425951757722, , , , ,1,4,3,3, , ,1,7, , ,3, , ,-1,31,us,sm,1,Other or Unknown,f,3,-1,-2
7243812,Asian, ,0, , ,.199193818840873,-.576783523265705, , ,2,1, , , , ,1,3,4, , ,4,1, , ,0, , ,56,us,us,2,East Asian,m,1,2,1
7243907,White,Hispanic,0, , , , ,.334459359502711,.82999014954868, , , , ,2,4,1,5, , ,3,6, , ,1, , ,1,29,us,us,2,White,m,1,1,1
7244280,White,Black,0,.247719130892583,.123757578401453, , , , , , ,3,2, , ,2,3, ,4, ,4, ,1, , ,1, ,19,us,sm,2,White,f,1,1,1
7244957,White,Asian,0, , ,.0926642975953694,-.597261923794163, , ,2,3, , , , ,2,3,4, , ,6,1, , ,1, , ,22,us,us,2,White,m,1,0,0
7244969,White,Black,0,-.577933191598908,.293046769803206, , , , , , ,2,3, , ,3,3, ,3, ,5, ,1, , ,1, ,28,us,sm,2,White,f,1,0,-1
7245151,Black, ,0,.254771243522514,-.0240034328054943, , , , , , ,1,5, , ,1,5, ,2, ,7, ,2, , ,0, ,65,us,sm,2,Black or African American,f,2,0,0
7245222,Black, ,0,.410198558341673,.219050229356177, , , , , , ,3,3, , ,2,3, ,2, ,2, ,3, , ,-1, ,44,us,us,2,Black or African American,f,3,0,1
7245234,White,Hispanic,0, , , , ,-.341584555393891,.431654833531831, , , , ,2,4,2,4, , ,4,6, , ,-1, , ,0,62,us,us,2,White,m,-1,0,0
7245419,White,Black,0,.30295120538114,.550921093512227, , , , , , ,1,5, , ,1,5, ,4, ,4, ,0, , ,0, ,45,us,us,2,White,f,0,0,0
7245470,White,Asian,.0078125, , ,-.520006964533515,.699765103311314, , ,2,4, , , , ,2,4,5, , ,6,1, , ,1, , ,26,us,us,2,White,f,1,0,0
7245946,White,Asian,0, , ,.691259230120355,1.18973331168489, , ,1,4, , , , ,1,4,6, , ,6,1, , ,0, , ,58,us,us,2,White,f,1,0,0
7245982,White,Asian,0, , ,.498132149377626,.270308875068462, , ,1,3, , , , ,1,3,2, , ,3,2, , ,0, , ,57,us,us,.,White,m,2,0,0
7246058,White,Hispanic,0, , , , ,.309223278206639,.131597689681631, , , , ,1,5,1,5, , ,5,7, , ,2, , ,2,59,us,sm,2,White,f,2,0,0
7246092,White,Hispanic,0, , , , ,.353213806522092,.575757062141772, , , , ,1,3,1,3, , ,3,5, , ,2, , ,0,58,us,sm,2,White,m,2,0,0
7246102,Hispanic, ,0, , , , ,.337363575483891,1.20598334291378, , , , ,1,3,1,3, , ,3,7, , ,3, , ,0,18,us,us,1,White,f,3,0,0
7246131,Hispanic, ,0, , , , ,.0499037913277737,-.230862459545956, , , , ,2,4,2,4, , ,3,6, , ,3, , ,-1,22,us,us,1,White,f,3,0,0
7246180,White,Hispanic,0, , , , ,.373048550884511,.6462398097759, , , , ,2,3,2,4, , ,3,7, , ,3, , ,0,64,us,us,2,White,f,3,1,0
7246185,White,Asian,0, , ,-.252751980625429,.0641772599700258, , ,1,3, , , , ,2,1,6, , ,6,1, , ,0, , ,45,us,us,2,White,m,1,-2,-1
7246240,Asian, ,0, , ,-.471253165606629,.673902754974544, , ,1,5, , , , ,1,4,6, , ,7,2, , ,0, , ,25,us,us,2,East Asian,f,2,-1,0
7246242,White,Hispanic,0, , , , ,-.265652350737082,-.252728004046718, , , , ,2,5,2,3, , ,2,2, , ,3, , ,0,36,us,sm,2,White,f,3,-2,0
7246322,White,Hispanic,0, , , , ,-.517920133619065,.342392339225042, , , , ,2,3,2,2, , ,4,3, , ,1, , ,0,64,us,sm,2,White,m,1,-1,0
7246356,Black, ,0,-.0956138375365146,.412611004034815, , , , , , ,2,3, , ,2,3, ,2, ,7, ,3, , ,0, ,50,us,us,.,Black or African American,m,3,0,0
7246376,White,Hispanic, , , , , , , , , , , ,1,5,5,5, , ,2,7, , ,3, , ,0,22,us,sm,2,White,f,3,0,-4
7246503,White,Hispanic,0, , , , ,.755639091844456,.391611164888935, , , , ,3,3,3,3, , ,3,7, , ,3, , ,1,35,us,sm,2,White,f,3,0,0
7246563,White,Asian,0, , ,.049604740981999,-.256488270424621, , ,1,5, , , , ,1,5,6, , ,7,3, , ,1, , ,53,us,sm,2,White,m,3,0,0
7246580,White,Hispanic,0, , , , ,.693100507211713,.123271143173281, , , , ,2,2,1,3, , ,3,7, , ,3, , ,1,28,us,sm,2,White,f,3,1,1
7246629,White,Black,0,.537012606708661,.771131938513737, , , , , , ,1,5, , ,1,5, ,3, ,7, ,2, , ,0, ,65,us,us,2,White,f,2,0,0
7246655,White,Black,0,-.384238401839596,-.782590973699255, , , , , , ,2,4, , ,2,4, ,4, ,5, ,1, , ,0, ,30,us,sm,2,White,m,1,0,0
7246664,White,Asian,0, , ,.206356370351097,.120516740429124, , ,1,2, , , , ,2,2,5, , ,7,1, , ,0, , ,50,us,sm,2,White,f,1,0,-1
7246673,Black, , , ,.475163147593115, , , , , , , , , , , , , , , , , , , , , , ,26,us,us,2,Black or African American,f, , , 
7246686,White,Black,0,-.0996728886580531,-.102282546039282, , , , , , ,1,2, , ,1,2, ,2, ,7, ,3, , ,1, ,28,us,sm,2,White,m,3,0,0
7246687,White,Black,0, ,-.233776962739454, , , , , , ,2,3, , ,2,2, ,3, ,6, ,2, , ,0, ,24,us,sm,2,White,f,2,-1,0
7246697,White,Asian, , , , , , , ,1,3, , , , ,1,3,3, , ,7,1, , ,0, , ,21,us,us,2,White,m,1,0,0
7246698,White,Black,0,.543422716318458,-.0802591770807601, , , , , , ,2,4, , ,2,4, ,3, ,7, ,2, , ,0, ,39,us,us,2,White,f,2,0,0
7246704,Black, , , , , , , , , , ,1,5, , ,2,4, ,1, ,7, ,3, , ,-1, ,53,us,us,2,Black or African American,f,3,-1,-1
7246770,White,Hispanic,0, , , , ,.402459521594346,1.14343963721818, , , , ,3,3,3,3, , , , , , , , , ,0,68,us,us,.,White,f, ,0,0
7246778,White,Hispanic, , , , , , , , , , , ,1,1,1,4, , ,3,6, , ,2, , ,0,28,us,us,2,White,f,2,3,0
7246785,White,Asian,0, , ,.0366768279038943,.019304398054078, , ,1,1, , , , ,1,1,2, , ,7,3, , ,1, , ,21,us,us,2,White,m,3,0,0
7246794,White,Black,0,.0696056522762568,.107661555001995, , , , , , ,2,3, , ,2,3, ,3, ,6, ,1, , ,1, ,26,us,sm,2,White,f,1,0,0
7246806,White,Black,0,.0789777886255119,.266045892779209, , , , , , ,3,3, , ,2,4, ,2, ,5, ,1, , ,2, ,22,us,us,2,White,f,1,1,1
7246807,Hispanic, ,0, , , , ,-.0643437848190445,-.356926045237781, , , , ,2,5,2,4, , ,3,7, , ,3, , ,-1,43,us,us,1,White,f,3,-1,0
7246840,Asian, , , , , , , , ,3,3, , , , ,3,3,3, , ,6,2, , ,0, , ,29,us,us,2,East Asian,m,2,0,0
7246841,Black, ,0,.867552322243851,.571880054342707, , , , , , ,3,4, , ,3,4, ,6, ,6, ,0, , ,0, ,59,us,us,2,Black or African American,f,0,0,0
7246855,White,Asian,0, , ,-.18334364564764,.0893245797075785, , ,2,3, , , , ,2,3,3, , ,6,2, , ,1, , ,37,us,sm,2,White,m,2,0,0
7246870,White,Black, , , , , , , , , ,2,1, , ,1,1, ,2, ,7, ,3, , ,0, ,29,us,sm,2,White,f,3,0,1
7246872,White,Asian,0, , ,-.077463866044667, , , ,2,4, , , , ,1,4,3, , ,7,2, , ,1, , ,25,us,us,2,White,f,2,0,1
7246884,Hispanic, ,0, , , , ,1.14857080733633,1.23479180312007, , , , ,1,5,1,5, , ,4,7, , ,1, , ,0,63,us,us,1,More than one race - Other,f,1,0,0
7246891,White,Hispanic,0, , , , ,.297754375358162,.0267643868287341, , , , ,2,4,2,5, , ,6,7, , ,2, , ,0,56,us,us,2,White,m,2,1,0
7246895,White,Asian,0, , ,.708067689103353,1.18656991127593, , ,1,2, , , , ,1,2,5, , ,5,1, , ,0, , ,20,us,sm,2,White,f,1,0,0
7246923,White,Black,.0078125,.0265967375581693,.265492744005599, , , , , , ,2,4, , ,3,3, ,5, ,6, ,1, , ,0, ,19,us,us,2,White,f,1,-1,-1
7246942,White,Black,0,.446491689116966,.145127660591669, , , , , , ,3,3, , ,2,3, ,3, ,6, ,2, , ,1, ,21,us,sm,2,White,m,2,0,1
7247072,White,Asian,0, , ,.737068582591652,-.142327736845424, , ,2,3, , , , ,1,5,7, , ,7,2, , ,1, , ,46,us,us,1,White,f,2,2,1
7247076,Black, ,0,-.382397688982875,-.111016797392281, , , , , , ,1,5, , ,1,5, ,3, ,7, ,3, , ,0, ,59,us,sm,2,Black or African American,f,3,0,0
7247166,White,Hispanic,0, , , , ,-.481537421708819,.564335519442018, , , , ,2,4,1,2, , ,3,4, , ,2, , ,0,19,us,sm,2,White,f,2,-2,1
7247169,White,Hispanic, , , , , , , , , , , ,1,2,2,2, , ,3,7, , ,1, , ,0,53,us,sm,2,White,f,1,0,-1
7247176,Black, ,0,-.0880674348089606,-.251556647354614, , , , , , ,1,5, , ,3,3, ,3, ,4, ,1, , ,0, ,23,us,us,1,Black or African American,f,1,-2,-2
7247203,White,Hispanic, , , , , , , , , , , ,3,4,2,4, , ,3,7, , ,2, , ,1,20,us,us,2,White,f,2,0,1
7247251,White,Black,.015625,.451241600026671,.13004229417884, , , , , , , , , , , , , , , , , , , , , , ,18,us,us,2,White,f, , , 
7247437,White,Asian,.0078125, , ,.2907021657287,.55752577688058, , ,2,2, , , , ,1,5,3, , ,7,3, , ,3, , ,47,us,sm,2,White,m,3,3,1
7248413,White,Asian, , , , , , , ,1,4, , , , ,1, , , , ,7, , , ,0, , ,59,us,us,.,White,m, , ,0
7248644,White,Black,0,.995740121429862,-.347096943556548, , , , , , ,3,3, , ,3,3, ,3, ,6, ,2, , ,0, ,20,us,sm,2,White,f,2,0,0
7248834,White,Asian,.0078125, , ,.206826686290988,.613259384837136, , ,2,2, , , , ,3,2,2, , ,3,2, , ,2, , ,79,us,us,2,White,f,2,0,-1
7249050,White,Asian,0, , ,.539756616089715,.575087829500909, , ,1,3, , , , ,1,5,4, , ,7,0, , ,0, , ,46,us,sm,2,White,f,0,2,0
7249228,White,Hispanic,0, , , , ,.601448879968678,.543313937872692, , , , ,3,3,3,3, , , ,5, , ,1, , , ,49,us,us,2,White,f,1,0,0
7249242,White,Hispanic,0, , , , ,.530774724452119,.632416298347306, , , , ,2,4,2,5, , ,6,7, , ,1, , ,2,46,us,us,.,White,f,1,1,0
7249245,Hispanic, , , , , , ,.811718010779263, , , , , ,1,4,1,4, , ,4,7, , ,1, , ,0,44,us,us,1,White,f,1,0,0
7249284,White,Asian, , , , , , , ,1,1, , , , ,1,1,4, , ,4,1, , ,0, , ,34,us,sm,2,White,m,1,0,0
7249289,Asian, ,.015625, , , ,-.297353749366781, , ,2,3, , , , ,2,4,4, , ,4,3, , ,-1, , ,31,us,us,2,East Asian,f,3,1,0
7249398,White,Black,0,.472179131268968,.503887983247761, , , , , , ,3,2, , ,2,3, ,4, ,5, ,1, , ,1, ,37,us,us,2,White,f,1,1,1
7249448,White,Black,0,-.575635680809058,.281096422119854, , , , , , ,1,5, , ,1,5, ,7, ,7, ,0, , ,0, ,32,us,us,2,White,f,0,0,0
7249538,White,Hispanic, , , , , , , , , , , ,1,5,2,3, , ,7,6, , ,1, , ,0,45,us,us,2,White,m,1,-2,-1
7249551,White,Hispanic,0, , , , ,.238706075460547,.431362251639197, , , , ,3,3,3,3, , ,5,3, , ,-1, , ,0,45,us,us,2,White,m,-1,0,0
7249574,White,Hispanic,0, , , , ,.707108516392137,.518373121211507, , , , ,1,5,1,5, , ,6,7, , ,2, , ,0,48,us,sm,.,White,f,2,0,0
7249720,Hispanic, ,0, , , , ,.619513268491213,.116404240718485, , , , ,1,5,1,5, , ,6,7, , ,1, , ,0,19,us,kw,1,American Indian/Alaska Native,m,1,0,0
7249729,White,Black,0,.883383213159959,.176559339064874, , , , , , ,2,4, , ,2,3, ,3, ,6, ,1, , ,1, ,46,us,sm,2,White,f,1,-1,0
7249764,White,Hispanic,0, , , , ,-.388425560313046,1.00281064241699, , , , ,3,3,3,3, , ,2,6, , ,3, , ,2,48,us,us,2,White,.,3,0,0
7249775,White,Asian,0, , ,.785768690034152,.728091750886316, , ,1,4, , , , ,1,5,3, , ,7,3, , ,2, , ,54,us,us,2,White,m,3,1,0
7249786,Hispanic, ,0, , , , ,.238129275695139,.586700419647635, , , , ,1,4,1,4, , ,3,3, , ,1, , ,0,55,us,us,1,White,m,1,0,0
7249792,White,Asian,0, , ,.971768316652689,.29396231159952, , ,1,3, , , , ,1,3,4, , ,4,1, , ,0, , ,60,us,us,2,White,m,1,0,0
7249809,White,Asian,0, , ,-.195938553226666,.191997278920792, , ,1,4, , , , ,1,4,3, , ,7,3, , ,0, , ,34,us,us,2,White,f,3,0,0
7249813,White,Asian,0, , ,-.212265175323821,.368470203265661, , ,2,5, , , , ,3,4,5, , ,7,2, , ,0, , ,17,us,sm,2,White,m,2,-1,-1
7249848,White,Hispanic,0, , , , ,.344375491968676,.0438380843747881, , , , ,2,4,2,5, , ,2,7, , ,3, , ,1,48,us,us,2,White,f,3,1,0
7249849,Black, ,0,-.200143806090748,-.0923807256265375, , , , , , ,3,4, , ,3,2, ,1, ,7, ,3, , ,-2, ,39,us,us,2,Black or African American,f,3,-2,0
7249898,Black, ,0,-.161441619061266,-.212152774365876, , , , , , ,2,4, , ,3,4, ,3, ,7, ,3, , ,-1, ,44,us,us,2,Black or African American,f,3,0,-1
7249934,White,Hispanic,0, , , , ,.326542032180655,.150774478603392, , , , ,2,2,1,1, , ,3,4, , ,1, , ,1,52,us,sm,2,White,m,1,-1,1
7249976,White,Hispanic,0, , , , ,.456434004063964,.653010012754219, , , , ,1,2,2,2, , ,4,4, , ,0, , ,1,62,us,us,2,White,m,0,0,-1
7249998,Black, , , , , , , , , , ,1,3, , ,1,4, ,3, ,5, ,3, , ,0, ,46,us,sm,3,Black or African American,m,3,1,0
7250002,Hispanic, ,0, , , , ,-.472178942456207,.323111323228785, , , , ,1,5,1,5, , ,4,7, , ,3, , ,0,24,us,us,1,White,f,3,0,0
7250039,White,Black,0,.680709943562711,.506397122532484, , , , , , ,1,4, , ,1,4, ,6, ,7, ,2, , ,0, ,30,us,us,2,White,f,2,0,0
7250043,White,Hispanic,0, , , , ,-.0422547433950517,.670704494037157, , , , ,2,4,2,4, , ,2,7, , ,2, , ,-1,15,us,sm,2,White,m,2,0,0
7250060,Hispanic, ,0, , , , ,-.195742125582358,-.0474343369822439, , , , ,1,5,2,4, , ,4,4, , ,2, , ,0,44,us,sm,1,White,f,2,-1,-1
7250064,Hispanic, ,0, , , , ,-.425354750145202,.341948374901182, , , , ,2,4,2,4, , ,3,7, , ,2, , ,-1,44,us,us,1,White,f,2,0,0
7250073,Hispanic, ,0, , , , ,-.46001771438624,-.246197187751191, , , , ,2,3,2,3, , ,3,7, , ,3, , ,-1,28,us,us,1,White,m,3,0,0
7250125,Black, ,0,-.394573010860042,-.550224609590243, , , , , , ,1,4, , ,1,3, ,3, ,7, ,3, , ,-1, ,51,us,sm,2,Black or African American,f,3,-1,0
7250199,White,Black,0,.266648212867434,-.064726877719962, , , , , , ,3,2, , ,3,2, ,2, ,6, ,3, , ,0, ,28,us,sm,2,White,m,3,0,0
7250210,White,Asian,0, , ,-.431354841312805,-.114751814256371, , ,2,2, , , , ,2,2,4, , ,4,0, , ,1, , ,33,us,us,2,White,f,0,0,0
7250218,White,Black,0,.395916554854742,.534468672137054, , , , , , ,1,5, , ,3,3, ,3, ,6, ,2, , ,0, ,49,us,us,2,White,f,2,-2,-2
7250258,White,Black,0,.443121002210038,.730023659930619, , , , , , ,2,2, , ,1,2, ,3, ,6, ,2, , ,1, ,50,us,sm,2,White,m,2,0,1
7250353,Hispanic, ,0, , , , ,-.0310669435730927,.405605571743228, , , , ,2,3,2,4, , ,3,3, , ,1, , ,0,21,us,us,1,More than one race - Other,f,1,1,0
7250356,White,Black,0,.00491709869929799,1.00508934069757, , , , , , ,3,3, , ,3,3, ,5, ,5, ,-1, , ,1, ,25,us,sm,2,White,f,-1,0,0
7250361,White,Black,0,.419889206978395,-.0971228927046524, , , , , , ,3,3, , ,1,5, ,3, ,3, ,2, , ,2, ,51,us,us,2,White,m,2,2,2
7250372,White,Hispanic,.0859375, , , , ,-.706770522113329,.00400851900344073, , , , ,2,2,2,2, , ,3,6, , ,2, , ,0,17,us,sm,2,White,m,2,0,0
7250399,White,Asian,0, , ,.508272875898426,.768346340488123, , ,1,5, , , , ,1,5,6, , ,7,3, , ,1, , ,24,us,us,2,White,f,3,0,0
7250409,White,Hispanic,0, , , , ,-.0692403916001155,.373015623404991, , , , ,2,4,1,4, , ,2,7, , ,3, , ,1,47,us,sm,2,White,m,3,0,1
7250458,White,Black,0,-.734728774266145,-.507269587070519, , , , , , ,2,3, , ,4,2, ,2, ,7, ,3, , ,0, ,23,us,sm,2,White,m,3,-1,-2
7250513,White,Black,0,.667101973716373,.798717850466044, , , , , , ,2,3, , ,1,3, ,2, ,7, ,2, , ,0, ,29,us,sm,2,White,f,2,0,1
7250540,White,Hispanic,0, , , , ,-.118135042850017,.593228507047337, , , , ,2,2,1,5, , ,4,7, , ,2, , ,0,24,us,sm,2,White,m,2,3,1
7250605,White,Black,0,-.220317565567857,-.409314626176482, , , , , , ,3,3, , ,1,3, ,1, ,7, ,3, , ,0, ,34,us,us,2,White,f,3,0,2
7250636,White,Hispanic,0, , , , ,-.418442901678222,-.216061036976293, , , , ,1,4,3,3, , ,3,7, , ,2, , ,-1,33,us,sm,2,White,f,2,-1,-2
7250652,White,Hispanic, , , , , , ,.847097116042856, , , , , , , , , , , , , , , , , , ,20,us,sm,2,White,f, , , 
7250660,White,Black,.0234375,-.0331728168376287,.0504295659627008, , , , , , ,3,3, , ,3,3, ,5, ,3, ,-3, , ,2, ,28,us,sm,2,White,m,-3,0,0
7250664,White,Black,0,.697677104742474,.272108541440216, , , , , , ,2,4, , ,2,4, ,3, ,7, ,2, , ,0, ,20,us,sm,2,White,m,2,0,0
7250666,White,Hispanic,0, , , , ,.098231996125732,.54374424930999, , , , ,1,2,1,2, , ,2,6, , ,1, , ,0,32,us,sm,2,White,m,1,0,0
7250699,Hispanic, ,0, , , , ,.515497760714589,-.0227078392956804, , , , ,2,3,2,2, , ,2,7, , ,2, , ,-2,21,us,us,1,Other or Unknown,m,2,-1,0
7250761,White,Asian,0, , ,.255328654202913,.400310584914973, , ,1,5, , , , ,1,5,4, , ,4,0, , ,0, , ,28,us,us,2,White,m,0,0,0
7250781,Black, ,0,-.678523821595781,-.616697638796097, , , , , , ,2,4, , ,2,3, ,1, ,7, ,3, , ,-2, ,20,us,us,2,Black or African American,f,3,-1,0
7250804,White,Hispanic,0, , , , ,1.1826539209851,1.07673322078177, , , , ,4,2,1,3, , ,4,6, , ,2, , ,3,18,us,sm,2,White,m,2,1,3
7250840,White,Hispanic,0, , , , ,.290860026823812,.642541842747832, , , , ,2,4,2,3, , ,3,7, , ,3, , ,1,23,us,sm,2,White,f,3,-1,0
7250841,White,Hispanic,.0078125, , , , ,.730470150806682,-.102860509290692, , , , ,2,4,1,4, , ,5,7, , ,2, , ,1,19,us,us,2,White,f,2,0,1
7250844,Black, ,0,-.723742044117333,-.611401637743242, , , , , , ,2,3, , ,3,3, ,1, ,3, ,3, , ,-2, ,47,us,us,2,Black or African American,f,3,0,-1
7250847,White,Black,0,.391564083954222,.834284906732012, , , , , , ,1,4, , ,1,4, ,6, ,6, ,0, , ,0, ,22,us,sm,2,White,m,0,0,0
7250848,White,Asian,.0078125, , ,.258729102621132,-.202187469420564, , ,2,4, , , , ,4,5,6, , ,7,3, , ,1, , ,22,us,sm,2,White,m,3,1,-2
7250852,White,Hispanic,0, , , , ,.866682149186562,-.0157218504029352, , , , ,3,4,1,4, , ,3,4, , ,1, , ,1,59,us,sm,.,White,f,1,0,2
7250853,White,Asian,.015625, , ,.56349592480114,.97998671628231, , ,1,2, , , , ,1,3,5, , ,6,1, , ,0, , ,22,us,sm,2,White,m,1,1,0
7250886,White,Asian,0, , ,.609724404350797,.219056058905229, , ,1,5, , , , ,1,4,3, , ,2,0, , ,0, , ,51,us,us,2,White,f,0,-1,0
7250892,Hispanic, ,0, , , , ,-.149835999975141,.49870380149758, , , , ,2,5,4,4, , ,3,7, , ,2, , ,-1,23,us,us,1,More than one race - Other,f,2,-1,-2
7250921,White,Black,0,-.520164359018163,.195305445306924, , , , , , ,2,2, , ,2,2, ,2, ,4, ,3, , ,1, ,44,us,us,2,White,f,3,0,0
7250941,White,Asian, , , , , , , ,1,4, , , , ,2,4,4, , ,4,2, , ,0, , ,30,us,us,2,White,f,2,0,-1
7250973,Hispanic, ,0, , , , ,-.444916456499237,.07266271632511, , , , ,1,5,4,4, , ,6,7, , ,3, , ,-3,37,us,us,1,Other or Unknown,f,3,-1,-3
7251048,White,Hispanic,0, , , , ,.333046713566717,.331859246251743, , , , ,1,4,1,4, , ,4,7, , ,3, , ,0,50,us,us,2,White,f,3,0,0
7251052,White,Hispanic,0, , , , ,-.0544476611044154,.564164820957298, , , , ,1,4,3,3, , ,3,3, , ,1, , ,0,33,us,us,2,White,m,1,-1,-2
7251059,White,Black,0,.300604897592004,-.269727438606079, , , , , , ,1,5, , ,1,5, ,3, ,6, ,2, , , , ,26,us,us,2,White,f,2,0,0
7251065,White,Asian,0, , ,.22694630942517,.245248232548532, , ,1,1, , , , ,2,1,3, , ,7,3, , ,0, , ,32,us,us,2,White,f,3,0,-1
7251066,White,Asian,0, , ,.248825517645262,-.0245544477456625, , ,4,5, , , , ,5,4,6, , ,7,2, , ,0, , ,24,us,sm,2,White,f,2,-1,-1
7251089,Black, ,0,-.585734894661369,-.351691859461734, , , , , , ,2,4, , ,2,2, ,2, ,7, ,3, , ,0, ,46,us,us,.,Black or African American,f,3,-2,0
7251097,White,Black,.0078125,.588433149241819,.4111025979109, , , , , , ,2,3, , ,3,3, ,4, ,6, ,2, , ,0, ,21,us,sm,2,White,m,2,0,-1
7251139,White,Asian,0, , ,-.135248811049416,.582107772999675, , ,2,4, , , , ,2,4,4, , ,7,2, , ,1, , ,22,us,sm,2,White,f,2,0,0
7251154,White,Black,0,.575307798225463,.780489899042829, , , , , , ,2,2, , ,2,2, ,2, ,7, ,3, , ,0, ,28,us,us,2,White,m,3,0,0
7251155,White,Black,0,-.558241727964215,-.113408578052503, , , , , , ,2,4, , ,3,3, ,2, ,7, ,2, , ,0, ,19,us,us,2,White,f,2,-1,-1
7251205,Asian, ,0, , ,-.465589830926125,-.521463275127743, , ,1,2, , , , ,1,2,3, , ,4,2, , ,0, , ,16,us,us,2,East Asian,f,2,0,0
7251231,White,Asian,0, , ,.124069409088986,.718612228271137, , ,1,2, , , , ,2,2,5, , ,6,1, , ,1, , ,25,us,us,2,White,f,1,0,-1
7251274,White,Hispanic,0, , , , ,.154756541905547,.129947569740342, , , , ,2,3,3,3, , ,2,4, , ,2, , ,1,23,us,sm,2,White,m,2,0,-1
7251278,White,Hispanic,.0234375, , , , ,-.259653673134547,-.779559686366821, , , , ,1,4,2,3, , ,2,6, , ,2, , ,0,19,us,us,2,White,f,2,-1,-1
7251294,White,Hispanic,0, , , , ,-1.02022732295284,.450927378754621, , , , ,2,5,2,5, , ,2,7, , ,3, , ,0,24,us,sm,2,White,f,3,0,0
7251314,White,Hispanic,0, , , , ,-.337582597986314,.252393968983233, , , , ,1,5,1,2, , ,2,7, , ,3, , ,0,37,us,us,2,White,f,3,-3,0
7251323,White,Black,0,-.596724408265496,.0915772858330604, , , , , , ,3,4, , ,3,4, ,4, ,7, ,3, , ,0, ,23,us,sm,2,White,f,3,0,0
7251332,Hispanic, ,0, , , , ,-.205574574567452,.650415804865434, , , , ,2,4,3,4, , ,3,6, , ,2, , ,-2,21,us,sm,1,Other or Unknown,f,2,0,-1
7251338,White,Asian, , , , , , , ,1,5, , , , ,1,5,7, , ,7,0, , ,0, , ,38,us,us,2,White,f,0,0,0
7251345,White,Hispanic,0, , , , ,-.270149242035383,.320543381065443, , , , ,1,5,1,5, , ,3,7, , ,3, , ,0,32,us,sm,2,White,f,3,0,0
7251348,White,Black,0,.73774567011296,.640419316665949, , , , , , ,3,3, , ,1,2, ,4, ,5, ,1, , ,1, ,27,us,us,2,White,f,1,-1,2
7251426,Asian, ,0, , ,.162038030960556,.630269023319114, , ,2,5, , , , ,3,2,3, , ,5,2, , ,-1, , ,35,us,us,2,East Asian,f,2,-3,-1
7251435,White,Black,0,-.685755064960045,-.501855353598813, , , , , , ,1,4, , ,2,3, ,6, ,7, ,2, , ,-1, ,33,us,sm,3,White,f,2,-1,-1
7251494,Black, ,0,-.108881265948592,.085110465888791, , , , , , ,2,3, , ,2,3, ,2, ,6, ,2, , ,0, ,19,us,sm,2,Black or African American,m,2,0,0
7251503,White,Hispanic,.8359375, , , , , , , , , , ,3,3,3,3, , ,4,5, , ,0, , ,0,39,us,us,2,White,m,0,0,0
7251524,Hispanic, ,0, , , , ,-.920732703712679,-.552372449257917, , , , ,1,5,2,4, , ,3,3, , ,0, , ,0,26,us,sm,1,More than one race - Other,f,0,-1,-1
7251537,Hispanic, ,0, , , , ,.468758415368895,-.42798336489611, , , , ,2,4,2,4, , ,3,3, , ,1, , ,0,36,us,us,1,More than one race - Other,f,1,0,0
7251584,Hispanic, ,.015625, , , , ,-.726466656061961,-.559187218246043, , , , ,3,4,3,3, , ,3,7, , ,3, , ,-1,22,us,sm,1,Other or Unknown,f,3,-1,0
7251600,Hispanic, ,0, , , , ,.909285430484537,.659106378633181, , , , ,2,4,1,4, , ,3,6, , ,1, , ,1,19,us,us,1,Other or Unknown,f,1,0,1
7251660,White,Hispanic,0, , , , ,.143656996453855,1.11173628959591, , , , ,2,4,2,4, , ,3,6, , ,1, , ,0,58,us,sm,2,White,f,1,0,0
7251692,White,Asian,0, , ,.735342181272038,-.110387995548022, , ,1,3, , , , ,2,4,2, , ,7,3, , ,0, , ,19,us,sm,3,White,f,3,1,-1
7251693,White,Asian, , , , ,-.346931993688684, , ,3,3, , , , ,3,3,6, , ,7,2, , ,0, , ,31,us,kr,2,White,m,2,0,0
7251722,White,Black,0,.233106723229397,.438783664227593, , , , , , ,1,4, , ,3,4, ,6, ,7, ,2, , ,0, ,20,us,sm,2,White,f,2,0,-2
7251751,White,Asian,0, , ,-.26558359863343,.934700099785258, , ,2,2, , , , ,3,2,3, , ,5,3, , ,1, , ,26,us,sm,2,White,m,3,0,-1
7251816,Hispanic, , , , , , , , , , , , ,1,3,2,2, , ,3,7, , ,3, , ,-1,41,us,us,1,More than one race - Other,m,3,-1,-1
7252117,White,Hispanic,0, , , , ,-.886754128677778,.18872217328483, , , , ,4,5,4,4, , ,6,4, , ,1, , ,0,28,us,sm,3,White,f,1,-1,0
7252246,White,Hispanic,.0078125, , , , ,-.539710243892479,-.453057214905892, , , , ,2,3,3,3, , ,2,7, , ,2, , ,1,28,us,sm,1,White,f,2,0,-1
7252301,White,Hispanic,.0390625, , , , ,.435936040282129,.659057109669257, , , , ,3,2,3,2, , ,2,7, , ,3, , ,1,23,us,ch,2,White,f,3,0,0
7252367,White,Hispanic,0, , , , ,.314434149194478,.0194163036471966, , , , ,2,5,4,5, , ,2,7, , ,3, , ,0,51,us,us,2,White,f,3,0,-2
7252528,Black, ,0,.271721925785126,.280293802936773, , , , , , ,1,4, , ,2,3, ,2, ,7, ,3, , ,-1, ,28,us,us,2,Black or African American,f,3,-1,-1
7252562,White,Black,.0078125,.717675717130511,.626781727745106, , , , , , ,2,4, , ,3,4, ,2, ,6, ,2, , ,0, ,27,us,us,2,White,f,2,0,-1
7252574,White,Asian,0, , ,.494498041913571,.810296891103936, , ,1,3, , , , ,3,4,5, , ,7,1, , ,1, , ,32,us,us,2,White,f,1,1,-2
7252617,Hispanic, ,0, , , , ,-.145276162712152,.712765131907262, , , , ,2,4,2,4, , ,6,7, , ,2, , ,0,20,us,us,1,Other or Unknown,m,2,0,0
7252646,White,Asian,0, , ,.487358406453729,.349459059934015, , ,1,4, , , , ,3,2,4, , ,6,1, , ,0, , ,26,us,sm,2,White,m,1,-2,-2
7252650,White,Asian,0, , ,.20546729181937,.591161624764623, , ,3,5, , , , ,5,5,6, , ,6,3, , ,-1, , ,22,us,us,2,White,m,3,0,-2
7252656,White,Black,0,.772280013635999,-.0257633139853639, , , , , , ,1,4, , ,1,4, ,6, ,7, ,2, , ,0, ,22,us,us,3,White,f,2,0,0
7252660,White,Asian,0, , ,.473344661773817,-.19001265971289, , ,1,2, , , , ,2,2,3, , ,3,2, , ,0, , ,64,us,us,2,White,f,2,0,-1
7252699,Hispanic, ,0, , , , ,-.125487826194759,-.0134677886291345, , , , ,1,5,1,5, , ,2,7, , ,3, , ,0,39,us,us,1,White,f,3,0,0
7252716,White,Asian,0, , ,.236707785139196,1.19922114846197, , ,3,3, , , , ,2,4,4, , ,4,1, , ,2, , ,57,us,us,2,White,f,1,1,1
7252787,White,Black,0,.838505570855294,.734263141655152, , , , , , ,2,4, , ,1,4, ,2, ,7, ,3, , ,1, ,30,us,sm,2,White,f,3,0,1
7252802,White,Asian,0, , ,-.428998992306624,.183630968462468, , ,1,1, , , , ,1,1,3, , ,4,2, , ,0, , ,41,us,us,2,White,m,2,0,0
7252867,White,Black,0,.626125322770351,.201755119536525, , , , , , ,1,5, , ,1,5, ,2, ,7, ,3, , ,0, ,61,us,sm,2,White,m,3,0,0
7252869,White,Hispanic,0, , , , ,.197313368444338,-.466815687869238, , , , ,1,4,1,3, , ,2,6, , ,2, , ,0,75,us,sm,2,White,f,2,-1,0
7252881,White,Asian,0, , ,-.292764547537465,.0759767697525694, , ,1,5, , , , ,1,5,6, , ,7,1, , ,0, , ,26,us,us,2,White,f,1,0,0
7252885,White,Asian,0, , ,-.545332815096865,.461761497386963, , ,2,4, , , , ,3,3,6, , ,7,1, , ,0, , ,49,us,us,2,White,f,1,-1,-1
7252895,White,Black,0,.276485816024362,1.15201911295364, , , , , , ,2,4, , ,2,4, ,2, ,6, ,3, , ,1, ,24,us,us,2,White,f,3,0,0
7252939,Black, ,0,-.814760063759661,-.114446288683421, , , , , , ,2,3, , ,2,3, ,2, ,7, ,2, , ,-1, ,22,us,us,2,Black or African American,f,2,0,0
7252963,White,Asian,0, , ,-.10898646427453,-.43497023389613, , ,2,3, , , , ,4,3,2, , ,7,2, , ,-1, , ,22,us,sm,2,White,m,2,0,-2
7252965,White,Asian,0, , ,-.517503820311853,.270183328855526, , ,3,4, , , , ,3,4,4, , ,3,2, , ,0, , ,65,us,us,.,White,m,2,0,0
7252987,White,Black,0,-.091779404979616,.604436798385792, , , , , , ,3,3, , ,1,2, ,2, ,6, ,1, , ,1, ,35,us,sm,2,White,m,1,-1,2
7253031,White,Black, , , , , , , , , ,2,2, , ,2,5, ,5, ,7, ,-1, , ,1, ,48,us,us,.,White,f,-1,3,0
7253042,White,Hispanic,0, , , , ,.927918939596541,.732441684084784, , , , ,1,4,3,4, , ,3,6, , ,2, , ,1,36,us,sm,2,White,f,2,0,-2
7253063,Black, ,0,.124879113044724,-.374167084740276, , , , , , ,1,4, , ,4,2, ,2, ,3, ,3, , ,0, ,52,us,sm,2,Black or African American,f,3,-2,-3
7253140,White,Black,0,.889472468982362,.871353711465691, , , , , , ,2,4, , ,2,4, ,6, ,7, ,2, , ,0, ,20,us,us,2,White,m,2,0,0
7253155,White,Asian,0, , ,.758964523785393,.318589229996091, , ,2,5, , , , ,2,5,3, , ,6,2, , ,0, , ,22,us,sm,2,White,f,2,0,0
7253165,White,Black, , , , , , , , , ,1,4, , ,2,3, ,2, ,6, ,3, , ,0, ,26,us,sm,2,White,m,3,-1,-1
7253210,White,Hispanic,.0078125, , , , ,.0531504738192671,.436528552744971, , , , ,2,2,2,2, , ,4,4, , ,1, , ,0,53,us,us,2,White,f,1,0,0
7253230,White,Hispanic,0, , , , ,-.437927870340969,-.211115648099129, , , , ,3,3,3,3, , ,2,6, , ,2, , ,0,48,us,us,2,White,f,2,0,0
7253256,White,Asian,0, , ,.747571018908802, , , ,4,4, , , , ,4,4,4, , ,4,0, , ,0, , ,35,us,us,2,White,f,0,0,0
7253263,White,Black,0,.64370841554943,.546395237485101, , , , , , ,2,4, , ,1,4, ,6, ,6, ,1, , ,0, ,21,us,us,2,White,f,1,0,1
7253268,White,Black,.0078125,.118311770827687, , , , , , , ,3,4, , ,1,2, ,3, ,6, ,-1, , ,2, ,20,us,us,2,White,f,-1,-2,2
7253269,Hispanic, ,0, , , , ,-.037551393691904,.148109925831509, , , , ,1,4,1,4, , ,4,4, , ,0, , ,0,56,us,sm,1,White,f,0,0,0
7253273,White,Black,.0078125,.361502059180309,.783981775946621, , , , , , ,2,4, , ,2,4, ,5, ,7, ,1, , ,1, ,24,us,sm,2,White,f,1,0,0
7253296,Hispanic, , , , , , , , , , , , ,1,5,1,4, , ,5,7, , ,-3, , ,0,41,us,us,1,White,f,-3,-1,0
7253382,Black, ,0, ,.308783232685737, , , , , , ,4,4, , ,3,2, ,2, ,6, ,3, , ,0, ,23,us,us,2,Black or African American,m,3,-2,1
7253479,White,Black,0,.0478086572904607,.41935474317698, , , , , , ,3,4, , ,2,4, ,5, ,7, ,1, , ,1, ,19,us,sm,2,White,m,1,0,1
7253539,White,Asian,0, , ,-.147543012638329,.484562715307051, , ,2,3, , , , ,2,3,5, , ,7,2, , ,0, , ,29,us,sm,2,White,f,2,0,0
7253607,Hispanic, , , , , , , , , , , , ,1,5,1,5, , ,1,7, , ,3, , ,0,19,us,us,1,Other or Unknown,f,3,0,0
7253626,Hispanic, ,0, , , , ,.767998885420685,-.676904682312163, , , , ,1,5,2,4, , ,5,6, , ,3, , ,0,27,us,us,1,Other or Unknown,f,3,-1,-1
7253636,White,Hispanic,0, , , , ,.871082605788787,.408372007608123, , , , ,1,5,1,5, , ,4,7, , ,1, , ,0,30,us,sm,2,White,f,1,0,0
7253644,White,Hispanic,0, , , , ,-.159383830994563,.198778178455793, , , , ,1,4,1,5, , ,5,6, , ,1, , ,0,21,us,sm,2,White,f,1,1,0
7253697,White,Hispanic,0, , , , ,-.874275312649178,-.228665998987565, , , , ,1,1,1,1, , ,4,4, , ,0, , ,-1,41,us,us,2,White,f,0,0,0
7253733,Hispanic, ,0, , , , ,-1.13910844623143,-.720479287024904, , , , ,2,3,2,3, , ,3,6, , ,2, , ,-2,21,us,sm,1,Other or Unknown,m,2,0,0
7253769,White,Asian, , , , , , , ,1,1, , , , ,1,1,3, , ,6,2, , ,1, , ,60,us,cr,2,White,m,2,0,0
7253780,Black, ,.015625,.166636249507301,.589538461067405, , , , , , ,1,5, , ,1,4, ,3, ,2, ,2, , ,0, ,21,us,us,2,Black or African American,m,2,-1,0
7253819,White,Hispanic,0, , , , ,-.613617651197485,.338607815367606, , , , ,3,4,3,4, , ,5,3, , ,0, , ,0,29,us,us,2,White,m,0,0,0
7253832,White,Asian,.0078125, , ,.776782779696298,.342743851918434, , ,2,3, , , , ,2,3,3, , ,7,2, , ,2, , ,25,us,us,2,White,f,2,0,0
7253846,Hispanic, , , , , , , , , , , , ,1,5,2,3, , ,3,7, , ,3, , ,-2,21,us,us,1,White,f,3,-2,-1
7253869,White,Hispanic,0, , , , ,-.0701312631753952,.496742332530147, , , , , , , , , , , , , , , , , , ,47,us,us,2,White,f, , , 
7253881,Hispanic, ,0, , , , ,.0591814081372836,.885990581595601, , , , ,2,3,4,2, , ,3,1, , ,2, , ,0,20,us,sm,1,More than one race - Other,m,2,-1,-2
7253887,Asian, ,0, , , ,.547563111373205, , ,3,3, , , , ,2,3,2, , ,7,3, , ,0, , ,22,us,sm,2,East Asian,f,3,0,1
7253902,Black, , , , , , , , , , ,1,5, , ,1,5, ,2, ,7, ,3, , ,0, ,22,us,us,2,Black or African American,f,3,0,0
7253906,White,Asian,.0078125, , ,.149259163685009,.297321129427673, , ,1,5, , , , ,2,4,3, , ,6,2, , ,-2, , ,27,us,us,2,White,m,2,-1,-1
7253907,Black, ,0,-.689237237401272,-.112147478170703, , , , , , ,1,5, , ,2,3, ,2, ,7, ,3, , ,-2, ,46,us,us,2,Black or African American,f,3,-2,-1
7253935,White,Hispanic, , , , , ,.286255863764381, , , , , , , , , , , , , , , , , , , ,63,us,sm,.,White,m, , , 
7253999,Hispanic, ,0, , , , ,-.482041992229065,.354200319277371, , , , ,2,3,2,3, , ,3,4, , ,2, , ,0,16,us,us,1,White,f,2,0,0
7254085,White,Black,0,.492782114427919,.780825843843892, , , , , , ,2,2, , ,2,2, ,3, ,7, ,2, , ,1, ,44,us,us,2,White,m,2,0,0
7254185,White,Hispanic,0, , , , ,.0817709084245963,.511232178529255, , , , ,3,3,3,3, , ,5,6, , ,1, , ,0,42,us,sm,2,White,f,1,0,0
7254246,White,Hispanic,.0078125, , , , ,.822129093339805,-.0329133739285922, , , , ,1,4,1,4, , ,6,6, , ,0, , ,0,33,us,us,2,White,f,0,0,0
7254373,White,Asian,0, , ,-.450196008117599,1.20072848829309, , ,1,4, , , , ,1,4,6, , ,6,2, , ,0, , ,21,us,us,.,White,f,2,0,0
7254387,Hispanic, ,0, , , , ,-.0702784426994779,.537065357329267, , , , ,1,4,1,3, , ,3,5, , ,1, , ,1,27,us,us,1,White,f,1,-1,0
7254422,Hispanic, ,0, , , , ,.45899848389389,.507788190287018, , , , ,4,2,3,3, , ,3,7, , ,2, , ,1,21,us,sm,1,White,f,2,1,1
7254445,Hispanic, ,.0078125, , , , ,.729026307184674,.805631986463692, , , , ,3,2,2,3, , ,3,5, , ,1, , ,2,19,us,sm,1,Other or Unknown,f,1,1,1
7254486,White,Asian,0, , ,.0259725563778574,.596013718870492, , ,1,4, , , , ,1,4,6, , ,7,1, , ,0, , ,40,us,us,2,White,f,1,0,0
7254532,White,Hispanic,0, , , , ,.47540899116629,.191916544593384, , , , ,1,3,1,3, , ,4,4, , ,0, , ,0,59,us,sm,2,White,m,0,0,0
7254551,Asian, ,0, , ,-.690411543904923,-.0730739037186383, , ,3,3, , , , ,3,3,5, , ,6,2, , ,0, , ,21,us,us,2,East Asian,m,2,0,0
7254572,Black, ,.546875,-.663105218167161,.510832729623656, , , , , , ,2,3, , ,2,3, ,2, ,6, ,2, , ,0, ,44,us,us,2,Black or African American,m,2,0,0
7254750,Hispanic, ,0, , , , ,.163618728908965,.25398177545219, , , , ,2,3,1,2, , ,3,7, , ,2, , ,0,23,us,sm,1,Other or Unknown,m,2,-1,1
7254881,White,Asian,0, , ,.197988002941941,.494790690170495, , ,1,3, , , , ,1,3,4, , ,7,1, , ,0, , ,50,us,us,3,White,f,1,0,0
7254882,White,Asian,0, , ,-.243100404858576,-.0487276630012166, , ,1,4, , , , ,1,4,4, , ,7,1, , ,0, , ,61,us,us,3,White,f,1,0,0
7254910,White,Hispanic,0, , , , ,.243818142166656,.151238158968371, , , , , , , , , , , , , , , , , , ,50,us,us,2,White,m, , , 
7254931,White,Black,0,.310359491210672,-.543533008972509, , , , , , ,1,2, , ,1,2, ,3, ,4, ,1, , ,0, ,57,us,us,2,White,f,1,0,0
7254976,White,Black,.4609375,.0237375901512398,-.373351479055004, , , , , , ,1,5, , ,1,5, ,4, ,3, ,0, , ,0, ,46,us,.,.,White,m,0,0,0
7255040,Asian, ,0, , ,-.558900699545147,.456695180838037, , ,2,4, , , , ,2,4,3, , ,7,3, , ,1, , ,29,us,us,2,East Asian,f,3,0,0
7255042,White,Hispanic,0, , , , ,-.437997952783977,-.0766209494797647, , , , ,2,4,2,4, , ,4,7, , ,3, , ,0,25,us,sm,2,White,f,3,0,0
7255188,White,Asian,0, , ,.602050112079796,.0542506681937057, , , , , , , , , , , , , , , , , , , , ,30,us,sm,2,White,f, , , 
7255266,White,Hispanic,0, , , , ,-.237260965989973,.908411760284071, , , , ,2,4,1,5, , ,2,6, , ,2, , ,1,25,us,us,2,White,f,2,1,1
7255374,White,Asian,0, , ,.615629298186323,.219204522375214, , ,1,5, , , , ,1,5,7, , ,7,0, , ,0, , ,46,us,us,2,White,f,0,0,0
7255517,White,Hispanic,.0078125, , , , ,-.0606393251471556,.536848539503618, , , , ,2,2,2,2, , ,3,2, , ,1, , ,0,31,us,us,1,White,f,1,0,0
7255542,White,Asian,0, , ,.849849261707189,.350171946395513, , ,2,3, , , , ,1,4,4, , ,4,0, , ,1, , ,17,us,us,2,White,m,0,1,1
7255555,White,Hispanic,0, , , , ,.232000116388497,.301757448761701, , , , ,2,2,3,2, , ,2,6, , ,3, , ,0,26,us,us,2,White,f,3,0,-1
7255556,White,Black,0,1.17423767054663,.829379711979632, , , , , , ,2,3, , ,2,3, ,3, ,4, ,1, , ,1, ,50,us,sm,2,White,f,1,0,0
7255679,White,Hispanic, , , , , , , , , , , ,1,3,2,4, , ,3,7, , ,2, , ,2,40,us,us,3,White,f,2,1,-1
7255688,Black, ,0,.236929910355694,.553593291888057, , , , , , ,1,5, , ,1,5, ,3, ,7, ,1, , ,0, ,44,us,us,2,Black or African American,f,1,0,0
7255749,White,Black,0,.169087908141375,.545907942437005, , , , , , ,2,3, , ,1,3, ,1, ,6, ,3, , ,1, ,81,us,sm,2,White,m,3,0,1
7255781,White,Black,0,.43962309969382,1.13177559383786, , , , , , ,2,4, , ,2,4, ,3, ,7, ,2, , ,0, ,35,us,us,2,White,f,2,0,0
7255805,Hispanic, ,0, , , , ,.510463803543963,-.0109575531246267, , , , ,5,5,1,5, , ,4,4, , ,0, , ,0,22,us,us,1,White,m,0,0,4
7255865,White,Hispanic,0, , , , ,.397452910690702,1.26678987811509, , , , ,2,2,2,3, , ,3,5, , ,1, , ,0,40,us,us,2,White,f,1,1,0
7255887,White,Asian,0, , ,-.645185364363992,.936182927303694, , ,3,3, , , , ,3,2,2, , ,7,2, , ,0, , ,33,us,sm,2,White,f,2,-1,0
7255896,White,Black,0,-.112074879291835,-.276820164588255, , , , , , , , , , , , , , , , , , , , , , ,60,us,sm,.,White,f, , , 
7255923,White,Asian,0, , ,-.285689079756769,.752820377510805, , ,1,3, , , , ,2,3,4, , ,3,0, , ,1, , ,50,us,us,3,White,f,0,0,-1
7255953,White,Hispanic,0, , , , ,.257589047836117,.625396701529629, , , , ,3,4,3,4, , ,3,5, , ,2, , ,0,53,us,sm,2,White,m,2,0,0
7255968,White,Hispanic,0, , , , ,.491411075738534,.761443113079605, , , , ,2,3,1,3, , ,2,3, , ,1, , ,1,56,us,sm,2,White,f,1,0,1
7255972,Asian, ,0, , ,-.392923994630953,.662172724203641, , ,1,3, , , , ,3,3,3, , ,6,2, , ,0, , ,47,us,sm,2,East Asian,m,2,0,-2
7256000,White,Asian,0, , ,1.15576818752152,.752071889922513, , ,1,4, , , , ,2,4,7, , ,7,0, , ,0, , ,52,us,us,.,White,f,0,0,-1
7256002,White,Asian,0, , ,.0580882204329107,.869023319468644, , ,3,3, , , , ,3,3,6, , ,6,2, , ,1, , ,32,us,us,2,White,f,2,0,0
7256019,White,Black,0,.362647359588971,.367216433466184, , , , , , ,1,5, , ,1,5, ,7, ,7, ,0, , ,0, ,41,us,sm,2,White,m,0,0,0
7256033,White,Asian,0, , ,.20680519076419,.40795724261912, , ,2,4, , , , ,3,3,4, , ,7,1, , ,0, , ,48,us,us,2,White,f,1,-1,-1
7256037,Asian, ,0, , ,.402343660713022,.509704200567874, , ,2,4, , , , ,2,4,2, , ,2,2, , ,0, , ,26,us,us,3,East Asian,f,2,0,0
7256041,White,Black,0,.201108814504135,.0231770073692141, , , , , , ,1,5, , ,1,5, ,7, ,7, ,3, , ,0, ,56,us,us,2,White,f,3,0,0
7256079,White,Asian,0, , ,.0544522007293095,.540559552720582, , ,1,3, , , , ,3,1,3, , ,3,3, , ,0, , ,25,us,us,2,White,f,3,-2,-2
7256095,White,Asian,0, , ,-.0972812039768832,.096896405028025, , ,2,2, , , , ,3,2,2, , ,7,1, , ,1, , ,64,us,us,2,White,m,1,0,-1
7256121,White,Black,0,-.0195769970536331,.555330962300387, , , , , , ,2,4, , ,4,2, ,1, ,7, ,3, , ,0, ,26,us,us,2,White,f,3,-2,-2
7256169,Black, , , , , , , , , , ,2,4, , ,1,4, ,6, ,7, ,2, , ,0, ,21,us,us,2,Black or African American,m,2,0,1
7256193,White,Asian,.0078125, , ,.884655870188344,.995275052697852, , ,2,2, , , , ,2,2,4, , ,5,1, , ,0, , ,47,us,us,2,White,m,1,0,0
7256237,Asian, ,0, , ,-.0180339862969638,.563158794499008, , ,1,3, , , , ,1,3,2, , ,6,2, , ,0, , ,35,us,us,3,East Asian,m,2,0,0
7256250,Black, ,0,.0066067865865902,-.542430545710502, , , , , , ,2,3, , ,4,2, ,1, ,6, ,3, , ,0, ,50,us,sm,.,Black or African American,f,3,-1,-2
7256257,White,Hispanic,0, , , , ,.798091618242485,.73699756522669, , , , ,2,4,2,4, , ,6,6, , ,1, , ,0,19,us,us,2,White,m,1,0,0
7256267,White,Asian,.1484375, , ,.429953614322873,.181980497874877, , ,3,3, , , , ,3,3,2, , ,6,2, , ,0, , ,25,us,sm,2,White,m,2,0,0
7256303,White,Black,0,-.140289142365322,.106915714923048, , , , , , ,1,4, , ,1,4, ,2, ,6, ,3, , ,0, ,59,us,sm,2,White,f,3,0,0
7256377,White,Hispanic,0, , , , ,-.0679320776725449,.695090264154035, , , , ,1,3,4,2, , ,2,7, , ,1, , ,0,37,us,sm,2,White,m,1,-1,-3
7256400,Black, ,0,-.455293165093419,.399130361356773, , , , , , ,3,3, , ,2,3, ,4, ,1, ,3, , ,0, ,41,us,us,3,Black or African American,f,3,0,1
7256414,Black, ,0,-.510835793134366,.0923056496417833, , , , , , ,2,2, , ,1,2, ,7, ,7, ,3, , ,1, ,36,us,us,.,Black or African American,f,3,0,1
7256416,White,Asian,0, , ,.634294307883101,.445188549302795, , ,2,4, , , , ,1,4,7, , ,7,3, , ,1, , ,45,us,sm,2,White,f,3,0,1
7256422,Hispanic, ,0, , , , ,-.638065231223212,.254062886096433, , , , ,1,4,1,4, , ,2,7, , ,3, , ,0,39,us,us,1,More than one race - Other,f,3,0,0
7256447,Black, ,.0234375,-.554618926883207,-.204336811979992, , , , , , ,1,4, , ,1,4, ,1, ,4, ,3, , ,0, ,65,us,sm,2,Black or African American,m,3,0,0
7256554,White,Black,.00806451612903226,-.727316645109904,.44719320446774, , , , , , ,1,3, , ,2,3, ,3, ,5, ,2, , ,0, ,48,us,sm,3,White,f,2,0,-1
7256558,White,Black,0,.96812670302521,.733054606011013, , , , , , ,2,3, , ,2,5, ,2, ,7, ,2, , ,1, ,49,us,sm,2,White,f,2,2,0
7256575,Hispanic, ,0, , , , ,.275891602695704,-.366355068684632, , , , ,1,5,1,5, , ,6,7, , ,1, , ,0,23,us,us,1,Other or Unknown,f,1,0,0
7256586,White,Asian,0, , ,.0201283142897854,1.10475231662725, , ,2,4, , , , ,2,4,6, , ,6,3, , ,0, , ,54,us,sm,2,White,f,3,0,0
7256597,White,Asian,0, , ,.115816597016178,-.215554548410147, , ,1,3, , , , ,1,4,4, , ,4,3, , ,0, , ,21,us,us,2,White,f,3,1,0
7256620,Hispanic, ,0, , , , ,.738646564115427,.0787498224960755, , , , ,1,3,3,3, , ,3,6, , ,2, , ,0,23,us,sm,1,More than one race - Other,f,2,0,-2
7256674,Black, ,0,.765836079000271,1.07961075746414, , , , , , ,3,3, , ,1,4, ,3, ,7, ,2, , ,0, ,29,us,us,2,Black or African American,m,2,1,2
7256724,White,Hispanic,0, , , , ,-.178988672183851,.01675925554175, , , , ,1,1,1,1, , ,3,7, , ,3, , ,0,23,us,sm,.,White,f,3,0,0
7256729,White,Black,0,.0876877502418157,.504212843122345, , , , , , ,1,4, , ,1,5, ,3, ,6, ,1, , ,1, ,19,us,sm,2,White,m,1,1,0
7256742,Hispanic, , , , , , , , , , , , ,1,4,2,2, , ,3,5, , ,3, , ,-1,22,us,us,1,White,m,3,-2,-1
7256762,White,Black,0,.308549557605845,-.305576807467906, , , , , , ,3,2, , ,2,4, ,2, ,7, ,3, , ,2, ,24,us,us,2,White,f,3,2,1
7256805,White,Asian,0, , ,.426688225619075,-.578424895799301, , ,1,2, , , , ,3,3,2, , ,7,2, , ,0, , ,30,us,sm,2,White,m,2,1,-2
7256815,White,Hispanic,0, , , , ,.89431814182764,.593811651834377, , , , ,2,4,4,4, , ,4,4, , ,1, , ,0,18,us,us,2,White,m,1,0,-2
7256816,White,Asian,0, , ,.351569934764753,.12709359731804, , ,1,2, , , , ,4,2,7, , ,7,3, , ,-2, , ,28,us,sm,3,White,m,3,0,-3
7256910,Hispanic, , , , , , , ,.783557644678284, , , , , , , , , , , , , , , , , , ,59,us,us,1,American Indian/Alaska Native,f, , , 
7256925,White,Black,.0078125,.701092494335732,.411427316851716, , , , , , ,1,3, , ,1,3, ,2, ,7, ,3, , ,0, ,19,us,sm,.,White,f,3,0,0
7256931,White,Black,0,.690819156065535,.534066738819922, , , , , , ,4,4, , ,2,4, ,5, ,7, ,-1, , ,2, ,51,us,us,2,White,f,-1,0,2
7256934,White,Hispanic,0, , , , ,-.0342031616998159,1.01738866840713, , , , ,1,4,3,3, , ,2,7, , ,3, , ,0,31,us,sm,2,White,f,3,-1,-2
7256963,White,Asian,0, , ,-.0300786395445529,.484600730977055, , ,1,3, , , , ,3,3,3, , ,7,1, , ,0, , ,32,us,sm,2,White,f,1,0,-2
7256974,White,Black,.0234375,.0307763618531973,.0664741099003375, , , , , , , , , , , , , , , , , , , , , , ,25,us,us,2,White,f, , , 
7256987,White,Hispanic,0, , , , ,-.722576459906362,-.453752995375107, , , , ,2,4,2,4, , ,1,7, , ,3, , ,1,33,us,sm,2,White,m,3,0,0
7257043,White,Asian,0, , ,.469077679489,-.092501441750046, , ,1,3, , , , ,3,3,3, , ,7,3, , ,1, , ,43,us,sm,2,White,m,3,0,-2
7257110,White,Asian,0, , ,.280351448352218,.350392984912492, , ,1,5, , , , ,1,3,6, , ,4,1, , ,0, , ,29,us,sm,2,White,m,1,-2,0
7257193,Hispanic, ,0, , , , ,.50086145588629,.991904854442303, , , , ,4,4,4,4, , ,3,6, , ,2, , ,1,24,us,us,1,White,m,2,0,0
7257202,White,Asian,0, , ,-.206472733063063,.803840556438753, , ,1,4, , , , ,1,4,6, , ,6,0, , ,0, , ,16,us,sm,2,White,f,0,0,0
7257212,White,Hispanic,.0390625, , , , ,.256419879009058,.373454293784566, , , , ,1,5,1,5, , ,3,3, , ,2, , ,0,22,us,sm,2,White,m,2,0,0
7257226,Hispanic, ,0, , , , ,-.372906316987633,.584137255577093, , , , ,3,3,3,3, , ,2,2, , ,3, , ,0,50,us,us,1,White,f,3,0,0
7257227,Hispanic, ,0, , , , ,-.145186039947707,-.00715637004973234, , , , ,2,3,2,4, , ,5,6, , ,2, , ,1,58,us,us,1,White,f,2,1,0
7257238,Black, ,0,-.129598628263515,-.614356975070142, , , , , , ,3,5, , ,3,3, ,1, ,7, ,3, , ,-2, ,53,us,us,2,Black or African American,m,3,-2,0
7257325,Asian, ,0, , ,-.0159907521093488,-.0487800172664386, , ,2,2, , , , ,2,2,2, , ,6,3, , ,0, , ,19,us,sm,2,East Asian,f,3,0,0
7257333,Asian, , , , , , , , ,1,3, , , , ,1,3,4, , ,7,2, , ,0, , ,20,us,sm,2,East Asian,m,2,0,0
7257404,White,Hispanic, , , , , , , , , , , ,1,1,1,1, , ,4,4, , ,3, , ,0,45,us,us,2,White,f,3,0,0
7257500,White,Black,0,-.00946494192712244,.0653408589003395, , , , , , ,2,4, , ,3,3, ,3, ,7, ,2, , ,1, ,54,us,us,2,White,f,2,-1,-1
7257554,Black, ,0,.897803773674981,-.100851941274926, , , , , , ,2,2, , ,2,2, ,2, ,6, ,2, , ,0, ,33,us,us,2,Black or African American,m,2,0,0
7257619,White,Black,0,.967036069673362,.690356434700578, , , , , , ,2,4, , ,1,4, ,2, ,7, ,2, , ,0, ,57,us,us,2,White,f,2,0,1
7257696,White,Asian,0, , ,.289529322737831,-.641507664954105, , ,1,5, , , , ,1,5,3, , ,7,2, , ,0, , ,21,us,us,2,White,f,2,0,0
7257704,White,Hispanic,0, , , , ,1.02737822327549,.390538624506475, , , , ,2,2,2,4, , ,3,7, , ,3, , ,1,42,us,sm,2,White,m,3,2,0
7257705,White,Black,0,1.16793897631828,.928835014092442, , , , , , ,1,3, , ,2,3, ,4, ,6, ,1, , ,0, ,44,us,us,2,White,m,1,0,-1
7257709,White,Black,0,.725815944838599,.975584153124775, , , , , , ,3,3, , ,3,2, ,3, ,6, ,2, , ,1, ,28,us,sm,2,White,f,2,-1,0
7257766,White,Black,.0078125,.86767182791382,.436876185875655, , , , , , ,2,3, , ,2,3, ,3, ,7, ,2, , ,0, ,29,us,sm,2,White,f,2,0,0
7257796,White,Asian,0, , ,-.174728553628202,.438258224837864, , ,1,5, , , , ,1,5,2, , ,6,1, , ,0, , ,51,us,us,2,White,m,1,0,0
7257799,White,Asian,0, , ,-.43710700910947,.638911792302054, , ,3,3, , , , ,3,3,3, , ,7,3, , ,0, , ,67,us,sm,2,White,f,3,0,0
7257812,White,Hispanic,0, , , , ,-.196545511896037,-.568403579159357, , , , ,1,1,2,1, , ,2,6, , ,2, , ,0,29,us,us,2,White,m,2,0,-1
7257825,White,Asian,0, , ,-.0840687456181861,.258279914384917, , ,3,2, , , , ,1,3,4, , ,7,3, , ,0, , ,59,us,sm,.,White,f,3,1,2
7257864,White,Hispanic,0, , , , ,-.0297070411174896,.0345879579679254, , , , ,1,4,2,3, , ,2,7, , ,2, , ,0,38,us,sm,2,White,f,2,-1,-1
7257899,White,Asian,0, , ,.783547157628864,.41079934719863, , ,2,2, , , , ,2,2,4, , ,4,1, , ,1, , ,45,us,sm,2,White,m,1,0,0
7257922,Asian, ,0, , ,-.71094358658913,-.229374795126759, , ,1,4, , , , ,2,3,7, , ,7,3, , ,-1, , ,42,us,us,2,East Asian,f,3,-1,-1
7257989,Black, ,0,-.161196606148661,-.0606057142537582, , , , , , ,2,4, , ,2,4, ,2, ,7, ,3, , ,-1, ,37,us,us,2,Black or African American,f,3,0,0
7257995,White,Hispanic,0, , , , ,-.348513616952748,-.227010828156954, , , , ,3,4,2,4, , ,2,3, , ,3, , ,0,29,us,sm,2,White,f,3,0,1
7258008,White,Asian,0, , ,-.0454070899571632,.899723625119759, , ,1,5, , , , ,1,5,6, , ,7,2, , ,0, , ,61,us,sm,2,White,f,2,0,0
7258023,White,Black, , , , , , , , , ,1,2, , ,1,2, ,3, ,7, ,2, , ,1, ,50,us,us,2,White,f,2,0,0
7258210,White,Black,0,-.0268211060475704,.294472726279211, , , , , , ,1,5, , ,1,5, ,3, ,7, ,2, , ,0, ,63,us,us,2,White,f,2,0,0
7258245,White,Hispanic, , , , , , , , , , , ,1,3,4,4, , , , , , ,1, , ,0,22,us,us,2,White,m,1,1,-3
7258277,White,Hispanic,0, , , , ,.661283180328391,.664027200544842, , , , , , , , , , , , , , , , , , ,43,us,us,2,White,f, , , 
7258291,White,Asian,0, , ,-.248105810182033,-.0216456890157086, , ,1,4, , , , ,1,4,4, , ,6,2, , ,0, , ,49,us,us,2,White,m,2,0,0
7258320,White,Black,0,1.0005472005343,.569846091350989, , , , , , ,2,4, , ,1,5, ,3, ,7, ,2, , ,1, ,59,us,sm,2,White,f,2,1,1
7258330,White,Black,0,.668541664782244,.429328607712624, , , , , , ,1,3, , ,1,3, ,4, ,4, ,0, , ,0, ,30,us,sm,2,White,m,0,0,0
7258337,White,Asian,0, , ,-.200521675957639,.216923538789407, , ,2,3, , , , ,2,4,4, , ,7,2, , ,2, , ,42,us,sm,2,White,m,2,1,0
7258338,Hispanic, ,0, , , , ,-.934145091324845,.17268111009329, , , , ,3,4,4,2, , ,2,7, , ,3, , ,-1,35,us,us,1,More than one race - Other,m,3,-2,-1
7258367,White,Asian,0, , ,-.0999738747338319,.352090160715035, , ,1,5, , , , ,1,5,4, , ,4,0, , ,0, , ,47,us,sm,2,White,f,0,0,0
7258373,White,Hispanic,0, , , , ,-.0281789429274789,1.12938352374737, , , , ,2,5,1,5, , ,6,7, , ,2, , ,0,53,us,us,.,White,f,2,0,1
7258385,White,Black,0,.227223554501821,-.305642539169552, , , , , , ,1,5, , ,1,5, ,2, ,7, ,2, , ,0, ,48,us,us,2,White,f,2,0,0
7258411,Hispanic, ,0, , , , ,-1.09012119357794,-.0298434551449078, , , , ,2,4,3,4, , ,2,7, , ,3, , ,-3,21,us,sm,1,Other or Unknown,f,3,0,-1
7258416,Hispanic, ,0, , , , ,.156819108901992,1.13186210835359, , , , ,1,5,1,5, , ,3,7, , ,2, , ,0,20,us,sm,1,White,f,2,0,0
7258422,White,Black,.0078125,-.0581831276720079,.472973639935518, , , , , , ,1,3, , ,1,5, ,4, ,4, ,0, , ,0, ,24,us,sm,2,White,m,0,2,0
7258545,White,Hispanic,0, , , , ,-.108869283108887,.287454137865914, , , , ,3,3,3,3, , ,4,4, , ,0, , ,0,23,us,us,2,White,m,0,0,0
7258571,White,Asian,.3203125, , , ,-.152312361593624, , ,1,4, , , , ,3,3,4, , ,6,0, , ,0, , ,22,us,us,2,White,m,0,-1,-2
7258590,White,Hispanic,0, , , , ,.331832033466714,.217250057959762, , , , ,1,5,1,5, , ,3,6, , ,1, , ,0,56,us,us,2,White,f,1,0,0
7258647,White,Hispanic,0, , , , ,.119155928157381,-.0429449859954978, , , , ,1,5,1,4, , ,3,3, , ,2, , ,0,42,us,sm,2,White,f,2,-1,0
7258651,Black, ,0,-.275517614037421,.327753916456244, , , , , , ,2,3, , ,3,2, ,2, ,3, ,3, , ,-1, ,35,us,us,2,Black or African American,m,3,-1,-1
7258677,White,Black,.015625,.223688399286287,.419979890577028, , , , , , ,1,2, , ,2,1, ,6, ,6, ,1, , ,-2, ,24,us,us,2,White,m,1,-1,-1
7258678,White,Asian,0, , ,1.27792805723657,1.18402637616764, , ,2,3, , , , ,2,4,7, , ,3,0, , ,1, , ,51,us,us,2,White,f,0,1,0
7258686,Black, ,0,.133751287827554,.181138548962352, , , , , , ,1,5, , ,2,4, ,2, ,7, ,3, , ,-2, ,56,us,sm,1,Black or African American,f,3,-1,-1
7258700,Hispanic, , , , , , , , , , , , ,2,2,2,2, , ,1,7, , ,3, , ,1,28,us,us,1,White,m,3,0,0
7258753,Black, ,0,-.484939277420052,.955266824076552, , , , , , , , , , , , , , , , , , , , , , ,43,us,sm,2,Black or African American,f, , , 
7258784,Black, ,.0234375,-.0975047200925162,.154107012913135, , , , , , ,3,3, , ,3,2, ,2, ,7, ,2, , ,-1, ,17,us,us,2,Black or African American,f,2,-1,0
7258822,White,Hispanic, , , , , , , , , , , ,2,4,1,4, , ,3,5, , ,1, , ,0,40,us,sm,2,White,f,1,0,1
7258842,White,Hispanic, , , , , ,-.0836276490353738, , , , , , , , , , , , , , , , , , , ,48,us,us,3,White,m, , , 
7258910,White,Asian,.0234375, , ,.89874319152488,.87138537820549, , ,2,2, , , , ,1,5,3, , ,7,3, , ,3, , ,24,us,us,2,White,f,3,3,1
7258916,Hispanic, , , , , , , , , , , , ,1,4,3,3, , ,2,7, , ,3, , ,-2,42,us,us,1,Black or African American,f,3,-1,-2
7258927,Black, ,0,-.986542739521337,-1.61009737726047, , , , , , ,1,5, , ,2,3, ,1, ,7, ,3, , ,-3, ,42,us,us,1,Black or African American,f,3,-2,-1
7258951,Hispanic, ,0, , , , ,-1.23611908068511,-1.39133272777036, , , , ,1,4,3,3, , ,2,7, , ,3, , ,-2,42,us,us,1,Black or African American,f,3,-1,-2
7258960,White,Asian, , , , , , , ,2,3, , , , ,1,4,3, , ,3,2, , ,1, , ,48,us,sm,2,White,f,2,1,1
7258982,White,Hispanic,0, , , , ,.729623927826342,1.14829477544876, , , , ,1,2,1,4, , ,4,4, , ,1, , ,1,56,us,us,.,White,m,1,2,0
7258983,White,Hispanic,0, , , , ,.229819055053067,.681575705359399, , , , ,3,3,2,4, , ,4,7, , ,1, , ,1,21,us,sm,2,White,f,1,1,1
7259000,Hispanic, ,0, , , , ,.236466757734258,-.156452175195822, , , , ,1,3,1,3, , ,4,4, , ,2, , ,0,40,us,us,1,More than one race - Other,f,2,0,0
7259012,Hispanic, ,0, , , , ,.343408257678526,.596543582573594, , , , ,1,1,1,1, , ,3,7, , ,2, , ,0,18,us,sm,1,More than one race - Black/White,m,2,0,0
7259147,Hispanic, ,0, , , , ,.670580493858255,.342784199031223, , , , ,1,3,1,3, , ,5,6, , ,-2, , ,-1,20,us,us,1,Other or Unknown,m,-2,0,0
7259160,Hispanic, ,0, , , , ,-.621023997880864,-.535510138813077, , , , , , , , , , , , , , , , , , ,20,us,us,1,Other or Unknown,m, , , 
7259161,White,Black,0,-.106097709522612,-.496518967885608, , , , , , ,1,4, , ,1,4, ,6, ,6, ,0, , ,0, ,30,us,sm,2,White,m,0,0,0
7259235,Hispanic, ,0, , , , ,-.579793644373948,.306356079253972, , , , ,1,4,2,4, , ,4,4, , ,0, , ,0,53,us,de,1,White,f,0,0,-1
7259260,White,Black,0,1.02181793297755,.607073885833044, , , , , , ,2,3, , ,1,4, ,3, ,6, ,3, , ,2, ,15,us,sm,2,White,f,3,1,1
7259263,White,Asian,0, , ,-.193413241566483,-.305787370701924, , ,1,2, , , , ,2,2,2, , ,7,2, , ,0, , ,62,us,sm,2,White,f,2,0,-1
7259316,Black, ,.1328125,-.334945422940856,-.0417883345286856, , , , , , ,2,4, , ,2,4, ,2, ,7, ,3, , ,0, ,49,us,us,2,Black or African American,f,3,0,0
7259319,Black, , , ,-.0687738958661605, , , , , , , , , , , , , , , , , , , , , , ,46,us,us,2,Black or African American,f, , , 
7259337,White,Black,0,-.329429359137117,.23897249675674, , , , , , ,1,2, , ,1,2, ,3, ,4, ,1, , ,0, ,55,us,sm,2,White,m,1,0,0
7259388,White,Hispanic,0, , , , ,-.186852645969011,-.530123438235822, , , , ,1,5,2,3, , ,2,3, , ,2, , ,-1,21,us,sm,2,White,f,2,-2,-1
7259401,White,Asian,0, , ,.261163273566099,.708286670657034, , ,2,3, , , , ,1,3,6, , ,7,2, , ,1, , ,57,us,sm,2,White,f,2,0,1
7259402,Black, , , , , , , , , , ,1,4, , ,1,4, ,1, ,7, ,3, , ,0, ,49,us,us,3,Black or African American,f,3,0,0
7259445,Hispanic, ,0, , , , ,-.305375393417437,.0810200136088569, , , , ,1,4,1,4, , ,1,6, , ,2, , ,-1,20,us,us,1,American Indian/Alaska Native,m,2,0,0
7259475,White,Asian,0, , ,.281492394792728,.957582894514201, , ,1,5, , , , ,1,5,2, , ,7,3, , ,0, , ,65,us,us,2,White,m,3,0,0
7259476,White,Black,.8046875, , , , , , , , ,3,3, , ,1,5, ,3, ,3, ,3, , ,0, ,28,us,us,2,White,f,3,2,2
7259499,White,Black,0,.626164789886092,.676528772602829, , , , , , ,2,4, , ,2,4, ,3, ,6, ,2, , ,0, ,23,us,us,2,White,m,2,0,0
7259534,Black, ,0,.225313527414544,.814389709212364, , , , , , ,3,2, , ,3,2, ,1, ,7, ,3, , ,-1, ,38,us,us,2,Black or African American,m,3,0,0
7259572,Black, ,0,-.128838532815246,.305416142770133, , , , , , ,1,1, , ,1,1, ,4, ,4, ,0, , ,0, ,31,us,sm,.,Black or African American,f,0,0,0
7259611,White,Hispanic, , , , , , , , , , , ,2,5,3,3, , ,3,6, , ,2, , ,0,41,us,sm,2,White,f,2,-2,-1
7259631,White,Black,0,-.0851133942491316,.33939909325275, , , , , , ,1,2, , ,1,2, ,4, ,7, ,1, , ,1, ,44,us,sm,2,White,f,1,0,0
7259656,White,Black,0,.86648903374366,.527260033696227, , , , , , ,3,4, , ,2,5, ,6, ,7, ,0, , ,1, ,32,us,sm,2,White,f,0,1,1
7259732,White,Black,0,.581670625019669,.811099571303742, , , , , , ,2,4, , ,3,5, ,3, ,3, ,1, , ,0, ,19,us,us,2,White,f,1,1,-1
7259750,Hispanic, ,0, , , , ,-.920080143454262,.337763762693991, , , , ,2,4,2,4, , ,2,4, , ,2, , ,0,50,us,sm,1,Other or Unknown,f,2,0,0
7259777,White,Hispanic,0, , , , ,.691649529364404,.395602220668375, , , , ,2,5,1,5, , ,5,6, , ,2, , ,2,60,us,sm,2,White,f,2,0,1
7259792,White,Hispanic,0, , , , ,.566319647984074,.2838605615452, , , , ,1,4,1,4, , ,2,7, , ,2, , ,0,66,us,us,2,White,m,2,0,0
7259807,Asian, ,0, , ,-.620902690926675,-.0120738889703111, , ,2,4, , , , ,2,4,4, , ,6,1, , ,-1, , ,21,us,sm,2,East Asian,m,1,0,0
7259808,White,Hispanic,0, , , , ,-.285712385647813,.0912722576194915, , , , ,2,2,2,2, , ,4,5, , ,1, , ,1,38,us,sm,2,White,f,1,0,0
7259843,Hispanic, ,.00806451612903226, , , , ,-.18992674946698,.494825073342219, , , , ,1,5,1,4, , ,5,7, , ,2, , ,-3,27,us,us,1,Other or Unknown,f,2,-1,0
7259867,Black, ,.0078125,-.685964238908607,.402012153744064, , , , , , ,2,5, , ,3,4, ,3, ,7, ,2, , ,0, ,22,us,sm,2,Black or African American,f,2,-1,-1
7259868,Hispanic, ,0, , , , ,-.142149819866326,-.21625002931978, , , , ,1,4,1,4, , ,4,5, , ,1, , ,0,42,us,us,1,More than one race - Other,m,1,0,0
7259875,White,Hispanic,0, , , , ,.108593167275087,1.19421351852656, , , , ,1,3,4,3, , ,4,5, , ,2, , ,-1,64,us,sm,2,White,m,2,0,-3
7259883,Hispanic, ,0, , , , ,-.309461633600635,.659561840209047, , , , ,1,5,1,2, , ,4,4, , ,2, , ,0,19,us,sm,1,Other or Unknown,f,2,-3,0
7259895,Black, ,0,-1.16652886155825,-.0809239281701488, , , , , , ,1,5, , ,2,2, ,1, ,7, ,3, , ,-2, ,19,us,us,2,Black or African American,f,3,-3,-1
7259930,Hispanic, ,0, , , , ,.280172715589911,.20637803377068, , , , , , , , , , , , , , , , , , ,27,us,us,1,White,f, , , 
7259960,White,Asian,0, , ,.382683461226336,.769962755416007, , ,1,4, , , , ,1,4,6, , ,7,0, , ,1, , ,28,us,us,2,White,m,0,0,0
7259989,White,Hispanic,.0078125, , , , ,.367815508291682,.727072948398157, , , , ,3,3,3,3, , ,4,4, , ,1, , ,0,25,us,us,2,White,f,1,0,0
7259992,White,Hispanic,0, , , , ,-.124691355731489,-.014741333185526, , , , ,1,4,2,2, , ,2,7, , ,3, , ,0,19,us,sm,2,White,m,3,-2,-1
7260021,Black, ,0,.712738743924984,.784612950512274, , , , , , ,5,2, , ,2,5, ,1, ,7, ,3, , ,1, ,19,us,us,2,Black or African American,f,3,3,3
7260078,White,Asian,0, , ,.527233889040036,.607330132604956, , ,2,4, , , , ,3,4,6, , ,7,3, , ,1, , ,36,us,sm,2,White,f,3,0,-1
7260182,White,Black,0,-.19318136556694,.567893019106444, , , , , , ,2,2, , ,3,3, ,2, ,7, ,3, , ,1, ,37,us,kr,3,White,m,3,1,-1
7260212,White,Asian,0, , ,.517095602220405,.921477813605649, , ,2,3, , , , ,2,4,6, , ,7,2, , ,1, , ,35,us,sm,2,White,f,2,1,0
7260293,White,Hispanic,0, , , , ,-.462075795687686,-.0564996073566031, , , , ,2,4,4,5, , ,3,6, , ,3, , ,2,62,us,sm,2,White,f,3,1,-2
7260298,Black, ,0,-.220154009249465,-.527535832282715, , , , , , ,3,4, , ,3,2, ,5, ,7, ,3, , ,-1, ,41,us,us,2,Black or African American,f,3,-2,0
7260386,White,Hispanic,0, , , , ,.749117742544717,.531614740703983, , , , ,1,4,3,3, , ,2,7, , ,3, , ,0,76,us,sm,2,White,m,3,-1,-2
7260418,White,Hispanic,0, , , , ,.634553900969928,.78364448251449, , , , , , , , , , , , , , , , , , ,52,us,us,3,White,m, , , 
7260419,White,Asian,0, , ,-.577575887336035,.136132926032591, , ,2,2, , , , ,2,2,3, , ,6,1, , ,0, , ,50,us,sm,2,White,f,1,0,0
7260422,White,Black,0,.782679874372775,.405272063349493, , , , , , ,3,3, , ,2,3, ,2, ,3, ,2, , ,1, ,24,us,sm,3,White,m,2,0,1
7260431,Hispanic, , , , , , , , , , , , ,2,4,2,4, , ,3,7, , ,2, , ,0,20,us,sm,1,More than one race - Other,f,2,0,0
7260458,Black, , , , , , , , , , ,1,5, , ,3,3, ,7, ,7, ,-2, , ,0, ,47,us,sm,.,Black or African American,f,-2,-2,-2
7260462,White,Black,0,-1.09263269801038,-.66691768305469, , , , , , ,2,3, , ,3,2, ,1, ,7, ,3, , ,0, ,30,us,us,2,White,f,3,-1,-1
7260516,White,Black,0,.366925587316437,.661415753431093, , , , , , ,3,4, , ,3,4, ,2, ,5, ,3, , ,1, ,35,us,sm,2,White,f,3,0,0
7260558,White,Hispanic,0, , , , ,.618998479762017,.158076388416984, , , , ,2,2,3,2, , ,2,6, , ,2, , ,0,20,us,us,2,White,m,2,0,-1
7260578,Black, ,0,-.552049182707226,.400686524620772, , , , , , ,1,5, , ,1,5, ,6, ,7, ,3, , ,-1, ,42,us,us,2,Black or African American,f,3,0,0
7260584,White,Asian,0, , ,-.57970215137257,.326718835279002, , ,1,4, , , , ,1,3,3, , ,7,2, , ,2, , ,69,us,sm,.,White,f,2,-1,0
7260652,Hispanic, ,0, , , , ,-.599294724064202,-.252832325075223, , , , ,2,5,5,5, , ,3,7, , ,3, , ,-1,36,us,sm,1,More than one race - Black/White,f,3,0,-3
7260709,Black, ,.5234375,.499721533515052, , , , , , , ,4,4, , ,4,4, , , ,2, ,1, , ,0, ,22,us,us,2,Black or African American,m,1,0,0
7260720,White,Asian,0, , ,-.0486687029577749,.601313131171735, , ,1,2, , , , ,1,2,6, , ,7,1, , ,0, , ,20,us,us,3,White,f,1,0,0
7260735,White,Asian,0, , ,.107199026044593,-.076420230672119, , ,2,3, , , , ,3,3,5, , ,7,3, , ,0, , ,21,us,sm,2,White,f,3,0,-1
7260740,White,Asian,0, , ,-.110113195447831,.622580306069852, , ,1,5, , , , ,1,5,5, , ,6,1, , ,0, , ,26,us,sm,2,White,f,1,0,0
7260757,White,Hispanic,.0859375, , , , ,.728450888364129,-.0393423379596514, , , , ,2,5,2,5, , ,2,3, , ,3, , ,0,18,us,sm,2,White,f,3,0,0
7260814,White,Black,0,.459065293182989,.443731283615771, , , , , , ,2,4, , ,4,4, ,2, ,6, ,2, , ,0, ,24,us,sm,2,White,f,2,0,-2
7260830,White,Hispanic,0, , , , ,.108824559364192,.497705644826179, , , , ,2,5,2,5, , ,2,3, , ,2, , ,0,26,us,sm,3,White,f,2,0,0
7260879,White,Black,0,.709646082777529,.995013135770312, , , , , , ,2,2, , ,2,3, ,2, ,3, ,2, , ,0, ,21,us,sm,2,White,f,2,1,0
7260882,Black, ,0,-.642202617000601,-.113889646566897, , , , , , ,1,5, , ,5,5, ,7, ,7, ,2, , ,0, ,35,us,us,2,Black or African American,f,2,0,-4
7260894,White,Black,.0078125,.619603038091916,1.09257071023048, , , , , , ,2,3, , ,3,3, ,2, ,7, ,3, , ,0, ,53,us,us,.,White,m,3,0,-1
7260903,White,Black,0,.038687180958821,-.442504607281737, , , , , , ,1,5, , ,1,5, ,3, ,7, ,2, , ,0, ,47,us,sm,2,White,f,2,0,0
7260930,White,Asian,0, , ,.257911595698277,.281190585592954, , ,1,5, , , , ,1,5,6, , ,7,2, , ,0, , ,28,us,us,2,White,f,2,0,0
7260938,White,Hispanic,0, , , , ,.373610447505471,.590666916569155, , , , ,3,4,3,4, , ,4,7, , ,0, , ,0,46,us,us,2,White,f,0,0,0
7260944,White,Hispanic,0, , , , ,.437050383324608,.70715044828999, , , , ,2,2,2,3, , ,6,6, , ,-1, , ,0,22,us,us,2,White,f,-1,1,0
7260967,Black, , , , , , , , , , ,1,5, , ,1,5, ,2, ,7, ,3, , ,0, ,65,us,us,2,Black or African American,f,3,0,0
7260975,White,Black,0,.943241381122528,.755644562792808, , , , , , ,1,5, , ,1,5, ,6, ,7, ,2, , ,1, ,39,us,sm,2,White,f,2,0,0
7260989,White,Hispanic,0, , , , , ,.503082243696168, , , , ,1,5,3,3, , ,6,7, , ,3, , ,-2,31,us,us,2,White,m,3,-2,-2
7261000,White,Asian,0, , ,.560255791207942,.532104160951286, , ,2,3, , , , ,2,4,6, , ,6,2, , ,0, , ,48,us,us,2,White,f,2,1,0
7261035,White,Black,0,.306125860452123,.533717472621269, , , , , , ,1,4, , ,1,4, ,6, ,7, ,0, , ,0, ,24,us,us,2,White,f,0,0,0
7261036,White,Hispanic,0, , , , ,1.16645414606347,.439983469236799, , , , ,2,2,2,4, , ,3,7, , ,2, , ,1,45,us,sm,2,White,f,2,2,0
7261043,White,Asian,0, , ,.382398656898775,.640134710131954, , ,2,4, , , , ,1,2,3, , ,7,3, , ,1, , ,23,us,sm,2,White,f,3,-2,1
7261073,White,Black,0,-.115522278914428,-.401125757264025, , , , , , ,2,4, , ,2,4, ,3, ,7, ,2, , ,0, ,48,us,us,2,White,m,2,0,0
7261091,White,Asian,0, , ,.639786780380492,.566248094980839, , ,1,5, , , , ,1,5,4, , ,7,0, , ,0, , ,32,us,sm,2,White,m,0,0,0
7261097,Black, ,0,.260138975342524,-.144236136896406, , , , , , ,2,4, , ,3,3, ,2, ,7, ,3, , ,-1, ,50,us,sm,2,Black or African American,f,3,-1,-1
7261100,White,Asian,0, , ,.446387156617277,.0401653830618387, , ,2,4, , , , ,2,4,3, , ,3,1, , ,0, , ,55,us,sm,3,White,f,1,0,0
7261101,White,Asian,0, , ,-.237942257251403,.245639903663103, , ,2,4, , , , ,2,4,3, , ,6,2, , ,0, , ,51,us,sm,2,White,m,2,0,0
7261135,White,Black,0,-.44257267424498,.789897683774545, , , , , , ,1,2, , ,1,2, ,3, ,4, ,2, , ,0, ,39,us,sm,2,White,m,2,0,0
7261201,Black, ,.015625,-.442955197385068,-.250715718147578, , , , , , ,2,5, , ,4,4, ,3, ,7, ,3, , ,-3, ,20,us,us,.,Black or African American,f,3,-1,-2
7261202,Hispanic, ,0, , , , ,-1.06653748997686,-.719353990861955, , , , ,1,5,1,4, , ,3,7, , ,3, , ,-1,36,us,us,1,Other or Unknown,f,3,-1,0
7261232,White,Hispanic,0, , , , ,.548314569613299,-.115433863461838, , , , ,1,3,3,2, , ,4,5, , ,2, , ,0,27,us,sm,.,White,m,2,-1,-2
7261245,Black, ,0,-.3948202917892,.492671346202787, , , , , , ,1,4, , ,3,3, ,4, ,7, ,1, , ,-2, ,20,us,us,2,Black or African American,f,1,-1,-2
7261263,Asian, ,0, , ,-.173642970538109,-.18178212546567, , ,2,4, , , , ,3,4,6, , ,7,2, , ,0, , ,21,us,us,2,East Asian,f,2,0,-1
7261290,Black, ,0,.0197819211784916,.359014795833673, , , , , , ,1,3, , ,1,3, ,2, ,7, ,2, , ,0, ,19,us,us,2,Black or African American,f,2,0,0
7261313,White,Hispanic,0, , , , ,.348741251765264,.991635053763152, , , , ,1,5,1,5, , ,6,7, , ,3, , ,0,21,us,us,2,White,f,3,0,0
7261319,White,Asian,0, , ,-.136253474290728,.150185202948629, , ,1,4, , , , ,2,4,4, , ,3,-1, , ,1, , ,27,us,sm,2,White,f,-1,0,-1
7261321,Black, ,0,.279136060330774,-.308667490354653, , , , , , ,1,4, , ,1,4, ,3, ,3, ,1, , ,0, ,41,us,sm,.,Black or African American,f,1,0,0
7261355,Hispanic, ,0, , , , ,.136636058812954,-.63134509502635, , , , ,2,4,2,3, , ,2,7, , ,3, , ,-1,34,us,us,1,More than one race - Other,f,3,-1,0
7261364,White,Hispanic,0, , , , ,.461833247973436,.79245525220553, , , , ,1,3,1,5, , ,5,7, , ,2, , ,0,31,us,us,2,White,f,2,2,0
7261367,White,Black,0,.488071343297011,1.08478292301653, , , , , , ,1,4, , ,1,4, ,3, ,5, ,1, , ,0, ,49,us,us,.,White,f,1,0,0
7261411,White,Hispanic,0, , , , ,.837951855767691,-.0915731318107447, , , , ,3,4,3,4, , ,3,3, , ,1, , ,0,25,us,us,2,White,m,1,0,0
7261460,Black, ,0, ,.340438880911362, , , , , , ,3,4, , ,3,4, ,2, ,7, ,3, , ,0, ,29,us,us,2,Black or African American,m,3,0,0
7261500,White,Asian,0, , ,.65414837434917,.246183039533548, , ,2,4, , , , ,4,4,5, , ,7,2, , ,0, , ,25,us,us,2,White,m,2,0,-2
7261518,White,Hispanic,0, , , , ,.61004732853376,.681086050902013, , , , ,1,4,1,4, , ,4,7, , ,3, , ,0,38,us,uk,3,White,f,3,0,0
7261565,White,Black,0,.171994333411904,-.58483942377467, , , , , , ,4,4, , ,2,4, ,4, ,4, ,1, , ,0, ,50,us,sm,2,White,f,1,0,2
7261646,White,Asian,0, , ,.617284927966113,-.0182903838671113, , ,4,2, , , , ,2,4,6, , ,7,1, , ,0, , ,40,us,us,2,White,f,1,2,2
7261671,Black, , ,-.748964055588029, , , , , , , ,3,3, , ,2,4, ,1, ,3, ,3, , ,0, ,16,us,sm,2,Black or African American,f,3,1,1
7261707,Asian, ,0, , ,-.155221497782822,.158240293121361, , ,1,5, , , , ,1,5,6, , ,7,1, , ,0, , ,53,us,sm,2,East Asian,f,1,0,0
7261708,Black, ,0,-.442598324898201,.0415010249304592, , , , , , ,2,4, , ,3,4, ,1, ,7, ,3, , ,0, ,34,us,us,2,Black or African American,f,3,0,-1
7261763,White,Hispanic,0, , , , ,.485556055918797,.104686675315249, , , , ,1,4,1,4, , ,3,7, , ,2, , ,0,51,us,us,3,White,f,2,0,0
7261779,White,Hispanic, , , , , , , , , , , ,1,5,2,2, , ,3,6, , ,2, , ,0,43,us,sm,2,White,f,2,-3,-1
7261840,White,Hispanic,0, , , , , ,-.0152708861493601, , , , ,1,2,2,2, , ,2,3, , ,3, , ,0,36,us,sm,2,White,f,3,0,-1
7261857,White,Hispanic,0, , , , ,.87179584165125,-.179043903062445, , , , ,1,1,1,1, , ,2,6, , ,2, , ,0,51,us,us,.,White,f,2,0,0
7261870,Black, , , ,.110862147221588, , , , , , ,1,5, , ,1,4, ,2, ,7, ,3, , ,-2, ,41,us,us,2,Black or African American,f,3,-1,0
7261874,White,Asian,0, , ,.819289803936747,.557541004834023, , ,2,5, , , , ,2,4,3, , ,7,2, , ,1, , ,26,us,sm,2,White,f,2,-1,0
7261888,Black, ,0,-.41538725552443,.547288225955532, , , , , , ,1,5, , ,1,3, ,2, ,7, ,3, , ,0, ,49,us,sm,2,Black or African American,f,3,-2,0
7261903,White,Black,0,.70866479373435,.809101117582894, , , , , , ,1,4, , ,1,4, ,4, ,4, ,2, , ,0, ,34,us,us,3,White,f,2,0,0
7261911,White,Hispanic,0, , , , ,.251802503722081,.497700215712036, , , , ,2,3,2,2, , ,2,6, , ,2, , ,1,34,us,sm,2,White,m,2,-1,0
7261920,White,Black,0,.651786382849796,.868620711708289, , , , , , ,1,5, , ,1,5, ,7, ,7, ,0, , ,0, ,25,us,sm,2,White,m,0,0,0
7261966,White,Asian, , , ,.457547414209148, , , , , , , , , , , , , , , , , , , , , ,57,us,sm,2,White,m, , , 
7261968,White,Asian,0, , ,.433434396306718,.44180985864622, , ,1,3, , , , ,1,3,3, , ,3,0, , ,0, , ,33,us,us,2,White,m,0,0,0
7261976,White,Hispanic,0, , , , ,.991429339051323,.811344736072357, , , , ,2,3,1,5, , ,6,7, , ,2, , ,2,65,us,us,3,White,f,2,2,1
7261979,Black, ,.015625,.163920720941242,-.363495473172968, , , , , , ,1,4, , ,2,2, ,1, ,7, ,3, , ,-3, ,20,us,sm,2,Black or African American,f,3,-2,-1
7261985,White,Asian,.0078125, , ,-.569809767960071,.5852573458372, , ,1,3, , , , ,1,3,6, , ,6,2, , ,-1, , ,22,us,sm,.,White,f,2,0,0
7261989,Black, ,0,-.550022969932868,.894134132806525, , , , , , ,2,5, , ,2,4, ,2, ,7, ,3, , , , ,61,us,sm,2,Black or African American,m,3,-1,0
7261995,White,Black,0,.519900788029633,.348420917598741, , , , , , ,3,3, , ,3,3, ,3, ,6, ,2, , ,0, ,58,us,us,2,White,f,2,0,0
7261999,Black, , , , , , , , , , ,2,5, , ,2,2, ,3, ,7, ,3, , ,-1, ,63,us,sm,2,Black or African American,f,3,-3,0
7262008,Hispanic, ,0, , , , ,-.8454251290402,-.684865072837695, , , , ,1,5,1,4, , ,2,7, , ,3, , ,0,31,us,us,1,White,f,3,-1,0
7262091,Hispanic, ,0, , , , ,.38616925412293, , , , , ,1,4,1,4, , ,5,5, , ,1, , ,0,26,us,us,1,More than one race - Other,f,1,0,0
7262092,White,Hispanic, , , , , , , , , , , ,1,5,1,5, , ,6,6, , ,1, , ,0,18,us,us,1,White,f,1,0,0
7262096,White,Asian,.328125, , ,.555555915119787,.596442584675972, , ,1,3, , , , ,1,3,5, , ,5,1, , ,0, , ,19,us,us,3,White,f,1,0,0
7262100,White,Hispanic,0, , , , ,.456513756987205,.896836306021057, , , , ,1,4,1,4, , ,3,7, , ,3, , ,1,49,us,us,2,White,f,3,0,0
7262102,White,Hispanic,0, , , , , ,.62910943956772, , , , , , , , , , , , , , , , , , ,19,us,sm,2,White,m, , , 
7262114,White,Asian,0, , ,.781652864630026,.677195224840522, , ,1,4, , , , ,1,4,3, , ,3,2, , ,0, , ,29,us,us,2,White,f,2,0,0
7262116,Black, ,0,.693982566416194,-.439082797182838, , , , , , ,1,5, , ,1,5, ,3, ,7, ,3, , ,0, ,51,us,sm,1,Black or African American,f,3,0,0
7262126,Hispanic, ,0, , , , ,-.0473507035964267, , , , , ,1,3,1,3, , ,2,7, , ,3, , ,0,19,us,sm,1,Other or Unknown,m,3,0,0
7262139,White,Hispanic,0, , , , ,.230283743745047,.385422034659465, , , , ,4,2,2,4, , ,2,7, , ,2, , ,1,18,us,us,2,White,f,2,2,2
7262145,Black, ,.015625,.460559287468991,.4510749404373, , , , , , ,2,5, , ,2,2, ,2, ,1, ,0, , ,0, ,24,us,us,2,Black or African American,f,0,-3,0
7262152,White,Black,0,.412207393756377,.00414958956068398, , , , , , ,3,3, , ,3,3, ,2, ,7, ,3, , ,-1, ,45,us,us,2,White,f,3,0,0
7262165,Hispanic, ,0, , , , ,.279259109997669,.340562868139488, , , , ,2,4,3,4, , ,1,7, , ,3, , ,0,18,us,us,1,More than one race - Black/White,f,3,0,-1
7262168,White,Asian,.015625, , ,.388610864095823,.328989704368901, , ,2,3, , , , ,2,3,2, , ,7,3, , ,0, , ,19,us,us,.,White,m,3,0,0
7262171,White,Asian,.0546875, , ,1.39628413785887,.298344254894626, , ,3,2, , , , ,3,2,3, , ,6,3, , ,3, , ,19,us,sm,2,White,f,3,0,0
7262176,White,Black,0,.444162687446184,.660463928549744, , , , , , ,3,4, , ,3,4, ,1, ,1, ,3, , , , ,50,us,us,3,White,f,3,0,0
7262190,White,Hispanic, , , , , , ,.499174730538326, , , , , , , , , , , , , , , , , , ,28,us,us,2,White,m, , , 
7262196,White,Hispanic,0, , , , ,.344464656769988,1.03972921109705, , , , ,1,5,1,5, , ,4,4, , ,1, , ,1,58,us,us,2,White,m,1,0,0
7262202,White,Asian,0, , ,-.357480955190189,.278682309528196, , ,2,4, , , , ,5,3,2, , ,7,3, , ,1, , ,41,us,us,2,White,f,3,-1,-3
7262266,Black, , , , , , , , , , ,1,5, , ,4,3, ,2, ,7, ,3, , ,-1, ,47,us,us,2,Black or African American,f,3,-2,-3
7262297,White,Asian,0, , ,1.12938895039374,.0736880774786907, , ,1,4, , , , ,1,4,3, , ,7,3, , ,0, , ,19,us,us,2,White,f,3,0,0
7262300,White,Hispanic,.409022177419355, , , , ,-.510730875245813,-.252846182259485, , , , ,2,4,1,4, , ,6,6, , ,1, , ,1,19,us,sm,2,White,f,1,0,1
7262356,Asian, ,0, , ,-.286925335727454,-.467811506513219, , ,2,4, , , , ,2,2,3, , ,4,1, , ,0, , ,18,us,us,2,East Asian,f,1,-2,0
7262361,Hispanic, ,.0234375, , , , ,.519837736940794,.825790450428305, , , , ,1,3,1,3, , ,4,6, , ,1, , ,0,18,us,us,1,Other or Unknown,f,1,0,0
7262363,Hispanic, ,0, , , , ,-.234273467368933,.555400798976774, , , , ,3,2,1,4, , ,4,7, , ,2, , ,2,19,us,us,1,More than one race - Other,f,2,2,2
7262366,White,Hispanic,.34375, , , , ,.330162850271199,.718449087557728, , , , ,1,3,1,4, , ,6,3, , ,0, , ,0,20,us,sm,.,White,m,0,1,0
7262374,Black, ,.234375,-.49682047515455,.674049649662495, , , , , , ,3,2, , ,1,4, ,3, ,7, ,1, , ,0, ,19,us,sm,2,Black or African American,f,1,2,2
7262378,White,Asian,0, , ,.461782330000183,.549704316692827, , ,1,3, , , , ,2,3,4, , ,5,1, , ,0, , ,50,us,sm,3,White,m,1,0,-1
7262389,White,Black,.578125,.119213634866577,1.0123967739834, , , , , , , , , , ,1, , ,1, ,5, ,1, , ,1, ,17,us,sm,2,White,f, , , 
7262403,Hispanic, ,.0390625, , , , ,.976414778759027,.312838349942737, , , , ,4,1,1,5, , ,2,7, , ,3, , ,2,17,us,us,1,White,f,3,4,3
7262437,White,Hispanic,0, , , , ,-.218952258791548,.00896949898843438, , , , ,1,4,3,2, , ,2,7, , ,2, , ,0,34,us,sm,2,White,m,2,-2,-2
7262440,White,Black,0,-.120488209116646,.406318049781305, , , , , , ,2,3, , ,1,4, ,6, ,7, ,2, , ,2, ,18,us,us,.,White,f,2,1,1
7262444,White,Black,.0078125,-.127552543392901,.434709269449253, , , , , , ,1,4, , ,1,4, ,6, ,7, ,2, , ,1, ,18,us,sm,.,White,f,2,0,0
7262446,White,Hispanic,0, , , , ,.265738899774454,.533236588640419, , , , ,3,2,2,5, , ,3,7, , ,3, , ,3,19,us,us,.,White,f,3,3,1
7262461,White,Black,.0078125,-.00244861257945916,.452355542626708, , , , , , ,2,4, , ,4,3, ,3, ,7, ,3, , ,0, ,31,us,sm,2,White,f,3,-1,-2
7262462,Hispanic, , , , , , , , , , , , ,4,4,4,4, , ,5,5, , ,0, , ,0,19,us,us,1,White,m,0,0,0
7262473,Hispanic, ,.0078125, , , , ,.352295563096031,.195513603979537, , , , ,2,3,2,3, , ,2,6, , ,2, , ,0,18,us,us,1,White,f,2,0,0
7262478,White,Asian,.015625, , ,.675838888241689,.174082925974033, , ,2,3, , , , ,2,5,6, , ,7,2, , ,2, , ,19,us,.,.,White,f,2,2,0
7262488,Black, ,.015625,.0201244373433652,.627207779421439, , , , , , , , , , , , , , , , , , , , , , ,22,us,us,2,Black or African American,f, , , 
7262489,White,Asian,.734375, , ,-1.06971329875988, , , ,2,2, , , , ,2,2,2, , ,3,2, , ,2, , ,18,us,us,2,White,m,2,0,0
7262494,Hispanic, ,0, , , , ,.32561843586694,.634611400731207, , , , ,2,2,2,4, , ,2,3, , ,1, , ,0,18,us,us,1,More than one race - Other,f,1,2,0
7262502,White,Hispanic,0, , , , ,-.00197927447367766,.881622504351197, , , , ,1,4,2,4, , ,2,7, , ,3, , ,0,60,us,us,.,White,f,3,0,-1
7262549,Hispanic, ,0, , , , ,.0571566787402237,-.00195381143889728, , , , ,4,3,1,4, , ,3,7, , ,2, , ,0,33,us,us,1,More than one race - Other,f,2,1,3
7262576,White,Asian,0, , ,.150378255437195,.61624913832136, , ,3,3, , , , ,2,2,3, , ,7,2, , ,1, , ,26,us,sm,3,White,f,2,-1,1
7262584,White,Asian,.015625, , ,.779331647265239,.473371515497765, , ,1,3, , , , ,2,3,2, , ,4,3, , ,1, , ,59,us,sm,2,White,f,3,0,-1
7262624,White,Black, , , , , , , , , ,3,2, , ,2,3, ,6, ,6, ,0, , ,3, ,26,us,us,2,White,f,0,1,1
7262660,Black, ,0,-1.06889109479852,.190487587486845, , , , , , ,2,4, , ,3,3, ,2, ,7, ,2, , ,0, ,39,us,sm,2,Black or African American,f,2,-1,-1
7262674,White,Hispanic,0, , , , ,.0822988078898056,.901649982595999, , , , ,2,3,2,3, , ,2,7, , ,3, , ,0,44,us,us,2,White,f,3,0,0
7262692,Black, ,0,.34789147481193,-.151026331387965, , , , , , ,3,5, , ,3,4, ,3, ,4, ,2, , ,-1, ,32,us,us,.,Black or African American,f,2,-1,0
7262708,Hispanic, ,0, , , , ,.0058708389945431,.69224676503492, , , , ,2,4,2,4, , ,1,7, , ,3, , ,-1,21,us,us,1,Other or Unknown,f,3,0,0
7262710,White,Black,0,-.171442412912052,1.49570122261252, , , , , , ,3,4, , ,2,4, ,3, ,3, ,1, , ,1, ,59,us,sm,2,White,f,1,0,1
7262741,White,Asian,0, , ,.0341993413915972,.265697619156334, , ,2,4, , , , ,2,4,3, , ,7,2, , ,0, , ,29,us,sm,2,White,f,2,0,0
7262757,Black, ,.03125,-.499653719706298,-.467550651705557, , , , , , , , , , , , , ,1, ,7, ,3, , , , ,57,us,sm,2,Black or African American,f,3, , 
7262762,Black, ,0,.0881331444268428,-.186641125920963, , , , , , ,1,4, , ,1,4, ,2, ,7, ,3, , ,0, ,71,us,us,2,Black or African American,f,3,0,0
7262764,Black, ,0,-.142251246947503,-.504760426616064, , , , , , ,2,5, , ,2,5, ,7, ,5, ,3, , ,0, ,22,us,us,.,Black or African American,m,3,0,0
7262774,White,Black,0,.638143308804905,1.06586673037177, , , , , , ,2,4, , ,1,4, ,2, ,6, ,2, , ,1, ,62,us,us,2,White,f,2,0,1
7262782,Black, ,0,.298671913171348,.780471778042953, , , , , , ,2,5, , ,3,3, ,2, ,7, ,3, , ,-1, ,34,us,us,2,Black or African American,f,3,-2,-1
7262784,White,Asian, , , , ,.0510387912256621, , , , , , , , , , , , , , , , , , , , ,64,us,us,2,White,f, , , 
7262825,White,Hispanic,0, , , , ,-.291013422608862,-.412350816089932, , , , ,3,4,3,2, , ,5,6, , ,2, , ,-2,31,us,us,2,White,m,2,-2,0
7262829,Black, ,.015625,.385907113203829,-.0237671779626589, , , , , , ,1,5, , ,1,5, ,6, ,4, ,1, , ,0, ,23,us,us,.,Black or African American,m,1,0,0
7262837,Hispanic, ,0, , , , ,-.0212364959442957,.792113451160765, , , , ,1,5,1,5, , ,6,7, , ,1, , ,1,23,us,sm,1,White,f,1,0,0
7262852,Black, ,.015625,.20257662514239,.788953633125731, , , , , , ,4,4, , ,4,4, ,1, ,1, ,3, , ,0, ,21,us,sm,2,Black or African American,f,3,0,0
7262869,White,Asian,0, , ,.30500252017652,.668876493328021, , ,2,4, , , , ,2,4,5, , ,6,2, , ,0, , ,24,us,us,2,White,f,2,0,0
7262885,White,Black,0,.482595114445977,-.0412983391531401, , , , , , ,3,3, , ,3,3, ,5, ,4, ,-1, , ,1, ,24,us,sm,2,White,m,-1,0,0
7262917,White,Asian,0, , ,.670093924742448,.21128101872504, , ,3,3, , , , ,2,2,3, , ,5,2, , ,0, , ,25,us,us,2,White,f,2,-1,1
7262940,White,Asian,0, , ,.118232941612836,.958286196235972, , ,1,5, , , , ,1,5,4, , ,4, , , ,0, , ,48,us,sm,3,White,f, ,0,0
7262945,White,Asian,0, , ,.44094800920683,-.344767759061694, , ,2,4, , , , ,2,3,4, , ,7,3, , ,0, , ,26,us,us,2,White,f,3,-1,0
7262957,White,Asian, , , , , , , ,3,3, , , , ,2,4,2, , ,6,2, , ,2, , ,54,us,us,2,White,f,2,1,1
7262995,White,Hispanic,0, , , , ,.500274555230005,.284728137123896, , , , ,1,4,1,4, , ,3,7, , ,1, , ,0,29,us,sm,2,White,m,1,0,0
7263020,White,Black,0,.26260334079705,.39619453354053, , , , , , ,2,2, , ,2,2, ,4, ,4, ,1, , ,0, ,26,us,us,2,White,f,1,0,0
7263062,Hispanic, ,0, , , , ,-.0719202466256053,.492623146553258, , , , ,1,4,1,4, , ,3,7, , ,1, , ,0,52,us,sm,1,White,f,1,0,0
7263068,White,Black,0,.0160086906702186,-.158571422672664, , , , , , ,2,4, , ,3,3, ,2, ,7, ,3, , ,-1, ,29,us,sm,2,White,f,3,-1,-1
7263092,White,Hispanic,.0546875, , , , , ,.948537205559328, , , , ,1,4,1,4, , ,3,6, , ,1, , ,0,20,us,us,2,White,f,1,0,0
7263110,Black, ,0,-.380944965164309,.216160902046928, , , , , , ,1,5, , ,1,4, ,2, ,7, ,2, , ,0, ,48,us,sm,2,Black or African American,m,2,-1,0
7263136,Black, ,.8203125, , , , , , , , ,1,5, , ,1,5, ,7, ,7, ,0, , ,0, ,55,us,us,2,Black or African American,m,0,0,0
7263144,Hispanic, ,0, , , , ,-.627361428705378,-.632386812215902, , , , ,1,5,3,2, , ,2,7, , ,2, , ,-3,23,us,us,1,Other or Unknown,m,2,-3,-2
7263184,Hispanic, ,0, , , , ,.065053692351728,-.204213159376755, , , , ,1,5,3,2, , ,2,7, , ,3, , ,-1,19,us,us,1,Other or Unknown,f,3,-3,-2
7263214,Black, , , , , , , , , , ,1,5, , ,1,4, ,3, ,7, ,2, , ,0, ,25,us,us,2,Black or African American,f,2,-1,0
7263237,White,Black,0,.0711843298875939,.116033729666327, , , , , , ,2,4, , ,4,3, ,3, ,7, ,3, , ,0, ,42,us,sm,2,White,f,3,-1,-2
7263263,White,Hispanic,0, , , , ,-.466621056860203,.198699317989967, , , , ,2,3,2,3, , ,5,6, , ,1, , ,1,18,us,sm,2,White,f,1,0,0
7263271,White,Hispanic,.015625, , , , ,-.0130109807359615,.0945719029502043, , , , ,1,5,1,5, , ,3,7, , ,2, , ,0,36,us,us,2,White,f,2,0,0
7263294,White,Black,0,.120685278048928,.256071926999105, , , , , , ,2,4, , ,2,4, ,6, ,7, ,3, , ,0, ,21,us,us,.,White,m,3,0,0
7263303,Hispanic, ,0, , , , ,.513061333279171,.266955195731658, , , , ,3,3,1,4, , ,5,6, , ,2, , ,0,30,us,sm,1,White,m,2,1,2
7263323,Asian, ,.296875, , ,.317035318392385,-.0112382350337765, , ,1,5, , , , ,4,2,2, , ,7,3, , ,-3, , ,26,us,sm,2,East Asian,m,3,-3,-3
7263338,White,Black,.015625,-.0626477511749307,.941845415824039, , , , , , ,3,3, , ,3,3, ,2, ,7, ,3, , ,0, ,54,us,us,2,White,f,3,0,0
7263341,White,Hispanic,0, , , , ,.121308535710161,.759811608598589, , , , ,4,2,2,3, , ,2,6, , ,3, , ,1,18,us,us,2,White,m,3,1,2
7263344,Black, ,0,-1.40296781781837, , , , , , , ,2,4, , ,3,1, ,2, ,7, ,3, , ,-2, ,31,us,sm,2,Black or African American,m,3,-3,-1
7263370,Black, ,0,-.942280224548378,.0526259281013806, , , , , , ,2,5, , ,2,4, ,2, ,2, ,3, , ,0, ,22,us,us,.,Black or African American,f,3,-1,0
7263382,Black, ,0,-.0880913916353387,.306346261990429, , , , , , ,1,5, , ,1,5, ,2, ,7, ,3, , ,0, ,31,us,us,2,Black or African American,f,3,0,0
7263400,White,Hispanic,0, , , , ,-.694171385363628,.503851987153498, , , , ,1,1,1,1, , ,3,3, , ,1, , ,0,23,us,sm,2,White,m,1,0,0
7263653,White,Asian,0, , ,-.0832538834992816,.372439330128976, , ,1,3, , , , ,3,2,5, , ,7,2, , ,0, , ,34,us,us,2,White,m,2,-1,-2
7263674,White,Hispanic,.015625, , , , ,.698314028656875,.341428457391821, , , , ,2,3,2,4, , ,2,4, , ,1, , ,1,49,us,de,2,White,m,1,1,0
7263676,White,Asian,0, , ,-.377896905476031,.184885290463862, , ,1,4, , , , ,2,4,3, , ,7,2, , ,0, , ,49,us,sm,2,White,m,2,0,-1
7263677,White,Black,.0078125,.339996659883053,.243513050864384, , , , , , ,2,4, , ,2,4, ,6, ,6, ,0, , ,0, ,33,us,sm,2,White,m,0,0,0
7263686,White,Asian,0, , ,.196539671253608,-.245432822817833, , ,1,2, , , , ,2,2,6, , ,7,1, , ,0, , ,65,us,us,2,White,m,1,0,-1
7263687,Black, ,0,.64739909071371,.98082393989851, , , , , , ,3,5, , ,1,4, ,2, ,4, ,2, , ,0, ,32,us,us,2,Black or African American,f,2,-1,2
7263734,White,Asian,0, , ,-.276308474313555,.77747138455892, , ,1,5, , , , ,2,4,5, , ,7,3, , ,0, , ,41,us,us,2,White,f,3,-1,-1
7263745,White,Asian,0, , ,.239594375758786,.550423712936435, , ,1,3, , , , ,2,3,6, , ,7,2, , ,0, , ,38,us,sm,2,White,f,2,0,-1
7263754,White,Hispanic,0, , , , ,.235248000884801,1.07752843660841, , , , ,1,4,1,4, , ,3,4, , ,1, , ,1,64,us,us,2,White,f,1,0,0
7263761,White,Black,.015625,-.302532261024174,.639580255656127, , , , , , ,4,4, , ,3,3, ,3, ,3, ,2, , ,0, ,20,us,sm,2,White,f,2,-1,1
7263784,White,Asian,0, , ,1.22067830779175,.199333433139955, , ,3,4, , , , ,2,4,3, , ,7,2, , ,1, , ,31,us,us,2,White,m,2,0,1
7263954,White,Black, , , , , , , , , ,3,4, , ,2,4, ,5, ,6, ,1, , ,1, ,26,us,us,2,White,f,1,0,1
7263984,Black, ,0,-.206092424337151,.398621459058199, , , , , , ,3,4, , ,3,4, ,3, ,7, ,2, , ,0, ,46,us,sm,2,Black or African American,f,2,0,0
7263985,Hispanic, ,0, , , , ,.443247604233385,.998577128407936, , , , ,2,2,2,2, , ,2,6, , ,2, , ,0,48,us,sm,1,More than one race - Other,m,2,0,0
7264054,Hispanic, ,0, , , , ,.122722083631863,.267747782375532, , , , ,1,5,3,4, , ,1,2, , ,3, , ,0,45,us,us,1,Other or Unknown,f,3,-1,-2
7264057,Hispanic, ,0, , , , ,-.295402232078789,.788601803749051, , , , ,1,5,1,4, , ,6,7, , ,3, , ,0,41,us,us,1,White,f,3,-1,0
7264218,White,Asian,0, , ,-.594338680660098,.0940177531004951, , ,2,4, , , , ,2,4,3, , ,7,2, , ,0, , ,20,us,us,2,White,f,2,0,0
7264243,Black, ,.0078125,.169666785608908,.565953175218588, , , , , , ,3,3, , ,2,3, ,3, ,7, ,3, , ,-1, ,21,us,sm,2,Black or African American,f,3,0,1
7264262,White,Black,0,.607555304821776,.468056478681384, , , , , , ,1,3, , ,1,1, ,5, ,3, ,-1, , ,0, ,23,us,us,2,White,m,-1,-2,0
7264474,White,Black,0,.694197230174791,.325436784250458, , , , , , ,3,2, , ,3,2, ,3, ,5, ,2, , ,1, ,50,us,us,2,White,m,2,0,0
7264481,Black, ,0,.115110808827082,-.0493432301199122, , , , , , ,3,4, , ,4,3, ,2, ,7, ,3, , ,0, ,22,us,us,2,Black or African American,f,3,-1,-1
7264482,Hispanic, ,0, , , , ,.195240639038974,.324143265701687, , , , ,3,4,1,4, , ,2,4, , ,3, , ,0,42,us,us,1,White,m,3,0,2
7264494,Black, ,0,-.248132950440775,.0767656530409312, , , , , , ,1,5, , ,1,5, ,1, ,7, ,3, , ,0, ,21,us,us,2,Black or African American,f,3,0,0
7264568,White,Black, , , , , , , , , ,1,3, , ,1,3, ,4, ,4, ,1, , ,1, ,27,us,sm,2,White,f,1,0,0
7264604,White,Hispanic,0, , , , ,.346510767210889,.667360194865186, , , , ,1,3,3,3, , ,6,7, , ,2, , ,0,41,us,sm,2,White,f,2,0,-2
7264627,White,Black,0,.372959409557015,.550797211672563, , , , , , ,1,5, , ,1,5, ,6, ,6, ,0, , ,0, ,54,us,us,2,White,f,0,0,0
7264648,White,Asian,0, , ,-.0863875734218044,.667841049184611, , ,1,4, , , , ,2,4,5, , ,5,1, , ,0, , ,51,us,sm,2,White,m,1,0,-1
7264660,Hispanic, ,0, , , , ,-.436316576051241,.293679588895911, , , , ,2,5,3,2, , ,2,7, , ,3, , ,-3,39,us,us,1,More than one race - Other,f,3,-3,-1
7264667,White,Hispanic,0, , , , ,.117397133014157,.193806661120404, , , , ,2,3,2,4, , ,2,3, , ,3, , ,2,38,us,us,2,White,f,3,1,0
7264669,Black, ,0,-.213314378916603,-.387504747472302, , , , , , ,2,4, , ,2,2, ,5, ,7, ,2, , ,-1, ,20,us,us,3,Black or African American,f,2,-2,0
7264672,White,Black,0,.440556718463448,.0414955682427887, , , , , , ,3,2, , ,2,2, ,3, ,7, ,3, , ,1, ,38,us,sm,2,White,m,3,0,1
7264780,Hispanic, ,0, , , , ,.139440047448926,-.0153388343995313, , , , ,1,4,1,4, , ,6,6, , ,0, , ,0,37,us,us,1, ,f,0,0,0
7264781,White,Asian,.0078125, , ,.08919372187804,.610525077532158, , ,1,3, , , , ,2,2,5, , ,6,2, , ,0, , ,51,us,sm,2,White,f,2,-1,-1
7264800,White,Black,.0078125,.209367334715254,-.632483246208456, , , , , , ,1,5, , ,1,3, ,2, ,7, ,3, , ,0, ,20,us,sm,2,White,m,3,-2,0
7264804,White,Hispanic,0, , , , ,-.201053381492952,.371382166498402, , , , ,1,3,2,3, , ,5,7, , ,3, , ,0,25,us,us,2,White,f,3,0,-1
7264811,White,Asian,0, , ,.52425054057869,.00375861602306993, , ,4,4, , , , ,4,4,2, , ,7,3, , ,0, , ,32,us,sm,2,White,m,3,0,0
7264812,Black, ,0,.0221467497371168,-.12664731707093, , , , , , ,2,2, , ,3,3, ,1, ,7, ,3, , ,-1, ,56,us,us,2,Black or African American,f,3,1,-1
7264863,Hispanic, ,0, , , , ,-.719126668206289,.404766806719636, , , , ,2,5,3,3, , ,2,7, , ,3, , ,0,17,us,us,1,More than one race - Other,f,3,-2,-1
7264895,White,Asian,0, , , ,-.242101960754281, , ,1,4, , , , ,1,4,2, , ,7,3, , ,0, , ,20,us,sm,2,White,m,3,0,0
7264911,White,Black,0,.213927755492429,.68531989245042, , , , , , ,2,4, , ,2,4, ,2, ,7, ,3, , ,1, ,30,us,sm,2,White,f,3,0,0
7264914,White,Black,0,.531657480040027,.327703890477655, , , , , , ,3,4, , ,3,4, ,3, ,4, ,0, , ,0, ,21,us,sm,3,White,f,0,0,0
7264917,White,Black,0,.156917874431868,-.396128497550559, , , , , , ,1,5, , ,1,3, ,1, ,7, ,3, , ,0, ,26,us,sm,2,White,f,3,-2,0
7264950,White,Asian, , , , , , , ,1,3, , , , ,1,4,2, , ,5,-2, , ,1, , ,34,us,us,2,White,f,-2,1,0
7264981,White,Hispanic,.0078125, , , , ,.67001775563751,.512026568561876, , , , ,3,2,1,2, , ,3,3, , ,1, , ,1,30,us,us,2,White,f,1,0,2
7265002,Hispanic, ,0, , , , ,-.765785301553106,.265155240428232, , , , ,4,4,4,4, , ,2,7, , ,3, , ,-1,21,us,sm,1,More than one race - Other,f,3,0,0
7265034,White,Asian,0, , ,.248044191843597,.365181085854469, , ,1,4, , , , ,2,4,4, , ,4,3, , ,1, , ,20,us,sm,2,White,f,3,0,-1
7265122,White,Hispanic,0, , , , ,-.163695768629412,.0399198572278697, , , , ,1,4,1,4, , ,5,7, , ,2, , ,0,26,us,us,3,White,f,2,0,0
7265135,Black, ,.046875,-.321661403749554,-.0612851956758584, , , , , , ,1,1, , ,1,1, ,7, ,7, ,3, , ,-3, ,60,us,us,3,Black or African American,f,3,0,0
7265154,White,Hispanic,.0625, , , , ,.224946907281465,.286808310443137, , , , ,1,3,1,3, , ,4,6, , ,3, , ,0,26,us,us,2,White,f,3,0,0
7265203,White,Hispanic,0, , , , ,.370482199106801,.39707870439187, , , , ,1,2,1,5, , ,5,6, , ,2, , ,0,19,us,us,3,White,f,2,3,0
7265208,Hispanic, ,0, , , , ,-.170028616937229,-.0465146853758219, , , , ,2,4,1,3, , ,3,5, , ,2, , ,0,19,us,sm,1,More than one race - Other,f,2,-1,1
7265212,Hispanic, ,.0078125, , , , ,.410511639925468,.289988803252257, , , , ,2,5,2,3, , ,1,7, , ,3, , ,-2,29,us,us,1,More than one race - Other,f,3,-2,0
7265224,White,Hispanic,0, , , , ,-.491968037544752,.634929625289264, , , , ,1,4,2,3, , ,3,5, , ,2, , ,0,51,us,us,2,White,f,2,-1,-1
7265232,Asian, , , , , ,-.374323073816424, , , , , , , , , , , , , , , , , , , , ,51,us,us,2,East Asian,f, , , 
7265234,Black, ,0,.0571139020116204,.570036026836723, , , , , , ,2,2, , ,4,1, ,1, ,7, ,3, , ,-3, ,26,us,us,2,Black or African American,f,3,-1,-2
7265282,White,Asian,0, , ,.856875535174792,.632929457609276, , ,1,4, , , , ,2,4,6, , ,7,2, , ,0, , ,33,us,us,2,White,f,2,0,-1
7265285,Hispanic, ,0, , , , ,.667809727149686,.42731867302144, , , , ,1,5,1,5, , ,3,7, , ,2, , ,0,30,us,us,1,More than one race - Other,f,2,0,0
7265291,Asian, ,0, , ,.276120312683895,.754998237940519, , ,2,2, , , , ,2,2,3, , ,7,3, , ,0, , ,21,us,sm,2,East Asian,f,3,0,0
7265295,Hispanic, ,0, , , , ,.821940876724594,-.24428762172067, , , , ,2,4,2,4, , ,6,7, , ,2, , ,0,30,us,us,1,Other or Unknown,f,2,0,0
7265297,Black, ,0,.759821644006336,-.7707838956683, , , , , , ,2,3, , ,2,2, ,2, ,7, ,2, , ,-1, ,44,us,us,2,Black or African American,f,2,-1,0
7265313,White,Hispanic,0, , , , ,-.120854584219172,.0762474100649399, , , , ,2,5,5,5, , ,2,7, , ,3, , ,0,28,us,us,2,White,m,3,0,-3
7265318,White,Black,.9296875,.0496978881850225,-.0448940704630965, , , , , , ,2,2, , ,2,3, ,4, ,6, ,1, , ,1, ,19,us,us,2,White,m,1,1,0
7265330,White,Hispanic,0, , , , ,.113126325151977,.925221653102608, , , , ,3,2,2,4, , ,2,7, , ,3, , ,2,32,us,us,1,White,m,3,2,1
7265338,White,Black,0,.0500921087709457,-.224682027101097, , , , , , ,2,4, , ,2,4, ,6, ,5, ,0, , ,0, ,44,us,us,2,White,m,0,0,0
7265340,White,Black,0,1.09396448527507,.348564595290729, , , , , , ,3,2, , ,3,3, ,3, ,6, ,2, , ,1, ,20,us,sm,2,White,f,2,1,0
7265343,Black, ,0,-.298185651510463,-.0220151692969923, , , , , , ,2,2, , ,3,2, ,1, ,1, ,3, , ,-1, ,37,us,us,2,Black or African American,f,3,0,-1
7265362,Black, ,.0234375,.926836458179114,.757862107034322, , , , , , ,4,4, , ,4,4, ,2, ,7, ,3, , ,-2, ,31,us,us,2,Black or African American,f,3,0,0
7265382,White,Asian,0, , ,.343812943157869,.786305390798989, , ,1,4, , , , ,2,4,7, , ,7,0, , ,0, , ,29,us,us,2,White,m,0,0,-1
7265390,White,Asian,.0078125, , ,.356406796204864,1.10203334510793, , ,3,3, , , , ,3,5,2, , ,7,2, , ,2, , ,44,us,sm,2,White,f,2,2,0
7265391,Black, ,.0078125,-.929076758964231,.164395025181663, , , , , , ,2,4, , ,3,3, ,1, ,7, ,3, , ,-1, ,22,us,sm,2,Black or African American,f,3,-1,-1
7265397,White,Hispanic, , , , , , , , , , , ,1,1,1,3, , ,4,6, , ,3, , ,2,28,us,us,2,White,f,3,2,0
7265413,Hispanic, ,0, , , , ,-.673068728080175,-.131483912994013, , , , ,2,3,2,3, , ,2,4, , ,2, , ,-2,43,us,sm,1,Other or Unknown,f,2,0,0
7265420,Hispanic, ,0, , , , ,-.420851279504291,-.0298016712331283, , , , ,1,5,1,5, , ,3,5, , ,1, , ,0,27,us,us,1,White,f,1,0,0
7265435,Black, ,0,-.154956258268973,.534445291639353, , , , , , ,3,4, , ,2,3, ,1, ,7, ,3, , ,-1, ,22,us,us,2,Black or African American,f,3,-1,1
7265447,Black, ,0,-.0487544533287717,.0827861138071243, , , , , , ,2,5, , ,4,4, ,5, ,7, ,2, , ,-1, ,30,us,us,2,Black or African American,f,2,-1,-2
7265451,White,Asian,.0078125, , ,.108551217654871,.734732621686641, , ,1,4, , , , ,2,4,3, , ,3,2, , ,0, , ,25,us,us,2,White,f,2,0,-1
7265478,Asian, ,0, , ,.681781406448327,.381272369430803, , ,1,5, , , , ,1,5,4, , ,4,0, , ,0, , ,54,us,us,2,East Asian,f,0,0,0
7265491,White,Hispanic,0, , , , ,.679084985368837,-.254908001208525, , , , ,1,5,1,5, , ,4,7, , ,1, , ,0,21,us,us,2,White,f,1,0,0
7265501,White,Asian,0, , ,-.00053489400746376,.197834200398502, , ,2,4, , , , ,2,4,4, , ,4,2, , ,0, , ,22,us,sm,2,White,m,2,0,0
7265524,Black, ,0,-.912705764613988,-.224567685432983, , , , , , ,1,5, , ,4,1, ,1, ,7, ,3, , ,-3, ,20,us,us,2,Black or African American,f,3,-4,-3
7265607,Hispanic, ,0, , , , ,-.00348340416659336,.00336518677246272, , , , ,1,5,5,1, , ,1,7, , ,3, , ,0,19,us,us,1,Other or Unknown,f,3,-4,-4
7265621,White,Hispanic,0, , , , ,-.872768310516601,.608804748347882, , , , ,1,4,3,3, , ,2,7, , ,3, , ,0,47,us,us,2,White,f,3,-1,-2
7265673,White,Black,0,-.299082881175722,.562863881725154, , , , , , ,1,3, , ,1,3, ,2, ,3, ,1, , ,0, ,67,us,us,2,White,m,1,0,0
7265704,White,Asian,0, , ,.487253990026784,-.0629809631256478, , ,2,4, , , , ,2,4,3, , ,7,2, , ,1, , ,24,us,sm,.,White,f,2,0,0
7265712,Black, ,0,-.800321862103032,.116085347714635, , , , , , ,2,5, , ,3,5, ,5, ,7, ,3, , ,-1, ,18,us,sm,2,Black or African American,m,3,0,-1
7265718,Black, ,0,.105019391037982,-.0322631818961519, , , , , , ,2,2, , ,3,3, ,3, ,5, ,2, , ,0, ,47,us,us,3,Black or African American,m,2,1,-1
7265727,Black, ,0,-.357790434750003,.301527478153737, , , , , , ,1,3, , ,1,3, ,3, ,3, ,0, , ,0, ,27,us,sm,2,Black or African American,m,0,0,0
7265732,White,Asian,0, , ,-.0232079959428934,-.00504947323645979, , ,3,2, , , , ,2,2,2, , ,7,3, , ,0, , ,35,us,us,2,White,f,3,0,1
7265770,Black, ,0,.0674832814028991,-.584660066925463, , , , , , ,1,5, , ,1,5, ,1, ,7, ,3, , ,0, ,42,us,us,2,Black or African American,f,3,0,0
7265797,Hispanic, ,0, , , , ,.0326381273533681,-.425753933236026, , , , ,2,5,3,3, , ,3,6, , ,2, , ,0,22,us,sm,1,More than one race - Other,f,2,-2,-1
7266621,White,Asian,0, , ,-.0326281683710607,.286308275291674, , ,2,4, , , , ,2,4,5, , ,7,2, , ,1, , ,18,us,sm,2,White,f,2,0,0
7266643,White,Hispanic,0, , , , ,-.761948421552247,.476115314318103, , , , ,1,5,1,5, , ,4,7, , ,2, , ,0,29,us,sm,2,White,f,2,0,0
7266768,Black, ,0,.0904601427526294,-.359304764326572, , , , , , ,2,5, , ,2,4, ,2, ,7, ,3, , ,0, ,45,us,sm,2,Black or African American,f,3,-1,0
7266800,White,Black,0,.518251376120254,1.00776919138574, , , , , , ,1,4, , ,1,4, ,3, ,6, ,2, , ,0, ,43,us,us,2,White,f,2,0,0
7266847,White,Black,0,.972335989258764,.673348875063883, , , , , , ,2,4, , ,3,3, ,3, ,5, ,1, , ,0, ,41,us,us,2,White,f,1,-1,-1
7266926,Asian, ,0, , ,.247134393573453,.105414862095334, , ,3,3, , , , ,3,3,3, , ,7,3, , ,0, , ,25,us,sm,2,East Asian,f,3,0,0
7266971,White,Asian,0, , ,.396508668205192,.552937909821263, , ,2,2, , , , ,1,3,3, , ,7,2, , ,1, , ,20,us,us,2,White,m,2,1,1
7266982,White,Black,0,.130882507150073,.263963631196277, , , , , , ,1,1, , ,1,1, ,2, ,7, ,2, , ,0, ,25,us,us,2,White,m,2,0,0
7266990,White,Asian,0, , ,.484984653019306,1.04924326272608, , ,2,3, , , , ,1,2,4, , ,3,1, , ,1, , ,20,us,us,2,White,m,1,-1,1
7267059,White,Black,.0078125,-.149738449833943,.849497908393859, , , , , , ,4,4, , ,3,4, ,5, ,6, ,2, , ,1, ,21,us,us,2,White,f,2,0,1
7267061,Black, ,.0078125,-.709940074806293,.772189117879147, , , , , , ,2,3, , ,2,3, ,4, ,4, ,2, , ,1, ,44,us,us,2,Black or African American,f,2,0,0
7267071,White,Hispanic,0, , , , ,.48158869089231,.462361806499607, , , , ,2,2,2,2, , ,3,6, , ,1, , ,1,20,us,us,2,White,f,1,0,0
7267091,White,Asian,0, , ,.565357868957484,.52118739496847, , ,2,4, , , , ,3,3,3, , ,3,1, , ,0, , ,42,us,us,2,White,f,1,-1,-1
7267127,Black, ,0,-.46280705625911,-.000388835326268322, , , , , , ,2,4, , ,4,3, ,1, ,7, ,3, , ,-3, ,25,us,us,2,Black or African American,f,3,-1,-2
7267169,White,Hispanic, , , , , ,.336907560760513, , , , , ,1,5,1,5, , ,3,7, , ,3, , ,0,32,us,sm,2,White,m,3,0,0
7267184,White,Hispanic,0, , , , ,-.58350062278837,.883090458460152, , , , ,1,4,2,2, , ,2,7, , ,3, , ,0,67,us,us,2,White,f,3,-2,-1
7267211,White,Asian, , , , , , , ,2,4, , , , ,1,5,5, , ,6,2, , ,3, , ,22,us,sm,2,White,f,2,1,1
7267215,Asian, ,0, , ,.301454496313462,.459683308441616, , ,3,3, , , , ,3,3,4, , ,6,1, , ,0, , ,32,us,sm,3,East Asian,m,1,0,0
7267273,White,Black, , , , , , , , , ,2,4, , ,2,1, ,2, ,5, ,2, , ,0, ,44,us,us,3,White,f,2,-3,0
7267386,Hispanic, ,0, , , , ,.2201876816625,-.185130789585664, , , , ,1,4,1,4, , ,5,7, , ,1, , ,1,27,us,us,1,White,f,1,0,0
7267557,Black, ,0,.49229188923724,-.148844059312379, , , , , , ,2,4, , ,3,2, ,2, ,6, ,2, , ,-3, ,29,us,sm,2,Black or African American,f,2,-2,-1
7267603,White,Asian,0, , ,-.12896881752345,-.107992896458827, , ,1,5, , , , ,2,4,5, , ,6,2, , ,0, , ,45,us,us,2,White,f,2,-1,-1
7267847,Hispanic, ,0, , , , ,.532349561294068,-.231346681605935, , , , ,2,2, ,3, , ,4,4, , ,0, , ,-1,33,us,us,1,White,m,0,1, 
7267863,White,Black,0,.0896141003005806,.698905003157963, , , , , , ,3,3, , ,2,2, ,3, ,6, ,2, , ,2, ,21,us,us,2,White,m,2,-1,1
7267876,Asian, ,0, , ,.0974615082566294,.368886367136569, , ,2,5, , , , ,2,5,6, , ,6,0, , ,0, , ,20,us,sm,2,East Asian,f,0,0,0
7267896,Hispanic, ,.015625, , , , ,.101887695546361,-.13258951445002, , , , ,1,3,1,3, , ,4,4, , ,1, , ,0,54,us,us,1,Other or Unknown,m,1,0,0
7268122,Black, ,0,.775375092485687,.0552778539421539, , , , , , ,2,2, , ,3,2, ,1, ,7, ,3, , ,-1, ,34,us,sm,2,Black or African American,f,3,0,-1
7268137,White,Asian,0, , ,-.200134754047159,.383775578440061, , ,1,5, , , , ,2,2,5, , ,6,2, , ,0, , ,20,us,us,2,White,.,2,-3,-1
7268240,White,Hispanic,0, , , , ,.843571899944682,1.50759843432842, , , , ,1,4,3,3, , ,3,3, , ,2, , ,0,53,us,sm,2,White,f,2,-1,-2
7268253,White,Hispanic,0, , , , ,.387241404197887,.395257765937165, , , , ,4,3,4,4, , ,3,7, , ,2, , ,1,44,us,us,2,White,f,2,1,0
7268279,Black, ,.015625,.478038862619659,-.17122748982198, , , , , , , , , , , , , , , , , , , , , , ,50,us,sm,.,Black or African American,f, , , 
7268284,White,Black,0,.507109022118006,.608068030167769, , , , , , ,2,3, , ,2,4, ,4, ,4, ,1, , ,1, ,36,us,us,2,White,f,1,1,0
7268296,White,Hispanic,0, , , , ,-.398856234958877,-.124875035647179, , , , ,2,3,3,4, , ,2,7, , ,3, , ,2,36,us,us,2,White,m,3,1,-1
7268298,White,Asian,.015625, , ,-.0998342553875092,-.03609981671528, , ,2,4, , , , ,1,5,4, , ,7,2, , ,0, , ,21,us,us,2,White,f,2,1,1
7268320,White,Asian,0, , ,-.837702514383239,.524853909821385, , ,1,2, , , , ,3,2,4, , ,7,1, , ,0, , ,29,us,us,2,White,m,1,0,-2
7268324,White,Hispanic, , , , , , , , , , , ,1,2,2,2, , ,4,4, , ,0, , ,0,44,us,us,2,White,m,0,0,-1
7268341,White,Black,0,.453841181375456,.374814667300434, , , , , , ,3,2, , ,3,2, ,3, ,5, ,1, , ,1, ,19,us,us,2,White,f,1,0,0
7268352,White,Hispanic, , , , , , , , , , , ,1,2,1,2, , ,2,7, , ,3, , ,1,30,us,us,2,White,m,3,0,0
7268376,White,Hispanic,0, , , , ,.844393197536303,-.187498913190808, , , , ,3,4,2,4, , ,3,4, , ,2, , ,1,29,us,sm,2,White,f,2,0,1
7268433,Black, , , , , , , , , , ,1,4, , ,2,4, ,6, ,4, ,1, , ,0, ,52,us,sm,2,Black or African American,f,1,0,-1
7268445,White,Asian,0, , ,.313869516599309,.598428322212226, , , , , , , , , , , , , , , , , , , , ,63,us,sm,2,White,f, , , 
7268514,White,Black,0,-.236741698309509,.789431456740318, , , , , , ,3,3, , ,3,3, ,3, ,6, ,2, , ,1, ,60,us,us,2,White,m,2,0,0
7268520,White,Asian,0, , ,-.474924145325919,.496389174712789, , ,2,2, , , , ,2,2,3, , ,7,3, , ,1, , ,41,us,us,.,White,f,3,0,0
7268535,White,Hispanic,0, , , , ,-.255997008353797,.596056481790469, , , , ,2,2,2,3, , ,3,3, , ,1, , ,1,23,us,sm,2,White,f,1,1,0
7268599,White,Hispanic,0, , , , ,-.103371900739083,1.13449979506979, , , , ,1,4,4,2, , ,2,7, , ,3, , ,-2,30,us,us,2,White,m,3,-2,-3
7268604,White,Asian,0, , ,.99322541739899,.658418011764903, , ,2,4, , , , ,2,4,6, , ,7,2, , ,0, , ,41,us,sm,2,White,m,2,0,0
7268624,White,Hispanic,.015625, , , , ,.345490483898907,.350458476882958, , , , ,1,5,3,5, , ,5,7, , ,3, , ,0,27,us,sm,2,White,f,3,0,-2
7268626,White,Hispanic,0, , , , ,.346804395694698,1.10254230185607, , , , ,2,4,3,5, , ,2,7, , ,2, , ,1,46,us,us,2,White,f,2,1,-1
7268628,White,Black,0,.376436877097916,.498587193118644, , , , , , ,1,2, , ,1,2, ,3, ,6, ,1, , ,0, ,27,us,sm,2,White,f,1,0,0
7268658,Black, ,.0078125,.680084517091175,-.95834522923262, , , , , , ,2,5, , ,3,4, ,2, ,7, ,3, , ,-1, ,28,us,us,2,Black or African American,f,3,-1,-1
7268659,White,Black,.03125,.108424231056866,.5273874427785, , , , , , ,4,2, , ,2,4, ,3, ,4, ,0, , ,2, ,17,us,sm,2,White,m,0,2,2
7268814,Hispanic, ,0, , , , ,-.230486560951515,.310755259123685, , , , ,1,4,1,4, , ,3,6, , ,2, , ,-2,34,us,us,1,Other or Unknown,m,2,0,0
7268849,Black, ,0,.574029179689469, , , , , , , ,2,2, , ,2,1, ,2, ,5, ,3, , ,1, ,19,us,sm,1,Black or African American,m,3,-1,0
7268851,Hispanic, ,.0078125, , , , ,.475807011128046,1.11929290911919, , , , ,3,3,2,5, , ,3,7, , ,2, , ,2,19,us,us,1,American Indian/Alaska Native,f,2,2,1
7268867,White,Black,0,.351536819073175,-.189890752505786, , , , , , ,3,4, , ,3,4, ,2, ,7, ,3, , ,1, ,53,us,sm,2,White,.,3,0,0
7268887,White,Asian,0, , ,.232415435513928,.0418908148204916, , ,2,5, , , , ,2,5,6, , ,7,1, , ,1, , ,30,us,sm,2,White,m,1,0,0
7268889,Hispanic, ,0, , , , ,.0697681550086079,-.513005962185042, , , , ,1,5,1,5, , ,4,7, , ,1, , ,0,37,us,sm,1,White,f,1,0,0
7268959,Hispanic, ,.0078125, , , , ,-.730817548542685,.294943611456048, , , , ,2,5,2,3, , ,2,6, , ,3, , ,-1,27,us,sm,1,Black or African American,f,3,-2,0
7269003,White,Black, , , , , , , , , ,3,2, , ,2,2, ,2, ,7, ,3, , ,2, ,19,us,sm,2,White,m,3,0,1
7269005,White,Hispanic,0, , , , ,-.155391669815172,.0914723269936942, , , , , , , , , , , , , , , , , , ,20,us,sm,.,White,m, , , 
7269031,Hispanic, ,.40625, , , , ,-.0535853738391165, , , , , , , , , , , , , , , , , , , ,36,us,us,1,Other or Unknown,m, , , 
7269034,Hispanic, ,0, , , , , ,.397301375331373, , , , ,1,2,1,1, , ,5,7, , ,3, , ,0,22,us,sm,1, ,f,3,-1,0
7269107,White,Hispanic,0, , , , ,.581833683364037,.437376804507068, , , , ,2,1,2,4, , ,3,3, , ,0, , ,0,19,us,us,2,White,m,0,3,0
7269109,Hispanic, ,0, , , , ,.330363721042643,-.870317223928522, , , , , , , , , , , , , , , , , , ,51,us,sm,1,White,f, , , 
7269222,White,Asian,0, , ,-.478584182116949,.666149355294913, , ,1,5, , , , ,2,4,6, , ,7,1, , ,0, , ,18,us,sm,2,White,f,1,-1,-1
7269234,White,Black,0,.374603414920109,.50445940069842, , , , , , ,2,4, , ,1,4, ,7, ,3, ,1, , ,0, ,27,us,us,2,White,f,1,0,1
7269247,White,Black,0,-.0186422109910993,.494489498127907, , , , , , ,1,4, , ,1,4, ,3, ,7, ,2, , ,1, ,24,us,sm,.,White,f,2,0,0
7269290,White,Asian,.0078125, , ,-.430283574682265,.694832971719613, , ,2,3, , , , ,3,2,3, , ,7,2, , ,2, , ,21,us,sm,1,White,f,2,-1,-1
7269299,White,Asian,0, , ,-.0223003585684031,.131698980466967, , ,2,4, , , , ,1,4,7, , ,7,1, , ,1, , ,21,us,sm,2,White,f,1,0,1
7269344,White,Hispanic,.015625, , , , ,.138696216302251,.0104312015929695, , , , ,3,3,3,2, , ,3,6, , ,1, , ,1,22,us,us,2,White,m,1,-1,0
7269568,White,Hispanic,0, , , , ,-.0699415447196075,.813677759050398, , , , ,2,2,2,4, , ,2,6, , ,3, , ,1,21,us,sm,2,White,f,3,2,0
7269626,White,Black,0,-.431092876411556,-.395350663073925, , , , , , ,1,5, , ,1,4, ,1, ,7, ,3, , ,-2, ,42,us,sm,2,White,f,3,-1,0
7270342,Black, ,0,.211077996914281,.0324436621844567, , , , , , ,2,4, , ,3,2, ,1, ,7, ,2, , ,0, ,49,us,us,2,Black or African American,m,2,-2,-1
7270391,White,Asian,0, , ,.0221132381599969,.567472562685561, , ,3,3, , , , ,4,3,5, , ,6,1, , ,0, , ,49,us,sm,2,White,m,1,0,-1
7270484,White,Black,0,-.0496842984500166,.7095501429888, , , , , , ,1,3, , ,1,4, ,3, ,6, ,2, , ,0, ,29,us,sm,.,White,f,2,1,0
7270486,White,Asian,0, , ,1.03342503727237,1.2628158617015, , ,1,3, , , , ,1,3,4, , ,4,0, , ,0, , ,46,us,sm,2,White,m,0,0,0
7270497,White,Black,0,-.191972282663777,-.325371132208321, , , , , , ,1,5, , ,1,5, ,4, ,4, ,0, , ,0, ,62,us,us,2,White,m,0,0,0
7270540,White,Asian,0, , ,.824767085053918,1.14552401667087, , ,3,4, , , , ,2,2,3, , ,7,3, , ,0, , ,16,us,us,2,White,f,3,-2,1
7270561,White,Black,0,.69473743087613,.279348163985787, , , , , , ,1,4, , ,2,3, ,3, ,7, ,2, , ,0, ,25,us,sm,3,White,m,2,-1,-1
7270569,White,Asian,0, , ,.319373109680474,.470371536132162, , ,3,3, , , , ,3,3,3, , ,6,2, , ,0, , ,31,us,us,1,White,f,2,0,0
7270623,Black, ,.0234375,-.239779411600577,.0812089897881287, , , , , , ,1,3, , ,1,3, ,3, ,7, ,2, , ,0, ,29,us,sm,2,Black or African American,m,2,0,0
7270722,Black, ,0,.556392292831202,-.288420943858413, , , , , , ,2,5, , ,2,3, ,2, ,7, ,3, , ,-3, ,40,us,sm,2,Black or African American,f,3,-2,0
7270745,Hispanic, ,0, , , , ,.539733122595938,.385851265122129, , , , ,2,3,2,4, , ,6,2, , ,-1, , ,0,26,us,us,1,White,f,-1,1,0
7270749,White,Black,0,.229276552437129,.502551703458473, , , , , , ,2,4, , ,1,2, ,2, ,6, ,2, , ,0, ,48,us,us,2,White,m,2,-2,1
7270839,Black, ,.015625,-.0642968033493138,.023143920005424, , , , , , ,3,2, , ,4,2, ,1, ,3, ,3, , ,-3, ,30,us,us,2,Black or African American,f,3,0,-1
7270854,Hispanic, ,.0078125, , , , ,.164254080369093,.418554798886305, , , , ,2,4,1,5, , ,3,3, , ,1, , ,0,15,us,us,1,More than one race - Other,m,1,1,1
7270903,Hispanic, ,0, , , , ,-.334223315676044,-.624528802038986, , , , ,1,5,1,5, , , , , , , , , , ,45,us,sm,1,More than one race - Other,f, ,0,0
7270914,White,Hispanic,0, , , , ,-.288171487509563,.464306529035108, , , , ,2,3,2,3, , ,2,7, , ,3, , ,0,34,us,us,2,White,m,3,0,0
7270924,White,Hispanic,0, , , , ,.177603563694149,.261568123742859, , , , ,1,4,1,5, , ,3,7, , ,3, , ,0,46,us,us,2,White,f,3,1,0
7270986,White,Hispanic,.015625, , , , ,1.30338082013653,.335946285448959, , , , ,1,4,3,5, , ,4,4, , ,1, , ,0,23,us,us,2,White,m,1,1,-2
7270995,Hispanic, ,0, , , , ,-.21927253479822,.291723181319958, , , , ,1,5,1,5, , ,4,4, , ,0, , ,0,27,us,us,1,Other or Unknown,f,0,0,0
7271002,Hispanic, ,0, , , , ,-.483854946969003,-.16401508388966, , , , ,1,5,2,4, , ,4,4, , ,2, , ,0,59,us,sm,1,White,m,2,-1,-1
7271021,White,Black,0,.957464062067386,.729149960603474, , , , , , ,1,1, , ,1,1, ,3, ,4, ,1, , ,0, ,35,us,sm,2,White,m,1,0,0
7271052,White,Asian,0, , ,.145066418054798,.566623842845005, , ,1,4, , , , ,2,3,7, , ,7,2, , ,1, , ,45,us,sm,.,White,f,2,-1,-1
7271059,White, ,1, , , , , , , , , , , , , , , , , , , , , , , , ,21,us,sm,3,White,f, , , 
7271135,Hispanic, ,0, , , , ,-.272404877132659,.304799409924149, , , , ,2,5,2,4, , ,3,7, , ,1, , ,0,25,us,sm,1,Other or Unknown,f,1,-1,0
7271140,Black, ,0,-.410479918058435,-.0552058968763886, , , , , , ,3,4, , ,3,3, ,2, ,7, ,3, , ,-3, ,33,us,sm,2,Black or African American,f,3,-1,0
7271141,White,Hispanic, , , , , , , , , , , ,2,4,2,3, , ,2,6, , ,3, , ,-1,35,us,us,2,White,f,3,-1,0
7271149,White,Asian, , , , , , , ,1,5, , , , ,1,5,2, , ,2,0, , ,0, , ,27,us,us,2,White,f,0,0,0
7271162,White,Asian,0, , ,-.0672501455594344,.287336482917823, , ,1,2, , , , ,1,2,3, , ,7,3, , ,0, , ,35,us,sm,.,White,m,3,0,0
7271163,White,Black, , , , , , , , , ,2,3, , ,2,3, ,2, ,7, ,3, , ,1, ,41,us,sm,3,White,f,3,0,0
7271171,White,Asian,0, , ,-.344726100721671,.328341337135302, , ,1,3, , , , ,1,3,3, , ,4,2, , ,0, , ,26,us,us,1,White,m,2,0,0
7271221,White,Asian,.0078125, , ,.701245189495343,.33747730338074, , ,2,4, , , , ,2,4,3, , ,7,1, , ,1, , ,19,us,us,2,White,f,1,0,0
7271222,White,Black,0,-.131998261253634,.493179066574524, , , , , , ,1,5, , ,1,5, ,4, ,7, ,1, , ,0, ,19,us,us,2,White,f,1,0,0
7271232,White,Asian,0, , ,.464093086921887,-.110777225610943, , ,1,5, , , , ,1,5,4, , ,5,1, , ,0, , ,62,us,sm,2,White,f,1,0,0
7271296,White,Asian, , , , , , , ,1,3, , , , ,1,3,3, , ,7,1, , ,1, , ,60,us,sm,2,White,m,1,0,0
7271327,White,Hispanic, , , , , , , , , , , ,1,3,3,2, , ,1,7, , ,3, , ,0,23,us,sm,2,White,m,3,-1,-2
7271345,Black, ,0,-.0254385073074284,.275352296437806, , , , , , ,2,3, , ,2,3, ,2, ,6, ,2, , ,0, ,50,us,us,2,Black or African American,f,2,0,0
7271362,White,Black,0,.387452602120773,.743812886199223, , , , , , ,2,3, , ,2,2, ,2, ,5, ,1, , ,1, ,31,us,us,2,White,f,1,-1,0
7271377,White,Asian,0, , , ,.334253060823046, , ,1,3, , , , ,1,3,6, , ,7,1, , ,0, , ,23,us,us,2,White,m,1,0,0
7271409,Black, , , , , , , , , , ,1,2, , , ,2, ,7, ,7, ,3, , ,-2, ,46,us,us,2,Black or African American,f,3,0, 
7271417,White,Black,0,.838531283646942,.952855174591412, , , , , , ,1,4, , ,1,4, ,3, ,7, ,1, , ,0, ,58,us,us,2,White,m,1,0,0
7271437,Asian, ,0, , ,-.122992502299075,-.0769110844474424, , ,2,4, , , , ,3,4,6, , ,7,3, , ,1, , ,37,us,sm,2,East Asian,f,3,0,-1
7271438,Black, ,0,-.0225219605253204,.0561455922220575, , , , , , ,2,4, , ,2,3, ,2, ,7, ,2, , ,-1, ,23,us,us,2,Black or African American,f,2,-1,0
7271460,Hispanic, ,.0078125, , , , ,-.116743331525715,.375411868656498, , , , ,2,4,2,3, , ,6,7, , ,3, , ,-2,20,us,us,1,Other or Unknown,f,3,-1,0
7271519,White,Asian,0, , ,1.1452280799314,-.10660930594039, , ,2,3, , , , ,2,4,5, , ,7,2, , ,1, , ,24,us,sm,2,White,f,2,1,0
7271522,Black, ,0,.191568634256375,-.917491427621408, , , , , , ,2,4, , ,4,2, ,1, ,7, ,3, , ,-1, ,25,us,us,2,Black or African American,f,3,-2,-2
7271561,Hispanic, ,0, , , , ,-.615488152401176,-.123678506837395, , , , ,3,4,2,3, , ,2,7, , ,3, , ,-1,27,us,us,1,Other or Unknown,m,3,-1,1
7271581,Asian, ,0, , ,-.799269621083382,-.449491870870732, , ,1,4, , , , ,2,5,3, , ,4,2, , ,-2, , ,21,us,us,2,East Asian,f,2,1,-1
7271596,White,Hispanic,0, , , , ,.223364935009234,1.22285091904657, , , , ,2,3,2,3, , ,3,6, , ,1, , ,0,44,us,sm,2,White,m,1,0,0
7271602,White,Hispanic,0, , , , ,.715070266939492,.7311303965666, , , , ,1,4,2,3, , ,5,6, , ,2, , ,0,34,us,us,2,White,m,2,-1,-1
7271621,White,Black,.0078125,-.0655647587918527,.70344322610527, , , , , , , , , , , , , , , , , , , , , , ,26,us,sm,2,White,f, , , 
7271672,Hispanic, ,0, , , , ,-1.23665953795408,-.222217612015591, , , , ,2,2,3,3, , ,1,2, , ,3, , ,-3,37,us,us,1,More than one race - Other,f,3,1,-1
7271742,White,Asian,0, , ,1.53857122176041,.399755654519336, , ,4,2, , , , ,1,5,5, , ,7,2, , ,3, , ,46,us,us,2,White,f,2,3,3
7271754,Black, , , , , , , , , , ,1,5, , ,1,5, ,3, ,7, ,2, , , , ,62,us,sm,.,Black or African American,f,2,0,0
7271780,Hispanic, ,0, , , , ,.195934700587786,-.245682456492498, , , , ,3,4,4,2, , ,2,7, , ,3, , ,0,29,us,us,1,More than one race - Other,m,3,-2,-1
7271819,Black, ,0,-.00466814950251478,.539591168504007, , , , , , ,2,5, , ,3,3, ,1, ,7, ,3, , , , ,21,us,sm,3,Black or African American,m,3,-2,-1
7271876,Black, ,0,.398357178766004,-.0888543666445437, , , , , , ,1,5, , ,1,5, ,1, ,7, ,3, , ,0, ,33,us,sm,.,Black or African American,m,3,0,0
7271937,Hispanic, ,.015625, , , , ,.226388728347719,.364836064999057, , , , ,1,3,1,2, , ,3,7, , ,2, , ,-1,24,us,sm,1,Other or Unknown,f,2,-1,0
7271968,White,Black,0,.850973293569768,.00733236385440547, , , , , , ,1,4, , ,1,4, ,6, ,7, ,1, , ,0, ,48,us,sm,2,White,m,1,0,0
7272010,White,Asian,.015625, , ,.144565929047002,.203938388640627, , ,1,5, , , , ,1,5,2, , ,2,1, , ,0, , ,22,us,sm,2,White,f,1,0,0
7272040,Hispanic, ,0, , , , ,-.76558732849224,.378966445623072, , , , ,1,3,2,3, , ,7,7, , ,2, , ,0,20,us,us,1,White,f,2,0,-1
7272041,White,Black,0,-.240556797194292,-.125120693203129, , , , , , ,1,3, , ,1,3, ,3, ,5, ,3, , ,1, ,34,us,sm,2,White,m,3,0,0
7272044,Hispanic, ,0, , , , ,.495537985077705,.735538878471077, , , , ,1,2,2,1, , ,2,7, , ,3, , ,0,34,us,us,1,White,m,3,-1,-1
7272056,Hispanic, ,.0078125, , , , ,.267252362684638,.735385596580865, , , , ,3,3,2,3, , ,5,7, , ,1, , ,0,34,us,sm,1,White,f,1,0,1
7272058,Hispanic, ,0, , , , ,-.0835761893581582,-.146326653376659, , , , ,2,5,1,5, , ,6,7, , ,1, , ,0,27,us,us,1,White,m,1,0,1
7272137,Black, ,0,-.30294307511758,-.512500675288655, , , , , , ,2,2, , ,2,2, ,2, ,7, ,3, , ,0, ,56,us,sm,2,Black or African American,m,3,0,0
7272138,Black, ,.0078125,.461880500118268,.386690335714031, , , , , , ,3,3, , ,3,3, ,3, ,7, ,3, , ,0, ,23,us,us,2,Black or African American,f,3,0,0
7272145,Black, ,.03125,.671387778637548,.0558940882070236, , , , , , , , , , , , , , , , , , , , , , ,23,us,us,2,Black or African American,f, , , 
7272158,White,Asian,0, , ,.855931517934157,.399999823840426, , ,1,5, , , , ,1,5,3, , ,3,-1, , ,0, , ,29,us,sm,2,White,m,-1,0,0
7272189,White,Asian,0, , ,-.0644003001026406,-.00912537811927461, , ,1,5, , , , ,5,5,3, , ,5,2, , ,0, , ,41,us,sm,2,White,m,2,0,-4
7272242,White,Hispanic,0, , , , ,.851157202258419,.348931227515769, , , , ,2,2,2,4, , ,3,6, , ,1, , ,1,22,us,sm,2,White,m,1,2,0
7272244,White,Hispanic,0, , , , ,1.19453388525157,.480070459062319, , , , ,1,4,1,4, , ,2,7, , ,2, , ,0,19,us,us,2,White,m,2,0,0
7272283,White,Asian,0, , ,-.338005404960866,.737051526607329, , ,2,4, , , , ,2,4,7, , ,7,2, , ,0, , ,22,us,us,3,White,f,2,0,0
7272285,Black, , ,.601109050833403, , , , , , , , , , , , , , , , , , , , , , , ,19,us,us,2,Black or African American,m, , , 
7272321,White,Asian,0, , ,-.511797786383063,.367782294997809, , ,1,5, , , , ,2,5,4, , ,3, , , ,0, , ,43,us,sm,.,White,f, ,0,-1
7272322,Black, ,0,.556873203266864,-.451856076053781, , , , , , ,3,3, , ,1,4, ,3, ,7, ,3, , ,-1, ,22,us,us,2,Black or African American,f,3,1,2
7272341,White,Black,.0078125,.368321471787992,1.31373395937222, , , , , , ,2,4, , ,2,4, ,5, ,7, ,2, , ,2, ,21,us,us,2,White,f,2,0,0
7272426,White,Hispanic,0, , , , ,.434797522187189,.116085406917543, , , , ,1,3,3,2, , ,3,6, , ,2, , ,0,46,us,hu,.,White,f,2,-1,-2
7272494,Hispanic, , , , , , ,-.226349678480636, , , , , , , , , , , , , , , , , , , ,49,us,us,1,White,f, , , 
7272502,White,Asian,0, , ,.67937024947352,.535271599045627, , ,2,4, , , , ,2,2,2, , ,7,3, , ,1, , ,69,us,sm,2,White,f,3,-2,0
7272508,White,Black,0,.750275069152912,.686767607854295, , , , , , ,2,3, , ,3,2, ,5, ,4, ,0, , ,0, ,22,us,sm,2,White,m,0,-1,-1
7272557,White,Asian, , , , , , , ,2,3, , , , ,2,3,3, , ,6,2, , ,1, , ,48,us,sm,2,White,m,2,0,0
7272652,White,Asian,0, , ,.545717982708751,.188589452537573, , ,1,3, , , , ,2,3,2, , ,7,3, , ,0, , ,27,us,sm,2,White,f,3,0,-1
7272693,Hispanic, ,0, , , , ,-.0931850042970582,-.081031342738477, , , , ,1,4,2,4, , ,3,6, , ,2, , ,0,18,us,sm,1,More than one race - Other,m,2,0,-1
7273031,Black, ,0,.285643887648151,.898328404167399, , , , , , ,2,5, , ,2,4, ,1, ,7, ,3, , ,-3, ,52,us,sm,2,Black or African American,f,3,-1,0
7273045,Asian, ,0, , ,-.885588036410117,.853172184097537, , ,3,5, , , , ,3,3,5, , ,7,3, , ,-2, , ,25,us,hu,2,East Asian,f,3,-2,0
7273123,White,Hispanic,0, , , , ,.351179396881305,1.07802771771619, , , , ,1,3,2,2, , ,3,5, , ,1, , ,0,29,us,sm,2,White,f,1,-1,-1
7273184,White,Asian,0, , ,-.315006469749535,1.10268817330144, , ,3,3, , , , ,3,3,4, , ,7,2, , ,0, , ,68,us,us,2,White,m,2,0,0
7273185,White,Black,0,.971383639189074,.479457854973018, , , , , , ,2,3, , ,1,3, ,2, ,2, ,2, , ,1, ,59,us,sm,2,White,f,2,0,1
7273230,Asian, ,0, , ,.0958360094983391,.876141916906464, , ,1,4, , , , ,1,3,6, , ,6,1, , ,0, , ,58,us,sm,2,East Asian,m,1,-1,0
7273236,White,Hispanic,0, , , , ,-.453153857130218,-.00622217049494384, , , , ,1,3,1,3, , ,3,7, , ,3, , ,0,39,us,us,2,White,m,3,0,0
7273271,White,Asian, , , , , , , ,1,4, , , , ,2,4,4, , ,2,-1, , ,0, , ,28,us,us,2,White,m,-1,0,-1
7273274,Black, ,0,-.0341801086955868,-.269811780882483, , , , , , ,2,2, , ,2,3, ,2, ,7, ,3, , ,1, ,33,us,us,.,Black or African American,f,3,1,0
7273309,White,Asian,0, , ,-.0937514400476318,.497698747742627, , ,1,2, , , , ,2,2,3, , ,3,1, , ,0, , ,38,us,us,2,White,m,1,0,-1
7273337,White,Black,0,-.679946696704877,-.379892069950392, , , , , , ,1,4, , ,3,1, ,2, ,6, ,3, , ,0, ,36,us,us,2,White,f,3,-3,-2
7273376,White,Black,0,.320344289775781,.0184481213665522, , , , , , ,1,2, , ,1,2, ,3, ,7, ,2, , ,1, ,65,us,sm,2,White,m,2,0,0
7273391,White,Hispanic,0, , , , ,-.174172331986301,.85228928732341, , , , ,2,2,1,3, , ,3,2, , ,2, , ,1,24,us,us,2,White,m,2,1,1
7273397,Black, ,.0078125,-.201413015739178,-.227841813951434, , , , , , ,2,4, , ,2,4, ,3, ,7, ,2, , ,0, ,43,us,us,2,Black or African American,f,2,0,0
7273469,White,Black,0,-.510165309022014,1.36116898390446, , , , , , ,2,3, , ,1,3, ,4, ,6, ,1, , ,0, ,27,us,sm,2,White,f,1,0,1
7273474,Black, ,0,.489396254457911,-.470826731924732, , , , , , ,2,3, , ,2,3, ,1, ,6, ,3, , ,0, ,29,us,us,.,Black or African American,f,3,0,0
7273479,White,Hispanic,0, , , , ,-.0070615497592757,.687502042943127, , , , ,1,3,3,2, , ,2,7, , ,3, , ,1,51,us,sm,2,White,m,3,-1,-2
7273506,Hispanic, ,0, , , , ,-.609980976637343,.918406611669037, , , , ,1,4,3,3, , ,1,7, , ,3, , ,0,41,us,sm,1,More than one race - Other,f,3,-1,-2
7273550,White,Asian,0, , ,.397158801715564,-.19296171301932, , ,2,3, , , , ,3,4,4, , ,4,3, , ,2, , ,32,us,us,2,White,f,3,1,-1
7273557,White,Black,0,.82869094722448,.280410303770222, , , , , , ,3,3, , ,3,3, ,3, ,6, ,1, , ,1, ,53,us,sm,2,White,m,1,0,0
7273565,White,Hispanic,0, , , , ,-.0673656224901834,.0297549657012532, , , , ,2,4,3,4, , ,2,7, , ,2, , ,0,40,us,sm,2,White,f,2,0,-1
7273618,White,Hispanic, , , , , , , , , , , ,2,3,1,3, , ,6,3, , ,-1, , ,1,58,us,sm,2,White,m,-1,0,1
7273654,White,Hispanic, , , , , , , , , , , ,1,4,3,3, , ,3,5, , ,1, , ,0,35,us,sm,2,White,m,1,-1,-2
7273685,White,Asian,0, , ,.238726401847623,.746437437865056, , ,2,4, , , , ,2,2,6, , ,7,2, , ,1, , ,50,us,us,2,White,m,2,-2,0
7273688,White,Hispanic,0, , , , ,-.105919013593625,.508731649884341, , , , ,2,4,1,4, , ,7,7, , ,3, , ,0,21,us,us,2,White,m,3,0,1
7273724,Black, ,0,.508002697994099,.0770485276959463, , , , , , ,2,4, , ,2,4, ,2, ,7, ,3, , ,0, ,48,us,sm,2,Black or African American,f,3,0,0
7273749,White,Black, , , , , , , , , ,2,4, , ,2,4, ,3, ,7, ,2, , ,0, ,24,us,sm,2,White,f,2,0,0
7273796,White,Hispanic,0, , , , ,.287657456090779,.936621831379452, , , , ,1,5,3,3, , ,2,7, , ,3, , ,-1,24,us,us,2,White,f,3,-2,-2
7273829,White,Hispanic,0, , , , ,.153620774131496,.123793778617478, , , , ,2,3,2,3, , ,6,7, , ,3, , ,1,61,us,us,2,White,m,3,0,0
7273836,White,Black,0,-.320071079353292,.616104539486324, , , , , , ,1,4, , ,1,4, ,3, ,6, ,2, , ,0, ,67,us,sm,2,White,m,2,0,0
7273840,Black, ,0,-.0527406991926147,-.0615083259017398, , , , , , ,1,3, , ,2,2, ,1, ,7, ,3, , ,0, ,53,us,sm,2,Black or African American,m,3,-1,-1
7273869,White,Hispanic,0, , , , ,.526719721365886,.207964113640692, , , , ,1,3,1,3, , ,3,7, , ,2, , ,0,24,us,sm,2,White,f,2,0,0
7273925,Black, ,0,.779036843425927,.0342327913065448, , , , , , ,3,4, , ,2,4, ,2, ,7, ,2, , ,0, ,59,us,vi,.,Black or African American,f,2,0,1
7274102,Black, ,0,-.266362415937801,-.666579706758947, , , , , , ,1,5, , ,3,3, ,1, ,1, ,3, , ,0, ,40,us,us,2,Black or African American,m,3,-2,-2
7274126,White,Asian,0, , ,-.726559777706425,.550286614185289, , ,1,2, , , , ,2,3,6, , ,6,1, , ,1, , ,64,us,us,2,White,m,1,1,-1
7274129,White,Hispanic,0, , , , ,.794002039332968,.595957465299465, , , , ,1,3,1,4, , ,3,7, , ,1, , ,0,56,us,us,2,White,m,1,1,0
7274151,White,Asian,0, , ,.147589302039571,.195842752687509, , ,1,4, , , , ,1,4,6, , ,7,2, , ,0, , ,25,us,us,2,White,f,2,0,0
7274162,White,Hispanic,.6484375, , , , ,.534379864706161,.401256744685587, , , , ,2,4,2,3, , ,5,6, , ,1, , ,1,51,us,sm,2,White,m,1,-1,0
7274164,Asian, , , , , , , , ,2,4, , , , ,2,3,4, , ,4,1, , ,0, , ,26,us,us,.,East Asian,f,1,-1,0
7274175,White,Hispanic,0, , , , ,.801333643603207,.212582882077849, , , , ,3,3,3,4, , ,6,3, , ,1, , ,0,24,us,sm,2,White,m,1,1,0
7274196,White,Hispanic,0, , , , ,.972407397314251,-.0939918359786204, , , , ,3,2,2,4, , ,4,7, , ,2, , ,1,19,us,sm,2,White,m,2,2,1
7274256,White,Hispanic,0, , , , ,.452705495749607,1.04653290106414, , , , ,1,4,2,4, , ,2,7, , ,2, , ,0,70,us,us,2,White,f,2,0,-1
7274257,White,Hispanic,0, , , , ,.213959828438587,.19328336951165, , , , ,2,4,1,4, , ,6,6, , ,2, , ,0,44,us,sm,2,White,f,2,0,1
7274260,White,Hispanic,0, , , , ,.758720472996306,.915979766378881, , , , ,2,5,4,4, , ,4,6, , ,0, , ,1,63,us,sm,2,White,f,0,-1,-2
7274297,White,Black,0,.405283589855353,.753936508810878, , , , , , ,3,2, , ,1,4, ,3, ,5, ,1, , ,2, ,19,us,sm,2,White,m,1,2,2
7274344,Hispanic, ,0, , , , ,-.110319842241778,-.26496559369814, , , , ,4,2,4,2, , ,2,3, , ,3, , ,1,31,us,us,1,Black or African American,f,3,0,0
7274355,White,Asian,0, , ,-.557613983302603,.00468756286749718, , ,2,5, , , , ,2,5,6, , ,7,-2, , ,1, , ,38,us,us,2,White,f,-2,0,0
7274409,Hispanic, ,0, , , , ,.219504518820097,.170073434615324, , , , ,1,5,3,2, , ,1,7, , ,3, , ,-3,28,us,sm,1,White,f,3,-3,-2
7274426,White,Black,0,-.0755255673445265,.56457511370383, , , , , , ,1,4, , ,2,4, ,2, ,7, ,3, , ,0, ,26,us,us,2,White,m,3,0,-1
7274459,White,Hispanic,0, , , , ,.789505213817493,1.02455300607958, , , , ,1,1,1,1, , ,3,5, , ,1, , ,0,65,us,us,3,White,m,1,0,0
7274484,White,Black,0,-.395485543986713,-.418799928926568, , , , , , ,1,5, , ,1,5, ,1, ,7, ,3, , ,0, ,64,us,us,2,White,f,3,0,0
7274599,Hispanic, ,0, , , , ,-.0779960906744048,.847178122391596, , , , ,2,3,1,5, , ,5,7, , ,3, , ,3,33,us,us,1,More than one race - Other,m,3,2,1
7274607,Hispanic, ,0, , , , ,.230750557578467,.794216816754727, , , , ,4,1,2,4, , ,2,7, , ,3, , ,2,28,us,us,1,Other or Unknown,f,3,3,2
7274677,White,Asian,0, , ,.250953166008068,-.579681539167399, , ,2,2, , , , ,2,3,3, , ,6,1, , ,1, , ,61,us,sm,2,White,f,1,1,0
7274678,White,Asian, , , , , , , ,1,1, , , , ,1,1,4, , ,4,1, , ,0, , ,54,us,sm,2,White,m,1,0,0
7274684,Black, ,0,-1.17318295603871,.37396778836187, , , , , , ,2,5, , ,3,3, ,1, ,2, ,2, , ,-3, ,53,us,sm,2,Black or African American,f,2,-2,-1
7274696,White,Black,0,.909003203042339,.377087502861033, , , , , , ,2,3, , ,2,2, ,3, ,6, ,1, , ,1, ,68,us,sm,2,White,m,1,-1,0
7274773,White,Hispanic,0, , , , ,-.0494717454849779,.836780397541851, , , , ,3,2,3,3, , ,2,7, , ,2, , ,0,34,us,sm,2,White,f,2,1,0
7274780,White,Black,0,.205854602921989,.259209804003205, , , , , , ,3,5, , ,3,5, ,2, ,6, ,1, , ,0, ,47,us,us,2,White,m,1,0,0
7274813,White,Asian,0, , ,-.280295270404249,.288587947711895, , ,2,4, , , , ,3,3,4, , ,7,2, , ,0, , ,44,us,us,2,White,m,2,-1,-1
7274838,White,Hispanic,0, , , , ,.403470610029295,1.13000406142475, , , , ,3,3,3,3, , ,4,4, , ,0, , ,0,51,us,us,2,White,m,0,0,0
7274846,White,Hispanic,0, , , , ,.0390715618875183,1.14423913879773, , , , ,2,4,2,4, , ,3,7, , ,2, , ,0,64,us,us,2,White,f,2,0,0
7274884,Black, , , , , , , , , , ,2,4, , ,1,4, ,1, ,2, ,2, , ,0, ,46,us,sm,.,Black or African American,f,2,0,1
7274969,Black, ,0,.206985664222557,-.126341559377108, , , , , , ,3,3, , ,3,3, ,1, ,7, ,3, , ,0, ,33,us,us,3,Black or African American,f,3,0,0
7274975,Hispanic, ,0, , , , ,.752330327325172,-.58628914307014, , , , ,1,5,1,5, , ,4,4, , ,0, , ,0,27,us,sm,1,More than one race - Other,m,0,0,0
7274984,Black, ,0,-.0514577143050151,.454417830617691, , , , , , ,2,2, , ,2,2, ,2, ,7, ,3, , ,-2, ,51,us,us,2,Black or African American,f,3,0,0
7275060,White,Hispanic,0, , , , ,-.375093039298372,1.18599321899476, , , , ,3,3,2,3, , ,2,6, , ,3, , ,0,51,us,us,2,White,m,3,0,1
7275067,Black, ,0,-.54633266197881,-.168847979612149, , , , , , ,3,5, , ,3,4, ,4, ,5, ,2, , ,-2, ,21,us,sm,2,Black or African American,f,2,-1,0
7275074,Black, ,0,-.279022342727701,-.131806809937933, , , , , , ,2,5, , ,2,4, ,2, ,7, ,3, , ,-1, ,42,us,sm,2,Black or African American,f,3,-1,0
7275077,Black, ,0,-.362476754165874,.302281745592635, , , , , , ,1,5, , ,2,3, ,4, ,7, ,3, , ,0, ,26,us,sm,2,Black or African American,m,3,-2,-1
7275161,White,Black,0,-.696477636749938,-.349133143828721, , , , , , ,3,3, , ,3,3, ,4, ,5, ,0, , ,0, ,39,us,sm,2,White,f,0,0,0
7275165,Hispanic, ,0, , , , ,.137213773286735,-.0553749859116637, , , , ,3,3,3,3, , ,1,7, , ,3, , ,-1,62,us,sm,1,White,f,3,0,0
7275300,White,Hispanic,0, , , , , ,.954027837791783, , , , ,2,3,4,2, , ,1,7, , ,3, , ,0,19,us,sm,2,White,f,3,-1,-2
7275304,Black, ,0,.340629457838181,-.446018882663335, , , , , , ,1,5, , ,2,4, ,7, ,7, ,2, , ,0, ,29,us,us,3,Black or African American,f,2,-1,-1
7275448,Black, ,0,.571852448070448,.56898852083332, , , , , , ,3,4, , ,3,4, ,2, ,7, ,2, , ,-1, ,58,us,us,2,Black or African American,f,2,0,0
7275449,White,Hispanic, , , , , , , , , , , ,2,5,2,5, , ,2,7, , ,3, , ,0,43,us,us,2,White,f,3,0,0
7275473,Asian, ,0, , ,-.419023388928217,.137075785532518, , ,1,4, , , , ,1,3,5, , ,6,1, , ,0, , ,35,us,us,2,East Asian,m,1,-1,0
7275508,Hispanic, ,0, , , , ,-.270174658114531,.115217990344339, , , , ,2,4,3,3, , ,2,7, , ,3, , ,0,26,us,us,1,South Asian,f,3,-1,-1
7275561,Black, ,0,.162167019460317,-1.03454665662589, , , , , , ,1,1, , ,1,3, ,4, ,4, ,3, , ,0, ,69,us,us,2,Black or African American,f,3,2,0
7275611,White,Black,.0078125,-.20170618514408,.586984709405588, , , , , , ,3,3, , ,3,3, ,5, ,6, ,2, , ,1, ,32,us,sm,2,White,f,2,0,0
7275643,White,Black,.015625,.791030438886417,1.21075369752235, , , , , , ,3,3, , ,3,3, ,1, ,1, ,3, , ,0, ,23,us,us,2,White,f,3,0,0
7275663,White,Hispanic,0, , , , ,-.336118604812315,.530112874153576, , , , ,2,2,2,2, , ,3,6, , ,2, , ,1,24,us,us,2,White,m,2,0,0
7275679,Hispanic, ,0, , , , ,-.523553915598156,.500418912676218, , , , ,2,5,2,3, , ,2,6, , ,3, , ,-2,57,us,us,1,More than one race - Other,m,3,-2,0
7275718,Black, ,0,.272304352046991,-.383051602439983, , , , , , ,2,3, , ,2,3, ,2, ,2, ,3, , ,0, ,53,us,us,2,Black or African American,f,3,0,0
7275765,Asian, ,0, , ,-.414424080433747,.0288723699554884, , ,1,5, , , , ,3,4,6, , ,7,3, , ,0, , ,27,us,sm,2,East Asian,f,3,-1,-2
7275825,Black, ,0,-.301428301501166,-.046958278161386, , , , , , ,1,4, , ,3,2, ,1, ,6, ,3, , ,-2, ,23,us,us,2,Black or African American,m,3,-2,-2
7275847,White,Black,0,.345179895704698,.366868605542379, , , , , , ,1,5, , ,1,5, ,2, ,7, ,3, , ,0, ,58,us,us,2,White,f,3,0,0
7275857,White,Asian,0, , ,-.26547645378488,.50523051266593, , ,3,3, , , , ,3,3,7, , ,7,0, , ,0, , ,34,us,us,2,White,m,0,0,0
7275858,Asian, ,.015625, , ,.20256524959731,.487961561660391, , ,3,3, , , , ,2,4,3, , ,7,2, , ,1, , ,43,us,us,2,East Asian,f,2,1,1
7275873,White,Asian,0, , ,.680628454357914,.707234968475608, , ,2,4, , , , ,2,4,3, , ,7,1, , ,1, , ,52,us,sm,1,White,m,1,0,0
7275898,Black, ,0,-.213730437736833,-.831613511019004, , , , , , ,1,5, , ,3,2, ,2, ,7, ,2, , ,-2, ,62,us,sm,2,Black or African American,f,2,-3,-2
7275908,Black, ,0,.0347501410429072,.325605429638877, , , , , , ,1,4, , ,1,4, ,4, ,4, ,0, , ,0, ,33,us,us,2,Black or African American,f,0,0,0
7275914,White,Black,0,.386241523367269,-.0131822652758967, , , , , , ,1,4, , ,1,4, ,3, ,6, ,2, , ,0, ,50,us,us,2,White,m,2,0,0
7275947,Hispanic, ,0, , , , ,-.333171230827125,.0228068237562357, , , , ,3,4,2,2, , ,2,7, , ,3, , ,-2,47,us,us,1,Other or Unknown,m,3,-2,1
7276041,White,Hispanic, , , , , , , , , , , ,2,4,2,4, , ,3,7, , ,3, , ,0,23,us,sm,2,White,f,3,0,0
7276045,Hispanic, ,0, , , , ,-.549376366209323,-.0679661518412037, , , , ,2,4,3,3, , ,5,7, , ,3, , ,-1,42,us,sm,1,Other or Unknown,m,3,-1,-1
7276262,White,Asian,0, , ,.341791357166932,.598908682404139, , ,2,3, , , , ,2,3,7, , ,7,0, , ,1, , ,31,us,sm,2,White,f,0,0,0
7276432,White,Hispanic,0, , , , ,.700906921606278,.7533568668829, , , , ,1,3,1,3, , ,3,7, , ,3, , ,0,57,us,sm,3,White,m,3,0,0
7276484,White,Asian,0, , ,-.284242169643654,.066434018793746, , ,1,3, , , , ,1,3,5, , ,7,2, , ,0, , ,19,us,sm,3,White,f,2,0,0
7276608,White,Asian, , , , , , , ,1,3, , , , ,1,3,3, , ,3,1, , ,0, , ,59,us,us,2,White,f,1,0,0
7276617,White,Black,0,.540244910591047,.165650041683919, , , , , , ,2,2, , ,1,2, ,3, ,6, ,2, , ,1, ,38,us,us,2,White,f,2,0,1
7276621,Asian, ,0, , ,.320545724838101,.485703626174394, , ,1,5, , , , ,1,5,4, , ,7,2, , ,0, , ,17,us,sm,2,East Asian,f,2,0,0
7276644,White,Black,0,.306923420454084,.743982048601793, , , , , , ,1,4, , ,1,2, ,2, ,7, ,3, , ,1, ,33,us,us,2,White,f,3,-2,0
7276654,Hispanic, ,.0234375, , , , ,-.184727732468122,-.498531976778769, , , , ,1,5,1,4, , ,6,7, , ,3, , ,-1,21,us,us,1,Other or Unknown,f,3,-1,0
7276656,White,Asian,0, , ,-.349627874653621, , , , , , , , , , , , , , , , , , , , , ,30,us,us,2,White,f, , , 
7276698,Hispanic, ,0, , , , ,.364735053156998,.111101151960393, , , , ,4,2,4,2, , ,4,3, , ,2, , ,-1,19,us,us,1,More than one race - Other,m,2,0,0
7276760,White,Black,0,.395524421536767,.486707871151339, , , , , , ,2,4, , ,2,4, ,2, ,4, ,3, , ,0, ,58,us,sm,2,White,f,3,0,0
7276788,White,Asian,0, , ,.595660104119758,.27073367150327, , ,2,2, , , , ,2,2,4, , ,3,2, , ,1, , ,39,us,sm,2,White,f,2,0,0
7276812,Black, ,0,.084216185861092,.78340764555459, , , , , , ,3,2, , ,4,2, ,1, ,4, ,3, , ,-2, ,43,us,us,2,Black or African American,f,3,0,-1
7276850,White,Black,0, ,-.519862926846557, , , , , , ,1,3, , ,1,3, ,4, ,5, ,1, , ,0, ,12,us,us,2,White,f,1,0,0
7276965,Black, ,0,-.447738977774427,-.000208622254683918, , , , , , ,1,3, , ,3,3, ,2, ,7, ,2, , ,0, ,48,us,sm,.,Black or African American,m,2,0,-2
7276973,Black, ,0,-.537633437516394,.222876148248613, , , , , , , , , , , , , , , , , , , , , , ,42,us,us,2,Black or African American,m, , , 
7276981,Asian, ,0, , ,-.0891728345240621,.20648547908387, , ,3,2, , , , ,1,4,3, , ,4,1, , ,1, , ,39,us,sm,2,East Asian,f,1,2,2
7276983,Black, ,0,-.0903425987464509,-.0982010061896995, , , , , , ,1,5, , ,3,2, ,2, ,4, ,3, , ,-1, ,64,us,us,2,Black or African American,f,3,-3,-2
7276995,White, , , , , , , , , , , , , , , , , , , , , , , , , , ,19,us,sm,2,White,f, , , 
7277007,White,Hispanic,0, , , , ,.567701295122604,.514536195120156, , , , ,1,4,1,5, , ,6,6, , ,1, , ,0,28,us,sm,2,White,f,1,1,0
7277024,White,Hispanic, , , , , , ,1.19577915930067, , , , ,2,3,1,4, , ,3,6, , ,2, , ,1,23,us,uk,2,White,f,2,1,1
7277029,White,Black,0,-.401557570816842,.209891865353005, , , , , , ,1,4, , ,2,4, ,3, ,6, ,2, , ,0, ,40,us,us,2,White,f,2,0,-1
7277041,White,Asian,.0078125, , ,.0286706935797459,.818393033806539, , ,3,4, , , , ,3,4,5, , ,7,2, , ,-1, , ,29,us,sm,2,White,m,2,0,0
7277125,White,Black,0,-.0184926285843696,1.09721355583298, , , , , , ,3,2, , ,3,2, ,3, ,6, ,2, , ,0, ,58,us,sm,2,White,f,2,0,0
7277230,White,Black,0,.0626752463211838,-.108593482497044, , , , , , ,3,3, , ,2,3, ,2, ,7, ,3, , ,2, ,40,us,us,2,White,f,3,0,1
7277258,White,Hispanic,.0078125, , , , ,-.00215661054195493,.546653512085058, , , , ,1,3,1,3, , ,3,5, , ,1, , ,0,17,us,sm,2,White,m,1,0,0
7277299,White,Black,0,.379229781598693,.261318983483054, , , , , , ,2,4, , ,2,2, ,3, ,6, ,2, , ,0, ,61,us,us,2,White,f,2,-2,0
7277490,Hispanic, ,0, , , , ,-.405214860793172,.0972457961039824, , , , ,4,5,3,4, , ,3,7, , ,3, , ,0,22,us,sm,1,White,m,3,-1,1
7277521,White,Black,0,.503415313418893,.198488846593653, , , , , , ,1,1, , ,1,1, ,4, ,4, ,0, , ,0, ,33,us,us,2,White,m,0,0,0
7277619,White,Black,0,.861956647519212,.919099033694557, , , , , , ,2,5, , ,2,4, ,2, ,7, ,3, , ,0, ,56,us,sm,2,White,m,3,-1,0
7277671,Black, , , , , , , , , , ,1,4, , ,1,4, ,6, ,7, ,2, , ,0, ,46,us,sm,.,Black or African American,m,2,0,0
7277759,White,Hispanic,0, , , , ,-.368427784586306,.589275388942212, , , , ,2,5,3,5, , ,3,7, , ,3, , ,0,32,us,sm,2,White,f,3,0,-1
7277847,Black, ,0,-.578266535322758,-.473702412103975, , , , , , ,2,5, , ,3,4, ,3, ,7, ,3, , ,-2, ,22,us,sm,2,Black or African American,m,3,-1,-1
7277861,Black, ,0,-.231881052637538,-.0271231755612424, , , , , , ,1,5, , ,2,3, ,1, ,7, ,3, , ,-1, ,60,us,sm,2,Black or African American,f,3,-2,-1
7278035,Hispanic, ,0, , , , ,-.199592191304772,-1.19203189852329, , , , ,2,4,3,3, , ,3,7, , ,3, , ,-2,41,us,sm,1,More than one race - Other,m,3,-1,-1
7278076,Black, ,0,.0344689339971961,.502702725303294, , , , , , ,2,5, , ,3,2, ,6, ,2, ,3, , ,0, ,38,us,sm,2,Black or African American,m,3,-3,-1
7278130,White,Asian,.00806451612903226, , ,.317143299222225,.574845220539204, , , , , , , , , , , , , , , , , , , , ,59,us,us,.,White,f, , , 
7278132,Black, ,0,-.265376719556475,.0598999320032947, , , , , , ,2,5, , ,2,4, ,2, ,7, ,2, , ,-1, ,46,us,sm,2,Black or African American,m,2,-1,0
7278158,White,Black, , , , , , , , , ,1,2, , ,1,2, ,4, ,6, ,2, , ,1, ,51,us,us,2,White,f,2,0,0
7278164,White,Hispanic,0, , , , ,.144212065047071,.652670517795981, , , , ,1,1,1,1, , ,3,5, , ,1, , ,0,51,us,sm,2,White,m,1,0,0
7278200,Black, ,0,.483235416284463,-.0906924368588909, , , , , , ,1,1, , ,1,1, ,2, ,7, ,2, , ,0, ,79,us,cr,2,Black or African American,m,2,0,0
7278276,Hispanic, ,0, , , , ,.0227035929919108,.779496902639636, , , , ,2,2,2,2, , ,2,7, , ,1, , ,1,39,us,us,1,White,f,1,0,0
7278287,White,Hispanic,0, , , , ,.702187490478901, , , , , ,2,2,3,2, , ,2,3, , ,3, , ,1,53,us,us,2,White,f,3,0,-1
7278300,White,Black,.0078125,.274854243887374,.645480935861699, , , , , , ,1,4, , ,1,4, ,4, ,4, ,0, , ,0, ,26,us,us,2,White,f,0,0,0
7278487,White,Hispanic,0, , , , ,-1.00371518784718,-.89980281939557, , , , ,1,4,2,3, , ,3,6, , ,2, , ,-1,46,us,sm,2,White,f,2,-1,-1
7278601,Black, ,.0078125,.159613107764859,-.38842906493024, , , , , , ,1,2, , ,1,3, ,2, ,7, ,3, , ,-1, ,28,us,us,2,Black or African American,m,3,1,0
7278641,White,Hispanic,0, , , , ,-.0334113090694192,.194282288307648, , , , ,2,3,2,3, , ,2,5, , ,2, , ,1,60,us,us,2,White,m,2,0,0
7278647,White,Hispanic,0, , , , ,.457295531023274,.998910564905431, , , , ,3,2,1,3, , ,3,4, , ,2, , ,2,20,us,us,2,White,f,2,1,2
7278665,White,Black,.0234375,-.352022200985367,-.0147092340104172, , , , , , ,1,4, , ,1,4, ,2, ,7, ,2, , ,1, ,19,us,sm,1,White,m,2,0,0
7278677,White,Black, , , , , , , , , ,2,4, , ,2,3, ,5, ,3, ,0, , ,0, ,34,us,us,3,White,m,0,-1,0
7278765,White,Hispanic,0, , , , ,-.0790567231990518,-.175316558335615, , , , ,1,3,3,3, , ,3,6, , ,2, , ,0,54,us,us,2,White,f,2,0,-2
7278823,White,Asian,0, , ,.463998888559017, , , ,1,3, , , , ,1,3,6, , ,6,1, , ,0, , ,34,us,us,2,White,f,1,0,0
7278824,Black, ,0,.225739172081219,.886412087790301, , , , , , ,2,5, , ,2,5, ,2, ,5, ,3, , ,0, ,18,us,us,2,Black or African American,m,3,0,0
7278832,White,Hispanic,0, , , , ,.814753630440325,-.283608507086023, , , , ,1,5,3,3, , ,3,6, , ,2, , ,0,26,us,sm,2,White,f,2,-2,-2
7278855,White,Black,0,.395662244487225,.582750256537531, , , , , , ,1,3, , ,1,3, ,3, ,6, ,2, , ,0, ,32,us,us,2,White,m,2,0,0
7278901,White,Hispanic,0, , , , ,-.205838252963969,-.199657428089557, , , , ,1,4,1,4, , ,2,7, , ,3, , ,0,61,us,us,2,White,m,3,0,0
7278928,White,Hispanic,0, , , , ,-.482213221094376,.672063195257666, , , , ,4,4,4,4, , ,3,6, , ,1, , ,1,39,us,sm,2,White,f,1,0,0
7278930,Black, ,0,-.386738067639229,.353933567098276, , , , , , ,2,2, , ,2,3, ,2, ,7, ,3, , ,0, ,57,us,us,2,Black or African American,f,3,1,0
7279016,White,Black,0,.247367798028524,.745630676337605, , , , , , ,3,2, , ,2,2, ,7, ,6, ,-1, , ,2, ,33,us,sm,2,White,f,-1,0,1
7279017,White,Black,0,-1.17416197676216,-.285174984229955, , , , , , ,1,3, , ,2,2, ,2, ,2, ,3, , ,-1, ,52,us,us,2,White,f,3,-1,-1
7279025,Hispanic, ,0, , , , ,.371038635092684,.597028901368429, , , , ,2,2,2,2, , ,1,7, , ,3, , ,-3,30,us,us,1,Other or Unknown,f,3,0,0
7279046,White,Black,0,.390753952799353,.18613682542184, , , , , , ,4,3, , ,1,4, ,4, ,3, ,1, , ,2, ,34,us,sm,2,White,m,1,1,3
7279086,White,Black,0,.328162829085862,.209773483547022, , , , , , ,3,3, , ,2,2, ,2, ,6, ,3, , ,0, ,59,us,jp,2,White,m,3,-1,1
7279111,White,Hispanic,0, , , , ,-.216412028149485,.673776651663689, , , , ,1,5,1,5, , ,7,7, , ,0, , ,0,63,us,sm,2,White,f,0,0,0
7279313,White,Asian, , , , , , , ,1,4, , , , ,1,4,3, , ,5,0, , ,0, , ,20,us,us,2,White,m,0,0,0
7279325,White,Hispanic,0, , , , ,.159262073379315,1.09171834857826, , , , ,1,2,2,3, , ,2,7, , ,3, , ,0,29,us,sm,2,White,m,3,1,-1
7279491,White,Hispanic,0, , , , ,.121298889674864,.542618285896476, , , , ,1,4,2,4, , ,6,7, , ,2, , ,0,63,us,sm,2,White,f,2,0,-1
7279576,Hispanic, ,0, , , , ,-.478003215187833,.446013753849797, , , , ,1,1,1,1, , ,2,7, , ,2, , ,0,58,us,us,1,White,m,2,0,0
7279581,White,Asian,0, , ,-.299564949912348,.987348007040391, , ,2,4, , , , ,2,4,4, , ,6,2, , ,0, , ,41,us,.,2,White,f,2,0,0
7279608,White,Hispanic,0, , , , ,.490834597403098,1.18720861505609, , , , ,2,4,3,3, , ,3,7, , ,3, , ,0,64,us,sm,2,White,m,3,-1,-1
7279616,Black, ,0,.218898062275126,.312011304252231, , , , , , ,1,2, , ,2,3, ,2, ,6, ,2, , ,-2, ,43,us,sm,2,Black or African American,f,2,1,-1
7279665,White,Asian,0, , ,-.0769058624171399,.531662280019532, , ,2,2, , , , ,2,2,6, , ,6,2, , ,0, , ,51,us,sm,2,White,f,2,0,0
7279667,White,Asian,0, , ,.899348018088532,.0538243634274064, , ,2,2, , , , ,2,2,2, , ,7,3, , ,0, , ,57,us,us,2,White,m,3,0,0
7279694,White,Black, , , , , , , , , ,1,5, , ,1,5, ,2, ,7, ,2, , ,0, ,63,us,us,2,White,f,2,0,0
7279758,White,Asian,0, , ,-.36191881698094,.150557360835102, , ,3,3, , , , ,3,3,4, , ,6,3, , ,0, , ,57,us,sm,2,White,f,3,0,0
7279769,White,Hispanic,0, , , , ,.165475358812098,1.15202967490444, , , , ,1,5,4,4, , ,3,7, , ,3, , ,0,37,us,sm,2,White,f,3,-1,-3
7279831,White,Hispanic, , , , , , ,-.280056048404193, , , , ,1,4,3,3, , ,2,7, , ,3, , ,0,35,us,sm,3,White,f,3,-1,-2
7279839,Black, ,0,-.568986421953804,-1.33832874950325, , , , , , ,1,5, , ,3,3, ,1, ,7, ,3, , ,-2, ,36,us,sm,2,Black or African American,f,3,-2,-2
7279876,White,Hispanic,0, , , , ,-.54691989536393,.757331677402226, , , , ,3,4,2,5, , ,3,7, , ,2, , ,1,41,us,us,2,White,f,2,1,1
7279877,White,Asian,0, , ,.300914816553284,.177516508014811, , ,1,3, , , , ,1,3,7, , ,7,2, , , , , ,61,us,sm,2,White,f,2,0,0
7279933,White,Black,0,.273101506031566,.324556749579662, , , , , , ,3,3, , ,3,3, ,3, ,6, ,2, , ,1, ,52,us,sm,2,White,m,2,0,0
7279943,White,Hispanic,0, , , , ,-.282912472895281,-.010525248790138, , , , ,3,5,5,2, , ,3,6, , ,2, , ,1,51,us,sm,1,White,m,2,-3,-2
7280011,Black, ,0,.0692058943273095,.829140049749246, , , , , , ,1,4, , ,1,4, ,4, ,4, ,2, , ,-1, ,32,us,sm,2,Black or African American,f,2,0,0
7280062,White,Asian, , , , , , , ,2,3, , , , ,2,2,5, , ,7,2, , ,0, , ,22,us,sm,2,White,m,2,-1,0
7280064,Black, ,0,-.238738098531901,-.545369522719666, , , , , , ,1,3, , ,1,3, ,3, ,7, ,3, , ,0, ,39,us,sm,2,Black or African American,m,3,0,0
7280112,White,Asian,0, , ,.243277128758708,-.119393839159884, , ,1,5, , , , ,2,4,6, , ,7,2, , ,1, , ,23,us,sm,2,White,m,2,-1,-1
7280118,Black, ,0,-.8140499032059,-.182014191825716, , , , , , ,2,4, , ,1,1, ,2, ,6, ,3, , ,0, ,52,us,us,2,Black or African American,m,3,-3,1
7280183,White,Asian,0, , ,-.104588662981835,.172795936085809, , ,2,5, , , , ,2,5,6, , ,7,2, , ,2, , ,22,us,sm,.,White,m,2,0,0
7280198,White,Hispanic,0, , , , ,-.286656913468679,.871350295200855, , , , ,2,2,1,2, , ,6,3, , ,2, , ,1,26,us,cn,2,White,m,2,0,1
7281083,Asian, ,0, , ,.13791140565492,.245306353815342, , ,2,4, , , , ,4,2,2, , ,7,2, , ,-2, , ,19,us,us,.,East Asian,f,2,-2,-2
7281424,Asian, ,0, , , ,-.892914930030665, , , , , , , , , , , , , , , , , , , , ,19,us,sm,2,East Asian,f, , , 
7281649,Asian, , , , , , , , ,1,3, , , , ,1,3,4, , ,4,0, , ,0, , ,20,us,sm,2,East Asian,m,0,0,0
7281927,Asian, ,.984375, , , , , , ,1,5, , , , ,1,5,5, , ,2,1, , ,-3, , ,20,us,sm,2,East Asian,m,1,0,0
7282961,Asian, ,0, , ,-.17741429409218,.504303501033211, , ,1,5, , , , ,1,2,3, , ,7,3, , ,-1, , ,36,us,hk,3,East Asian,m,3,-3,0
7282971,Asian, ,0, , ,.406422642424393, , , , , , , , , , , , , , , , , , , , , ,24,us,sm,2,East Asian,f, , , 
7283370,Asian, ,0, , ,-.246981311435182,.627297983692278, , ,3,3, , , , ,2,4,3, , ,6,1, , ,1, , ,37,us,sm,2,East Asian,f,1,1,1
7283410,Asian, ,0, , ,-.308087481135465,.852507477253898, , ,1,4, , , , ,1,3,3, , ,7,3, , ,-2, , ,20,us,sm,3,East Asian,m,3,-1,0
7283702,Asian, ,0, , ,-.393371574599777,.393453677498448, , ,2,4, , , , ,2,3,5, , ,6,3, , ,0, , ,54,us,sm,.,East Asian,f,3,-1,0
7283864,Asian, ,0, , ,.050215892221298,-.101060731300211, , ,1,4, , , , ,1,4,4, , ,5,1, , ,0, , ,53,us,uk,.,East Asian,f,1,0,0
7284280,Asian, ,.65625, , ,.99247131686901, , , ,2,4, , , , ,3,3,6, , ,7,3, , ,0, , ,25,us,us,2,East Asian,m,3,-1,-1
7285012,Asian, ,0, , ,.511121744527238,.320323980472987, , ,1,5, , , , ,1,5,5, , ,7,-2, , ,0, , ,47,us,us,2,East Asian,m,-2,0,0
7285492,Asian, ,.01953125, , ,.251254303729888,.509060406779359, , ,2,2, , , , ,2,2,4, , ,6,1, , ,0, , ,20,us,us,2,East Asian,f,1,0,0
7286060,Asian, , , , , , , , ,3,4, , , , ,3,2,3, , ,7,3, , ,0, , ,50,us,sm,2,East Asian,f,3,-2,0
7288138,Asian, ,0, , ,.589027436440016,.462978994316332, , ,2,3, , , , ,2,3,4, , ,7,1, , ,0, , ,24,us,us,.,East Asian,m,1,0,0
7288551,Asian, ,0, , ,.0369748685803382,.573269220529064, , ,1,4, , , , ,3,3,3, , ,4,1, , ,-1, , ,43,us,us,3,East Asian,f,1,-1,-2
7288828,Asian, , , , , , , , , , , , , , , , , , , , , , , , , , ,21,us,us,2,East Asian,f, , , 
7289634,Asian, ,.0234375, , ,-.12950471381123,.273295964349293, , ,2,2, , , , ,2,3,3, , ,7,3, , ,1, , ,23,us,us,2,East Asian,f,3,1,0
7291217,Asian, ,0, , ,-.665362469267959,.449314747136068, , ,2,2, , , , ,1,2,4, , ,5,1, , ,0, , ,40,us,sm,2,East Asian,m,1,0,1
7292170,Asian, ,0, , ,-.450178546360502,.778188403946338, , ,1,4, , , , ,1,4,4, , ,7,2, , ,0, , ,31,us,us,2,East Asian,m,2,0,0
7292310,Asian, ,0, , ,-.692796273040995,-.277045867906138, , ,2,3, , , , ,3,2,2, , ,7,3, , ,-2, , ,49,us,sm,2,East Asian,m,3,-1,-1
7292555,Asian, ,0, , ,-.377550695664487,.056224110479332, , ,2,5, , , , ,1,5,4, , ,7,1, , ,0, , ,21,us,sm,2,East Asian,f,1,0,1
7292958,Asian, ,0, , ,-.818694875034528,-.307669245522691, , ,2,2, , , , ,1,2,2, , ,7,3, , ,0, , ,19,us,sm,2,East Asian,f,3,0,1
7293567,Asian, ,0, , ,-.347375938522925,.423944166429642, , ,3,3, , , , ,4,2,5, , ,7,2, , ,-2, , ,22,us,us,2,East Asian,f,2,-1,-1
7293908,Asian, ,0, , ,-.570009804858701,-.0810199822655519, , ,1,4, , , , ,2,4,4, , ,5,-1, , ,-1, , ,24,us,sm,2,East Asian,f,-1,0,-1
7294247,Asian, ,.0234375, , ,-.656241956978295,.0615972073155311, , ,1,3, , , , ,1,2,3, , ,6,2, , ,0, , ,19,us,us,2,East Asian,m,2,-1,0
7294350,Asian, ,0, , ,-.698708387516085,.560114690207534, , ,1,4, , , , ,3,2,4, , ,7,3, , ,-3, , ,47,us,sm,2,East Asian,m,3,-2,-2
7294615,Asian, ,0, , ,.222996765392783,.376261058925817, , ,2,3, , , , ,2,3,4, , ,4,0, , ,0, , ,24,us,us,3,East Asian,m,0,0,0
7294965,Asian, ,.125, , ,-.870748090562463,.328330588721562, , ,1,4, , , , ,2,2,4, , ,7,2, , ,0, , ,29,us,sm,2,East Asian,f,2,-2,-1
7296936,Asian, ,0, , ,.710644892250284,.108441194604688, , ,3,3, , , , ,3,3,5, , ,7,2, , ,0, , ,18,us,sm,2,East Asian,f,2,0,0
7297697,Asian, ,0, , ,-.23911054227295,.371975726402228, , ,1,4, , , , ,1,4,4, , ,2,2, , ,0, , ,49,us,sm,2,East Asian,f,2,0,0
7299131,Asian, ,.0078125, , ,.160662166918656,.219100138949067, , ,2,3, , , , ,2,3,3, , ,6,2, , ,0, , ,18,us,sm,2,East Asian,m,2,0,0
7299138,Asian, ,.640625, , ,-.531310762632215, , , ,2,4, , , , ,4,2,2, , ,7,3, , ,-2, , ,35,us,sm,2,East Asian,m,3,-2,-2
7299565,Asian, ,.0078125, , ,-.186587521376578,.536089640460491, , ,3,4, , , , ,2,4,4, , ,7,2, , ,0, , ,22,us,us,3,East Asian,f,2,0,1
7300374,Asian, ,0, , ,-.7228836630149,-.904166518165153, , ,1,4, , , , ,2,3,2, , ,7,3, , ,-1, , ,24,us,sm,2,East Asian,f,3,-1,-1
7300745,Asian, ,0, , ,-.424864200715208,-.480722521018049, , ,3,3, , , , ,2,4,4, , ,7,3, , ,0, , ,25,us,sm,2,East Asian,m,3,1,1
7300936,Asian, ,.0078125, , ,.329890145572776,-.179097623437112, , ,1,5, , , , ,1,4,4, , ,7,1, , ,0, , ,27,us,us,2,East Asian,f,1,-1,0
7301961,Asian, ,0, , ,.0481300237367441,.025439250854116, , ,2,4, , , , ,2,4,4, , ,7,2, , ,1, , ,30,us,us,2,East Asian,f,2,0,0
7304541,Asian, ,0, , ,-.833429106582445,-.784201562194068, , ,4,3, , , , ,2,4,2, , ,4,2, , ,-1, , ,22,us,us,2,East Asian,m,2,1,2
7304554,Asian, ,0, , ,.28345673904508,.654763560723054, , , , , , , , , , , , , , , , , , , , ,44,us,sm,2,East Asian,m, , , 
7304947,Asian, ,.0078125, , ,.0643259294267384,-.281114460442398, , ,1,5, , , , ,1,4,3, , ,7,3, , , , , ,32,us,us,2,East Asian,f,3,-1,0
7305143,Asian, ,0, , ,-.0576320705198308,.396905909635624, , ,1,3, , , , ,1,3,3, , ,3,3, , ,-1, , ,15,us,us,2,East Asian,f,3,0,0
7305972,Asian, ,0, , ,.19771972584545,.62837297255662, , ,1,4, , , , ,1,3,3, , ,7,3, , ,0, , ,20,us,us,2,East Asian,m,3,-1,0
7307432,Asian, ,0, , ,.344101696069227,.904712844434485, , , , , , , , , , ,4, , ,4,1, , ,0, , ,38,us,us,2,East Asian,m,1, , 
7307880,Asian, ,0, , ,-.639172676763125,.128152647475756, , ,1,4, , , , ,1,4,5, , ,7,2, , ,0, , ,52,us,sm,2,East Asian,f,2,0,0
7308618,Asian, ,0, , ,1.03420043141132,.260098723564042, , ,2,4, , , , ,2,4,2, , ,7,2, , ,0, , ,58,us,us,2,East Asian,f,2,0,0
7309012,Asian, ,0, , ,-.27099513407917,.492131011788758, , ,2,3, , , , ,1,2,3, , ,4,0, , ,0, , ,21,us,us,.,East Asian,f,0,-1,1
7309303,Asian, , , , , , , , ,1,4, , , , ,1,3,5, , ,7,3, , ,-1, , ,29,us,us,2,East Asian,m,3,-1,0
7309782,Asian, ,0, , ,-.217186951020262,-.538453670050438, , ,2,5, , , , ,2,4,2, , ,7,3, , ,-3, , ,37,us,sm,2,East Asian,f,3,-1,0
7311334,Asian, ,.0403225806451613, , ,.0832594801777722,-.730377108620166, , ,1,5, , , , ,1,5,2, , ,1,3, , ,0, , ,41,us,us,.,East Asian,m,3,0,0
7312437,Asian, ,0, , ,-.322860265006235,.686555973062241, , ,2,2, , , , ,2, ,7, , ,7,2, , , , , ,33,us,us,1,East Asian,m,2, ,0
7313274,Asian, ,0, , ,-.37899113124379,.477343388955384, , ,3,3, , , , ,4,4,5, , ,7,2, , ,1, , ,19,us,sm,2,East Asian,f,2,1,-1
7314284,Asian, ,0, , ,.216855970810805,.280653205113741, , ,5,3, , , , ,5,4,3, , ,7,3, , ,2, , ,30,us,sm,2,East Asian,m,3,1,0
7314377,Asian, ,0, , ,.58705575129338,.321771885799694, , ,2,2, , , , ,2,2,6, , ,6,2, , ,-1, , ,32,us,sm,2,East Asian,m,2,0,0
7314509,Asian, ,0, , ,.0725646197912665,.72449957291668, , ,1,4, , , , ,1,4,6, , ,7,1, , ,0, , ,47,us,sm,2,East Asian,m,1,0,0
7314863,Asian, ,0, , ,-.0598056997437392,.529091327279495, , ,1,3, , , , ,2,3,3, , ,7,2, , ,0, , ,55,us,us,2,East Asian,m,2,0,-1
7316383,Asian, ,0, , ,-.564462862593952,-.109797661908061, , ,1,5, , , , ,3,2,5, , ,5,1, , ,0, , ,22,us,sm,2,East Asian,f,1,-3,-2
7317392,Asian, ,0, , ,-.171178028103453,.288717532775573, , ,2,3, , , , ,2,4,2, , ,7,2, , ,1, , ,33,us,us,2,East Asian,f,2,1,0
7317973,Asian, ,0, , ,.124310240226965,-.0216401620836584, , ,2,2, , , , ,2,3,3, , ,3,3, , ,-1, , ,21,us,sm,2,East Asian,f,3,1,0
7318815,Asian, ,0, , ,-.169746379852513,-.217389311413966, , ,3,3, , , , ,2,2,5, , ,7,3, , ,1, , ,21,us,sm,2,East Asian,f,3,-1,1
7319081,Asian, ,0, , ,-.278575694740718,-.558787288595591, , ,1,4, , , , ,1,4,4, , ,4,2, , ,0, , ,28,us,sm,.,East Asian,m,2,0,0
7319245,Asian, ,0, , ,-.368770804841267,.163079546741294, , ,4,3, , , , ,5,4,6, , ,6,0, , ,2, , ,34,us,sm,2,East Asian,f,0,1,-1
7319831,Asian, ,0, , ,-.452236885784278,-.369317569330462, , , , , , , , , , , , , , , , , , , , ,37,us,us,2,East Asian,m, , , 
7320683,Asian, ,0, , ,-.325427340266889,-.42948627530042, , ,1,2, , , , ,1,3,2, , ,7,3, , ,0, , ,56,us,us,2,East Asian,m,3,1,0
7320719,Asian, ,0, , ,-.788360959843342,-.119531466077663, , ,2,4, , , , ,3,2,2, , ,3,1, , ,-2, , ,24,us,sm,2,East Asian,m,1,-2,-1
7322676,Asian, ,0, , ,-.282073285167747,.529893147587576, , ,1,2, , , , ,1,2,6, , ,7,3, , ,2, , ,27,us,us,2,East Asian,f,3,0,0
7322909,Asian, ,0, , ,-.363932579697726,.120384911982628, , ,1,1, , , , ,1,1,3, , ,7,1, , ,0, , ,28,us,us,2,East Asian,f,1,0,0
7323310,Asian, ,0, , ,.167971759353785,-.0411603514956846, , ,3,4, , , , ,3,4,6, , ,7,2, , ,-1, , ,26,us,sm,2,East Asian,f,2,0,0
7324180,Asian, ,.0078125, , ,-.182336810019757,-.136777855130507, , ,3,3, , , , ,3,3,4, , ,6,2, , ,0, , ,19,us,us,2,East Asian,f,2,0,0
7324574,Asian, ,0, , ,-.631554312717655,-.179152110633512, , ,2,4, , , , ,3,4,5, , ,7,2, , ,-1, , ,37,us,sm,2,East Asian,f,2,0,-1
7324591,Asian, , , , , , , , ,1,3, , , , ,1,3,4, , ,6,0, , ,0, , ,55,us,us,.,East Asian,f,0,0,0
7325220,Asian, , , , , , , , ,2,5, , , , ,2,4,4, , ,7,2, , ,-2, , ,17,us,sm,2,East Asian,m,2,-1,0
7325413,Asian, ,0, , ,-.128135113906978,.60611952974195, , ,1,5, , , , ,1,5, , , , , , , , , , ,57,us,us,2,East Asian,f, ,0,0
7325523,Asian, , , , , , , , ,1,2, , , , ,1,2,2, , ,6,2, , ,1, , ,35,us,us,2,East Asian,f,2,0,0
7325846,Asian, ,0, , ,-.850989109082249,.479843221253613, , ,2,3, , , , ,1,3,5, , ,7,2, , ,1, , ,49,us,us,2,East Asian,f,2,0,1
7325935,Asian, ,.015625, , ,.142553755583515,.401790095006936, , ,2,4, , , , ,2,5,3, , ,6,0, , ,0, , ,34,us,us,2,East Asian,f,0,1,0
7325970,Asian, ,.0078125, , ,.066100255864078,.0644940331250909, , ,1,5, , , , ,2,4,5, , ,7,2, , ,-1, , ,27,us,sm,2,East Asian,f,2,-1,-1
7325977,Asian, ,.0078125, , ,.386075807089552,.421972296286898, , ,1,4, , , , ,1,4,7, , ,7,1, , ,0, , ,24,us,sm,2,East Asian,f,1,0,0
7326343,Asian, ,0, , ,.528271486031516,.229432182214626, , ,1,1, , , , ,1,1,4, , ,4,0, , ,0, , ,20,us,us,.,East Asian,m,0,0,0
7326358,Asian, ,0, , ,.207891173796763,.811273407851937, , ,2,2, , , , ,2,3,3, , ,6,2, , ,2, , ,39,us,sm,.,East Asian,f,2,1,0
7326509,Asian, ,0, , ,.058022937031984,-.311412685407791, , ,1,2, , , , ,1,2,5, , ,7,1, , ,0, , ,42,us,us,.,East Asian,f,1,0,0
7326997,Asian, ,0, , ,-.236925883160371,.370208329195765, , ,3,3, , , , ,3,3,4, , ,4,0, , ,-1, , ,19,us,us,2,East Asian,f,0,0,0
7327232,Asian, ,0, , ,-.0469189460410293,-.434793791707042, , ,1,5, , , , ,1,3,3, , ,7,3, , ,-3, , ,19,us,sm,2,East Asian,m,3,-2,0
7327393,Asian, ,0, , ,.694714403445889,.799216060567314, , ,3,4, , , , ,3,4,2, , ,7,2, , ,-1, , ,19,us,sm,2,East Asian,m,2,0,0
7327646,Asian, ,0, , ,-.109519672626755,-.371800095808234, , ,1,3, , , , ,1,2,4, , ,6,1, , ,0, , ,42,us,us,2,East Asian,f,1,-1,0
