session_id,Religion,Age,Ethnicity,Race,Religiosity,Gender,Condition,ConditionNum,ErrorPct,TooFast,ChristJewBIAT,ChristIslamBIAT,ChristHinduBIAT,JewIslamBIAT,JewHinduBIAT,IslamHinduBIAT,ChristImpAgg,IslamImpAgg,JewImpAgg,HinduImpAgg,ChristJewExp,ChristHinduExp,ChristIslamExp,IslamHinduExp,JewHinduExp,JewIslamExp,ChristExpAgg,HinduExpAgg,JewExpAgg,IslamExpAgg,filter_$,CondxCJBIAT,CondxCHBIAT,CondxCIBIAT
2505106,Muslim,21,2,South Asian,2,2,bad,-1,.114583333333333,0,-.00898945797980456,.944336167240693,-.240747913354013,.0505771075590361,-.0431463876681531,-.19579788696445,.231532931968958,-.39690372058806,.00547339262356253,.159897395995539,1,1,-2,3,0,-2,0,-1.33333333333333,-1,2.33333333333333,1,.00898945797980456,.240747913354013,-.944336167240693
2505167,Muslim,18,2,White or Caucasian,3,2,bad,-1,.046875,.03125,1.11910974554533,.363141198997433,.62984922313964,.459315472622204,.405386196059549,-.402331337149223,.704033389227466,-.40826266958962,-.0848026922878575,-.210968027349988,1,0,0,0,0,-1,.333333333333333,0,-.666666666666667,.333333333333333,1,-1.11910974554533,-.62984922313964,-.363141198997433
2505170,None,18,3,White or Caucasian,4,1,bad,-1,.182291666666667,0,.0196044674453836,-.0286715466761217,-.0769514618915579,.315701992341012,-.455907704029473,.0820425605259708,-.0286728470407653,-.0683292950463067,-.0532700597112815,.150272201798354,0,0,0,0,0,0,0,0,0,0,1,-.0196044674453836,.0769514618915579,.0286715466761217
2505218,Christian,18,2,White or Caucasian,3,1,bad,-1,.0833333333333333,0,.0142699539050644,-.19865446279154,-.134041028441924,-.0798993857106943,-.308489589533977,.273084243478752,-.106141845776133,.183879363993662,-.134219643049912,.0564821248323829,0,0,0,0,0,0,0,0,0,0,1,-.0142699539050644,.134041028441924,.19865446279154
2505307,Christian,20,2,White or Caucasian,2,1,bad,-1,.15625,.00520833333333333,-.493300401894456,.119325216382442,.215242756088667,-.0957638084708537,-.164446590866996,.0926020921057396,-.0529108098077824,.0230135613980503,.0776966675188689,-.0477994191091368,2,0,1,0,0,0,1,0,-.666666666666667,-.333333333333333,1,.493300401894456,-.215242756088667,-.119325216382442
2505411,None,19,2,South Asian,4,1,bad,-1,.109375,0,-.0804844546283893,.609420796765129,-.124499789497071,1.08349569325916,-.243853169679517,.20669800750662,.134812184213223,-.495406160839222,.306708992736009,.0538849838899895,0,0,0,-2,0,1,0,.666666666666667,.333333333333333,-1,1,.0804844546283893,.124499789497071,-.609420796765129
2505417,None,21,2,East Asian,4,1,bad,-1,.213541666666667,0,-.0840246045158534,-.784982482240587,-1.04200853415242,.623359297275738,.19041316399368,-.516105965768397,-.637005206969622,-.118160926934516,.29926568859509,.455900445309047,0,0,0,0,0,0,0,0,0,0,1,.0840246045158534,1.04200853415242,.784982482240587
2505739,None,19,2,White or Caucasian,3,2,bad,-1,.267015706806283,.0575916230366492,.486037642036319,1.23728643890676,.0263066136077367,-.261708017963922,-.599974036508894,.204494963105527,.583210231516939,-.257027819279104,-.449239898836379,.123057486598543,0,0,0,0,0,0,0,0,0,0,1,-.486037642036319,-.0263066136077367,-1.23728643890676
2507812,None,19,2,White or Caucasian,4,2,bad,-1,.0833333333333333,0,.0849177970567223,-.678377267699584,-.323655819550653,.075880475848979,.312349655445744,-.601114500775285,-.305705096731172,.000460763691773419,.101104111412667,.204140221626731,0,0,0,0,0,0,0,0,0,0,1,-.0849177970567223,.323655819550653,.678377267699584
2507970,Christian,18,2,White or Caucasian,3,1,bad,-1,.078125,0,-.754045916653017,.419795381676107,-.0116960110673924,.059257822200827,.234696212755613,-.330979427829735,-.115315515348101,-.270010877235556,.349333317203152,.0359930753805048,1,2,2,0,1,1,1.66666666666667,-1,.333333333333333,-1,1,.754045916653017,.0116960110673924,-.419795381676107
2507972,Christian,21,2,East Asian,3,2,bad,-1,.0520833333333333,0,.154059415876154,.60189700161249,-.131779606353153,.0121783311030126,-.568614545938411,-.602095461845518,.208058937045164,-.405390264853674,-.236831876903851,.434163204712361,2,1,2,-2,-2,0,1.66666666666667,1,-1.33333333333333,-1.33333333333333,1,-.154059415876154,.131779606353153,-.60189700161249
2508010,Christian,18,2,White or Caucasian,4,1,bad,-1,.125,0,-.248168933111621,-1.0386276044513,.831535931386081,.254272140400021,-.834738018704275,-.124231210042733,-.151753535392279,.220041418002847,-.110765648397544,.0424777657869758,0,0,0,0,0,0,0,0,0,0,1,.248168933111621,-.831535931386081,1.0386276044513
2508012,None,18,2,East Asian,4,2,bad,-1,.0572916666666667,0,.981677316576218,.321321299421895,.224875141818222,-.154914624364513,.0808166776210094,.41267285293008,.509291252605445,.0820887259575661,-.351925087773241,-.239454890789771,1,1,1,0,0,0,1,-.333333333333333,-.333333333333333,-.333333333333333,1,-.981677316576218,-.224875141818222,-.321321299421895
2508100,None,18,2,Biracial,4,1,bad,-1,.15625,0,.0281663927820352,.0715799200529686,.318574014260778,.608521114479829,-.535512802391774,-.197693939828895,.139440109031927,-.292598324787231,.0149473064353399,.138210909319964,0,1,2,-2,-1,1,1,.666666666666667,0,-1.66666666666667,1,-.0281663927820352,-.318574014260778,-.0715799200529686
2508154,None,18,2,White or Caucasian,4,2,bad,-1,.244791666666667,.00520833333333333,-.56160956876456,1.11538150057305,.76786534664237,-.447514423357747,-.577883814347215,-.166778521396031,.440545759483619,-.278215199537111,-.154596222980134,-.00773433696637432,-1,0,1,-1,2,2,0,-.333333333333333,1.66666666666667,-1.33333333333333,1,.56160956876456,-.76786534664237,-1.11538150057305
2508156,Christian,19,1,Biracial,2,2,bad,-1,.421875,.125,.466173565304174,1.12145545581911,.544921669606491,.484984987997486,-.542119987337385,-1.00149825322118,.710850230243258,-.869312899012591,-.174436188214691,.332898856984024,1,0,0,1,0,0,.333333333333333,-.333333333333333,-.333333333333333,.333333333333333,0,-.466173565304174,-.544921669606491,-1.12145545581911
2508211,Hindu,18,2,South Asian,2,1,bad,-1,.161458333333333,0,-.626796068929852,.0700080535721454,-.917480865233843,-.131756056015997,.415994615361329,-.158002140773635,-.491422960197183,-.0320847127765944,.303678209425061,.219829463548716,0,-1,0,-1,-1,0,-.333333333333333,1,-.333333333333333,-.333333333333333,1,.626796068929852,.917480865233843,-.0700080535721454
2508214,Christian,19,2,White or Caucasian,2,1,bad,-1,.151041666666667,0,.182575986469084,.530012667804433,.543363507748454,-.38355227431786,-.478247725486032,.0313601391789907,.41865072067399,-.0383667514358608,-.348125328757659,-.0321586404804709,1,1,2,0,0,0,1.33333333333333,-.333333333333333,-.333333333333333,-.666666666666667,1,-.182575986469084,-.543363507748454,-.530012667804433
2508288,None,18,2,South Asian,4,1,bad,-1,.0833333333333333,0,.430034894287026,-.41566680880833,.304877765637088,-.110531275152269,.0939835440369858,-.845120808176679,.106415283705261,-.106307574738693,-.148860875134103,.148753166167535,0,-2,-1,-2,-3,-2,-1,2.33333333333333,-1.66666666666667,.333333333333333,1,-.430034894287026,-.304877765637088,.41566680880833
2508300,None,19,2,East Asian,4,1,bad,-1,.114583333333333,.00520833333333333,-.412963180677631,-.245798556599263,.092152977130126,-.0885002615624394,.660375150535933,-.385762322868457,-.188869586715589,-.0171545015689182,.328279356550375,-.122255268265867,0,0,0,0,0,0,0,0,0,0,1,.412963180677631,-.092152977130126,.245798556599263
2508350,Christian,18,2,White or Caucasian,2,1,bad,-1,.0520833333333333,0,.87659078717112,.380690846254643,.204124351169875,-.079660915169749,-.90109251763477,.248145103696966,.487135328198546,-.0176282757959761,-.61911473999188,.14960768758931,0,0,0,0,0,0,0,0,0,0,1,-.87659078717112,-.204124351169875,-.380690846254643
2509562,None,18,.,Other or Unknown,4,2,bad,-1,.0520833333333333,0,.240285239681216,-.140981438244172,1.16517883909381,.302403885356337,-.346877106557391,.899041443061973,.421494213510284,.245872998649936,-.0949194869607567,-.572447725199463,1,1,1,0,0,1,1,-.333333333333333,0,-.666666666666667,1,-.240285239681216,-1.16517883909381,.140981438244172
2509690,Christian,19,2,White or Caucasian,3,2,bad,-1,.0471204188481675,0,.262443269318948,-.223759674132535,-.0440823463821537,-.397291750566335,-.535365908338826,-.363033664996287,-.00179958373191375,.0860059199008611,-.398366976074703,.314160639905756,0,0,0,0,0,0,0,0,0,0,1,-.262443269318948,.0440823463821537,.223759674132535
2509706,Christian,20,2,White or Caucasian,2,2,bad,-1,.0364583333333333,0,.379529984074778,-.442620317391536,.386434607740677,-.0376169522506318,-.000457844700371923,.256189821895642,.107781424807973,.24547569717927,-.139201593675261,-.214055528311982,1,1,1,0,1,1,1,-.666666666666667,.333333333333333,-.666666666666667,1,-.379529984074778,-.386434607740677,.442620317391536
2509714,Jewish,18,2,White or Caucasian,2,1,bad,-1,.0572916666666667,0,.338652505300656,-.767428294272867,-.0779256366136973,.0692555602935278,.935804585671525,-.0932695390058739,-.168900475195303,.201634398324488,.222135880221466,-.254869803350651,-1,0,1,0,2,2,0,-.666666666666667,1.66666666666667,-1,1,-.338652505300656,.0779256366136973,.767428294272867
2509729,None,19,3,South Asian,3,1,bad,-1,.135416666666667,0,-.0231877575681262,.529312222038842,.719998693716877,-.160568709052018,.0486011731322779,.308934690289623,.408707719395864,-.0199362742324005,-.0295932594505378,-.359178185712926,1,0,1,0,0,0,.666666666666667,0,-.333333333333333,-.333333333333333,1,.0231877575681262,-.719998693716877,-.529312222038842
2509752,Jewish,18,2,White or Caucasian,3,1,bad,-1,.307291666666667,.0416666666666667,-.420514116311528,.0554188245667458,.316880950477667,-.677413107407101,-.90060168852765,.69659193890327,-.0160714470890383,.439528740581208,-.385833559874407,-.0376237336177626,-1,0,0,0,1,1,-.333333333333333,-.333333333333333,1,-.333333333333333,1,.420514116311528,-.316880950477667,-.0554188245667458
2509766,Jewish,18,2,White or Caucasian,2,1,bad,-1,.0625,.00520833333333333,-.231118340154724,.0483638778579872,-.567642707523447,-.111869952096165,1.05075015810242,-.749234649330589,-.250132389940061,-.22857619169747,.389999515386993,.0887090662505392,0,2,2,0,2,2,1.33333333333333,-1.33333333333333,1.33333333333333,-1.33333333333333,1,.231118340154724,.567642707523447,-.0483638778579872
2509860,Christian,20,2,East Asian,4,1,bad,-1,.09375,0,.651899663492405,.472061663815847,-.106172792267025,.325818352322165,-.406771504436573,.335866332657516,.339262845013742,-.154004561160165,-.244284271868938,.0590259880153607,0,1,1,0,0,0,.666666666666667,-.333333333333333,0,-.333333333333333,1,-.651899663492405,.106172792267025,-.472061663815847
2509873,Jewish,18,3,White or Caucasian,4,2,bad,-1,.239583333333333,.00520833333333333,-.301620851244773,.320050965058749,-.0950809142294353,-.41990614214404,1.09074997601874,-.0152736300942485,-.0255502668051529,.0281938489970141,.324154895039823,-.326798477231684,-1,0,0,0,1,2,-.333333333333333,-.333333333333333,1.33333333333333,-.666666666666667,1,.301620851244773,.0950809142294353,-.320050965058749
2513045,None,18,1,White or Caucasian,4,2,bad,-1,.0677083333333333,0,.385467539841026,-.0253901632737374,.296907661012356,.366088602515443,.0492170012035872,.426336574170768,.218995012526548,.0285460449763543,.00994602129266816,-.257487078795571,0,0,1,-1,0,1,.333333333333333,.333333333333333,.333333333333333,-1,1,-.385467539841026,-.296907661012356,.0253901632737374
2513080,Christian,18,2,White or Caucasian,3,1,bad,-1,.291666666666667,.0416666666666667,.205860552992936,-.0231103300848294,.546027545280755,.201674746278322,.228268086327745,-.730026794100099,.242925922729621,-.30286373676453,.0746940932043769,-.0147562791694671,0,0,0,0,0,0,0,0,0,0,1,-.205860552992936,-.546027545280755,.0231103300848294
2513122,Christian,18,2,White or Caucasian,1,1,bad,-1,.208333333333333,.0208333333333333,.145134414887659,.482787559969171,-.534377923993085,.605989514794313,.0880729268086853,-.362693915233115,.031181350287915,-.4838236633322,.182976008905113,.269666304139171,0,0,0,0,0,0,0,0,0,0,1,-.145134414887659,.534377923993085,-.482787559969171
2513123,Jewish,19,1,Other or Unknown,2,1,bad,-1,.03125,0,-.281991751629845,-.246676867362044,.185938833483451,-.278024997969338,-.400931629478771,.828148042247953,-.114243261836146,.450949969193112,-.132321625272755,-.204385082084211,-2,0,1,-1,2,2,-.333333333333333,-.333333333333333,2,-1.33333333333333,1,.281991751629845,-.185938833483451,.246676867362044
2513341,Christian,19,2,White or Caucasian,4,2,bad,-1,.0729166666666667,0,-.0907660104751983,1.01871389777749,1.13341903355534,.715977628459983,.0718786665643114,.0865009439189852,.687122306952543,-.54939686077283,.292874101833164,-.430599548012877,3,2,3,-1,0,2,2.66666666666667,-.333333333333333,-.333333333333333,-2,1,.0907660104751983,-1.13341903355534,-1.01871389777749
2515244,Christian,18,2,East Asian,2,1,bad,-1,.255208333333333,.0104166666666667,.00173835324077936,-.291710246105949,.257290192636497,-.124019510737837,.518132954996218,.589636343029803,-.0108939000762241,.335122033291196,.130791697005867,-.455019830220839,1,1,1,0,0,0,1,-.333333333333333,-.333333333333333,-.333333333333333,1,-.00173835324077936,-.257290192636497,.291710246105949
2515318,Christian,18,1,Other or Unknown,3,1,bad,-1,.0520833333333333,0,-.537593568876842,-.565311821117256,.439977076224945,.458760760204403,.218515291282751,-.302145027185643,-.220976104589718,-.0651979887575966,.404956540121332,-.118782446774018,0,0,0,0,0,0,0,0,0,0,1,.537593568876842,-.439977076224945,.565311821117256
2515453,None,19,2,East Asian,3,1,bad,-1,.162303664921466,.00523560209424084,-.0304422018394215,.549212543090906,.540996729212701,1.08609760365576,.983499894742068,-.011817500676853,.353255690154729,-.549042549141174,.700013233412418,-.504226374425972,2,2,3,0,-1,1,2.33333333333333,-.333333333333333,-.666666666666667,-1.33333333333333,1,.0304422018394215,-.540996729212701,-.549212543090906
2515495,Christian,18,2,White or Caucasian,3,1,bad,-1,.208333333333333,0,.317088552053576,.678998524286989,-.0280634664228357,-.210348775841828,.0372760711706304,-.587205914795761,.322674536639243,-.351951887746974,-.163387085574925,.192664436682655,0,2,2,0,0,1,1.33333333333333,-.666666666666667,.333333333333333,-1,1,-.317088552053576,.0280634664228357,-.678998524286989
2515496,None,19,2,Other or Unknown,3,1,bad,-1,.151041666666667,0,.987520541268067,1.02762216643316,.416853028320535,1.06338221153328,-.215542608636529,-.770238798655833,.810665245340588,-.953747725540758,-.0465603127904402,.189642792990609,0,0,0,0,0,0,0,0,0,0,1,-.987520541268067,-.416853028320535,-1.02762216643316
2515558,Christian,20,2,White or Caucasian,2,2,bad,-1,.15625,0,.906512760154642,-.0969489666939051,-.614699862183497,-.146117548631023,-1.35237890258515,.502495426357043,.0649546437590798,.248520647227323,-.801669737123605,.488194446137202,3,2,2,-1,-1,-1,2.33333333333333,0,-1.66666666666667,-.666666666666667,1,-.906512760154642,.614699862183497,.0969489666939051
2515678,Christian,18,1,White or Caucasian,4,2,bad,-1,.0416666666666667,0,.211550251098994,.953531938744183,.455772630792717,-.373997864796198,1.27209694751916,-.785216214321171,.540284940211964,-.454916762756385,.228849610541321,-.314217787996901,2,2,2,1,1,1,2,-1.33333333333333,0,-.666666666666667,1,-.211550251098994,-.455772630792717,-.953531938744183
2515742,Hindu,17,2,South Asian,3,1,bad,-1,.197916666666667,.00520833333333333,.233596448834644,-.047609490703536,-.70624904663273,.214529513140608,-.216338774540316,-.700558394418334,-.173420696167207,-.289159472285135,-.0784685700781173,.54104873853046,0,-2,0,-1,-1,2,-.666666666666667,1.33333333333333,.333333333333333,-1,1,-.233596448834644,.70624904663273,.047609490703536
2517453,Christian,18,2,White or Caucasian,2,2,bad,-1,.119791666666667,.0416666666666667,.0757306561030186,.0972053764221027,.382696153799328,.0712752150336964,.4261732182471,.277338541855613,.185210728774816,.0362859834666047,.140572592392592,-.362069304634014,0,2,2,0,2,2,1.33333333333333,-1.33333333333333,1.33333333333333,-1.33333333333333,1,-.0757306561030186,-.382696153799328,-.0972053764221027
2517458,Christian,18,2,White or Caucasian,2,1,bad,-1,.135416666666667,0,.940236744953112,.948256044265008,.27741179995056,-.0395244735355519,-.264911484062906,-.812187875227691,.72196819638956,-.573639815319049,-.414890900850523,.266562519780013,0,1,2,0,1,1,1,-.666666666666667,.666666666666667,-1,1,-.940236744953112,-.27741179995056,-.948256044265008
2517502,Christian,18,2,White or Caucasian,4,1,bad,-1,.109375,0,-.178048632776497,.818893804822312,.284510995662592,.240705948760311,.141864270595125,.27495386692335,.308452055902802,-.261548628886424,.186872950710644,-.233776377727023,0,0,0,0,0,0,0,0,0,0,1,.178048632776497,-.284510995662592,-.818893804822312
2517505,Christian,18,2,White or Caucasian,2,1,bad,-1,.0729166666666667,0,.668484056187888,.150220486896444,.295895112383787,-.0774074421155596,-.176284575876828,-.643837922668313,.371533218489373,-.238883655816399,-.307392024726759,.174742462053785,2,2,2,-1,2,2,2,-1,.666666666666667,-1.66666666666667,1,-.668484056187888,-.295895112383787,-.150220486896444
2517561,Christian,19,2,White or Caucasian,2,1,bad,-1,.0729166666666667,0,-.629369102299921,-.539550409403936,.253460328384657,.361676584273412,-.464395111733926,.382583236044216,-.3051530611064,.18681902039158,.175550191613136,-.0572161508983158,0,0,0,0,0,0,0,0,0,0,1,.629369102299921,-.253460328384657,.539550409403936
2517597,None,19,2,East Asian,4,1,bad,-1,.0104166666666667,0,.14747433998089,-.00551692260780693,-.114189773329005,.174890976200575,.245837394141856,.227262427619045,.00925588134802607,.0192961246754258,.0910846767871802,-.119636682810632,0,0,0,0,0,0,0,0,0,0,1,-.14747433998089,.114189773329005,.00551692260780693
2517603,Christian,19,2,White or Caucasian,2,1,bad,-1,.15625,0,.676175481671168,.999557251136615,.553805889347479,-.305139381040283,-.507409794397507,.20760831584284,.743179540718421,-.162269851417831,-.496241552369653,-.0846681369309374,1,3,3,-3,1,3,2.33333333333333,-.333333333333333,1,-3,1,-.676175481671168,-.553805889347479,-.999557251136615
2517612,None,18,2,East Asian,4,1,bad,-1,.145833333333333,0,1.49356549659821,.713929159456514,-.206583227334495,-.888086293343828,-.18295678255059,.510897790417293,.666970476240076,.228351641434869,-.854869524164209,-.0404525935107363,0,0,0,0,0,0,0,0,0,0,1,-1.49356549659821,.206583227334495,-.713929159456514
2517642,None,19,2,White or Caucasian,3,1,bad,-1,.09375,.00520833333333333,-.216196069588146,.536951222398411,.699971405416058,.461513212165203,.0384466531869495,-.572312214082406,.340242186075441,-.52359221621534,.2387186449801,-.0553686148402002,0,2,2,0,2,2,1.33333333333333,-1.33333333333333,1.33333333333333,-1.33333333333333,1,.216196069588146,-.699971405416058,-.536951222398411
2517676,None,18,2,White or Caucasian,4,2,bad,-1,.0677083333333333,0,.182728153383527,.565769071362702,-.607582338489895,.218369246188258,-.210188045802378,-.0463094878811316,.0469716287521117,-.276815935144031,-.0581823176658824,.288026624057801,0,1,1,1,0,0,.666666666666667,-.666666666666667,0,0,1,-.182728153383527,.607582338489895,-.565769071362702
2517696,Christian,21,2,White or Caucasian,2,1,bad,-1,.119791666666667,.00520833333333333,-.385827561597785,-.565286502306952,-.200979801067478,-.53835509253257,.105169969690103,-.318237428580996,-.384031288324072,.261801388752842,-.0157858537482274,.138015753319457,0,3,3,0,3,3,2,-2,2,-2,1,.385827561597785,.200979801067478,.565286502306952
2517719,Christian,18,2,White or Caucasian,4,1,bad,-1,.114583333333333,0,.39613920080919,-.606106336279283,.277800337448858,-.37118878054718,.0883098088680091,.725092317972076,.022611067326255,.567462478266179,-.226339390829454,-.363734154762981,1,2,2,0,0,0,1.66666666666667,-.666666666666667,-.333333333333333,-.666666666666667,1,-.39613920080919,-.277800337448858,.606106336279283
2517721,None,18,2,East Asian,4,1,bad,-1,.09375,0,.366496873850234,.56310127265472,1.06152252395136,.411043800538317,-.136450394253034,.348793161613829,.663706890152104,-.208450637193069,-.0306344891883171,-.424621763770718,0,0,0,0,0,0,0,0,0,0,1,-.366496873850234,-1.06152252395136,-.56310127265472
2519750,Christian,21,2,East Asian,4,2,bad,-1,.0625,0,-.147337866952498,.748076942232032,.327359281139424,.51242925494263,.121804520004986,-.00523164483771835,.309366118806319,-.421912614004127,.260523880633371,-.147977385435564,2,2,2,0,0,0,2,-.666666666666667,-.666666666666667,-.666666666666667,1,.147337866952498,-.327359281139424,-.748076942232032
2519804,Christian,18,2,White or Caucasian,2,1,bad,-1,.078125,.0416666666666667,-.549246235608731,.780750952140531,.804356110691294,.637784344768724,.0656299956673411,-.365088751539893,.345286942407698,-.594541349483049,.417553525348265,-.168299118272914,0,1,1,0,0,1,.666666666666667,-.333333333333333,.333333333333333,-.666666666666667,1,.549246235608731,-.804356110691294,-.780750952140531
2519825,Christian,21,2,White or Caucasian,3,1,bad,-1,.140625,0,.936022952604195,-.0418604833624404,.184567731200679,.69884307647757,-.749162018969719,-.16747902420868,.359576733480811,-.274820539107937,-.328780631698781,.244024437325907,1,1,1,0,1,0,1,-.666666666666667,0,-.333333333333333,1,-.936022952604195,-.184567731200679,.0418604833624404
2519892,Christian,18,1,South Asian,2,1,bad,-1,.192708333333333,.00520833333333333,-.790484128672434,.0715806051387431,.21778057036036,.0890106470387428,-.189399949935926,.27495043878018,-.16704098439111,.0381197288675645,.23003160859175,-.101110353068204,0,1,1,0,1,1,.666666666666667,-.666666666666667,.666666666666667,-.666666666666667,1,.790484128672434,-.21778057036036,-.0715806051387431
2519983,Christian,18,2,White or Caucasian,3,1,bad,-1,.104712041884817,0,.17840936830913,.146011693762833,.375646240946104,.0830770858160956,-.112835431486853,-.225568204224085,.233355767672689,-.151552327934338,-.069389237993296,-.0124142017450552,0,0,0,0,0,0,0,0,0,0,1,-.17840936830913,-.375646240946104,-.146011693762833
2520029,Christian,18,2,White or Caucasian,3,1,bad,-1,.125,0,.980499065367087,-.764734969377535,.34943634279583,.554268249102334,.270977609951004,.16668330972544,.188400146261794,.125716676666881,-.0517510687712499,-.262365754157425,0,1,1,0,1,1,.666666666666667,-.666666666666667,.666666666666667,-.666666666666667,1,-.980499065367087,-.34943634279583,.764734969377535
2520048,Christian,18,2,White or Caucasian,1,1,bad,-1,.078125,0,.390118001904703,-.197095951368915,.449712445657609,.723871482131887,-.149778741234822,-.276440477944086,.214244832064465,-.267738669569019,.061324912997454,-.00783107549290039,0,0,0,0,0,0,0,0,0,0,1,-.390118001904703,-.449712445657609,.197095951368915
2520268,Muslim,22,2,South Asian,3,2,bad,-1,.197916666666667,.0104166666666667,-.0974730081379159,-.800719913635791,.18615985973131,.135152502162063,-.0545979429625639,.261831504218643,-.237344354014132,.309132971897457,.059342522445805,-.13113114032913,1,0,0,2,1,0,.333333333333333,-1,0,.666666666666667,1,.0974730081379159,-.18615985973131,.800719913635791
2521622,Other,18,2,South Asian,3,2,bad,-1,.21875,.00520833333333333,-.418604270192432,.18312505286153,.414814199034616,-.621578020314126,-.186253488391302,.699928265258339,.059778327234571,.379460410903645,-.129742412837665,-.309496325300551,0,0,0,0,0,0,0,0,0,0,1,.418604270192432,-.414814199034616,-.18312505286153
2521703,None,19,2,South Asian,3,1,bad,-1,.046875,.00520833333333333,-.139927487877104,.309813963622554,.434442048081251,.355417685824313,-.290357291034272,-.396085030119585,.201442841275567,-.353772226522151,.0683292942223818,.0840000910242017,0,-2,0,-2,0,1,-.666666666666667,1.33333333333333,.333333333333333,-1,1,.139927487877104,-.434442048081251,-.309813963622554
2521751,Christian,18,2,White or Caucasian,2,2,bad,-1,.130208333333333,.0104166666666667,.768331954813268,.0136421579001248,.342340202688346,-.021651029180113,-.751287020392297,.11019429738384,.374771438467246,.0394010562212762,-.513756668128559,.0995841734400371,2,3,3,0,2,3,2.66666666666667,-1.66666666666667,1,-2,1,-.768331954813268,-.342340202688346,-.0136421579001248
2521766,None,18,2,East Asian,3,1,bad,-1,.125,0,-.0361786689760973,1.00246764569322,1.14599782389617,-.112396563960926,-.0209430869442044,-.456977940512499,.704095600204431,-.449016340748265,-.0323869939763444,-.222692265479821,1,1,1,0,0,1,1,-.333333333333333,0,-.666666666666667,1,.0361786689760973,-1.14599782389617,-1.00246764569322
2521792,Christian,19,2,Biracial,3,1,bad,-1,.135416666666667,0,.111840810442518,-.244628194565979,-.525947121235827,-.387576339365912,.301384650785032,-.0675316554734338,-.219578168453096,.188224292819485,-.0660108330077992,.0973647086414095,0,1,1,0,0,0,.666666666666667,-.333333333333333,0,-.333333333333333,1,-.111840810442518,.525947121235827,.244628194565979
2556317,None,18,2,White or Caucasian,4,1,bad,-1,.208333333333333,.0208333333333333,.314824193386949,.8121265809642,.519493460137629,-.148995434722493,-.175791836730369,.0991706531780343,.548814744829593,-.187986831021224,-.213203821613271,-.147624092195098,2,2,2,0,0,0,2,-.666666666666667,-.666666666666667,-.666666666666667,1,-.314824193386949,-.519493460137629,-.8121265809642
2556325,Christian,19,2,White or Caucasian,3,2,bad,-1,.0833333333333333,0,.830198782457881,.548321897354787,.662676978295647,.5444208824481,.477811526900778,-.320998420907377,.680399219369438,-.471247066903421,.0640112089636656,-.273163361429683,0,0,0,0,0,0,0,0,0,0,1,-.830198782457881,-.662676978295647,-.548321897354787
2556372,Christian,18,2,Black or African,2,2,bad,-1,.09375,.00520833333333333,.0220153962347036,.567810967064242,-.107347907207066,.413210861140319,.025576926446206,.613985742834499,.160826152030627,-.122345361790021,.138924130450607,-.177404920691213,0,0,0,0,0,0,0,0,0,0,1,-.0220153962347036,.107347907207066,-.567810967064242
2556380,None,18,2,East Asian,4,2,bad,-1,.166666666666667,0,-.116581592600473,1.08641690120298,.881040782474615,.135587473580706,-.297869228463456,.731867084133968,.616958697025708,-.16337909688324,-.0152333874274255,-.438346212715042,-1,-1,-1,0,0,0,-1,.333333333333333,.333333333333333,.333333333333333,1,.116581592600473,-.881040782474615,-1.08641690120298
2556381,Christian,18,2,White or Caucasian,4,1,bad,-1,.046875,0,.450012802142595,.527137008265804,.302045771896765,.229639092299978,.303166642181578,.810738535449879,.426398527435055,.017987478294699,.0275976441129871,-.471983649842741,0,0,0,0,0,0,0,0,0,0,1,-.450012802142595,-.302045771896765,-.527137008265804
2556433,None,18,2,East Asian,4,2,bad,-1,.0625,0,-.339716826165268,.253515089966293,.391622873595624,-.134929939756604,.0298938076294458,-.0779136813366414,.101807045798883,-.0654996105154433,.0782268980127031,-.114534333296143,1,1,1,0,0,0,1,-.333333333333333,-.333333333333333,-.333333333333333,1,.339716826165268,-.391622873595624,-.253515089966293
2557582,Christian,19,2,White or Caucasian,2,2,bad,-1,.03125,0,-.396168083312728,.675738639513297,1.33510498953991,-.136096877238325,.265552929550676,-.374915121186251,.538225181913495,-.304852294487074,.17520804520836,-.40858093263478,1,1,1,0,0,0,1,-.333333333333333,-.333333333333333,-.333333333333333,1,.396168083312728,-1.33510498953991,-.675738639513297
2557583,Christian,18,2,White or Caucasian,3,1,bad,-1,.1875,0,-.621395866470113,.658774025463506,.307103828035541,-.100937030950084,-.125273404624232,-.546271579918629,.114827329009645,-.36803619147735,.131728476965266,.12148038550244,0,1,1,0,0,0,.666666666666667,-.333333333333333,0,-.333333333333333,1,.621395866470113,-.307103828035541,-.658774025463506
2557635,None,20,2,White or Caucasian,4,2,bad,-1,.046875,0,.46197286845154,-.259159905121829,.32114548193432,.0805516685608405,-.531958782645413,-1.20021811075498,.174652815088011,-.340536624731331,-.304459994178704,.470343803822025,0,1,1,-1,1,1,.666666666666667,-.333333333333333,.666666666666667,-1,1,-.46197286845154,-.32114548193432,.259159905121829
2557906,Hindu,18,.,.,2,2,bad,-1,.140625,0,.519770672803923,-.0726746095819441,-.215382832841237,-.261458901578325,-.286937733205728,-.674045754389552,.0772377434602474,-.113304081076427,-.356055769195992,.392122106812172,0,-2,0,-2,-2,0,-.666666666666667,2,-.666666666666667,-.666666666666667,1,-.519770672803923,.215382832841237,.0726746095819441
2558060,None,20,2,White or Caucasian,4,2,bad,-1,.0729166666666667,0,.999335133279552,.545960740759805,-.327504531793245,-.339863534180641,.344007018264154,-.208101800848279,.405930447415371,-.138066335809148,-.331730549732013,.0638664381257898,2,3,3,0,2,1,2.66666666666667,-1.66666666666667,.333333333333333,-1.33333333333333,1,-.999335133279552,.327504531793245,-.545960740759805
2558069,None,18,2,White or Caucasian,4,1,bad,-1,.130208333333333,0,-.389108733470929,.552560114254871,.661427405918711,-.636039389001373,.103325916978418,-.12503171631831,.274959595567551,-.0138508138572693,-.0478682461840087,-.213240535526273,2,2,2,0,0,0,2,-.666666666666667,-.666666666666667,-.666666666666667,1,.389108733470929,-.661427405918711,-.552560114254871
2558457,Christian,18,2,White or Caucasian,4,1,bad,-1,.145833333333333,.0677083333333333,.290828225976533,-.642060351085566,.499854976775926,-.461128638173747,.210285842919997,-.19093378266687,.049540950555631,.304085068864148,-.180557007076761,-.173069012343018,0,0,0,0,0,0,0,0,0,0,1,-.290828225976533,-.499854976775926,.642060351085566
2558554,Christian,19,2,White or Caucasian,2,2,bad,-1,.0364583333333333,0,.763268209813193,-.0114999072899419,.265989831911204,-.283471413427083,-.194292796322712,-.582722577719666,.339252711478152,-.0959170856675468,-.413677473187663,.170341847377058,0,0,0,0,0,0,0,0,0,0,1,-.763268209813193,-.265989831911204,.0114999072899419
2558555,Christian,19,2,White or Caucasian,2,2,bad,-1,.171875,0,.554558838232345,.708312742324142,-.137768122534028,-.408225650957844,.26606008346635,-.275176886948063,.375034486007486,-.19175465943812,-.232241468574613,.048961642005247,0,0,0,0,0,0,0,0,0,0,1,-.554558838232345,.137768122534028,-.708312742324142
2560397,Christian,18,2,South Asian,3,1,bad,-1,.0729166666666667,.00520833333333333,.557601971050936,1.38275010623317,1.22904782067107,.841249560041949,-.84552350939344,-.826848024395611,1.05646663265173,-1.01694923022357,-.187291973467476,.147774571039325,0,2,3,0,0,2,1.66666666666667,-.666666666666667,.666666666666667,-1.66666666666667,1,-.557601971050936,-1.22904782067107,-1.38275010623317
2560404,Hindu,17,2,South Asian,3,2,bad,-1,.0885416666666667,0,-.415511236958315,1.08600419716668,.0865734087586295,.0703907094653067,.420938284848442,-.187273549628673,.252355456322332,-.447889485420221,.302280077090688,-.106746047992799,0,0,0,0,0,0,0,0,0,0,1,.415511236958315,-.0865734087586295,-1.08600419716668
2560513,Christian,18,2,East Asian,4,2,bad,-1,.239583333333333,.161458333333333,.747446622281303,-.154338827379484,.360561067008304,.275882103786629,.356348927832329,.397899239141313,.317889620636708,.0921186542447228,-.0384051968874484,-.371603077993982,1,1,1,0,0,0,1,-.333333333333333,-.333333333333333,-.333333333333333,0,-.747446622281303,-.360561067008304,.154338827379484
2560521,None,18,2,East Asian,3,2,bad,-1,.09375,0,.164259430942743,.681425348444006,-.331904691439273,.611811893365692,-.0343812930812264,-.050094212981282,.171260029315826,-.447777151596994,.137723723113907,.13879339916726,0,1,1,0,0,0,.666666666666667,-.333333333333333,0,-.333333333333333,1,-.164259430942743,.331904691439273,-.681425348444006
2560524,None,18,2,White or Caucasian,4,1,bad,-1,.0989583333333333,.00520833333333333,.46661733578324,1.30516134548518,.240496843348051,.0300340180144906,-.0883142752334133,-.44256133690801,.670758508205491,-.592585566802561,-.174965864334054,.0967929229311241,0,0,0,0,0,0,0,0,0,0,1,-.46661733578324,-.240496843348051,-1.30516134548518
2561062,Christian,22,2,White or Caucasian,4,1,bad,-1,.135416666666667,0,.0139717148883751,.190165236166245,-.480668101701294,.100770440022126,-.40925340091751,-.651208882010057,-.092177050215558,-.314048186066143,-.10748489192792,.51371012820962,0,0,0,0,0,0,0,0,0,0,1,-.0139717148883751,.480668101701294,-.190165236166245
2561272,Christian,19,2,Black or African,3,1,bad,-1,.21875,0,.00274180132225208,.00466842071335976,.0168114870699312,-.200140504413997,-.0227632526008663,.0736544497052273,.008073903035181,.0897088444686216,-.0752151861123719,-.0225675613914307,0,0,0,0,0,0,0,0,0,0,1,-.00274180132225208,-.0168114870699312,-.00466842071335976
2561274,Christian,19,2,White or Caucasian,4,1,bad,-1,.171875,0,.547347864760822,-.0786910359839226,.116132781325276,.536661962645906,-.562966676489875,.330521064557127,.194929870034059,-.0424832873682853,-.191217526201597,.0387709435358239,0,0,0,0,0,0,0,0,0,0,1,-.547347864760822,-.116132781325276,.0786910359839226
2561369,None,19,2,East Asian,4,2,bad,-1,.0520833333333333,0,-.785588654366006,.375935711724667,.0376427102481322,.986243737470985,.600018829106678,.686052899185982,-.124003410797736,-.22537551666989,.79061707364789,-.441238146180264,0,0,0,0,0,0,0,0,0,0,1,.785588654366006,-.0376427102481322,-.375935711724667
2561383,Christian,19,2,White or Caucasian,4,2,bad,-1,.119791666666667,0,.571295625574124,.106753461550185,.394890051489315,-.293673910424042,-.907861273168359,.830322099537691,.357646379537875,.339080849470516,-.590943603055508,-.105783625952882,0,0,0,0,0,0,0,0,0,0,1,-.571295625574124,-.394890051489315,-.106753461550185
2561485,Christian,18,2,White or Caucasian,1,1,bad,-1,.130208333333333,.00520833333333333,.374093433013389,.457094841153095,-.0203238877253185,.852115759241302,-.183979883582667,-.316114505941876,.270288128813722,-.541775035445424,.0980141475484152,.173472759083287,0,0,1,0,0,0,.333333333333333,0,0,-.333333333333333,1,-.374093433013389,.0203238877253185,-.457094841153095
2563417,Christian,19,2,White or Caucasian,2,1,bad,-1,.0520833333333333,0,.0876917428754587,.375472075186746,-.647987686035288,.188698895813539,.630257996665615,-.0830657086127858,-.0616079559910276,-.215745559871024,.243755049867898,.0335984659941528,0,0,0,0,1,1,0,-.333333333333333,.666666666666667,-.333333333333333,1,-.0876917428754587,.647987686035288,-.375472075186746
2563422,Christian,22,2,White or Caucasian,2,2,bad,-1,.0833333333333333,0,-.857363878668541,-.4529068257976,-.0327333532423029,-.395885114647832,-.622249581943841,-.124821513619342,-.447668019236148,.241323475608697,-.0535902726410442,.259934816268495,0,0,0,-1,0,0,0,.333333333333333,0,-.333333333333333,1,.857363878668541,.0327333532423029,.4529068257976
2563423,Christian,18,2,East Asian,1,1,bad,-1,.223958333333333,.015625,.474337610641365,-.260210746461245,-.116206279778386,-.352702263016662,.57899627681137,.103080165994403,.032640194800578,.238664391824103,-.0826811989488854,-.188623387675796,0,2,2,0,1,-1,1.33333333333333,-1,0,-.333333333333333,1,-.474337610641365,.116206279778386,.260210746461245
2563498,None,18,1,Biracial,4,2,bad,-1,.145833333333333,0,.0844352794006093,-.0413985681893612,.265138541513065,.0830386054053476,.00411155831395007,.0232386972558585,.102725084241438,-.00613377998670929,.000904961439562776,-.0974962656942912,0,1,1,0,1,0,.666666666666667,-.666666666666667,.333333333333333,-.333333333333333,1,-.0844352794006093,-.265138541513065,.0413985681893612
2563501,Christian,19,2,Biracial,2,1,bad,-1,.12565445026178,0,.753698498707636,.456314995427376,-.50354159056663,-.558469842189558,-.224274992041348,.828774313184021,.235490634522794,.310309719982068,-.512147777646181,-.0336525768586812,0,0,0,0,0,0,0,0,0,0,1,-.753698498707636,.50354159056663,-.456314995427376
2563508,None,20,2,White or Caucasian,4,1,bad,-1,.114583333333333,0,-.730953230355099,.607634781547462,.0734098277145767,.375323882575344,-.38007307102822,-1.0995740950329,-.0166362070310199,-.694177586385236,.242068013967408,.468745779448848,-3,0,3,-3,2,3,0,.333333333333333,2.66666666666667,-3,1,.730953230355099,-.0734098277145767,-.607634781547462
2563601,Christian,19,2,White or Caucasian,2,1,bad,-1,.0729166666666667,0,-.105360291483846,.315241239905389,.132352888602012,-.0667975581001277,.66489485133169,.129557530407539,.114077945674519,-.0396287171325743,.234485861571803,-.308935090113747,0,0,0,0,0,0,0,0,0,0,1,.105360291483846,-.132352888602012,-.315241239905389
2563663,Christian,19,2,White or Caucasian,3,1,bad,-1,.140625,0,.263414087849692,.905626654489542,.13693762527808,-.086202772099712,-.181657345087758,.0974466103609622,.435326122539105,-.240659090676289,-.177091401679054,-.0175756301837612,0,0,0,0,0,0,0,0,0,0,1,-.263414087849692,-.13693762527808,-.905626654489542
2564343,Jewish,19,2,White or Caucasian,3,2,bad,-1,.322916666666667,.0625,-1.33329807311683,-.105307098597469,-.72089339570283,.840006080303404,-.554227685357523,-1.0581731235361,-.71983285580571,-.597624035080679,.539692156020905,.777764734865484,-2,1,2,-1,1,3,.333333333333333,-.333333333333333,2,-2,1,1.33329807311683,.72089339570283,.105307098597469
2564344,Christian,19,2,Black or African,4,1,bad,-1,.0729166666666667,0,.949046086742384,1.08290799207701,.318445750205689,-.842259256537495,.115113582671799,.157450105350092,.783466609675028,-.0277328767298081,-.55873058686936,-.19700314607586,0,0,0,0,0,0,0,0,0,0,1,-.949046086742384,-.318445750205689,-1.08290799207701
2564391,None,19,2,White or Caucasian,3,1,bad,-1,.223958333333333,.0104166666666667,.84078787882163,.963914864382849,.490144070756284,.123250389116341,.0472894134109224,-.488758569714058,.764948937986921,-.525307941071082,-.223416025431455,-.0162249714843831,0,1,1,0,1,1,.666666666666667,-.666666666666667,.666666666666667,-.666666666666667,1,-.84078787882163,-.490144070756284,-.963914864382849
2573567,Christian,20,2,East Asian,2,1,bad,-1,.197916666666667,.0364583333333333,.117671230666104,.896199525270064,.336173852570983,.127237956771575,-.154357103710903,.851024814959998,.450014869502384,-.0574708890272139,-.0482634592018104,-.344280521273359,0,0,0,0,0,0,0,0,0,0,1,-.117671230666104,-.336173852570983,-.896199525270064
2573588,Jewish,18,2,White or Caucasian,3,1,bad,-1,.0989583333333333,0,-.150551150091852,-.0633922349835685,.407940432458313,.255887944031409,.557052757510416,-.564058556808095,.0646656824609639,-.252184755285312,.321163950544559,-.133644877720211,0,0,0,0,0,0,0,0,0,0,1,.150551150091852,-.407940432458313,.0633922349835685
2573589,Muslim,19,2,Black or African,1,1,bad,-1,.114583333333333,.0104166666666667,.830305039316874,.672834684454913,.307016782876085,.39977906959109,-.0656416425303561,-.744466388192185,.603385502215957,-.605693380746063,-.16538920408538,.167697082615485,1,1,1,0,0,0,1,-.333333333333333,-.333333333333333,-.333333333333333,1,-.830305039316874,-.307016782876085,-.672834684454913
2573699,Christian,18,2,Black or African,3,1,bad,-1,.0729166666666667,0,-.244668412125716,.867763796874116,-.253889716342946,-.0405920769150069,-.39560490641929,-.251979369701026,.123068556135151,-.359717029886712,-.0638428570695268,.300491330821087,2,0,2,-1,1,1,1.33333333333333,0,0,-1.33333333333333,1,.244668412125716,.253889716342946,-.867763796874116
2573807,Christian,19,1,White or Caucasian,2,1,bad,-1,.25,.00520833333333333,-.297735702339936,.496447500549646,.433890176192001,-.737819289757609,-.491677215552515,.424234557582642,.21086732480057,.221868782263535,-.310586934323396,-.122149172740709,0,0,0,0,0,0,0,0,0,0,1,.297735702339936,-.433890176192001,-.496447500549646
2574002,Christian,21,2,White or Caucasian,4,1,bad,-1,.140625,0,-.29175957516388,.377192035091724,-.320245246703208,-.439338589656941,-.0642331160210057,-.426682146545362,-.0782709289251214,-.121511863993382,-.0706040435046891,.270386836423192,1,1,1,0,0,1,1,-.333333333333333,0,-.666666666666667,1,.29175957516388,.320245246703208,-.377192035091724
2574010,Christian,18,2,East Asian,2,1,bad,-1,.0729166666666667,.00523560209424084,-.0429187423974224,-.388338175368498,.192887779690829,-.341327637024979,.335593985105538,.808032025878397,-.0794563793583637,.512565946090625,.012395030159327,-.445504596891588,0,0,0,0,0,0,0,0,0,0,1,.0429187423974224,-.192887779690829,.388338175368498
2574039,Christian,18,2,White or Caucasian,3,2,bad,-1,.151041666666667,0,.217358344839997,.352035635373104,.951818083457729,.0911943876760382,.0611055116426254,-.792747295202244,.507070687890277,-.411992439417129,-.0216861485071111,-.0733920999660368,1,1,2,0,0,1,1.33333333333333,-.333333333333333,0,-1,1,-.217358344839997,-.951818083457729,-.352035635373104
2574060,None,18,2,White or Caucasian,4,1,bad,-1,.0260416666666667,0,.442904677091719,.685635261894382,-.286231682207244,.392006347926845,.205538769789088,.288923855773624,.280769418926286,-.262905918015868,.0515468135414048,-.0694103144518226,0,0,0,0,0,0,0,0,0,0,1,-.442904677091719,.286231682207244,-.685635261894382
2574061,Muslim,18,2,South Asian,4,1,bad,-1,.0885416666666667,0,.527107299735925,-.400246072380177,-.787531615620704,-.487725280530759,-.444137028529102,.021686521137755,-.220223462754985,.303219291349564,-.486323202931929,.40332737433735,0,0,0,0,0,0,0,0,0,0,1,-.527107299735925,.787531615620704,.400246072380177
2574091,Buddhist,18,2,East Asian,3,1,bad,-1,.151041666666667,.015625,.00574387147285371,.267553059456322,-.937287711478138,-.0783525831005135,.894002233155726,-.229344155106998,-.221330260182987,-.139514877154269,.269968592860786,.0908765444764701,0,0,0,0,0,0,0,0,0,0,1,-.00574387147285371,.937287711478138,-.267553059456322
2574114,Christian,19,2,White or Caucasian,3,2,bad,-1,.0833333333333333,0,.840962892439989,.661117198036795,1.03855621269589,.651893735845954,.679583114779041,-.134059254228368,.846878767724224,-.482356729370372,.163504652728335,-.528026691082187,0,0,0,0,0,0,0,0,0,0,1,-.840962892439989,-1.03855621269589,-.661117198036795
2574196,Hindu,18,2,South Asian,2,1,bad,-1,.09375,0,-.234437973943126,-.0902978157567752,.509925726757516,.453993002706164,-.404283487708568,-.311280975923832,.061729979019205,-.224992054291074,.0947158296469072,.0685462456249614,0,-2,0,-2,-2,0,-.666666666666667,2,-.666666666666667,-.666666666666667,1,.234437973943126,-.509925726757516,.0902978157567752
2574278,None,18,1,White or Caucasian,4,1,bad,-1,.0625,0,.0797585187343885,.230179696630301,-.107066213041857,-1.20679785703541,-.660626046951828,.429358468205923,.0676240007742776,.468658876203677,-.649060807573875,.11277793059592,0,1,1,0,1,1,.666666666666667,-.666666666666667,.666666666666667,-.666666666666667,1,-.0797585187343885,.107066213041857,-.230179696630301
2574946,Muslim,20,2,Other or Unknown,3,1,bad,-1,.0885416666666667,0,.56576424301996,-.749688231731708,.438750667341569,-.882788296907205,.0794624463666658,.336471014523442,.0849422262099406,.656315847720785,-.456363364520167,-.284894709410559,0,0,0,0,0,0,0,0,0,0,1,-.56576424301996,-.438750667341569,.749688231731708
2574959,Christian,20,2,Biracial,2,1,bad,-1,.0729166666666667,0,.205865722246662,.851974657076143,.786205628120135,-.0670475758945922,-.127232107389837,-.762307022236136,.61468200248098,-.515744701139229,-.133381801843697,.0344445005019458,0,0,0,0,-1,0,0,.333333333333333,-.333333333333333,0,1,-.205865722246662,-.786205628120135,-.851974657076143
2575023,None,19,2,Biracial,4,2,bad,-1,.104166666666667,0,-.0997086417396544,.716026490057225,-.476463341681256,.10974305292945,.2998930017739,-.47113238659551,.0466181688787715,-.432300643194062,.169781565481002,.215900908834289,0,0,0,0,0,0,0,0,0,0,1,.0997086417396544,.476463341681256,-.716026490057225
2575053,Christian,21,2,White or Caucasian,3,2,bad,-1,.109375,0,-.0831540713225324,.79769834004773,.602609060415629,-.0537468097077795,-.393109395073993,-.464146938722377,.439051109713609,-.402699489687443,-.121234044486414,.0848824244602471,2,2,2,1,2,-1,2,-1.66666666666667,-.333333333333333,0,1,.0831540713225324,-.602609060415629,-.79769834004773
2575172,None,18,2,White or Caucasian,4,1,bad,-1,.340314136125654,.0885416666666667,-.0209936160857494,-.0873320719744803,-.207149209005382,1.15912943055336,.462774478583006,.368439261424758,-.105158299021871,-.234452699051375,.547632508407372,-.208021510334127,0,0,0,0,0,0,0,0,0,0,1,.0209936160857494,.207149209005382,.0873320719744803
2575277,None,18,2,East Asian,4,2,bad,-1,.151041666666667,.0416666666666667,.207995072499284,-.0418683992273576,.193963351658652,-.554238180871164,.155895905110625,-.136218602171901,.120030008310193,.153295992642207,-.202112449419941,-.0712135515324588,-1,-1,-1,0,0,0,-1,.333333333333333,.333333333333333,.333333333333333,1,-.207995072499284,-.193963351658652,.0418683992273576
2575287,Christian,20,2,White or Caucasian,3,1,bad,-1,.109375,0,.814151824905624,1.1289625175566,-.0405437420462081,-.127589231244148,.0502117439327103,-.583985366258343,.634190200138673,-.528452884190266,-.297176437405687,.19143912145728,0,0,0,0,0,0,0,0,0,0,1,-.814151824905624,.0405437420462081,-1.1289625175566
2575462,None,18,2,White or Caucasian,4,2,bad,-1,.109375,0,.917057203225921,1.00183063145763,.744330868668252,.146202976230369,-1.15410383558511,-.669641757885443,.887739567783936,-.605891788524482,-.641652687526887,.359804908267433,0,0,0,0,0,0,0,0,0,0,1,-.917057203225921,-.744330868668252,-1.00183063145763
2575566,Christian,18,1,White or Caucasian,3,1,bad,-1,.203125,0,.198471831765556,.952450776916178,.795941615896914,.247143028504021,.824336830844045,-.094521440459435,.648954741526216,-.431371748626545,.291002675860837,-.508585668760508,0,0,0,0,0,0,0,0,0,0,1,-.198471831765556,-.795941615896914,-.952450776916178
2575635,Christian,18,2,White or Caucasian,3,2,bad,-1,.09375,0,.593225158580659,.705360299647044,.660813947901853,.532400849574291,-.971786925334409,.39327159302694,.653133135376519,-.281496518731465,-.344203744780259,-.0274328718647946,0,1,1,0,1,1,.666666666666667,-.666666666666667,.666666666666667,-.666666666666667,1,-.593225158580659,-.660813947901853,-.705360299647044
2575642,Christian,20,2,East Asian,3,1,bad,-1,.0416666666666667,0,.767220091609403,.84031060945735,.902690654272304,-.202002586507194,-.223128575610376,-.427559379556591,.836740451779686,-.355289134168916,-.397450417908991,-.0840008997017791,-2,2,2,0,0,0,.666666666666667,-.666666666666667,.666666666666667,-.666666666666667,1,-.767220091609403,-.902690654272304,-.84031060945735
2575678,None,18,2,White or Caucasian,4,2,bad,-1,.0260416666666667,0,.011369734762181,-.166200753021981,.843183040034944,-.272577611513973,-.0273719601204434,.159453696704251,.229450673925048,.199410687080068,-.103773102132199,-.325088258872917,-2,2,2,0,2,2,.666666666666667,-1.33333333333333,2,-1.33333333333333,1,-.011369734762181,-.843183040034944,.166200753021981
2576016,None,18,2,White or Caucasian,4,1,bad,-1,.09375,.359375,.00651236140396269,-.207313828184471,.763312027500899,-.636490977710201,-.618438994493403,.485952199251978,.18750352024013,.443252335048884,-.420480777869189,-.210275077419825,0,0,0,0,0,0,0,0,0,0,0,-.00651236140396269,-.763312027500899,.207313828184471
2576120,Christian,19,2,White or Caucasian,4,2,bad,-1,.0729166666666667,.00520833333333333,.680820396663599,.914934059699007,1.04516159060758,.210175825052303,.0482194613071619,.266864581567646,.880305348990063,-.286081767727888,-.140808370101378,-.453415211160797,0,0,0,0,0,0,0,0,0,0,1,-.680820396663599,-1.04516159060758,-.914934059699007
2576175,None,17,2,White or Caucasian,4,1,bad,-1,.145833333333333,0,.345840381168489,.160435609001532,.386259668143076,.284395930331866,.0371785493110316,-.10083762562178,.297511886104366,-.181889721651726,-.00808863384186381,-.107533530610776,0,0,0,0,0,0,0,0,0,0,1,-.345840381168489,-.386259668143076,-.160435609001532
2576188,Christian,18,2,White or Caucasian,3,1,bad,-1,.208333333333333,0,1.12940104932029,.429097660125478,.923308893744944,-.0740170944621667,-.0971025048343938,.0534979943239845,.827269201063571,-.100527523779776,-.433506882872284,-.293234794411511,3,3,3,-3,2,-3,3,-.666666666666667,-1.33333333333333,-1,1,-1.12940104932029,-.923308893744944,-.429097660125478
2576195,None,19,2,White or Caucasian,4,2,bad,-1,.0572916666666667,0,1.01846054880113,.649408743607608,.549171102048039,.0942348573712344,.219691140305005,.166175506692823,.739013464818924,-.192489364762007,-.234844850374962,-.311679249681955,1,1,1,0,1,1,1,-.666666666666667,.333333333333333,-.666666666666667,1,-1.01846054880113,-.549171102048039,-.649408743607608
2576300,Christian,20,2,White or Caucasian,2,2,bad,-1,.0104166666666667,0,.0469004653258031,.596779026879227,.712229600306872,.36852959050426,-.110477779936826,-.197560278632724,.451969697503967,-.387622965338737,.0703837817472101,-.134730513912441,3,3,3,0,0,0,3,-1,-1,-1,1,-.0469004653258031,-.712229600306872,-.596779026879227
2576314,Christian,18,2,White or Caucasian,2,2,bad,-1,.192708333333333,0,.914084020168176,.859653280101213,.457014893736024,.179130116939579,-.125124353265731,-.650622488511986,.743584064668471,-.563135295184259,-.286692752164776,.106243982680564,0,0,0,0,0,0,0,0,0,0,1,-.914084020168176,-.457014893736024,-.859653280101213
2576333,None,18,2,South Asian,4,1,bad,-1,.255208333333333,0,-.174068300162458,.810038462896602,-.418548208122005,.145638711587093,-.446036654071327,-.110547795623052,.0724739848707132,-.355408323368916,-.0421098807739251,.325044219272128,0,-1,0,-1,-1,0,-.333333333333333,1,-.333333333333333,-.333333333333333,1,.174068300162458,.418548208122005,-.810038462896602
2576391,Christian,20,2,Black or African,2,2,bad,-1,.1875,0,.450582717010238,.696640191147346,.1233467079036,-.394834681835613,-.962162288519423,-.976821021364712,.423523205353728,-.426208843558815,-.602526562455091,.605212200660178,0,0,0,0,0,1,0,0,.333333333333333,-.333333333333333,1,-.450582717010238,-.1233467079036,-.696640191147346
2576445,None,18,2,East Asian,4,2,bad,-1,.140625,0,.755375697041395,.672233786572243,.0130989343621461,.272252106003299,-.160766040451986,.188079145317695,.480236139325261,-.252135582419282,-.214629877163361,-.0134706797426184,0,0,0,0,0,0,0,0,0,0,1,-.755375697041395,-.0130989343621461,-.672233786572243
2576599,None,19,2,South Asian,4,2,bad,-1,.119791666666667,0,.342767131113476,.963307182144026,-.497453391302217,1.04740974316057,-.00624304639484409,-.497427384436957,.269540307318428,-.836048103247183,.232799855217416,.333707940711339,-1,-2,0,-3,0,2,-1,1.66666666666667,1,-1.66666666666667,1,-.342767131113476,.497453391302217,-.963307182144026
2576711,None,19,2,White or Caucasian,4,1,bad,-1,.078125,0,-.178662327533864,-.428794955972353,-.772767565252773,-.111718347771534,.0255177443182598,-.214042184603175,-.46007494958633,.108823706380237,.03082057469353,.320430668512563,-1,1,2,-2,1,2,.666666666666667,0,1.33333333333333,-2,1,.178662327533864,.772767565252773,.428794955972353
2576891,None,18,1,Other or Unknown,4,2,bad,-1,.0729166666666667,0,.303515642610727,-.405235680353168,.203751814649362,-.177398239604158,.458823979459267,-.632947549293607,.0340105923023072,-.0167712097787602,-.00736330091853935,-.00987608160500764,0,3,3,-1,3,3,2,-1.66666666666667,2,-2.33333333333333,1,-.303515642610727,-.203751814649362,.405235680353168
2576894,Christian,20,2,White or Caucasian,2,1,bad,-1,.109375,.00520833333333333,.255896157204995,-.618002529431526,.264742101101578,-.186074811860189,.337127908341896,-.363456475970796,-.0324547570416509,.14687362177364,-.034947686907763,-.0794711778242258,0,2,2,0,1,1,1.33333333333333,-1,.666666666666667,-1,1,-.255896157204995,-.264742101101578,.618002529431526
2576901,Christian,19,2,White or Caucasian,3,1,bad,-1,.145833333333333,0,.460833807579888,-.10013520356092,.852943173373434,-.513689235424451,.823663163894692,.739504989637522,.4045472591308,.451109809540964,-.0502866263698823,-.805370442301882,0,2,2,-1,1,2,1.33333333333333,-.666666666666667,1,-1.66666666666667,1,-.460833807579888,-.852943173373434,.10013520356092
2576932,None,18,2,East Asian,3,1,bad,-1,.0416666666666667,.00520833333333333,-.342350535680736,.136603396632858,-.67185237839007,-.439478455452364,.265629948543823,.538562566123997,-.292533172479316,.280479208314501,.0561673429240648,-.04411337875925,0,0,0,0,0,0,0,0,0,0,1,.342350535680736,.67185237839007,-.136603396632858
2577136,Christian,21,2,White or Caucasian,2,2,bad,-1,.109375,0,-.568851822799635,.4133306355928,-.353853683724237,-.0761291265487126,-.76449992158353,.063352796303798,-.169791623643691,-.091282904246763,-.0905924084442026,.351666936334656,0,0,0,0,0,0,0,0,0,0,1,.568851822799635,.353853683724237,-.4133306355928
2577157,None,18,2,White or Caucasian,4,1,bad,-1,.0520833333333333,0,.418931165542583,-.358672079938005,-.114572460266523,-.352413725681668,-.479168086628254,.0348222315691131,-.018104458220648,.248636012396262,-.416837659284169,.186306105108555,0,0,0,0,0,0,0,0,0,0,1,-.418931165542583,.114572460266523,.358672079938005
2577261,None,18,2,Black or African,4,1,bad,-1,.145833333333333,0,1.02482551797906,-.586380329608629,.574016016548292,.0781148444853861,.222631966646626,.633966370994624,.337487068306242,.380743952039289,-.241359568949017,-.476871451396514,-1,-1,0,0,0,0,-.666666666666667,.333333333333333,.333333333333333,0,1,-1.02482551797906,-.574016016548292,.586380329608629
2577429,None,18,2,White or Caucasian,4,1,bad,-1,.140625,.0104166666666667,-.663519048459027,-1.0701107173088,-.379615086699294,.0322300190403878,-.0611898832103894,-.157266514049241,-.704414950822374,.293538061406392,.211519728096342,.199357161319641,0,0,0,0,0,0,0,0,0,0,1,.663519048459027,.379615086699294,1.0701107173088
2578281,Muslim,18,2,White or Caucasian,2,2,bad,-1,.505208333333333,.421875,.504646968697554,-.107838717010653,-.0881088352155444,-.317019078126858,.601247572782944,-.838805455505315,.102899805490452,-.137982553455934,-.0734728246804893,.108555572645972,1,1,1,0,1,1,1,-.666666666666667,.333333333333333,-.666666666666667,0,-.504646968697554,.0881088352155444,.107838717010653
2578714,None,22,2,East Asian,3,1,bad,-1,.135416666666667,0,.649434331734004,.714910372367123,1.09274585238436,.739720013540633,-.246846975239652,.134115645372425,.819030185495163,-.440171580178444,-.0521870978110075,-.326671507505712,0,1,1,0,1,1,.666666666666667,-.666666666666667,.666666666666667,-.666666666666667,1,-.649434331734004,-1.09274585238436,-.714910372367123
2579063,Muslim,18,2,East Asian,2,2,bad,-1,.0364583333333333,0,.408317149365567,-1.25053113695115,.634854784538812,.160181447182579,.173792058198639,.518317902091738,-.0691197343489233,.536222530620103,-.0247812146614496,-.44232158160973,3,3,3,0,2,1,3,-1.66666666666667,0,-1.33333333333333,1,-.408317149365567,-.634854784538812,1.25053113695115
2580203,None,20,2,East Asian,4,1,bad,-1,.0989583333333333,0,.707924893260313,.199030676666724,.0707718278869248,.504030034363606,-.0634992514490064,-.403132574884477,.325909132604654,-.368731095304936,-.0891313701152379,.13195333281552,0,1,2,0,0,1,1,-.333333333333333,.333333333333333,-1,1,-.707924893260313,-.0707718278869248,-.199030676666724
2583479,Hindu,18,2,South Asian,4,2,bad,-1,.161458333333333,.015625,.339718694334666,-.358907484473217,-1.07522884034419,.975087296469643,.250995273345107,-.695814553576064,-.364805876827581,-.43733145519083,.295454625160028,.506682706858383,0,0,0,0,0,0,0,0,0,0,1,-.339718694334666,1.07522884034419,.358907484473217
2583877,Christian,18,2,Biracial,2,2,bad,-1,.15625,0,.247759054360094,.742454406793845,.212986110782307,-.90080988701001,-1.21055647233776,.110043311342082,.401066523978749,.0894662638527487,-.786375137902621,.295842350071124,0,0,0,0,0,0,0,0,0,0,1,-.247759054360094,-.212986110782307,-.742454406793845
2585591,None,19,2,East Asian,4,1,bad,-1,.0104166666666667,0,.893271613597804,.563175870102822,-.399028158248789,-.602287012136103,.0596488899810488,-.188755845204579,.352473108483946,-.0498815677237659,-.478636578584286,.176045037824106,0,-1,1,-1,0,0,0,.666666666666667,0,-.666666666666667,1,-.893271613597804,.399028158248789,-.563175870102822
2585797,None,18,2,White or Caucasian,4,2,bad,-1,.0677083333333333,.00520833333333333,.360435140517102,.764768370915825,-.217802785484369,.0919713870370503,-.198577331597586,.166781908453329,.302466908649519,-.229985949833182,-.155680361692546,.0831994028762084,0,0,0,0,0,0,0,0,0,0,1,-.360435140517102,.217802785484369,-.764768370915825
2585799,Christian,18,2,White or Caucasian,3,2,bad,-1,.119791666666667,0,.439594989775746,.721465961122212,1.12841174633767,.417836125244875,-.121973752965712,-.971642335867071,.763157565745209,-.703648140744719,-.047910872498861,-.0115985525016294,-1,1,0,1,1,1,0,-1,1,0,1,-.439594989775746,-1.12841174633767,-.721465961122212
2586014,Christian,20,2,Biracial,3,1,bad,-1,.151041666666667,.0104166666666667,.541459563474801,.20010352785407,.181013427061433,.0617389955671039,-.509306350314218,-.782669216211622,.307525506130101,-.348170579877598,-.329675639407305,.370320713154802,1,1,1,0,0,1,1,-.333333333333333,0,-.666666666666667,1,-.541459563474801,-.181013427061433,-.20010352785407
2586066,Jewish,19,2,White or Caucasian,2,2,bad,-1,.104166666666667,0,.62454001720114,.637175247565601,-.336453583883309,-.30024342835311,.365690784996212,-.282228067837984,.308420560294477,-.206386629016825,-.186364220186013,.0843302889083602,-2,1,2,0,1,3,.333333333333333,-.666666666666667,2,-1.66666666666667,1,-.62454001720114,.336453583883309,-.637175247565601
2586145,Christian,19,2,White or Caucasian,3,2,bad,-1,.166666666666667,0,-.248366588168619,.291538758422274,-.0585780836890358,-.0439616156682432,-.816857266115644,.0127301803242908,-.00513530447846017,-.0782823208099134,-.204150764538423,.287568389826796,2,2,2,0,1,1,2,-1,0,-1,1,.248366588168619,.0585780836890358,-.291538758422274
2586206,None,20,2,White or Caucasian,4,1,bad,-1,.0833333333333333,0,.229199033276757,.678616821047136,.0802556075728511,-.0902485148958114,.113394991088806,-.166133160743552,.329357153965581,-.251500488964959,-.0686841856945877,-.00917247930603498,0,0,0,0,0,0,0,0,0,0,1,-.229199033276757,-.0802556075728511,-.678616821047136
2586400,None,30,2,Other or Unknown,3,2,bad,-1,.0625,0,.0422755381397711,.0117325815245915,.744208617413195,.0207898880888644,.349772881301512,.502468016410158,.266072245692519,.156648515598901,.109429077083535,-.532149838374955,0,0,0,0,0,0,0,0,0,0,1,-.0422755381397711,-.744208617413195,-.0117325815245915
2586479,Christian,21,2,East Asian,4,1,bad,-1,.0416666666666667,0,.376207510790569,.788361207443251,-.0679896615847669,.524647749057462,.59226378400546,-.438715415311972,.365526352216351,-.583908123937562,.246901340757451,-.0285195690362402,0,1,0,1,0,0,.333333333333333,-.666666666666667,0,.333333333333333,1,-.376207510790569,.0679896615847669,-.788361207443251
2586480,Christian,19,2,White or Caucasian,2,1,bad,-1,.0885416666666667,0,.432451471522125,.822352166837013,.230886152448211,.0600007868861414,.0739823551307033,-.273781653388328,.495229930269116,-.385378202370494,-.0994894431684268,-.0103622847301955,0,1,1,-1,1,1,.666666666666667,-.333333333333333,.666666666666667,-1,1,-.432451471522125,-.230886152448211,-.822352166837013
2586551,Christian,19,2,Biracial,3,2,bad,-1,.0729166666666667,0,.0448259061749637,-.487472280495855,.667958502935128,1.08460389806945,-1.09205835397925,-.0448418230926893,.0751040428714121,-.213991146888761,-.0174267873615888,.156313891378937,0,1,1,0,1,0,.666666666666667,-.666666666666667,.333333333333333,-.333333333333333,1,-.0448259061749637,-.667958502935128,.487472280495855
2586588,Christian,18,2,Black or African,2,1,bad,-1,.145833333333333,.0104166666666667,-.596062848179519,-.16781980480103,.175023867326644,.0899948606223134,.640990588325352,.540138469390431,-.196286261884635,.205987804523049,.442349432375728,-.452050975014142,0,0,0,0,0,0,0,0,0,0,1,.596062848179519,-.175023867326644,.16781980480103
2587329,None,18,2,South Asian,2,2,bad,-1,.557291666666667,.895833333333333,.404212804354028,.446248288454982,.275795250059556,.607965123323051,-.353553390593272,-.56729854354215,.375418780956189,-.540503985106728,-.0499336905414167,.215018894691956,0,0,0,0,0,0,0,0,0,0,0,-.404212804354028,-.275795250059556,-.446248288454982
2587736,Muslim,19,2,South Asian,2,1,bad,-1,.1875,.260416666666667,-.410269989217431,.756647065074584,.108575806771508,.559467443560719,.247386231979053,-.109289168671449,.15165096087622,-.47513455910225,.405707888252401,-.0822242900263707,0,3,-3,3,3,-3,0,-3,0,3,0,.410269989217431,-.108575806771508,-.756647065074584
2587973,None,18,2,White or Caucasian,4,2,bad,-1,.0364583333333333,0,-.0248736364468307,.862867926512927,.78427914364104,-.365261427226065,.557717361304927,-.0323994370093046,.540757811235712,-.176668645432056,.072443190175231,-.436532355978887,0,0,0,0,0,0,0,0,0,0,1,.0248736364468307,-.78427914364104,-.862867926512927
2587981,Muslim,18,1,Biracial,2,2,bad,-1,.120418848167539,.0208333333333333,-.603375681195023,1.04167842958308,-.363672311604826,.286145410608959,-.247441195270646,-.433647520003948,.0248768122610754,-.587157120065328,.214026632177779,.348253675626473,0,3,3,0,1,-1,2,-1.33333333333333,0,-.666666666666667,1,.603375681195023,.363672311604826,-1.04167842958308
2588794,Jewish,19,2,White or Caucasian,1,2,bad,-1,.03125,0,.0114302380999862,.134250115852568,-.074142081837932,-.0138192087338657,-.13470172394761,-.969842060647826,.0238460907048739,-.363424322588843,-.053317056927154,.392895288811123,-3,0,0,0,1,1,-1,-.333333333333333,1.66666666666667,-.333333333333333,1,-.0114302380999862,.074142081837932,-.134250115852568
2588805,None,18,2,White or Caucasian,4,1,bad,-1,.0104166666666667,0,-.0888840684212572,.863569947127843,-.0824860656470371,.768188485758193,-.291618459198255,-1.31563186723049,.23073327101985,-.982463433372175,.188484698327065,.56324546402526,0,0,0,0,0,0,0,0,0,0,1,.0888840684212572,.0824860656470371,-.863569947127843
2589279,Muslim,19,2,Biracial,3,2,bad,-1,.518324607329843,.764397905759162,.662269339144823,-.02280208108287,.00584551475319959,.29855907945253,.165493280732944,.49096614129665,.215104257605051,.0717363809756633,-.0660723263197831,-.220768312260931,0,0,-2,0,0,0,-.666666666666667,0,0,.666666666666667,0,-.662269339144823,-.00584551475319959,.02280208108287
2589335,Christian,21,2,White or Caucasian,3,2,bad,-1,.0885416666666667,.00520833333333333,-.0599400628116485,.586231915920364,.670781599834595,.185216818148904,.145483072036345,.0754443276388387,.399024484314437,-.232001468810143,.130213317665633,-.297236333169926,0,0,0,0,0,0,0,0,0,0,1,.0599400628116485,-.670781599834595,-.586231915920364
2589501,None,19,1,White or Caucasian,4,2,bad,-1,.119791666666667,0,-.404396909046376,-.349665688303555,.366645342850272,.717996656055192,.142423231538209,.255806723755884,-.12913908483322,-.0375080813319179,.421605598879926,-.254958432714788,0,0,0,0,0,0,0,0,0,0,1,.404396909046376,-.366645342850272,.349665688303555
2505061,Muslim,18,2,East Asian,4,1,good,1,.0625,0,.0233558110670275,-.143630003451607,.00125607480770026,-.157923349440717,-.406163989806987,.264484190887313,-.0396727058589598,.188679181259879,-.195814383438244,.0468079080373245,0,0,0,0,0,0,0,0,0,0,1,.0233558110670275,.00125607480770026,-.143630003451607
2505065,Christian,19,2,White or Caucasian,2,1,good,1,.0989583333333333,.00520833333333333,.860232617278741,.551306653406213,.0719915242752013,.444029338348738,-.03014535188756,.688300544950919,.494510264986719,-.102345148934677,-.148782876939188,-.243382239112854,0,0,0,0,1,0,0,-.333333333333333,.333333333333333,0,1,.860232617278741,.0719915242752013,.551306653406213
2505104,None,18,2,East Asian,4,1,good,1,.270833333333333,.0677083333333333,.0344390960087435,.495045054877626,.128639092213929,.0642002924784432,-.00701154184382868,-.336302779496836,.219374414366766,-.298516042284302,.00758321820862367,.0715584097089118,0,0,1,-1,0,1,.333333333333333,.333333333333333,.333333333333333,-1,1,.0344390960087435,.128639092213929,.495045054877626
2505166,None,21,2,White or Caucasian,3,2,good,1,.03125,0,-.501023752884082,.553213493065345,.481765894804191,-.160137267634928,.0201600469714264,.0926450671461988,.177985211661818,-.100143719428073,.120348844073527,-.198190336307272,0,0,0,0,0,0,0,0,0,0,1,-.501023752884082,.481765894804191,.553213493065345
2505233,Other,18,2,Biracial,4,1,good,1,.104166666666667,.015625,.120553267416546,.680317456703631,-.143022343092848,.573198044871556,-.323705743137343,.803108966847798,.219282793675776,-.150135511575796,.0429796781058891,-.112126960205869,-1,0,0,0,0,1,-.333333333333333,0,.666666666666667,-.333333333333333,1,.120553267416546,-.143022343092848,.680317456703631
2505300,None,18,3,White or Caucasian,4,1,good,1,.197916666666667,0,.242965154896954,.479016927021653,.385074834242263,.177968004006151,.588640409057091,-.538982680173778,.369018972053623,-.398655870400527,.174547752722096,-.144910854375192,1,1,1,0,0,0,1,-.333333333333333,-.333333333333333,-.333333333333333,1,.242965154896954,.385074834242263,.479016927021653
2505301,None,18,2,East Asian,4,1,good,1,.0520833333333333,0,.681274207723667,.230996350789637,.35169258891112,-.177860587192113,.0251572588755771,-.0697801603223347,.421321049141474,-.0409719746399527,-.277992512013401,-.102356562488121,0,0,0,0,0,0,0,0,0,0,1,.681274207723667,.35169258891112,.230996350789637
2505368,Buddhist,20,3,South Asian,3,2,good,1,.192708333333333,.0885416666666667,.259178700716312,.335861673995998,.384964100090034,-.126496579226121,.276951918405313,-1.15396730601673,.326668158267448,-.454444133595535,-.0362411205123733,.164017095840461,2,-1,0,0,-1,0,.333333333333333,.666666666666667,-1,0,1,.259178700716312,.384964100090034,.335861673995998
2505416,Christian,18,2,White or Caucasian,2,1,good,1,.046875,.015625,.882881980387686,.664772387398348,.723456630608339,.22713396468161,.115692440654219,.0478556188006931,.757036999464791,-.281350244426422,-.180018525017286,-.295668230021084,0,1,1,0,0,1,.666666666666667,-.333333333333333,.333333333333333,-.666666666666667,1,.882881980387686,.723456630608339,.664772387398348
2505740,Christian,18,2,White or Caucasian,3,1,good,1,.0885416666666667,0,.668956913954047,-.121943680892781,.414656743245531,-.0196060368732651,1.02202678497921,-.295439448554795,.320556658768932,-.0512965769295829,.111154611383968,-.380414693223317,0,0,0,0,0,0,0,0,0,0,1,.668956913954047,.414656743245531,-.121943680892781
2505894,Christian,18,2,White or Caucasian,3,1,good,1,.03125,.0260416666666667,.731023649987475,.137076321694753,.735341574351103,.325212679893338,.515466190193739,-.986448506298238,.534480515344444,-.482912502628777,.036551740033201,-.0881197527488679,0,1,1,0,0,0,.666666666666667,-.333333333333333,0,-.333333333333333,1,.731023649987475,.735341574351103,.137076321694753
2507819,Christian,20,2,White or Caucasian,2,2,good,1,.0677083333333333,0,.663188441337528,.757804859911371,-.0929438950143838,-.345674158608368,.0733019093398058,-.0599210486165185,.442683135411505,-.157350583306507,-.311853563535364,.0265210114303655,0,0,0,0,0,0,0,0,0,0,1,.663188441337528,-.0929438950143838,.757804859911371
2507912,Christian,19,2,White or Caucasian,3,1,good,1,.0833333333333333,0,.766403848963397,.256967253841606,.0856974066121935,-.434600527337303,.152886725032506,.633123266125339,.369689503139065,.270252179873679,-.349372550422731,-.290569132590013,2,0,0,0,0,0,.666666666666667,0,-.666666666666667,0,1,.766403848963397,.0856974066121935,.256967253841606
2507921,Christian,18,2,White or Caucasian,1,1,good,1,.135416666666667,0,.846918269142288,.311445842730749,.115518216690063,.464420210028688,.455091484865726,-.34625941070631,.424627442854367,-.374041821155249,.0241978085840419,-.0747834302831598,1,0,1,0,0,0,.666666666666667,0,-.333333333333333,-.333333333333333,1,.846918269142288,.115518216690063,.311445842730749
2508008,Christian,19,2,White or Caucasian,2,1,good,1,.104166666666667,.0364583333333333,.650832200986298,.974886213021321,.756576164128947,-.0292877724848455,-.0353468429668047,-.239886528324958,.794098192712189,-.395161656287144,-.23848893881265,-.160447597612395,0,0,1,-1,1,0,.333333333333333,0,.333333333333333,-.666666666666667,1,.650832200986298,.756576164128947,.974886213021321
2508087,Jewish,18,2,White or Caucasian,4,1,good,1,.104166666666667,.00520833333333333,.503570049099698,1.16910982745478,.363941308024539,.174395097507145,.123473648851721,.096092259747742,.678873728193005,-.415804221738061,-.0685671009136107,-.194502405541334,0,0,0,0,0,0,0,0,0,0,1,.503570049099698,.363941308024539,1.16910982745478
2508162,Christian,18,2,White or Caucasian,4,1,good,1,.046875,.00520833333333333,.636249665642971,-.152333430030865,.101469577780737,-.43282354867027,-.485376611453567,.0944447388257188,.195128604464281,.226533905842285,-.518149941922269,.0964874316157035,1,1,2,-1,0,-1,1.33333333333333,0,-.666666666666667,-.666666666666667,1,.636249665642971,.101469577780737,-.152333430030865
2508217,None,19,2,White or Caucasian,4,2,good,1,.177083333333333,0,.928330167450295,.713153155161321,-.545095196468644,.0590331008738812,.469815158512107,-.308302750051319,.365462708714324,-.36016300202884,-.133160636021436,.127860929335952,0,0,0,0,0,0,0,0,0,0,1,.928330167450295,-.545095196468644,.713153155161321
2508346,Christian,18,2,Biracial,3,1,good,1,.0260416666666667,0,.36005201746739,.489322592075099,.686475567728104,-.0526477936742716,-.292712467371296,.0308929733714237,.511950059090198,-.135260608343134,-.235137426170986,-.141552024576077,0,0,2,-2,0,1,.666666666666667,.666666666666667,.333333333333333,-1.66666666666667,1,.36005201746739,.686475567728104,.489322592075099
2508351,Muslim,18,2,South Asian,3,2,good,1,.135416666666667,.0208333333333333,.0503105310577354,-.427455470536247,.971255862911382,-.960900834005933,-.63141258711461,1.35136031128853,.198036974477623,.91323887194357,-.547541317392759,-.563734529028435,0,0,0,0,0,-1,0,0,-.333333333333333,.333333333333333,1,.0503105310577354,.971255862911382,-.427455470536247
2509572,None,18,2,South Asian,4,2,good,1,.119791666666667,0,.316081507220571,.0661053957710211,-.265160458323601,.645588053083338,-1.12402289171067,-.00992612429548931,.0390088148893301,-.240539857716616,-.2648387819493,.466369824776586,0,-2,2,-2,-2,2,0,2,0,-2,1,.316081507220571,-.265160458323601,.0661053957710211
2509624,Christian,18,2,White or Caucasian,3,1,good,1,.0885416666666667,0,1.0368357327124,1.04421153153628,.684772631100763,.182941205938403,-.14866655892146,-.677946883694073,.921939965116483,-.635033207056253,-.334187028565154,.0472802705049232,0,0,0,0,0,0,0,0,0,0,1,1.0368357327124,.684772631100763,1.04421153153628
2509630,Christian,19,2,White or Caucasian,4,1,good,1,.104166666666667,0,.962726661935421,1.11258825779037,1.24907717474582,-.167727595941186,.354456582947761,1.05480117059721,1.1081306981572,.0366468362493414,-.258665891642949,-.886111642763595,2,3,3,-1,2,2,2.66666666666667,-1.33333333333333,.666666666666667,-2,1,.962726661935421,1.24907717474582,1.11258825779037
2509759,Christian,18,2,East Asian,2,2,good,1,.104166666666667,.0104166666666667,1.17346203474588,.849783707644183,-.0788485733259361,.536440832672248,.360410682534879,-.256063936548405,.648132389688042,-.547429492288279,-.0922035065129178,-.00849939088684594,0,0,0,0,0,0,0,0,0,0,1,1.17346203474588,-.0788485733259361,.849783707644183
2509827,Christian,19,2,White or Caucasian,1,1,good,1,.0677083333333333,0,-.0692996026490994,.712461970548823,0,.119004209460977,.1112271373357,.173551001739962,.214387455966575,-.219305059423279,.0998436498152588,-.094926046358554,0,2,2,0,0,0,1.33333333333333,-.666666666666667,0,-.666666666666667,1,-.0692996026490994,0,.712461970548823
2509846,Christian,18,2,East Asian,3,1,good,1,.177083333333333,.00520833333333333,.484765124570965,.483356672032708,.054939831936569,-.276396749039321,.146292758854947,.618149762836697,.341020542846747,.13706327994777,-.204956371585113,-.273127451209404,1,2,2,0,0,0,1.66666666666667,-.666666666666667,-.333333333333333,-.666666666666667,1,.484765124570965,.054939831936569,.483356672032708
2509868,Christian,22,2,White or Caucasian,4,2,good,1,.119791666666667,.00520833333333333,.0658854806572623,.953084828996044,.575781421102688,-.365316985271647,-.524068972500078,.203205803415641,.531583910251998,-.128187346769586,-.318423812809662,-.0849727506727503,2,1,2,-2,0,2,1.66666666666667,.333333333333333,0,-2,1,.0658854806572623,.575781421102688,.953084828996044
2513036,Christian,22,2,White or Caucasian,2,2,good,1,.166666666666667,0,.233449179949089,-.021469301252996,.777152046834992,.408833450168816,.147273568482596,.197437322909388,.329710641843695,-.0633089420021442,.107552612900775,-.373954312742325,0,1,1,0,0,0,.666666666666667,-.333333333333333,0,-.333333333333333,1,.233449179949089,.777152046834992,-.021469301252996
2513196,Buddhist,18,2,East Asian,3,2,good,1,.0677083333333333,0,.0962580833919117,.0163509946487509,.633556802272551,.421120720775998,-.485355315760885,-.313310690802361,.248721960104404,-.250260802075703,-.0534975594589329,.0550364014302317,0,0,0,0,0,0,0,0,0,0,1,.0962580833919117,.633556802272551,.0163509946487509
2513262,None,21,2,White or Caucasian,4,1,good,1,.151041666666667,.00520833333333333,.944669220851524,.277283461437562,.851476815256478,-.50730756523235,-.0960249455551303,.0809765559096293,.691143165848521,.103666886568139,-.516000577213002,-.278809475203659,0,0,0,0,0,0,0,0,0,0,1,.944669220851524,.851476815256478,.277283461437562
2513278,Jewish,19,3,White or Caucasian,3,1,good,1,.0885416666666667,.00520833333333333,.380219184533578,.766181220734027,.799428065740199,.368404331319565,1.0050516686326,-.658334980571127,.648609490335935,-.597640177541573,.331078938472863,-.382048251267225,0,1,1,0,1,1,.666666666666667,-.666666666666667,.666666666666667,-.666666666666667,1,.380219184533578,.799428065740199,.766181220734027
2513345,Christian,18,2,White or Caucasian,2,1,good,1,.114583333333333,.00520833333333333,.973726888483616,.989440705715731,.965091654686906,.698647729205886,.36562512251908,.414431221649184,.976086416295418,-.424552404424144,.0301819877471165,-.58171599961839,1,3,3,0,2,3,2.33333333333333,-1.66666666666667,1.33333333333333,-2,1,.973726888483616,.965091654686906,.989440705715731
2513347,None,20,3,Other or Unknown,4,1,good,1,.15625,.0104166666666667,.119681263915831,.303233747886562,.670844684877473,-.0564777202627861,.034745719078511,.35893775133611,.364586565559955,.0373939079041115,-.0471377550333687,-.354842718430698,0,0,0,0,0,0,0,0,0,0,1,.119681263915831,.670844684877473,.303233747886562
2515216,Christian,18,2,White or Caucasian,4,1,good,1,.0989583333333333,0,.901220657972161,1.15128280753396,.764911400444625,.419640598387928,.515387593594873,-1.0009586376954,.939138288650248,-.857294014539094,.0112691780035467,-.0931134521146997,0,0,0,0,0,0,0,0,0,0,1,.901220657972161,.764911400444625,1.15128280753396
2515308,Christian,18,1,Biracial,2,1,good,1,.229166666666667,.0260416666666667,.413268746005943,.495651533573303,.926077606704795,-.0410572411620988,.257766693671324,.129727274419691,.61166596209468,-.108289005997171,-.065519764498906,-.437857191598603,0,0,0,0,0,0,0,0,0,0,1,.413268746005943,.926077606704795,.495651533573303
2515313,Christian,18,2,White or Caucasian,4,1,good,1,.114583333333333,.03125,.426042065863386,.684140731954059,.918486021078284,-.0756613959221659,.059322806957537,-.813425699669743,.67622293963191,-.473968345233879,-.147460218276005,-.0547943761220263,3,3,3,1,1,1,3,-1.66666666666667,-.333333333333333,-1,1,.426042065863386,.918486021078284,.684140731954059
2515377,Christian,18,2,White or Caucasian,4,1,good,1,.0364583333333333,0,.531449280124805,1.21454731475089,1.16180724553206,.816774680058536,.432032735675647,-.871424801499813,.969267946802586,-.967582265436414,.239119378536459,-.240805059902631,0,-1,1,0,1,1,0,0,.666666666666667,-.666666666666667,1,.531449280124805,1.16180724553206,1.21454731475089
2515381,Christian,20,2,White or Caucasian,4,1,good,1,.0885416666666667,.0520833333333333,1.21262110311502,.806055880616302,1.07803337782246,-.52899651425243,-.0595843952325612,-.383760928318175,1.03223678718459,-.220273431560682,-.600400670866669,-.211562684757243,2,2,2,0,2,1,2,-1.33333333333333,.333333333333333,-1,1,1.21262110311502,1.07803337782246,.806055880616302
2515553,None,20,2,White or Caucasian,4,2,good,1,.0677083333333333,.0104166666666667,.246730078373439,.336041315690312,.161290532053692,.82305256971812,-.0224701253004667,-.331949711032744,.248020642039148,-.497014532147059,.184617455348072,.0643764347598396,0,0,1,-1,0,1,.333333333333333,.333333333333333,.333333333333333,-1,1,.246730078373439,.161290532053692,.336041315690312
2515607,None,18,2,East Asian,4,2,good,1,.192708333333333,.015625,.835702320205718,.12558522750881,.269003024823956,.193719544961979,.243449163707345,-.17612271971207,.410096857512828,-.165142497394287,-.132844537178798,-.112109822939744,0,0,0,0,0,0,0,0,0,0,1,.835702320205718,.269003024823956,.12558522750881
2515616,Christian,18,2,White or Caucasian,3,1,good,1,.078125,0,.486836778292629,.494084715149482,.524391892077097,-.441652492226555,.168873001859863,-.200462496457862,.501771128506403,-.0842982397935964,-.25320542288644,-.164267465826366,2,3,-2,-2,2,2,1,-1,.666666666666667,-.666666666666667,1,.486836778292629,.524391892077097,.494084715149482
2515620,Christian,18,2,White or Caucasian,2,1,good,1,.09375,0,.641303767543164,1.07663612330152,.826252704282693,.833763759068421,-.407729845376566,-.111909161027341,.848064198375792,-.674103014465761,-.0717566179504366,-.102204565959595,2,2,2,-1,-1,0,2,0,-1,-1,1,.641303767543164,.826252704282693,1.07663612330152
2515683,Christian,18,2,East Asian,2,1,good,1,.0885416666666667,0,-.0246939381467265,.51597263494043,.964281930265902,.236935994807534,.220154103404783,-.539153955568448,.485186875686535,-.430687528438804,.160594678786348,-.215094026034079,1,1,1,0,0,1,1,-.333333333333333,0,-.666666666666667,1,-.0246939381467265,.964281930265902,.51597263494043
2515691,Christian,18,2,Other or Unknown,4,1,good,1,.0989583333333333,0,-.322621701287136,1.07253055892236,.342073427366698,-.620983093464632,-.804917118497902,-.61431489695021,.36399409500064,-.355287454135979,-.367759503558466,.359052862693805,0,0,0,0,0,0,0,0,0,0,1,-.322621701287136,.342073427366698,1.07253055892236
2515744,None,20,2,East Asian,4,1,good,1,.015625,0,.0361655052574431,.226963744116908,1.14630693904978,-.0829677581149044,.274027917055358,.542618957224467,.469812062808044,.132874323740821,.05163155122767,-.654317937776535,0,0,0,0,0,0,0,0,0,0,1,.0361655052574431,1.14630693904978,.226963744116908
2515747,None,18,2,East Asian,4,1,good,1,.0416666666666667,0,.325403900202968,.228407693737536,.635841545315412,-.0920213955292829,.134352202032908,-.409732104190908,.396551046418639,-.182039467466387,-.094357697899781,-.120153881052471,0,0,0,0,0,0,0,0,0,0,1,.325403900202968,.635841545315412,.228407693737536
2517398,Christian,18,2,White or Caucasian,2,1,good,1,.130208333333333,.00520833333333333,.119684032241793,.949199876325343,-.495737818041943,-.250032827815238,-.379414336742338,.00386171367266979,.191048696841731,-.231768444945812,-.249710398933123,.290430147037204,0,0,0,0,0,0,0,0,0,0,1,.119684032241793,-.495737818041943,.949199876325343
2517400,None,18,2,East Asian,3,2,good,1,.0677083333333333,0,.527876950925992,-.46129620045314,-.574360189901447,.723462042429087,.338955425048682,-.332984022211905,-.169259813142865,-.198383288062618,.178180172183926,.189462929021557,0,0,0,0,0,0,0,0,0,0,1,.527876950925992,-.574360189901447,-.46129620045314
2517449,None,21,2,White or Caucasian,4,2,good,1,.0729166666666667,0,.140956989910823,.291391579949418,.456378387111684,-.149460156760965,.096116953525137,.135691591282735,.296242318990642,-.00207994396857272,-.0647667310488838,-.229395643973186,1,1,1,0,1,1,1,-.666666666666667,.333333333333333,-.666666666666667,1,.140956989910823,.456378387111684,.291391579949418
2517508,None,19,2,White or Caucasian,4,2,good,1,.0416666666666667,0,.783483418774407,.302737344192834,.27280881609771,-.183250971945952,.459306619280052,.689395084279573,.453009859688317,.189969570677564,-.169142590480102,-.473836839885778,-1,-2,0,-1,0,0,-1,1,.333333333333333,-.333333333333333,1,.783483418774407,.27280881609771,.302737344192834
2517554,Christian,18,2,White or Caucasian,2,2,good,1,.0989583333333333,0,.273711608633912,.306653203097457,.699661199567613,.634530542782651,.458971202441133,-.23238702693908,.426675337099661,-.391190257606396,.273263378863291,-.308748458356556,3,1,2,1,3,2,2,-1.66666666666667,.666666666666667,-1,1,.273711608633912,.699661199567613,.306653203097457
2517556,Christian,18,1,White or Caucasian,3,1,good,1,.135416666666667,.015625,.393482853586239,.847888816811281,.379714516502968,.426892912832988,.759981418242213,-.309716974797723,.540362062300163,-.528166234813997,.264463825829654,-.27665965331582,0,0,0,1,0,1,0,-.333333333333333,.333333333333333,0,1,.393482853586239,.379714516502968,.847888816811281
2517663,None,18,2,East Asian,3,1,good,1,.078125,.00520833333333333,.336543245552849,.515324466256792,.628448918348359,-.234463515466411,-.0641895783094345,.305784538966665,.493438876719333,.00830786272542815,-.211732113109565,-.290014626335197,0,0,0,0,0,0,0,0,0,0,1,.336543245552849,.628448918348359,.515324466256792
2519618,Other,18,2,East Asian,3,2,good,1,.0885416666666667,0,.33261501440052,.337844441561452,.559027371349774,-.0547452258418882,-.173755989950115,.0452843264135294,.409828942437249,-.079271629768678,-.187038743397508,-.143518569271063,0,0,0,0,0,0,0,0,0,0,1,.33261501440052,.559027371349774,.337844441561452
2519738,Christian,19,2,White or Caucasian,3,1,good,1,.140625,0,.440405676159088,.801945390884925,.809072145956472,.544640181959935,.355318890694665,-.2477132096462,.683807737666828,-.53143292749702,.153184465498504,-.305559275668313,1,0,1,-1,-1,0,.666666666666667,.666666666666667,-.666666666666667,-.666666666666667,1,.440405676159088,.809072145956472,.801945390884925
2519822,Christian,20,2,White or Caucasian,2,2,good,1,.06282722513089,0,.0725403232489251,.937317786111571,-.0301992624268518,.593249668568613,-.02593851523975,.247619284526408,.326552948977882,-.427649390051259,.164923610026646,-.0638271689532686,0,0,1,-1,0,1,.333333333333333,.333333333333333,.333333333333333,-1,1,.0725403232489251,-.0301992624268518,.937317786111571
2519888,Hindu,18,2,South Asian,3,1,good,1,.0989583333333333,.0208333333333333,-.249611081407987,.993550545855027,.0295702244527233,.300308762430292,.0168532967109076,-.299130961869375,.257836562966588,-.530996756718231,.188924380183062,.0842358135685815,0,0,2,-2,-2,0,.666666666666667,1.33333333333333,-.666666666666667,-1.33333333333333,1,-.249611081407987,.0295702244527233,.993550545855027
2519896,Christian,18,2,White or Caucasian,2,1,good,1,.0364583333333333,0,.947356295545345,.619298817323731,1.02752119100233,.105825873285144,-.226044806806205,.646929913856415,.864725434623803,-.0260649255841536,-.355858409688802,-.482802099350847,0,0,0,0,0,0,0,0,0,0,1,.947356295545345,1.02752119100233,.619298817323731
2519979,Hindu,18,2,South Asian,3,1,good,1,.119791666666667,0,-.272282600573725,.106644101664061,.0459570314007049,-.0104188442375286,-.169999244731517,-.739190721157977,-.0398938225029865,-.278471992861503,.0306215038682264,.287744311496263,0,-2,-1,-1,0,0,-1,1,0,0,1,-.272282600573725,.0459570314007049,.106644101664061
2520033,Christian,19,2,East Asian,3,1,good,1,.0625,.00520833333333333,-.258760200752721,.737724852631237,-.12764313203889,.254094489220154,-.283520225274437,-.169069271371646,.117107173279875,-.386962871074346,.0764448215661459,.193410876228325,0,0,1,0,0,0,.333333333333333,0,0,-.333333333333333,1,-.258760200752721,-.12764313203889,.737724852631237
2520052,None,18,2,White or Caucasian,4,1,good,1,.0989583333333333,0,.22139309483792,.128891386876389,.857018873494632,.554076226567698,.397900173561917,.34793766548824,.402434451736314,-.111676649318616,.243527768430565,-.534285570848263,0,0,1,0,0,0,.333333333333333,0,0,-.333333333333333,1,.22139309483792,.857018873494632,.128891386876389
2520109,Jewish,18,1,Biracial,4,2,good,1,.0625,0,.0596859361153608,.68222818322484,.329337766787064,-.369251898250008,1.28082757170069,.165870233599841,.357083962042422,-.0490353504583301,.283963245778441,-.592011857362532,0,0,0,0,0,0,0,0,0,0,1,.0596859361153608,.329337766787064,.68222818322484
2520110,None,20,2,White or Caucasian,4,1,good,1,.0416666666666667,0,.943446460238508,.665942032002635,-.223647381955941,-.406781821695356,.0980309426662089,-.056902785778447,.4619137034284,-.105354332028575,-.417399113089218,.0608397416893932,0,0,0,0,0,0,0,0,0,0,1,.943446460238508,-.223647381955941,.665942032002635
2520168,Christian,18,3,White or Caucasian,4,1,good,1,.09375,0,.488705277244561,1.10302879367438,.563381773573365,.104770015932354,.937360695633813,.841763403382888,.718371948164102,-.122011802074615,.184475144773868,-.780835290863355,0,0,0,0,0,0,0,0,0,0,1,.488705277244561,.563381773573365,1.10302879367438
2520175,None,18,2,East Asian,4,2,good,1,.0520833333333333,.0208333333333333,.688946570797313,.270768814714803,-.207220246746425,-.319011549464268,.414828235784503,.841237505563622,.250831712921897,.296493413437696,-.197709961492359,-.349615164867233,0,0,0,0,0,0,0,0,0,0,1,.688946570797313,-.207220246746425,.270768814714803
2520186,None,19,2,East Asian,2,2,good,1,.171875,0,.244635015202764,-.541807296877302,.388043686455078,-1.06514579000913,-.122776799266425,-.415705398785156,.0302904682601796,.397082562700426,-.477519201492773,.0501461705321677,0,0,-1,0,0,0,-.333333333333333,0,0,.333333333333333,1,.244635015202764,.388043686455078,-.541807296877302
2520234,Christian,18,2,White or Caucasian,3,1,good,1,.0520833333333333,.00520833333333333,-.456764153436899,-.195778553058922,-.10637839924094,.6489661084911,-.232435355722722,.225528505886976,-.252973701912254,-.0758863498484006,.291098302068426,.0377617496922288,0,0,0,0,0,0,0,0,0,0,1,-.456764153436899,-.10637839924094,-.195778553058922
2520258,Christian,18,2,White or Caucasian,2,1,good,1,.03125,0,.594048085216315,.354559812496645,.353237483897778,-.132882816821505,-.279374413203052,.018526610886172,.433948460536913,-.067716794929656,-.335435105080291,-.0307965605269658,0,0,0,0,0,0,0,0,0,0,1,.594048085216315,.353237483897778,.354559812496645
2521512,None,18,2,White or Caucasian,4,2,good,1,.09375,.00520833333333333,-.584982082448035,-.166713655392263,1.11730235661355,-.66931662533504,-.0416276464626091,.492688717554551,.121868872924418,.442906332760618,-.0419873964498714,-.522787809235165,0,0,0,0,0,0,0,0,0,0,1,-.584982082448035,1.11730235661355,-.166713655392263
2521514,Christian,19,2,White or Caucasian,3,2,good,1,.135416666666667,0,.534867289633141,.800995032830935,.611518376178091,-.786484418705344,.160632575794363,-.280024928838433,.649126899547389,-.0981785143213415,-.386906377514707,-.164042007711341,0,0,1,-1,0,1,.333333333333333,.333333333333333,.333333333333333,-1,1,.534867289633141,.611518376178091,.800995032830935
2521637,Christian,18,2,White or Caucasian,2,1,good,1,.135416666666667,0,-.165935982672445,.992620246891166,.564503961607664,-.625747539110854,.164187266141092,.00898113285734762,.463729408608795,-.119297191640988,-.0985414300991056,-.245890786868701,0,0,0,0,0,0,0,0,0,0,1,-.165935982672445,.564503961607664,.992620246891166
2521661,Christian,18,3,White or Caucasian,4,1,good,1,.1875,.015625,.705217727377614,.319503191665401,1.29588886844401,.351713335339829,-.165114690850554,.246707915323451,.773536595829008,-.141502870560593,-.172873027629446,-.459160697638969,1,1,1,0,0,0,1,-.333333333333333,-.333333333333333,-.333333333333333,1,.705217727377614,1.29588886844401,.319503191665401
2521695,Christian,19,1,White or Caucasian,3,2,good,1,.0523560209424084,0,-.278530027263705,.920127364999059,.931929804653422,-.467099265133475,-.462806193722716,.262921476655778,.524509047462925,-.0633688744032686,-.217125143864162,-.244015029195495,0,0,0,0,0,0,0,0,0,0,1,-.278530027263705,.931929804653422,.920127364999059
2521707,Other,18,2,Biracial,3,2,good,1,.104166666666667,.0260416666666667,-.0279391110586497,.211917787456848,-.514898404264278,-.410174704654872,.728322346545587,-.279104764225005,-.11030657595536,-.0269492823423271,.115362250983122,.0218936073145651,0,0,0,0,0,-1,0,0,-.333333333333333,.333333333333333,1,-.0279391110586497,-.514898404264278,.211917787456848
2521758,Muslim,18,3,White or Caucasian,4,1,good,1,.140625,0,-.531231728220969,-.705173408725,-.618299324626793,-.322296371922059,-.586984290748441,1.13816426334351,-.618234820524254,.721878014663523,-.126016311483177,.0223731173439082,0,0,0,0,0,0,0,0,0,0,1,-.531231728220969,-.618299324626793,-.705173408725
2556318,Muslim,19,2,South Asian,3,2,good,1,.421875,.53125,.428905168698728,1.10520159802187,1.24001639092015,.0277486297866608,.15509992563683,.457547550146906,.924707719213583,-.22513422588721,-.0820188710917458,-.617554622234627,0,2,-2,2,2,-2,0,-2,0,2,0,.428905168698728,1.24001639092015,1.10520159802187
2556374,Christian,19,2,White or Caucasian,3,2,good,1,.0833333333333333,0,.767075609115986,.393892330402616,.804286304937416,.302196009504645,.0717820971436229,-.306682423276582,.655084748152006,-.334256921061281,-.131032500822573,-.189795326268152,3,3,3,-2,1,2,3,-.666666666666667,0,-2.33333333333333,1,.767075609115986,.804286304937416,.393892330402616
2556429,Christian,18,3,Black or African,2,1,good,1,.125,0,.0185885157530343,.835093511876309,.981581314621919,-.235046353176872,.114936609773249,.458234525242677,.611754447417088,-.04727087781892,-.0462327530522191,-.518250816545948,1,1,1,0,0,0,1,-.333333333333333,-.333333333333333,-.333333333333333,1,.0185885157530343,.981581314621919,.835093511876309
2556442,Christian,19,2,White or Caucasian,4,2,good,1,.109375,.0364583333333333,.930713758456444,.906202190127517,.986350695751081,.486293815260356,-.14920782985628,.965626422956698,.941088881445014,-.142289860810392,-.197875924350789,-.600923096283833,0,0,0,0,0,0,0,0,0,0,1,.930713758456444,.986350695751081,.906202190127517
2557575,Christian,18,2,White or Caucasian,4,1,good,1,.0833333333333333,.0104166666666667,.826620099934679,.257841365150153,.453588432820678,.220888476934767,-.426902457390599,.471471897056065,.512683299301837,-.00241931500961872,-.34421136013017,-.166052624162048,2,2,2,2,-1,-1,2,-1,-1.33333333333333,.333333333333333,1,.826620099934679,.453588432820678,.257841365150153
2557590,Christian,19,2,Black or African,4,1,good,1,.0729166666666667,.00520833333333333,-.546202729195915,.686852475374754,.731062978965071,-.616929075146987,-.288528263044669,-.247207657344401,.290570908381303,-.105710352524056,-.119751536331914,-.0651090195253338,0,0,1,0,0,1,.333333333333333,0,.333333333333333,-.666666666666667,1,-.546202729195915,.731062978965071,.686852475374754
2557645,Christian,18,2,White or Caucasian,1,2,good,1,.25,.0208333333333333,.919341740371099,.675135480046255,.908850132646698,-.387653308178517,-.179265341570396,.0249373555003258,.834442451021351,-.0875149387891376,-.495420130040004,-.251507382192209,0,0,0,0,0,0,0,0,0,0,1,.919341740371099,.908850132646698,.675135480046255
2557647,Christian,18,2,White or Caucasian,3,1,good,1,.0885416666666667,.00520833333333333,.811030518517178,.364188463722234,1.11374519645645,-.534438354441145,.161261755813033,.349631837681969,.762988059565286,.17329390946696,-.394735705715097,-.541546263317149,1,1,0,1,0,-2,.666666666666667,-.666666666666667,-1,1,1,.811030518517178,1.11374519645645,.364188463722234
2557888,Christian,18,2,White or Caucasian,3,1,good,1,.104166666666667,.00520833333333333,1.04419807000635,.862589524711333,1.05715989951457,-.286723272982648,-.332695474024652,.835727219297698,.987982498077416,.0866203225230043,-.55453893900455,-.52006388159587,3,3,3,0,0,0,3,-1,-1,-1,1,1.04419807000635,1.05715989951457,.862589524711333
2557938,None,19,2,White or Caucasian,4,2,good,1,.0416666666666667,.00520833333333333,.133266423484684,-.138779116440148,.71652609783837,.22912937650831,.345334758155969,-.41568016787786,.237004468294302,-.16867680931534,.147065903726532,-.215393562705493,0,0,0,0,0,0,0,0,0,0,1,.133266423484684,.71652609783837,-.138779116440148
2557959,None,19,2,White or Caucasian,3,1,good,1,.0885416666666667,0,.0591248973939414,.608053573606037,-.241754775861048,-.173027476932637,.768218823385962,.513253511027448,.141807898379644,.0260758047846827,.178688816353128,-.346572519517454,-1,0,0,0,0,1,-.333333333333333,0,.666666666666667,-.333333333333333,1,.0591248973939414,-.241754775861048,.608053573606037
2558068,Christian,18,2,White or Caucasian,1,2,good,1,.135416666666667,.015625,.807034542765698,.714987063684401,.701513054640484,-.00082323853105794,-.373387774972216,-.325206016915122,.741178220363527,-.346456614022822,-.393748518756324,-.000973087584382008,2,1,2,0,0,0,1.66666666666667,-.333333333333333,-.666666666666667,-.666666666666667,1,.807034542765698,.701513054640484,.714987063684401
2558074,None,18,2,East Asian,4,2,good,1,.09375,.03125,.625437137422546,.273632117279621,-.921829166179937,.482318727658942,.0544783444225612,-.593569653070569,-.00758663715925649,-.449840166003044,-.0295466884470143,.486973491609315,0,0,0,0,0,0,0,0,0,0,1,.625437137422546,-.921829166179937,.273632117279621
2558468,None,19,2,White or Caucasian,4,1,good,1,.125,0,.317473224950564,-.032419999013255,.69356132750207,.68529045470195,.159200231865278,-.694182802153304,.32620485114646,-.449017752614,.175672487205555,-.0528595857380147,0,1,1,0,1,1,.666666666666667,-.666666666666667,.666666666666667,-.666666666666667,1,.317473224950564,.69356132750207,-.032419999013255
2558476,None,18,2,White or Caucasian,4,2,good,1,.0572916666666667,0,1.04146790361931,.165365149726751,.589178686676632,.351255115568637,-.372283876244509,-.404477847046697,.598670580007565,-.307032704114028,-.354165554765061,.062527678871525,0,0,0,0,0,0,0,0,0,0,1,1.04146790361931,.589178686676632,.165365149726751
2558564,Christian,18,2,White or Caucasian,2,2,good,1,.0104166666666667,0,.200113017611118,1.23691322898154,-.247769303459169,.145177917716066,-.16373628441792,-.488344482687065,.396418981044496,-.623478543128222,-.0728904614376575,.299950023521385,0,0,1,-1,0,1,.333333333333333,.333333333333333,.333333333333333,-1,1,.200113017611118,-.247769303459169,1.23691322898154
2558577,Christian,20,2,White or Caucasian,2,2,good,1,.244791666666667,.00520833333333333,.206295728764841,.388643431157365,1.04918418487457,.803333932176816,.710335702808937,-.0987931072354007,.548041114932258,-.430256823523194,.435791302073637,-.553575593482701,0,0,3,0,0,0,1,0,0,-1,1,.206295728764841,1.04918418487457,.388643431157365
2560388,Christian,18,2,White or Caucasian,2,1,good,1,.0885416666666667,0,.0187397515914815,.339769909785911,.420949147191545,.405473014690638,.195856028103179,-.242929181108581,.259819602856312,-.32939070186171,.194196430400779,-.124625331395381,0,1,1,0,0,0,.666666666666667,-.333333333333333,0,-.333333333333333,1,.0187397515914815,.420949147191545,.339769909785911
2560394,None,20,1,White or Caucasian,4,2,good,1,.0520833333333333,0,.701028605695163,.374860623950988,-.0733275436162341,-.171607949072421,.89539328460811,-.0392411816189696,.334187228676639,-.0808312854991786,.00758557661350867,-.260941519790969,0,0,0,0,0,0,0,0,0,0,1,.701028605695163,-.0733275436162341,.374860623950988
2560520,None,19,3,Other or Unknown,3,1,good,1,.09375,.00520833333333333,-.218497162803914,.153754674478286,-.174009486879015,.674135939683249,.000582472188731153,.497461292545173,-.079583991734881,-.110143107205454,.297738524891965,-.10801142595163,0,0,0,0,0,0,0,0,0,0,1,-.218497162803914,-.174009486879015,.153754674478286
2561058,Christian,18,2,East Asian,4,1,good,1,.322916666666667,.00520833333333333,.727546175295723,1.30363812323439,1.38132297155993,.327629302681191,1.19728561170481,.0181635215718572,1.13750242336335,-.537701301447909,.265789579696761,-.865590701612201,1,2,2,0,0,0,1.66666666666667,-.666666666666667,-.333333333333333,-.666666666666667,1,.727546175295723,1.38132297155993,1.30363812323439
2561069,Christian,18,2,White or Caucasian,1,2,good,1,.09375,0,-.0110693313146155,.445298611629873,-.054958736893674,.332431452867828,.556939529352449,.243502455180334,.126423514473861,-.178075869772456,.300146771178298,-.248494415879703,0,0,0,0,0,0,0,0,0,0,1,-.0110693313146155,-.054958736893674,.445298611629873
2561133,Other,19,2,White or Caucasian,3,1,good,1,.0625,.0208333333333333,-.00522700479231846,.931978912056082,.331582554916193,-.22006142507818,.592479563593248,-.255111908760611,.419444820726652,-.322343131912837,.125881714435795,-.22298340324961,0,0,0,0,0,0,0,0,0,0,1,-.00522700479231846,.331582554916193,.931978912056082
2561270,None,18,2,White or Caucasian,4,1,good,1,.109375,.03125,-.164465884269725,-.500349875323109,-.969608213506863,-.288151635871868,.0428307814193764,.345987704556371,-.544807991033232,.378163071917116,-.0269516567275892,.193596575843705,0,-1,0,0,0,0,-.333333333333333,.333333333333333,0,0,1,-.164465884269725,-.969608213506863,-.500349875323109
2561382,None,19,2,White or Caucasian,3,1,good,1,.125,.015625,-.278963489352369,.0915519370701802,-.215549920183635,-.0350254043920852,.469427606704344,-.706973493877239,-.134320490821941,-.254500008851778,.237788563888209,.15103193578551,0,0,0,0,0,0,0,0,0,0,1,-.278963489352369,-.215549920183635,.0915519370701802
2561500,Jewish,18,2,White or Caucasian,3,1,good,1,.09375,.0104166666666667,-.650816335992204,.674234569593246,.467945633003467,.371300041721989,.138791725117704,-.581926983421147,.163787955534836,-.542487198245461,.386969367610632,-.00827012490000808,-1,0,0,0,2,2,-.333333333333333,-.666666666666667,1.66666666666667,-.666666666666667,1,-.650816335992204,.467945633003467,.674234569593246
2561507,Christian,18,2,White or Caucasian,2,1,good,1,.140625,0,.737018805918655,-.296151912186384,-.682910247478743,-.689502751640587,-.441704660890219,-.0685574258669031,-.0806811179154909,.305699079320023,-.622742072816487,.397724111411955,0,0,0,0,0,0,0,0,0,0,1,.737018805918655,-.682910247478743,-.296151912186384
2561508,Christian,18,2,Black or African,2,2,good,1,.0625,0,.169335651254639,-.730666268395021,1.14318462213109,.710994811075239,.671535375687062,.489218571614597,.193951334996902,.169630009644793,.404398178502554,-.767979523144249,0,0,0,0,0,0,0,0,0,0,1,.169335651254639,1.14318462213109,-.730666268395021
2563523,None,19,2,Biracial,3,2,good,1,.0416666666666667,0,.6569295532704,.424870383414764,-.287177883040695,-.373342437930281,-.302963136546897,.411039225491747,.26487401788149,.119837093335755,-.444411709249193,.0597005980319486,0,0,0,0,0,0,0,0,0,0,1,.6569295532704,-.287177883040695,.424870383414764
2563583,None,19,2,East Asian,4,1,good,1,.4375,.15625,.627857178106263,-.169473504255456,.179536371884568,.159598550711916,-.224744531747379,-1.09643086054736,.212640015245125,-.362185302334605,-.231001053047242,.380546340136722,0,0,0,0,0,0,0,0,0,0,0,.627857178106263,.179536371884568,-.169473504255456
2563584,Christian,18,1,Other or Unknown,2,1,good,1,.104166666666667,0,-.582071686637996,.544000009446553,.140950063304555,.157388927990244,-.174485037262755,.634758230680698,.0342927953710374,-.0222102355853663,.188325192455162,-.200407752240833,0,0,0,1,0,-1,0,-.333333333333333,-.333333333333333,.666666666666667,1,-.582071686637996,.140950063304555,.544000009446553
2563586,None,18,2,White or Caucasian,4,1,good,1,.140625,.015625,-.599210377648707,-.47864612458809,-.463167522291804,-.193102726667275,.615308628788822,.489154086575219,-.513674674842867,.386967645943528,.340472093256751,-.213765064357412,-1,-1,0,-2,0,2,-.666666666666667,1,1,-1.33333333333333,1,-.599210377648707,-.463167522291804,-.47864612458809
2564339,Jewish,19,2,White or Caucasian,4,1,good,1,.109375,.00520833333333333,-.764141257526751,.0587557062504205,.123086608595139,.997020062251725,.591770692140796,.239329866508621,-.194099647560397,-.272148633997842,.784310670639757,-.318062389081519,-3,0,0,0,2,2,-1,-.666666666666667,2.33333333333333,-.666666666666667,1,-.764141257526751,.123086608595139,.0587557062504205
2564342,None,18,2,White or Caucasian,4,2,good,1,.09375,.015625,.236008454642461,-.0291438978230689,-.00188548994328431,-.0730648535066164,-.294778819660368,-.142695000500243,.0683263556253692,-.013495416390186,-.201284042603148,.146453103367965,0,0,0,0,0,0,0,0,0,0,1,.236008454642461,-.00188548994328431,-.0291438978230689
2564387,Christian,19,2,White or Caucasian,3,2,good,1,.458333333333333,.354166666666667,-.0780022155503864,.103915322076097,.514069454967073,.641790335587168,.0666001400729001,-.394324207552851,.179994187164261,-.380009955072038,.262130897070152,-.0621151291623743,0,0,0,0,0,0,0,0,0,0,0,-.0780022155503864,.514069454967073,.103915322076097
2564402,None,18,2,White or Caucasian,4,1,good,1,.135416666666667,0,1.00930905972436,.960304804740444,-.106317031199744,.18093802393597,-.302861149045032,-.341866399687392,.621098944421688,-.494369742787935,-.377077394944476,.250348193310723,0,0,0,0,0,0,0,0,0,0,1,1.00930905972436,-.106317031199744,.960304804740444
2573638,Christian,18,2,White or Caucasian,4,2,good,1,.0729166666666667,.00520833333333333,-.586326895290543,.371818643972535,.0724937478616184,-.317682599278505,.915022347306804,-.116535651976832,-.0473381678187967,-.0568905655569538,.394555547772948,-.290326814397197,2,2,2,0,0,0,2,-.666666666666667,-.666666666666667,-.666666666666667,1,-.586326895290543,.0724937478616184,.371818643972535
2573659,Jewish,19,1,White or Caucasian,2,1,good,1,.0625,0,-.684886283192839,1.29696737090944,.179708288361529,-.211519341885947,.814956034403623,.33893186671261,.263929792026043,-.248838720770295,.429440991903505,-.444532063159254,-3,0,0,0,3,3,-1,-1,3,-1,1,-.684886283192839,.179708288361529,1.29696737090944
2573782,None,18,2,White or Caucasian,3,2,good,1,.015625,0,.73304870782438,.306103752050163,-.470070931050671,.630027927886322,.876774339760436,.26060684794904,.189693842941291,-.225174943995815,.257917853274126,-.222436752219601,0,0,0,0,0,0,0,0,0,0,1,.73304870782438,-.470070931050671,.306103752050163
2573786,Christian,19,2,White or Caucasian,2,1,good,1,.0942408376963351,0,.0689257283728302,.114559296596079,.788922369348809,.796049471890657,-.588488383428484,.0205100144004732,.324135798105906,-.296699584695421,.0462117866964476,-.0736480001069329,1,1,1,0,0,0,1,-.333333333333333,-.333333333333333,-.333333333333333,1,.0689257283728302,.788922369348809,.114559296596079
2573831,Christian,19,2,White or Caucasian,4,2,good,1,.0989583333333333,.0885416666666667,.585284944403744,.335075691262247,1.04430870155201,.43700737659379,-.119957898391799,-.274355393466286,.654889779072669,-.348812820440774,-.0894118220672508,-.216665136564643,0,0,0,0,0,0,0,0,0,0,1,.585284944403744,1.04430870155201,.335075691262247
2573842,None,18,2,White or Caucasian,4,1,good,1,.104166666666667,.015625,-.00277641854028053,.62450328407684,.512247522604638,.323956907156281,-.164712289730325,.278331581901689,.377991462713733,-.223376203110477,.0540070119887456,-.208622271592001,0,3,3,1,3,3,2,-2.33333333333333,2,-1.66666666666667,1,-.00277641854028053,.512247522604638,.62450328407684
2573878,Christian,19,2,White or Caucasian,3,1,good,1,.03125,0,1.01480916051842,.826859020989522,.914687562566613,-.246268074613173,.126577873146906,.350735518986346,.918785248024851,-.0766184757966676,-.378166453994896,-.464000318233288,0,0,0,0,0,0,0,0,0,0,1,1.01480916051842,.914687562566613,.826859020989522
2573899,None,18,2,White or Caucasian,4,1,good,1,.03125,.015625,-.122553369048483,-.0534524440963288,.0979131394982484,-.145625914277239,.544785669866494,-.0283201967953553,-.0260308912155212,.0569193871927376,.173904374879246,-.204792870856462,0,0,0,0,0,0,0,0,0,0,1,-.122553369048483,.0979131394982484,-.0534524440963288
2573932,Christian,19,2,White or Caucasian,4,1,good,1,.104166666666667,0,.86713597335961,.593807052082884,.960547006123376,-.0488913130048169,.0307008617036732,.218588978141371,.80716334385529,-.108775586978899,-.295108808220251,-.40327894865614,0,0,0,0,0,0,0,0,0,0,1,.86713597335961,.960547006123376,.593807052082884
2573951,None,21,2,Biracial,4,1,good,1,.015625,0,-.494001379538986,.236935906475533,.729452636006922,.685702713206079,.234231125492767,-.280527170138857,.157462387647823,-.401055263273489,.47131173941261,-.227718863786944,0,0,0,0,0,0,0,0,0,0,1,-.494001379538986,.729452636006922,.236935906475533
2574032,Other,18,2,Biracial,4,1,good,1,.0364583333333333,0,.282827791780629,-.0545260507422206,.562045983864298,-.269785946220227,.561664900519243,.548109023197081,.263449241634235,.290807006719843,.00301705417279567,-.557273302526874,0,-2,-2,0,-2,-2,-1.33333333333333,1.33333333333333,-1.33333333333333,1.33333333333333,1,.282827791780629,.562045983864298,-.0545260507422206
2574055,None,18,2,South Asian,4,1,good,1,.046875,0,.805815989454625,-.050902207488436,.0694320003434738,-.072144813768144,-.0505900251743154,-.430405539581982,.274781927436554,-.102452839441801,-.309516942799028,.137187854804274,-1,-1,1,-1,1,1,-.333333333333333,.333333333333333,1,-1,1,.805815989454625,.0694320003434738,-.050902207488436
2574068,None,18,1,White or Caucasian,4,1,good,1,.0520833333333333,0,.776571910911453,.943248466766077,1.3160558863578,1.00237068256718,-.112060228022861,.914594640017713,1.01195875467844,-.343674836438513,.0379128478776211,-.70619676611755,0,1,2,0,1,1,1,-.666666666666667,.666666666666667,-1,1,.776571910911453,1.3160558863578,.943248466766077
2574113,None,22,2,White or Caucasian,4,2,good,1,.03125,0,.176604704433558,-.370444177568796,-.393110026631704,-.118598100355242,-.666835938584453,-.415606991377862,-.195649833255647,.0244784288487251,-.320679581124418,.49185098553134,0,0,0,0,0,0,0,0,0,0,1,.176604704433558,-.393110026631704,-.370444177568796
2574176,Christian,19,2,Black or African,3,2,good,1,.0957446808510638,0,.210141532825335,.67586381073512,.672720721749233,.252687261784987,.172820185825141,-.265954379017355,.519575355103229,-.398168483845821,.0717886382615979,-.193195509519006,0,2,0,0,0,0,.666666666666667,-.666666666666667,0,0,1,.210141532825335,.672720721749233,.67586381073512
2574243,Muslim,19,2,White or Caucasian,4,1,good,1,.0572916666666667,0,.0586710305700076,.949776901741058,-.243383275169708,-.0706592240982928,-.263753858733162,.448585408073251,.255021552380452,-.143510756523171,-.131028037800488,.0195172419432065,0,0,0,1,0,0,0,-.333333333333333,0,.333333333333333,1,.0586710305700076,-.243383275169708,.949776901741058
2574837,None,18,2,Biracial,3,1,good,1,.166666666666667,0,1.03083848414944,.942365438787742,.7812971584476,-.355322166505579,.288077717677895,.586260789739051,.918167027128262,-.000260827514370787,-.366027644325709,-.551878555288182,0,0,0,0,0,0,0,0,0,0,1,1.03083848414944,.7812971584476,.942365438787742
2574880,None,19,3,East Asian,4,1,good,1,.0677083333333333,0,.325150052058281,.768489117901658,-.171203942758183,.108739331724857,.630833302753426,-.106583104808569,.307478409067252,-.327937184811695,.138140860806667,-.117682085062224,0,0,0,0,0,0,0,0,0,0,1,.325150052058281,-.171203942758183,.768489117901658
2574884,Christian,18,2,White or Caucasian,2,2,good,1,.135416666666667,0,.502873133660169,.958855033104651,.790755972571863,.50896921825783,.494770978613339,.0982829156341144,.750828046445561,-.456513778576122,.166955687737,-.461269955606439,0,1,1,-1,1,1,.666666666666667,-.333333333333333,.666666666666667,-1,1,.502873133660169,.790755972571863,.958855033104651
2574953,Jewish,18,1,Biracial,2,2,good,1,.0625,.00520833333333333,-.47658070196306,.103121309880869,.732106209024669,-.170536432109726,-.241077739884634,.224088460375738,.119548938980826,.0971678608681981,.0216555099895665,-.238372309838591,0,0,0,0,0,0,0,0,0,0,1,-.47658070196306,.732106209024669,.103121309880869
2575010,Muslim,18,2,White or Caucasian,2,1,good,1,.078125,0,.798305651361542,.444738118138706,.375520415772847,.692138739511082,-.00980413979387196,.12433016380767,.539521395091032,-.337515564614039,-.0386570172147771,-.163348813262215,3,3,3,-3,3,3,3,-1,1,-3,1,.798305651361542,.375520415772847,.444738118138706
2575145,None,23,2,East Asian,4,2,good,1,.348958333333333,.0208333333333333,.128815533283919,.51538803542153,.524754712770532,.921065392869713,.768058235659268,.0219769199438299,.389652760491993,-.471492169449138,.520102698415021,-.438263289457877,0,0,0,0,0,0,0,0,0,0,1,.128815533283919,.524754712770532,.51538803542153
2575196,Christian,19,3,East Asian,4,2,good,1,.28125,.00520833333333333,-.649807412337743,.173259651664529,.0507993673082877,.00491212655166787,.870776201572054,.447622774896782,-.141916131121642,.0898169988935284,.508498580153821,-.456399447925708,2,1,0,0,2,2,1,-1,.666666666666667,-.666666666666667,1,-.649807412337743,.0507993673082877,.173259651664529
2575329,Christian,21,2,East Asian,3,1,good,1,.197916666666667,.00520833333333333,.587234068692156,.979378170238485,.392538709685269,.213483038971092,-.00476959481362124,-.565964199449117,.653050316205304,-.586275136219565,-.126173541511562,.0593983615258231,3,0,-2,0,0,0,.333333333333333,0,-1,.666666666666667,1,.587234068692156,.392538709685269,.979378170238485
2575452,Christian,21,2,White or Caucasian,4,2,good,1,.0625,0,.0889208566060217,-.511478402175231,.610821882080477,.368504190227372,-.591593527230277,-.253191402417537,.0627547788370894,-.0367390634898927,-.104003397869642,.0779876825224454,0,0,0,0,0,0,0,0,0,0,1,.0889208566060217,.610821882080477,-.511478402175231
2575477,Christian,18,2,White or Caucasian,3,2,good,1,.203125,.671875,.936480032255708,-1.19003620007616,-.599549820673069,-1.00482339367467,1.08295269732506,.409917370558058,-.284368662831175,.868258988102966,-.286116909535106,-.297773415736685,0,0,0,0,0,0,0,0,0,0,0,.936480032255708,-.599549820673069,-1.19003620007616
2575525,None,19,2,White or Caucasian,4,2,good,1,.119791666666667,0,.723321552321962,-.218115161519502,-.728576477581226,.347595217183104,-.812110367397479,-.615310689343383,-.0744566955929219,-.248263581668995,-.395945567512112,.718665844774029,0,0,0,0,0,1,0,0,.333333333333333,-.333333333333333,1,.723321552321962,-.728576477581226,-.218115161519502
2575554,Christian,21,2,White or Caucasian,2,2,good,1,.0364583333333333,0,-.255746697459353,.64842593701771,.892908220024042,.561433225662899,.431199338996516,.0840340251629621,.428529153194133,-.375275045839216,.416126420706256,-.469380528061173,1,1,2,0,0,0,1.33333333333333,-.333333333333333,-.333333333333333,-.666666666666667,1,-.255746697459353,.892908220024042,.64842593701771
2575593,None,19,2,East Asian,4,1,good,1,.0625,0,-.473081293517384,-.0941170756085462,.729723122850918,-.271016989005899,.213927141199557,.103529262825834,.0541749179083293,.15622110914676,.138663815237014,-.349059842292103,0,0,0,0,0,0,0,0,0,0,1,-.473081293517384,.729723122850918,-.0941170756085462
2575602,None,18,2,White or Caucasian,4,1,good,1,.078125,0,.461445626515527,-.221954751509511,.317532012550807,.336269675198056,-.1320463475384,.621327769229031,.185674295852274,.169004281846829,-.0857407662852902,-.268937811413813,0,0,0,0,0,0,0,0,0,0,1,.461445626515527,.317532012550807,-.221954751509511
2575654,None,18,2,Biracial,4,1,good,1,.0625,0,.535346775297549,.083141039061868,-.0569665685725188,-.166198676802281,.979953903655764,.508749301230111,.187173748595633,.197268979656841,.0928028171853113,-.477245545437785,0,0,0,0,0,0,0,0,0,0,1,.535346775297549,-.0569665685725188,.083141039061868
2575708,Christian,19,2,White or Caucasian,2,1,good,1,.0208333333333333,0,.286420968652801,.439852061303697,.558919819340784,-.272377870950783,-.203901574035353,.426102471773525,.428397616432427,.0862094271402035,-.254233471212979,-.260373572359652,0,0,0,0,0,0,0,0,0,0,1,.286420968652801,.558919819340784,.439852061303697
2575888,None,19,1,Other or Unknown,4,2,good,1,.0833333333333333,0,1.03943854632263,.409008622140581,.0556699552814409,.0123679181222707,.0764470444424406,-.430598147777732,.501372374581551,-.283991562680195,-.316874527919306,.0994937160179501,0,0,0,0,0,0,0,0,0,0,1,1.03943854632263,.0556699552814409,.409008622140581
2575940,None,18,2,Black or African,2,1,good,1,.0416666666666667,0,.863836371150644,-.151509142856228,.80494303033077,-.0459794525389321,-.298444115891581,-.193510723487693,.505756752875062,.00132595730248896,-.402753313193719,-.104329396983832,0,0,0,0,0,0,0,0,0,0,1,.863836371150644,.80494303033077,-.151509142856228
2576101,Christian,19,2,White or Caucasian,2,2,good,1,.03125,0,1.08210207036756,.100209404389504,.176570207753911,.787076701677015,-.609122179827175,-.0601540235794978,.452960560836992,-.315813376548672,-.301382516172574,.164235331884254,0,0,0,0,0,0,0,0,0,0,1,1.08210207036756,.176570207753911,.100209404389504
2576108,None,18,2,White or Caucasian,4,1,good,1,.125,.0104166666666667,-.524949028630056,-.141732863379481,-.235657279177826,-.132400761385363,-.238951072817988,.0255725455222124,-.300779723729121,.0999020567623521,.0511990648089017,.149678602157867,-1,-1,0,-2,0,0,-.666666666666667,1,.333333333333333,-.666666666666667,1,-.524949028630056,-.235657279177826,-.141732863379481
2576134,Christian,18,2,White or Caucasian,3,1,good,1,.0364583333333333,0,.594263706865131,.544513246367925,1.01706401830695,-.576998113693816,.87738477909554,.605605327659037,.718613657180001,.212696731661643,-.0979590138211355,-.833351375020508,1,1,1,0,0,0,1,-.333333333333333,-.333333333333333,-.333333333333333,1,.594263706865131,1.01706401830695,.544513246367925
2576159,Christian,18,2,White or Caucasian,3,2,good,1,.125,0,.516960038575258,.116107377814184,1.12308728916204,.268013792255449,-.500841457278308,-.262733909913286,.585384901850495,-.215618359994306,-.249929234532705,-.119837307323483,-3,3,3,0,1,1,1,-1.33333333333333,1.66666666666667,-1.33333333333333,1,.516960038575258,1.12308728916204,.116107377814184
2576198,None,19,1,Biracial,4,2,good,1,.265625,.00520833333333333,.876406254671895,1.37262429624142,.506661884044048,-.143682221041735,1.04346111073913,-.000281013069641822,.918564144985788,-.409741029423109,.00779087834183471,-.516613993904514,0,0,0,0,0,0,0,0,0,0,1,.876406254671895,.506661884044048,1.37262429624142
2576224,None,20,2,White or Caucasian,4,2,good,1,.0947368421052632,0,-.257096253558326,.238378584789954,.384469061078533,.537103326827643,-.174816878353003,.229266236161905,.121917130770054,-.182071891818564,.206460900677655,-.146306139629145,0,0,0,0,0,0,0,0,0,0,1,-.257096253558326,.384469061078533,.238378584789954
2576240,Christian,18,2,White or Caucasian,1,1,good,1,.369791666666667,.1875,-.283999062092235,.228108585400311,.449104524478357,.969727554199491,-.035917623636228,-.00189000241532708,.131071349262144,-.399908714005043,.405936330885166,-.137098966142267,2,2,2,0,0,0,2,-.666666666666667,-.666666666666667,-.666666666666667,0,-.283999062092235,.449104524478357,.228108585400311
2576250,None,19,2,White or Caucasian,4,2,good,1,.130208333333333,.00520833333333333,.221855483066928,.371875248653761,-.256412013395467,.105813226262647,-.0778694768106076,-.661256359177211,.112439572775074,-.379648278031206,-.0646372445382963,.331845949794429,-1,0,0,0,1,1,-.333333333333333,-.333333333333333,1,-.333333333333333,1,.221855483066928,-.256412013395467,.371875248653761
2576334,None,18,3,White or Caucasian,4,2,good,1,.15625,0,.354534068748856,.646472484506549,.497098298880241,.128774108243673,.440083382245937,.0448460153322746,.499368284045215,-.243466859139316,.0714411405802513,-.327342565486151,0,0,0,0,0,0,0,0,0,0,1,.354534068748856,.497098298880241,.646472484506549
2576352,Christian,19,2,White or Caucasian,2,1,good,1,.3125,.109375,.0079699290646143,-.267468293860324,.498086818231207,.549770657005718,-.506560368129243,.0467767613193782,.0795294844784991,-.078508533942005,.0117467866039534,-.0127677371404475,2,0,-2,-1,0,0,0,.333333333333333,-.666666666666667,.333333333333333,0,.0079699290646143,.498086818231207,-.267468293860324
2576533,None,18,2,White or Caucasian,4,1,good,1,.078125,.00520833333333333,.840346426703066,.603135197716593,.456990100745766,.84862864380453,-.740590460093805,-.152195047791093,.633490575055142,-.534652963104072,-.244102747664114,.145265135713044,0,1,1,0,1,1,.666666666666667,-.666666666666667,.666666666666667,-.666666666666667,1,.840346426703066,.456990100745766,.603135197716593
2576557,Other,19,2,White or Caucasian,4,2,good,1,.0729166666666667,0,-.0131081782890684,.467298754627911,.297296645889055,-.957787392406637,.242358863373962,.894022846075961,.250495740742632,.461503827951563,-.234106783581202,-.477892785112993,0,0,0,0,0,0,0,0,0,0,1,-.0131081782890684,.297296645889055,.467298754627911
2576563,Christian,20,2,East Asian,3,1,good,1,.119791666666667,0,.550767570803431,.265999691272427,.836208649630439,.186394181057485,.521727067270946,-.0455791345903908,.550991970568766,-.165991002306767,.0524512258416666,-.437452194103665,0,2,1,0,0,0,1,-.666666666666667,0,-.333333333333333,1,.550767570803431,.836208649630439,.265999691272427
2576654,Jewish,18,2,White or Caucasian,3,2,good,1,.09375,0,-.412697502078604,-.389500994672502,.427289858237701,.199776622399429,1.09215811460741,-.737060589331285,-.124969546171135,-.182445405686071,.568210746361816,-.26079579450461,-1,1,1,-1,2,2,.333333333333333,-.666666666666667,1.66666666666667,-1.33333333333333,1,-.412697502078604,.427289858237701,-.389500994672502
2576685,Muslim,21,2,South Asian,2,2,good,1,.125,0,.461649308171357,-.366146701901549,.55577470088071,-1.11977086115141,.578823639929805,.852487045586107,.21709243571684,.779468202879689,-.334198843130988,-.662361795465541,1,-1,-3,3,-1,-3,-1,-.333333333333333,-1.66666666666667,3,1,.461649308171357,.55577470088071,-.366146701901549
2576735,None,20,2,White or Caucasian,4,1,good,1,.4375,.125,-1.12634908768513,.595723138027623,.464725710939967,.337711190029892,-.197446173100077,-1.20655970526649,-.0219667462391809,-.713331344441334,.422204701538315,.313093389142199,0,0,0,0,0,0,0,0,0,0,0,-1.12634908768513,.464725710939967,.595723138027623
2576931,Christian,18,2,Biracial,2,1,good,1,.109375,0,-.589277109365072,.237718837901556,.589078137274462,.794468383921991,-.5316643508031,.279560312158625,.0791732886036486,-.250875636554974,.284027047494655,-.112324699543329,-1,1,-2,0,1,2,-.666666666666667,-.666666666666667,1.33333333333333,0,1,-.589277109365072,.589078137274462,.237718837901556
2577184,None,18,2,Black or African,3,2,good,1,.140625,.0677083333333333,-.405133746270849,.643967010981032,.784491459890115,-.114305315609563,-.536464363137725,-.503926537422031,.341108241533433,-.344529410931167,-.081878644158813,.0852998135565468,0,0,0,0,0,0,0,0,0,0,1,-.405133746270849,.784491459890115,.643967010981032
2577229,None,18,1,Other or Unknown,4,1,good,1,.0416666666666667,.00520833333333333,.958508000194318,.439345052867217,.477455701735127,-.15439087589521,.369364617082503,.418592287300715,.625102918265554,.0445460367762361,-.247844753002341,-.421804202039448,0,0,0,0,0,0,0,0,0,0,1,.958508000194318,.477455701735127,.439345052867217
2577290,Muslim,18,2,White or Caucasian,3,2,good,1,.109375,0,.821378274145889,.792489751140419,1.11213869441457,.916923674873282,.90093350381287,-.104494047205908,.90866890656696,-.604635824406536,.332159634846754,-.636192717007178,1,3,3,-3,3,3,2.33333333333333,-1,1.66666666666667,-3,1,.821378274145889,1.11213869441457,.792489751140419
2577619,Christian,18,2,White or Caucasian,2,2,good,1,.166666666666667,.0104166666666667,.305225636957091,.753148889458165,.844234186919524,.255889067251159,.049879570811372,-.178199821472489,.634202904444927,-.395745926060604,.000181000368479918,-.238637978752802,0,0,0,0,0,0,0,0,0,0,1,.305225636957091,.844234186919524,.753148889458165
2578625,Christian,19,1,White or Caucasian,3,1,good,1,.15625,.0208333333333333,.664108709141904,1.14692145007102,1.43465564975573,.211269081823833,-.161292636511707,.633799042972976,1.08189526965622,-.241463829640626,-.204710754609926,-.635720685405666,0,0,0,0,0,0,0,0,0,0,1,.664108709141904,1.43465564975573,1.14692145007102
2578731,Christian,18,2,White or Caucasian,2,2,good,1,.03125,0,-.385624590205486,-.599816085662165,-.298001359471968,.113080943147349,-.0347666844043238,.880759299700078,-.427814011779873,.455831480738298,.154646282982837,-.182663751941262,0,0,0,0,0,0,0,0,0,0,1,-.385624590205486,-.298001359471968,-.599816085662165
2578809,Christian,19,2,White or Caucasian,4,1,good,1,.046875,0,1.12557231040164,.199347462720372,.279586710235378,-.25248754090662,-.131770666316777,-.631183403848629,.534835494452465,-.192681108554127,-.503276839208347,.161122453310009,0,1,1,0,0,0,.666666666666667,-.333333333333333,0,-.333333333333333,1,1.12557231040164,.279586710235378,.199347462720372
2579114,Christian,19,2,White or Caucasian,2,1,good,1,.0885416666666667,.015625,.316659330133015,.694905281251362,.316910306746353,.585815218827393,.367303196388759,-.216374481120929,.442824972710243,-.499031660399895,.212153028361045,-.155946340671394,0,0,0,0,0,0,0,0,0,0,1,.316659330133015,.316910306746353,.694905281251362
2579317,None,18,1,Biracial,4,1,good,1,.0885416666666667,0,-.275601114394652,.502666846705453,.549704174229234,-.37895201100389,-.148924260138547,.220717197968437,.258923302180012,.0323341207556244,-.0840917189159284,-.207165704019708,-1,-1,1,-1,0,0,-.333333333333333,.666666666666667,.333333333333333,-.666666666666667,1,-.275601114394652,.549704174229234,.502666846705453
2580853,Christian,18,2,White or Caucasian,4,2,good,1,.125,0,.593270544857783,.579092271371128,1.13134472861508,.136820794297134,.471562100460996,-.0383225808621193,.767902514947998,-.251411882176793,.00503744996678242,-.521528082737987,0,0,0,0,0,0,0,0,0,0,1,.593270544857783,1.13134472861508,.579092271371128
2580983,None,18,2,White or Caucasian,3,1,good,1,.140625,0,-.294938358637438,.90238452961302,.00813513229168702,-.579017123587664,.844477090423034,-.506498919405065,.205193767755757,-.276622108476807,.186799441824269,-.115371101103218,0,0,0,0,0,0,0,0,0,0,1,-.294938358637438,.00813513229168702,.90238452961302
2581208,None,18,1,White or Caucasian,4,1,good,1,.125,.00520833333333333,-.191829332080264,-.13412649696775,-.17683771225446,.287276365448679,.0647523599543254,-.0677323532109853,-.167597847100825,-.0736274072306382,.18128601916109,.0599392351703735,-1,0,0,0,0,1,-.333333333333333,0,.666666666666667,-.333333333333333,1,-.191829332080264,-.17683771225446,-.13412649696775
2583849,Christian,20,2,White or Caucasian,2,2,good,1,.0364583333333333,0,.181041164705866,.679537191772688,1.09024662301042,-.0410180466654194,.0758269492759449,.539466629330458,.650274993162992,-.033017505258937,-.0487440873651136,-.568513400538941,0,0,0,0,0,0,0,0,0,0,1,.181041164705866,1.09024662301042,.679537191772688
2584995,None,19,2,White or Caucasian,4,2,good,1,.0677083333333333,0,-.651371741594446,-.16693350311813,.749544517979434,.762477474209641,.0221671054485818,-.382602725596873,-.0229202422443807,-.326048898896128,.478672107084223,-.129702965943714,0,0,0,0,0,0,0,0,0,0,1,-.651371741594446,.749544517979434,-.16693350311813
2585048,Christian,18,2,White or Caucasian,2,2,good,1,.0625,.00520833333333333,1.10653733632505,.414568482025504,.81219016923453,.197475462416017,.617258262953813,-1.14747006767654,.777765329195028,-.58650467070602,-.0972678703184062,-.093992788170601,1,0,2,-1,0,1,1,.333333333333333,0,-1.33333333333333,1,1.10653733632505,.81219016923453,.414568482025504
2585689,Christian,21,2,East Asian,3,1,good,1,.0416666666666667,0,.636993102154365,.198329700577527,1.14139717249939,1.04056749658624,.544849727307487,.737726113421306,.658906658410427,-.167057027914155,.316141373913122,-.807991004409394,0,0,0,0,0,0,0,0,0,0,1,.636993102154365,1.14139717249939,.198329700577527
2585748,Christian,18,2,White or Caucasian,2,1,good,1,.109375,0,.00289594856411888,.539526025671432,.667174761008415,.668769128252495,.685666521618005,-.360979211761421,.403198911747989,-.52309145522845,.450513233768794,-.330620690288333,0,0,0,0,0,0,0,0,0,0,1,.00289594856411888,.667174761008415,.539526025671432
2585791,Christian,19,2,White or Caucasian,2,2,good,1,.182291666666667,.0104166666666667,.225307756954026,1.06878814481556,1.23837819075387,.601334631501273,-.212951392877695,.23800887092703,.844158030841153,-.477371301796603,.0543584938898509,-.421145222934401,0,2,2,0,0,0,1.33333333333333,-.666666666666667,0,-.666666666666667,1,.225307756954026,1.23837819075387,1.06878814481556
2585794,Christian,19,3,East Asian,3,1,good,1,.135416666666667,.0677083333333333,.53934441494006,.145517243087034,.915779979006138,-.440606816621692,-.107456623823464,-.302551433237338,.53354721234441,-.00248728656755985,-.362469285128406,-.168590640648445,1,1,1,0,0,0,1,-.333333333333333,-.333333333333333,-.333333333333333,1,.53934441494006,.915779979006138,.145517243087034
2585861,Jewish,18,2,White or Caucasian,3,1,good,1,.166666666666667,.00520833333333333,-.706103407275985,.947026712876685,.813683817621967,.693660784908236,.39409261237066,-.578293932904833,.351535707740889,-.739660476896585,.59795226818496,-.209827499029264,0,0,0,0,0,0,0,0,0,0,1,-.706103407275985,.813683817621967,.947026712876685
2585962,None,18,.,.,4,1,good,1,.1875,0,.0344522556586038,.629715203742688,-.152928598521295,-.385125913599229,.00982895838892659,-.370170974323091,.170412953626666,-.204920088155517,-.136583070289636,.171090204818486,0,0,0,0,0,0,0,0,0,0,1,.0344522556586038,-.152928598521295,.629715203742688
2586188,None,22,1,Biracial,4,2,good,1,.0520833333333333,.00520833333333333,.716816437744146,.774328028396553,-.299724664271507,.337210740664662,.0218273263541976,-.145986740888738,.397139933956397,-.419175169983317,-.119259456908429,.141294692935349,1,0,1,1,1,0,.666666666666667,-.666666666666667,0,0,1,.716816437744146,-.299724664271507,.774328028396553
2586378,None,18,2,White or Caucasian,4,1,good,1,.182291666666667,0,-.128019015913974,.393673796359872,.316014811203885,-.620547160425222,.0664430111513217,.595802553913599,.193889863883261,.274225305992983,-.142028377786642,-.326086792089602,0,0,0,0,0,0,0,0,0,0,1,-.128019015913974,.316014811203885,.393673796359872
2586397,Christian,19,2,White or Caucasian,2,2,good,1,.09375,.00520833333333333,.422188690005074,.493432980521986,.0154559125129702,-.60314960613129,.794132755933718,-.647380079437254,.310359194346677,-.179221151275984,-.0770685134008817,-.0540695296698115,-1,1,2,0,0,0,.666666666666667,-.333333333333333,.333333333333333,-.666666666666667,1,.422188690005074,.0154559125129702,.493432980521986
2586429,Muslim,20,2,Black or African,3,2,good,1,.197916666666667,.0677083333333333,.770762916940297,1.13709946426794,-.16490244585027,.854394785477295,.401124036385792,.00106765202680385,.580986645119322,-.66347553257281,.16158530164093,-.079096414187442,0,0,0,0,0,0,0,0,0,0,1,.770762916940297,-.16490244585027,1.13709946426794
2586489,None,18,2,.,4,2,good,1,.0520833333333333,0,.594927056007074,.325962376981054,.607242789430137,.75491918771181,.328338922916535,.318230161077051,.509377407472755,-.254217134538604,.16277701820709,-.417937291141241,0,0,0,0,0,0,0,0,0,0,1,.594927056007074,.607242789430137,.325962376981054
2586499,None,21,2,White or Caucasian,4,1,good,1,.015625,.0104166666666667,-.685820459369355,.489479517784429,.252720210787832,.442608866194023,-.240288590694798,-.454205859081049,.018793089734302,-.462098081019833,.29604691162286,.147258079662671,0,0,0,0,0,0,0,0,0,0,1,-.685820459369355,.252720210787832,.489479517784429
2586539,Christian,20,2,White or Caucasian,2,2,good,1,.0575916230366492,.00523560209424084,.815523348542912,.78291576617021,.700425432311936,.00172859212078507,.0113761356984211,-.246430913095774,.766288182341686,-.343691757128923,-.267472873574569,-.155123551638194,0,0,0,0,0,0,0,0,0,0,1,.815523348542912,.700425432311936,.78291576617021
2586597,None,19,2,White or Caucasian,4,1,good,1,.119791666666667,0,1.08747580433447,-.128490822968343,.5543987328945,-.474532603951536,.598808795932102,-.548051945923377,.504461238086874,.0183238269988339,-.3210665374513,-.201718527634408,0,1,1,0,1,0,.666666666666667,-.666666666666667,.333333333333333,-.333333333333333,1,1.08747580433447,.5543987328945,-.128490822968343
2586632,None,19,2,White or Caucasian,3,2,good,1,.114583333333333,.401041666666667,-.931310293654868,1.13263484402937,.85543496970704,-.852723909682124,.219721087298929,1.37057380368725,.352253173360514,.363554289780001,.099435823757224,-.815243286897739,3,3,2,0,0,2,2.66666666666667,-1,-.333333333333333,-1.33333333333333,0,-.931310293654868,.85543496970704,1.13263484402937
2586705,Muslim,17,2,Black or African,2,2,good,1,.125,.0104166666666667,-.162807874565772,.664796063321217,.714928683009759,-.646013448746932,.306445514450528,-.269616695572609,.405638957255068,-.0961331033822979,-.0589200199102108,-.250585833962559,3,3,3,-1,2,2,3,-1.33333333333333,.333333333333333,-2,1,-.162807874565772,.714928683009759,.664796063321217
2586753,Muslim,18,2,Black or African,4,2,good,1,.192708333333333,.00520833333333333,.626830691097275,-.347075003481294,.803275108171071,-.362736968407555,.65783703580368,.289922905534018,.361010265262351,.333244959140956,-.11057687456705,-.583678349836256,0,0,-1,1,-1,-1,-.333333333333333,0,-.666666666666667,1,1,.626830691097275,.803275108171071,-.347075003481294
2586807,None,18,2,South Asian,4,1,good,1,.0729166666666667,.00520833333333333,.0975645467135165,-.658025204965587,-.028315744411065,.79072615976944,-.166070938426593,.849894452712305,-.196258800887712,.239064499302818,.17569689154311,-.218502589958216,0,0,0,0,-1,0,0,.333333333333333,-.333333333333333,0,1,.0975645467135165,-.028315744411065,-.658025204965587
2587436,Christian,18,2,South Asian,4,1,good,1,.0677083333333333,0,.651618227029182,1.00272657040008,.942129897138155,.394913911393604,.504256800669746,-.266849920626815,.865491564855807,-.554830134140167,.0825174950113892,-.393178925727029,0,1,2,0,0,0,1,-.333333333333333,0,-.666666666666667,1,.651618227029182,.942129897138155,1.00272657040008
2587758,Christian,23,2,East Asian,3,1,good,1,.0523560209424084,0,.162848988640293,.0223641684305042,.0637972273081531,-.684880819301218,-.183300016863521,.404142580725535,.08300346145965,.355553077198749,-.343676608268344,-.0948799303900557,3,3,3,-2,-2,-2,3,.333333333333333,-2.33333333333333,-1,1,.162848988640293,.0637972273081531,.0223641684305042
2587857,Christian,19,2,East Asian,1,1,good,1,.4375,.739583333333333,-.326548074002558,.482287793886694,.47828808221557,-.244368489123247,-.0766801586923495,.348421766525879,.211342600699902,.0368341539208104,.00183314206232047,-.250009896683033,2,3,3,0,0,0,2.66666666666667,-1,-.666666666666667,-1,0,-.326548074002558,.47828808221557,.482287793886694
2587933,Jewish,19,2,White or Caucasian,2,1,good,1,.119791666666667,0,-.544597466307985,.509814763363988,-.0738568134012807,.439016058776109,-.0489543656602821,-.470683626810687,-.0362131721150925,-.473171482983595,.311553053141271,.197831601957417,0,0,0,0,0,0,0,0,0,0,1,-.544597466307985,-.0738568134012807,.509814763363988
2587967,None,20,2,White or Caucasian,4,2,good,1,.0677083333333333,.197916666666667,-.05303960903427,.833417698401648,.688245993584801,.110152276705538,1.28720195651926,.997016561658875,.48954136098406,.0178155288505631,.483464614086357,-.99082150392098,0,0,0,0,0,0,0,0,0,0,0,-.05303960903427,.688245993584801,.833417698401648
2587989,Christian,18,2,Black or African,2,1,good,1,.0677083333333333,0,.405585370711608,-.430232305029314,.403365965189559,.390899181684749,.249534372161494,-.239300742279995,.126239676957284,-.0666558729784767,.0782827277115452,-.137866531690353,3,3,3,0,0,1,3,-1,-.666666666666667,-1.33333333333333,1,.405585370711608,.403365965189559,-.430232305029314
2588220,None,22,2,Biracial,4,2,good,1,.046875,0,.677737814353304,.373058618310439,.879895104894072,-.678564733696882,.416815276705834,-.127704447753056,.643563845852605,.059267222544462,-.31316242378145,-.389668644615617,0,0,0,0,0,0,0,0,0,0,1,.677737814353304,.879895104894072,.373058618310439
2588268,Muslim,20,3,Biracial,3,2,good,1,.0989583333333333,.0208333333333333,-.291409717743404,-.40522818564571,1.07676203576968,-.597926719355189,.090376488585088,.735261637373901,.126708044126855,.5794721807916,-.0720468376755656,-.63413338724289,0,3,-2,3,2,-2,.333333333333333,-2.66666666666667,0,2.33333333333333,1,-.291409717743404,1.07676203576968,-.40522818564571
2588284,Christian,24,2,East Asian,4,2,good,1,.130208333333333,0,.991126624374169,.764513133674354,1.14045444674651,.189755193132695,.667081622569397,-.0847043355840186,.965364734931676,-.346324220797023,-.0447632695573591,-.574277244577295,2,3,3,1,2,2,2.66666666666667,-2,.666666666666667,-1.33333333333333,1,.991126624374169,1.14045444674651,.764513133674354
2588353,Christian,19,2,White or Caucasian,2,2,good,1,.457894736842105,.411458333333333,-1.61332751880883,-1.25029889526477,-1.32818205238183,.283648786257824,-.82659443151301,1.44164261533511,-1.39726948881848,.802764241447353,.356793957851214,.237711289519908,2,2,-1,1,1,1,1,-1.33333333333333,0,.333333333333333,0,-1.61332751880883,-1.32818205238183,-1.25029889526477
2588451,None,19,2,White or Caucasian,4,2,good,1,.109375,0,-.360068134125045,.608375730762548,.601343420845211,.121809701793383,.0644790752424122,.147583859445554,.283217005827571,-.194200524370126,.182118970386947,-.271135451844392,-1,-1,1,-1,0,1,-.333333333333333,.666666666666667,.666666666666667,-1,1,-.360068134125045,.601343420845211,.608375730762548
2588595,Christian,18,2,White or Caucasian,1,2,good,1,.0885416666666667,0,.562063608753639,.701370427203512,.241097842504601,-.552533128174217,1.17501455640949,.69719020532298,.501510626153917,.182784302097895,.0201392731605435,-.704434201412356,0,1,2,-1,1,1,1,-.333333333333333,.666666666666667,-1.33333333333333,1,.562063608753639,.241097842504601,.701370427203512
2588753,None,24,2,White or Caucasian,4,2,good,1,.135416666666667,0,.914239723116741,.995296383064731,.711689508487992,.0210762346505723,.705353546753154,-.00301660634440876,.873741871556488,-.339796408019904,-.0626033139043384,-.471342149632245,0,0,0,0,0,0,0,0,0,0,1,.914239723116741,.711689508487992,.995296383064731
2588811,Christian,19,1,Biracial,2,2,good,1,.0885416666666667,0,.224398580082382,.675665067989277,.224505025909519,.780775160418702,.0410413295397622,-.452951075768534,.374856224660393,-.636463768058838,.199139303292027,.0624682401064178,2,1,1,0,0,0,1.33333333333333,-.333333333333333,-.666666666666667,-.333333333333333,1,.224398580082382,.224505025909519,.675665067989277
