pdf_filename,paper_id,covid,paper_data_type,paper_link,paper_link_content,paper_instructions,paper_instructions_content,paper_request,paper_request_content,data_available,data_location,data_location_description,data_complete,data_date,data_notes,restricted_data,restricted_data_instructions,restricted_data_category,restricted_data_description,code_available,code_location,code_location_description,code_complete,code_date,code_notes,pr_notes,public_source_data_and_code,process_reproducible,OA_data_shared,OA_code_shared,OA_source_data_shared
Amsterlaw_ChildDev_2009_9JBX,9JBX,FALSE,New data,No,NA,No,NA,No,NA,No,NA,NA,NA,NA,NA,No,NA,NA,NA,No,NA,NA,NA,NA,NA,NA,No,No,no,no,NA
Naser_covid_x0b4r,V3p1,TRUE,New data,No,NA,No,NA,Yes,"""The data that support the findings of this study are available from the corresponding author upon reasonable request.""",No,NA,NA,NA,NA,NA,No,NA,NA,NA,No,NA,NA,NA,NA,NA,NA,No,No,no,no,NA
Antràs_Econometrica_2013_a2Yx,a2Yx,FALSE,Existing data,No,NA,No,NA,No,NA,Yes,Author website,Data and code were found on the author’s website under publications: https://scholar.harvard.edu/antras/publications/organizing-global-value-chain,Complete,NA,"Data and code were not linked in the original paper, but can be found on the author's website under publications, the name of the paper, and in ""data and replication files"": https://scholar.harvard.edu/antras/publications/organizing-global-value-chain. All data seem to be available and a downloaded readme file indicates that there are 11 .dta files that contain all the data necessary to reproduce the results.",No,NA,NA,NA,Yes,Author website,Data and code were found on the author’s website under publications: https://scholar.harvard.edu/antras/publications/organizing-global-value-chain,Complete,NA,"On the author's website, there seems to be 15 stata files to be able to reproduce all analyzes, including supplemental analyzes, from the original paper. A readme file describes what each stata file reproduces. Everything seems to be complete.",NA,No,Yes,available_online,available_online,NA
Hurst_EvoHumanBehavior_2017_yypJ,yypJ,FALSE,New data,Yes,"""Supplementary data to this article can be found online at doi: http://
dx.doi.org/10.1016/j.evolhumbehav.2016.06.001""",No,NA,No,NA,Yes,Publisher website,"Data were linked in the original paper, and are located on the publisher Science Direct website: https://www.sciencedirect.com/science/article/abs/pii/S1090513816301118?via%3Dihub",Complete,NA,"Data was linked through the original paper and was available on the publisher website under ""supplemental materials"". Access to the supplemental materials requires institutional access. All data seem to be available within the file shown as ""Download Comma Separated Value File."" Another file shown as ""Download Spreadsheet,"" contains a codebook.",No,NA,NA,NA,No,NA,NA,NA,NA,NA,NA,No,No,available_online,no,NA
Zhang_JournMarket_2017_v8yG,v8yG,FALSE,Combination (both existing and new data),No,NA,No,NA,No,NA,No,NA,NA,NA,NA,NA,No,NA,NA,NA,No,NA,NA,NA,NA,NA,"Not sure if the first two studies count as ""new or existing"" data so I selected ""combination."" Studies 1 and 2 use two large-scale data sets of observations from online gaming markets. Study 3 was a follow up experiment.",No,No,no,no,NA
Jiang_JournManage_2018_lxNw,lxNw,FALSE,New data,No,NA,No,NA,No,NA,No,NA,NA,NA,NA,NA,No,NA,NA,NA,No,NA,NA,NA,NA,NA,NA,No,No,no,no,NA
Sliwka_JournLabEco_2017_VDJV,VDJV,FALSE,New data,No,NA,Yes,"""In-formation concerning access to the data used in this article is available as supplemen- tary material online.""",No,NA,Yes,Publisher website,Data and code found on publisher website (University of Chicago Press; link: https://www.journals.uchicago.edu/doi/suppl/10.1086/689189 ). Institutional access required to download materials.,Complete,NA,Reproduction packages includes data and code files but no readme file (as far as I can tell). Seems to be complete data and code but this is less clear with no readme stating so.,No,NA,NA,NA,Yes,Publisher website,Data and code found on publisher website (University of Chicago Press; link: https://www.journals.uchicago.edu/doi/suppl/10.1086/689189 ). Institutional access required to download materials.,Complete,NA,Reproduction packages includes data and code files but no readme file (as far as I can tell). Seems to be complete data and code but this is less clear with no readme stating so.,NA,No,Yes,available_online,available_online,NA
Lindsey_JournAppPsych_2017_qNvQ,qNvQ,FALSE,Combination (both existing and new data),No,NA,No,NA,No,NA,No,NA,NA,NA,NA,NA,No,NA,NA,NA,No,NA,NA,NA,NA,NA,"Looks like the data used for studies 1 and 2 came from publicly available datasets, but study 3 was ""new"" mturk data. The author includes a ""data transparency statement"" and the end of the article that describes and links to the existing data sources. Original paper Data Transparency Statement: ""The data reported in this article were obtained from publicly available data from the National Health Service National Staff Survey from 2009 (http://discover.ukdataservice.ac.uk/catalogue/?sn657
0&typeData%20catalogue#publications) and 2010 (https://discover
.ukdataservice.ac.uk/Catalogue/?sn6957&typeData%20catalogue). A bibliography of journal articles, working papers, conference presentations, and dissertations using the National Health Service National Staff Survey is available via the previous links. The data reported in this manuscript were also obtained from the 2002 National Study of the Changing Workforce (Bond, Thompson, Galinsky, & Prottas, 2003; http://www.whenworkworks.org/be-effective/resources/national-study-ofthe-changing-workforce). The variables and relationships examined in the present article have not been examined in any previous or current articles, or to the best of our knowledge in any papers that will be under review soon."" Therefore, source data was linked to in the original paper, but not analytic data. No analytic data or code was found.",No,No,no,no,NA
Carrell_AmEcoJourn_2010_LmA2,LmA2,FALSE,Existing data,Yes,"""To comment on this article in the online discussion forum, or to view additional materials, visit the articles page at: http://www.aeaweb.org/articles.php?doi=10.1257/app.2.1.211.""",No,NA,No,NA,No,NA,NA,NA,NA,NA,Yes_all,Yes,"Ethical restrictions, Legal restrictions","The data are proprietary as noted by the readme (included in the reproduction package stored on ICPSR). The readme includes instructions for how to acquire the dataset - from readme.pdf file: ""Data for AEJApp-2009-0014, ""Externalities in the Classroom: How Children Exposed to Domestic Violence Affect Everyone's Kids,"" is proprietary and owned by the Alachua County, Florida School District. The corresponding author, Mark Hoekstra (markhoek@pitt.edu), holds the deidentified dataset (AEJApp-2009-0014_rawdata.dta) used for the project and will provide copies to authors who receive written permission from the Alachua County Public Schools...""",Yes,"Publisher website, Online repository",A link to the publisher website (American Economic Association) was included in the original paper: https://www.aeaweb.org/articles?id=10.1257/app.2.1.211 . This link then led to the reproduction files stored on ICPSR: https://www.openicpsr.org/openicpsr/project/113740/version/V1/view .,Complete,2019,"The reproduction package includes Stata code and a readme file, which notes that the data are proprietary and includes information about how to acquire the dataset.","The data are proprietary but the reproduction package includes analytic code along with instructions for how to acquire the original data, therefore this paper should be considered highly ""process reproducible"", as the authors seemed to share as much as they were able.",No,No,no,available_online,NA
Stanley_covid_x0bwr,b3G4,TRUE,New data,Yes,"""This study was formally pre-registered: https://osf.io/f9evs/?view_only=62554e74a03a4a0192e8361f9caf0c1e. We report all exclusion criteria, all conditions included, and all independent and dependent measures.""",No,NA,No,NA,Yes,"Publisher website, Online repository",A view-only link to an OSF project was included in the original paper (VOL: https://osf.io/f9evs/?view_only=62554e74a03a4a0192e8361f9caf0c1e ). Data are stored on the OSF project (link: https://osf.io/f9evs/ ). The publisher (PsyArXiv; link: https://psyarxiv.com/m3vth/ ) also includes a link to the OSF project where the data are stored.,Complete,2020,"The de-identified data are stored as a .xlsx file on OSF. This is the only file available on the OSF project, so it seems there are no analytic code, codebook, or readme files available.",No,NA,NA,NA,No,NA,NA,NA,NA,NA,NA,No,No,available_online,no,NA
Clark_JournPoliEco_2009_e5rW,e5rW,FALSE,Existing data,No,NA,No,NA,No,NA,Yes,Publisher website,Data and code were found on the publisher/journal website: https://www.journals.uchicago.edu/doi/suppl/10.1086/605604,Incomplete,NA,"Data and code are available on the publisher/journal website (but were not linked in the original paper): https://www.journals.uchicago.edu/doi/suppl/10.1086/605604 . Access to the supplemental materials requires institutional/library access. The downloaded zipfile includes a read me pdf that indicates that all data is available, except for 3 files that contain student level data. From the readme pdf: ""There should be 19 files in addition to this readme document: eleven stata do-files and eight data files in the “data” directory. The three data files not included are those that contain student-level data (see below for more details).""",No,NA,NA,NA,Yes,Publisher website,Data and code were found on the publisher/journal website: https://www.journals.uchicago.edu/doi/suppl/10.1086/605604,Complete,NA,"The readme file indicates that there are 11 stata do files that run the analyses from the original article. The readme file provides a description of each file and has a dedicated section to the stata files: ""The do-files correspond to the data files. Within each do-file are lists of the tables and figures created by that do-file. For example, the do-file associated with the main data file (main_data.do) creates Figure 1, Figure 2, etc. The variable names should be self-explanatory, at least after the code is run and the output compared with the published output. The code should run on version 8.2 or higher. Please contact me (damon.clark@cba.ufl.edu) if anything is unclear."" All files described in the readme seem to be available in the zipfile.",NA,No,Yes,available_online,available_online,NA
Jacob_AmEcoJourn_2009_RqP7,RqP7,FALSE,Existing data,Yes,"""To comment on this article in the online discussion forum, or to view additional materials, visit the articles page at: http://www.aeaweb.org/articles.php?doi=10.1257/app.1.3.33.""",No,NA,No,NA,No,NA,NA,NA,NA,NA,Yes_all,Yes,"Ethical restrictions, Legal restrictions","The data are restricted and cannot be shared directly, however the authors provide specific instructions in the readme for how to acquire the original data and prepare it in order to reproduce the analyses from the original paper. From READ_ME_AEJApp-2007-0053.pdf: “We obtained the underlying student-level data used in this analysis from the Chicago Public Schools (CPS) on a restricted-use basis that prohibits us from sharing the data with others. However, other researchers are able to apply to the CPS to obtain access to this data. For information on how to apply for such data, please see the CPS website: http://research.cps.k12.il.us/cps/accountweb/ “.",Yes,"Publisher website, Online repository",The original paper included a link to the publisher website (American Economic Association): http://www.aeaweb.org/articles.php?doi=10.1257/app.1.3.33 . The publisher website included a 'Data Set' section which linked to the code stored on ICPSR (link: https://www.openicpsr.org/openicpsr/project/113566/version/V1/view ).,Complete,2019,"After selecting that I agree to the terms and conditions on ICPSR, I was able to download the whole reproduction package, which included multiple code files as well as a readme file. The data are restricted and could not be shared directly.","The data are restricted (from Chicago Public Schools) and cannot be shared directly, however the authors provide instructions in the readme for how to acquire the original data and prepare it in order to reproduce the analyses from the original paper, along with analytic code files. Therefore, this paper should be considered highly “process reproducible,” as it seems the original authors shared as much as they were able.",No,No,no,available_online,NA
Winters_EduRes_2013_7pBJ,7pBJ,FALSE,Existing data,No,NA,No,NA,No,NA,No,NA,NA,NA,NA,NA,No,NA,NA,NA,No,NA,NA,NA,NA,NA,NA,No,No,no,no,NA
Dimmock_JournFinEco_2016_Dpxe,Dpxe,FALSE,New data,No,NA,No,NA,No,NA,No,NA,NA,NA,NA,NA,No,NA,NA,NA,No,NA,NA,NA,NA,NA,NA,No,No,no,no,NA
Cain_JournFinEco_2017_jrdg,jrdg,FALSE,Existing data,Yes,"""The index and underlying data on legal variables are available on the author’s website (http://pages.uoregon.edu/smckeon).""",No,NA,No,NA,Yes,Author website,"Data were linked in the original paper, and are located on the author's website: https://pages.uoregon.edu/smckeon/",Complete,NA,"There are two data files that can be found on the author's website (which was linked in the original paper): https://pages.uoregon.edu/smckeon/. The first csv file includes the data for the takeover index. The second excel file includes the data for capital liquidity. These files seem to be complete. The article also featured a statement about the data: ""We make this index and underlying data publically available for use in future research on topics related to corporate governance""",No,NA,NA,NA,No,NA,NA,NA,NA,NA,NA,No,No,available_online,no,NA
Stambaugh_JournFinEco_2012_YRvg,YRvg,FALSE,Existing data,No,NA,No,NA,No,NA,No,NA,NA,NA,NA,NA,No,NA,NA,NA,No,NA,NA,NA,NA,NA,NA,No,No,no,no,NA
Locke_JournExpSocPsych_2015_D8e,D8e,FALSE,New data,No,NA,No,NA,No,NA,No,NA,NA,NA,NA,NA,No,NA,NA,NA,No,NA,NA,NA,NA,NA,NA,No,No,no,no,NA
Kleven_AmEcoRev_2013_Jg9v,Jg9v,FALSE,Existing data,Yes,"""Go to http://dx.doi.org/10.1257/aer.103.5.1892 to visit the article page for additional materials and author disclosure statement(s).""",No,NA,No,NA,Yes,"Publisher website, Online repository","Data and code were linked to in original paper, and are located on OPENICPSR: https://www.openicpsr.org/openicpsr/project/112661/version/V1/view?path=/openicpsr/112661/fcr:versions/V1/Data_-_Prog_AER&type=folder",Complete,2019,"Data and code are linked in the original paper: http://dx.doi.org/10.1257/aer.103.5.1892. This link leads to the publisher website where data and code can be found under additional materials and are linked to OPENICPSR: https://www.openicpsr.org/openicpsr/project/112661/version/V1/view?path=/openicpsr/112661/fcr:versions/V1/Data_-_Prog_AER&type=folder. On OPENICPSR there are 3 folders titled ""estimates,"" ""data,"" and ""prog"". A readme file indicates that each folder has everything needed to replicate the study. The readme file contains information on the data folder: ""all the data is in the folder data which is then split into data_graph, for all the graphs, and data_estimation for all the estimation results"". The data folder seems to contain all the information indicated in the readme with 2 subfolders that contain .dta and csv files that contain all the data needed to create the estimation programs and the graphs from the original article.",No,NA,NA,NA,Yes,"Publisher website, Online repository","Data and code were linked to in original paper, and are located on OPENICPSR: https://www.openicpsr.org/openicpsr/project/112661/version/V1/view?path=/openicpsr/112661/fcr:versions/V1/Data_-_Prog_AER&type=folder",Complete,2019,"Data and code are linked in the original paper: http://dx.doi.org/10.1257/aer.103.5.1892. This link leads to the publisher website where data and code can be found under additional materials and are linked to OPENICPSR: https://www.openicpsr.org/openicpsr/project/112661/version/V1/view?path=/openicpsr/112661/fcr:versions/V1/Data_-_Prog_AER&type=folder. On OPENICPSR there are 3 folders titled ""estimates,"" ""data,"" and ""prog"". A readme file indicates that the prog folder contains all the stata programs necessary to replicate the article's results. The readme file explains the packages needed and how to organize/run the files so that the results are replicated. The prog folder seems to contain everything described in the readme file and has subfolders with their own readme files to further clarify how to use the stata programs.",NA,No,Yes,available_online,available_online,NA
Kline_AmEcoRev_2016_GOAw,GOAw,FALSE,Existing data,Yes,"""Go to http://dx.doi.org/10.1257/aer.20130824 to visit the article page for additional materials and author disclosure statement(s).""",No,NA,No,NA,No,NA,NA,NA,NA,NA,Yes_all,Yes,Other,"None of the existing MDRC Jobs First data is available and needs an application to request access. The readme pdf included in the additional materials describes the files that the code is expecting to use once a researcher gains access to the Jobs First data and how the author's gained access themselves: ""In these notes and associated
files, we provide computer code that allows a user to replicate our results given access to these data. Specifically, the Stata code assumes that the sub-directory MDRC contains the file “ctadmrec.dta”, the main administrative-file from the Jobs First Experiment. We obtained this file by following the application process described at http://www.mdrc.org/available-public-use-files#bookmark4 and then converting to Stata dataset format the MDRC’s file “ctadmrec.sas7bdat”.""",Yes,"Publisher website, Online repository, Author website","Code was linked in the original paper, located on OPENICPSR, and the author's website: https://www.openicpsr.org/openicpsr/project/112930/version/V1/view?flag=follow&path=/openicpsr/112930/fcr:versions/V1/AER_Code&type=folder&pageSelected=2&pageSize=10&sortOrder=(?title)&sortAsc=true; https://eml.berkeley.edu/~pkline/",Complete,2019,"Code was linked in the original paper, located on OPENICPSR, and the author's website. A readme file indicates that there are both stata and Matlab code in the downloaded zipfile. The stata code runs from a master file then calls on the .do files to create the tables and figures from the article. There looks to be 17 .do files that run off of the master .do. There also appears to be one matlab file that creates tables from the original article.",NA,No,No,no,available_online,NA
Bursztyn_AmEcoRev_2017_VB9K,VB9K,FALSE,New data,Yes,"""Go to https://doi.org/10.1257/aer.20170029 to visit the article page for additional materials and author disclosure statement(s).""",No,NA,No,NA,Yes,"Publisher website, Online repository, Author website","Data and Code were linked in the original paper, located on OPENICPSR, and the author's website: https://www.openicpsr.org/openicpsr/project/113174/version/V1/view?path=/openicpsr/113174/fcr:versions/V1/replication&type=folder; https://home.uchicago.edu/bursztyn/research.html",Complete,2019,"Data and Code were linked in the original paper, located on OPENICPSR, and the author's website. There are 3 folders: ""data,"" ""do,"" and ""gph"". A readme file indicates that all the data necessary for replication is available in the data folder. There are 10 dta files that seem to encompass all the data necessary to run the analysis.",No,NA,NA,NA,Yes,"Publisher website, Online repository, Author website","Data and Code were linked in the original paper, located on OPENICPSR, and the author's website: https://www.openicpsr.org/openicpsr/project/113174/version/V1/view?path=/openicpsr/113174/fcr:versions/V1/replication&type=folder; https://home.uchicago.edu/bursztyn/research.html",Complete,2019,"Data and Code were linked in the original paper, located on OPENICPSR, and the author's website. There are 3 folders: ""data,"" ""do,"" and ""gph"". A readme file indicates that the do folder contains the 5 stata programs necessary to replicate the tables and figures in the original article.",NA,No,Yes,available_online,available_online,NA
Manne_JournConsClinPsy_2010_m4KV,m4KV,FALSE,Existing data,No,NA,No,NA,No,NA,No,NA,NA,NA,NA,NA,No,NA,NA,NA,No,NA,NA,NA,NA,NA,NA,No,No,no,no,NA
Stice_JournConsClinPsy_2009_q4X2,q4X2,FALSE,Existing data,No,NA,No,NA,No,NA,No,NA,NA,NA,NA,NA,No,NA,NA,NA,No,NA,NA,NA,NA,NA,NA,No,No,no,no,NA
Pais_AmJournSocio_2013_2Ypg,2Ypg,FALSE,Existing data,No,NA,No,NA,No,NA,No,NA,NA,NA,NA,NA,No,NA,NA,NA,No,NA,NA,NA,NA,NA,NA,No,No,no,no,NA
Smith_AmJournSocio_2016_Peaa,Peaa,FALSE,Existing data,No,NA,No,NA,No,NA,No,NA,NA,NA,NA,NA,No,NA,NA,NA,No,NA,NA,NA,NA,NA,NA,No,No,no,shared_on_request,yes
Aizer_QuartJournEco_2015_DDmy,DDmy,FALSE,Existing data,No,NA,No,NA,No,NA,No,NA,NA,NA,NA,NA,No,NA,NA,NA,No,NA,NA,NA,NA,NA,NA,No,No,no,no,NA
Lee_QuartJournEco_2012_9wkl,9wkl,FALSE,Existing data,No,NA,No,NA,No,NA,No,NA,NA,NA,NA,NA,No,NA,NA,NA,No,NA,NA,NA,NA,NA,NA,No,No,no,no,NA
Crépon_QuartJournEco_2013_DDNe,DDNe,FALSE,Combination (both existing and new data),No,NA,No,NA,No,NA,No,NA,NA,NA,NA,NA,No,NA,NA,NA,No,NA,NA,NA,NA,NA,NA,No,No,no,no,NA
Wilfahrt_WorldPolitics_2018_k7wj,k7wj,FALSE,Existing data,No,NA,Yes,"""Supplementary material for this article can be found at https://doi.org/10.1017
/S0043887117000363.""",No,NA,Yes,"Publisher website, Online repository, Author website","Data and Code were not directly linked in the original paper. A link in the paper to supplementary materials lead to the publisher website, which contains a pdf that has a citation for Harvard Dataverse where the data and code are stored: https://dataverse.harvard.edu/dataset.xhtml?persistentId=doi:10.7910/DVN/O9PUSY. The data and code can also be found on the author's website: http://marthawilfahrt.weebly.com/research--publications.html",Complete,NA,"Data and code were not directly linked in the original paper. A link in the supplementary materials section leads to the publisher website where a pdf title wilfahrt supplementary materials 1 under supplementary materials contains a citation that when searched leads to the data and code on Harvard Dataverse (https://dataverse.harvard.edu/dataset.xhtml?persistentId=doi:10.7910/DVN/O9PUSY). The author's website also contains a link to data and code, but to access the data and code a free account with now publishers has to be created (https://www.nowpublishers.com/article/details/supplementaryinfo/100.00019086_supp.zip). All the locations seem to contain the same materials. There is a readme pdf that indicates that there are 3 .dta files, 6 .csv files, 2 excel files, and 7 shapefiles that contain the ""cleaned and reduced-form"" data. The readme file also provides instructions on how to get the original raw data. These files all seem to be available and contained within a zipfile that produces 3 folders titled ""Data,"" ""Do Files,"" and ""Shapefiles"".",No,NA,NA,NA,Yes,"Publisher website, Online repository, Author website","Data and Code were not directly linked in the original paper. A link in the paper to supplementary materials lead to the publisher website, which contains a pdf that has a citation for Harvard Dataverse where the data and code are stored: https://dataverse.harvard.edu/dataset.xhtml?persistentId=doi:10.7910/DVN/O9PUSY. The data and code can also be found on the author's website: http://marthawilfahrt.weebly.com/research--publications.html",Complete,NA,"Data and code were not directly linked in the original paper. A link in the supplementary materials section leads to the publisher website where a pdf title wilfahrt supplementary materials 1 under supplementary materials contains a citation that when searched leads to the data and code on Harvard Dataverse (https://dataverse.harvard.edu/dataset.xhtml?persistentId=doi:10.7910/DVN/O9PUSY). The author's website also contains a link to data and code, but to access the data and code a free account with now publishers has to be created (https://www.nowpublishers.com/article/details/supplementaryinfo/100.00019086_supp.zip). All the locations seem to contain the same materials. A readme pdf indicates that there are 5 stata do files that replicate the analyses and the tables/figures from the original paper.",NA,No,Yes,available_online,available_online,NA
Colgan_WorldPolitics_2013_y2DG,y2DG,FALSE,Existing data,Yes,"""At http://www.worldchristiandatabase.org/wcd/, accessed June 22, 2010."", "" For further
information, see the cow database. At http://www.correlatesofwar.org/, accessed August 11, 2011.""",No,NA,No,NA,Yes,Author website,"Two of the seemingly three data sources were linked in the original paper: https://www.worldchristiandatabase.org/ , https://correlatesofwar.org/. The third data source seems to be found on the author's website: https://www.dropbox.com/s/wopky845mezvvsz/Revolution%20Data%20v1-1.zip?dl=0",Complete,NA,"There was no official data availability statement in the original article. However, the article did provide links to two existing data sets that were used in the paper: https://www.worldchristiandatabase.org/ , https://correlatesofwar.org/. Furthermore, on the author's website under ""data"" a link to the ""Revolutionary Leaders and Revolutions dataset"" is available that leads to a dropbox which contains a readme file, a dta file, the article where the data was originally created, and a codebook. This dataset does not explicitly state whether or not it was used in the current article, but does say ""this dataset underlies several publications, including an article in World Politics (2013) on the behavior of revolutionary leaders. "" which seems to encompass the current article.",No,NA,NA,NA,No,NA,NA,NA,NA,NA,NA,No,No,available_online,shared_on_request,NA
McLaren_WorldPolitics_2012_wRvv,wRvv,FALSE,Existing data,Yes,"""This is measured by the total expenditure on social protection per head
of population in ecu/euro, in the year before each of the rounds of the
ess survey. Data are available from http://epp.eurostat.ec.europa.eu/
portal/page/portal/social_protection/data/main_tables. "", ""gdp/Capita, measured using the average oecd gdp/capita as the base is
available from http://stats.oecd.org/Index.aspx?DataSetCode=NAG"", ""Unemployment rate in the year before the survey were both obtained from the oecd, available at http://titania.sourceoecd.org/vl
=3262696/cl=11/nw=1/rpsv/factbook2009/06/02/01/index.htm""",No,NA,No,NA,No,NA,NA,NA,NA,NA,No,NA,NA,NA,No,NA,NA,NA,NA,NA,"There were links to data sets used in the paper, but none were functioning.",No,No,no,no,NA
Bartikowski_JournBusRes_2016_Wb3N,Wb3N,FALSE,New data,No,NA,No,NA,No,NA,No,NA,NA,NA,NA,NA,No,NA,NA,NA,No,NA,NA,NA,NA,NA,NA,No,No,no,no,NA
De Dreu_JournAppPsych_2009_eg0Q,eg0Q,FALSE,New data,No,NA,No,NA,No,NA,No,NA,NA,NA,NA,NA,No,NA,NA,NA,No,NA,NA,NA,NA,NA,NA,No,No,no,no,NA
Biron_JournAppPsych_2012_EGLZ,EGLZ,FALSE,New data,No,NA,No,NA,No,NA,No,NA,NA,NA,NA,NA,No,NA,NA,NA,No,NA,NA,NA,NA,NA,NA,No,No,no,no,NA
Raver_JournAppPsych_2010_59bm,59bm,FALSE,New data,No,NA,No,NA,No,NA,No,NA,NA,NA,NA,NA,No,NA,NA,NA,No,NA,NA,NA,NA,NA,NA,No,No,no,no,NA
Waller_JournMarFam_2014_AXBY,AXBY,FALSE,Existing data,No,NA,No,NA,No,NA,No,NA,NA,NA,NA,NA,No,NA,NA,NA,No,NA,NA,NA,NA,NA,NA,No,No,no,no,NA
Mazelis_JournMarFam_2011_J7Z2,J7Z2,FALSE,Existing data,No,NA,No,NA,No,NA,No,NA,NA,NA,NA,NA,No,NA,NA,NA,No,NA,NA,NA,NA,NA,NA,No,No,no,no,NA
Noah_JournMarFam_2018_km2j,km2j,FALSE,Existing data,No,NA,No,NA,No,NA,No,NA,NA,NA,NA,NA,No,NA,NA,NA,No,NA,NA,NA,NA,NA,NA,No,No,no,no,NA
Boehmer_RevFinStudies_2013_RlQL,RlQL,FALSE,Existing data,No,NA,No,NA,No,NA,No,NA,NA,NA,NA,NA,No,NA,NA,NA,No,NA,NA,NA,NA,NA,NA,No,No,no,no,NA
Dam_RevFinStudies_2012_rbDR,rbDR,FALSE,Existing data,No,NA,No,NA,Yes,“Tables of simulation results and Stata code to generate these simulations are available upon request.”,No,NA,NA,NA,NA,NA,No,NA,NA,NA,No,NA,NA,NA,NA,NA,NA,No,No,no,no,NA
Khwaja_RevFinStudies_2010_jqR9,jqR9,FALSE,Existing data,No,NA,No,NA,No,NA,No,NA,NA,NA,NA,NA,No,NA,NA,NA,No,NA,NA,NA,NA,NA,NA,No,No,no,no,NA
Hendrickson_HealthPsych_2017_dOw8,dOw8,FALSE,New data,No,NA,No,NA,No,NA,No,NA,NA,NA,NA,NA,No,NA,NA,NA,No,NA,NA,NA,NA,NA,NA,No,No,no,no,NA
Andrews_BritJournPoliSci_2009_Ryq7,Ryq7,FALSE,Existing data,No,NA,No,NA,No,NA,No,NA,NA,NA,NA,NA,No,NA,NA,NA,No,NA,NA,NA,NA,NA,"Did provide a citation for data: ""We use data published in Ian Budge, Hans-Dieter Klingemann, Andrea Volkens, Judith Bara and Eric Tanenbaum, Mapping Policy Preferences: Estimates for Parties, Electors, and Governments 1945–1998 (Oxford: Oxford University Press, 2001).""",No,No,shared_on_request,shared_on_request,NA
Benson_BritJournPoliSci_2010_RyL7,RyL7,FALSE,Existing data,Yes,"""The data used in this article, as well as the additional Web Appendix, are available at http://www.michellebenson.net.""",No,NA,No,NA,No,NA,NA,NA,NA,NA,No,NA,NA,NA,No,NA,NA,NA,NA,NA,"Link leads to the author's website, but the link for data and code on the website is broken",No,No,no,no,NA
Gerber_BritJournPoliSci_2018_3WmY,3WmY,FALSE,Existing data,Yes,"""Data replication sets are available at https://dataverse.harvard.edu/dataverse/BJPolS. """,No,NA,No,NA,Yes,"Publisher website, Online repository",Data and code were linked in the original paper (however it is a general link to Harvard Dataverse where the paper title then needs to be searched) and are located on the Harvard Dataverse: https://dataverse.harvard.edu/dataset.xhtml?persistentId=doi:10.7910/DVN/XQTCHB,Complete,2017,"On harvard dataverse, there are 8 dta files containing the analytic data for the article. These 8 files are contained within a zipfile when downloaded. They seem to be complete and contain everything necessary to replicate the article. There is also a codebook.",No,NA,NA,NA,Yes,"Publisher website, Online repository",Data and code were linked in the original paper (however it is a general link to Harvard Dataverse where the paper title then needs to be searched) and are located on the Harvard Dataverse: https://dataverse.harvard.edu/dataset.xhtml?persistentId=doi:10.7910/DVN/XQTCHB,Complete,2017,A downloaded zipfile from harvard dataverse contains 3 stata code files and 2 R files. These seem to be complete and contain the code to replicate the findings and figures for the original article.,"The author's website may contain data and code, but it was in a language other than english so therefor was inaccessible",No,Yes,available_online,available_online,NA
Kalysh_LeadQuart_2016_bYvE,bYvE,FALSE,Existing data,No,NA,No,NA,No,NA,No,NA,NA,NA,NA,NA,No,NA,NA,NA,No,NA,NA,NA,NA,NA,NA,No,No,no,no,NA
Byrne_LeadQuart_2014_1DLv,1DLv,FALSE,New data,No,NA,No,NA,No,NA,No,NA,NA,NA,NA,NA,No,NA,NA,NA,No,NA,NA,NA,NA,NA,NA,No,No,no,no,NA
Sun_LeadQuart_2013_qkVv,qkVv,FALSE,New data,No,NA,No,NA,No,NA,No,NA,NA,NA,NA,NA,No,NA,NA,NA,No,NA,NA,NA,NA,NA,NA,No,No,no,no,NA
Moore_covid_pkx61,E34j,TRUE,New data,No,NA,No,NA,No,NA,No,NA,NA,NA,NA,NA,No,NA,NA,NA,No,NA,NA,NA,NA,NA,NA,No,No,no,no,NA
Kazi_covid_82rdy,m91V,TRUE,Existing data,No,NA,No,NA,No,NA,No,NA,NA,NA,NA,NA,No,NA,NA,NA,No,NA,NA,NA,NA,NA,"The preprint did have a data availability statement: ""DATA AVAILABILITY STATEMENT
All encounter data used in the analyses are presented in the Table. "" The table did not seem to have analysis ready data",No,No,no,no,NA
Muto_covid_rn641,vyRx,TRUE,New data,No,NA,No,NA,No,NA,Yes,"Publisher website, Online repository",Data was found on the publisher website and are located on openICPSR: https://www.openicpsr.org/openicpsr/project/118584/version/V1/view,Complete,NA,Questionnaire and rawdata csv included,No,NA,NA,NA,No,NA,NA,NA,NA,NA,NA,No,No,available_online,no,NA
Adachi_ChildDev_2016_wXGd,wXGd,FALSE,Combination (both existing and new data),No,NA,No,NA,No,NA,No,NA,NA,NA,NA,NA,No,NA,NA,NA,No,NA,NA,NA,NA,NA,NA,No,No,no,no,NA
Farmer_ExChildren_2011_LR8x,LR8x,FALSE,New data,No,NA,No,NA,No,NA,No,NA,NA,NA,NA,NA,No,NA,NA,NA,No,NA,NA,NA,NA,NA,NA,No,No,no,no,NA
Zumeta_ExChildren_2012_EAl3,EAl3,FALSE,New data,No,NA,No,NA,No,NA,No,NA,NA,NA,NA,NA,No,NA,NA,NA,No,NA,NA,NA,NA,NA,NA,No,No,no,no,NA
Travers_ExChildren_2018_zqwm,zqwm,FALSE,Existing data,No,NA,No,NA,No,NA,No,NA,NA,NA,NA,NA,No,NA,NA,NA,No,NA,NA,NA,NA,NA,NA,No,No,no,no,NA
Katsikeas_JournAcaMarkSci_2016_m514,m514,FALSE,New data,No,NA,No,NA,No,NA,No,NA,NA,NA,NA,NA,No,NA,NA,NA,No,NA,NA,NA,NA,NA,NA,No,No,no,no,NA
Fombelle_JournAcaMarkSci_2012_vR3L,vR3L,FALSE,New data,No,NA,No,NA,No,NA,No,NA,NA,NA,NA,NA,No,NA,NA,NA,No,NA,NA,NA,NA,NA,NA,No,No,no,no,NA
Worm_JournAcaMarkSci_2017_088r,088r,FALSE,New data,No,NA,No,NA,No,NA,No,NA,NA,NA,NA,NA,No,NA,NA,NA,No,NA,NA,NA,NA,NA,NA,No,No,no,no,NA
Moran_PsychMed_2011_WKWz,WKWz,FALSE,Existing data,No,NA,No,NA,No,NA,No,NA,NA,NA,NA,NA,No,NA,NA,NA,No,NA,NA,NA,NA,NA,NA,No,No,no,no,NA
Schomerus_PsychMed_2009_P54Y,P54Y,FALSE,New data,No,NA,No,NA,No,NA,No,NA,NA,NA,NA,NA,No,NA,NA,NA,No,NA,NA,NA,NA,NA,NA,No,No,no,no,NA
Stilo_PsychMed_2017_0ywZ,0ywZ,FALSE,New data,No,NA,No,NA,No,NA,No,NA,NA,NA,NA,NA,No,NA,NA,NA,No,NA,NA,NA,NA,NA,NA,No,No,no,no,NA
Li_JournPoliEco_2010_Eq8Z,Eq8Z,FALSE,Existing data,No,NA,No,NA,No,NA,No,NA,NA,NA,NA,NA,No,NA,NA,NA,No,NA,NA,NA,NA,NA,NA,No,No,no,no,NA
BUTTON_Criminology_2017_pN7E,pN7E,FALSE,Existing data,No,NA,No,NA,No,NA,No,NA,NA,NA,NA,NA,No,NA,NA,NA,No,NA,NA,NA,NA,NA,"Data/code is not linked in the paper but did mention a database: YRBS-HS by the CDC (https://nccd.cdc.gov/Youthonline/App/Results.aspx?LID=DE) from a quick google search and based on what was explained in the paper, I found the link in parentheses.",No,No,no,no,NA
Milesi_EduRes_2014_elAp,elAp,FALSE,Existing data,No,NA,No,NA,No,NA,No,NA,NA,NA,NA,NA,No,NA,NA,NA,No,NA,NA,NA,NA,NA,NA,No,No,no,no,NA
Robinson_EduRes_2011_NrrW,NrrW,FALSE,Existing data,No,NA,No,NA,No,NA,No,NA,NA,NA,NA,NA,No,NA,NA,NA,No,NA,NA,NA,NA,NA,NA,No,No,no,no,NA
Robinson_EduRes_2010_g0XQ,g0XQ,FALSE,Existing data,No,NA,No,NA,No,NA,No,NA,NA,NA,NA,NA,No,NA,NA,NA,No,NA,NA,NA,NA,NA,"The supplemental material doc on the publisher website (with institution access) did contain a description of the source data and links to where to access it, however, analytic data was not found",No,No,no,no,NA
Wathne_JournMarketRes_2018_QGya,QGya,FALSE,New data,No,NA,No,NA,No,NA,No,NA,NA,NA,NA,NA,No,NA,NA,NA,No,NA,NA,NA,NA,NA,NA,No,No,no,no,NA
Zhu_JournMarketRes_2009_8w97,8w97,FALSE,New data,No,NA,No,NA,No,NA,No,NA,NA,NA,NA,NA,No,NA,NA,NA,No,NA,NA,NA,NA,NA,NA,No,No,no,no,NA
Chakravarty_JournMarketRes_2016_wey7,wey7,FALSE,Existing data,No,NA,No,NA,No,NA,No,NA,NA,NA,NA,NA,No,NA,NA,NA,No,NA,NA,NA,NA,NA,NA,No,No,no,no,NA
Korn_PsychMed_2014_xklO,xklO,FALSE,New data,No,NA,No,NA,No,NA,No,NA,NA,NA,NA,NA,No,NA,NA,NA,No,NA,NA,NA,NA,NA,NA,No,No,no,no,NA
van Gastel_PsychMed_2013_AOQj,AOQj,FALSE,New data,No,NA,No,NA,No,NA,No,NA,NA,NA,NA,NA,No,NA,NA,NA,No,NA,NA,NA,NA,NA,NA,No,No,no,no,NA
Foster_PsychMed_2015_veBv,veBv,FALSE,Existing data,No,NA,No,NA,No,NA,No,NA,NA,NA,NA,NA,No,NA,NA,NA,No,NA,NA,NA,NA,NA,NA,No,No,no,no,NA
STAFF_Criminology_2015_d2O3,d2O3,FALSE,Existing data,No,NA,No,NA,No,NA,No,NA,NA,NA,NA,NA,No,NA,NA,NA,No,NA,NA,NA,NA,NA,NA,No,No,no,no,yes
Netemeyer_JournConsRes_2018_Ow0,Ow0,FALSE,New data,No,NA,No,NA,No,NA,No,NA,NA,NA,NA,NA,No,NA,NA,NA,No,NA,NA,NA,NA,NA,NA,No,No,shared_on_request,shared_on_request,NA
Andrew_SocialForces_2014_x0pA,x0pA,FALSE,Existing data,No,NA,No,NA,No,NA,No,NA,NA,NA,NA,NA,No,NA,NA,NA,No,NA,NA,NA,NA,NA,Data and code were not found to be linked in the paper but were explained in the paper. They used existing data from these databases. (https://www.bls.gov/nls/nlsy79-children.htm) (https://nces.ed.gov/surveys/nels88/),No,No,no,no,NA
Kuwabara_AmJournSocio_2015_lYpL,lYpL,FALSE,New data,No,NA,No,NA,No,NA,No,NA,NA,NA,NA,NA,No,NA,NA,NA,No,NA,NA,NA,NA,NA,NA,No,No,shared_on_request,shared_on_request,NA
Zhang_AcaManageJourn_2014_Gdq4,Gdq4,FALSE,New data,No,NA,No,NA,No,NA,No,NA,NA,NA,NA,NA,No,NA,NA,NA,No,NA,NA,NA,NA,NA,NA,No,No,no,no,NA
Durand_AcaManageJourn_2012_qQLg,qQLg,FALSE,Existing data,No,NA,No,NA,No,NA,No,NA,NA,NA,NA,NA,No,NA,NA,NA,No,NA,NA,NA,NA,NA,NA,No,No,no,shared_on_request,NA
Kapoor_AcaManageJourn_2015_epZ9,epZ9,FALSE,Combination (both existing and new data),No,NA,No,NA,No,NA,No,NA,NA,NA,NA,NA,No,NA,NA,NA,No,NA,NA,NA,NA,NA,NA,No,No,no,no,NA
Rodriguez-Lara_ExpEco_2012_AgO1,AgO1,FALSE,New data,No,NA,No,NA,No,NA,No,NA,NA,NA,NA,NA,No,NA,NA,NA,No,NA,NA,NA,NA,NA,NA,No,No,shared_on_request,no,NA
Bellemare_ExpEco_2010_g3e9,g3e9,FALSE,New data,No,NA,No,NA,No,NA,No,NA,NA,NA,NA,NA,No,NA,NA,NA,No,NA,NA,NA,NA,NA,The paper does indicate that there are files available at: http://www.ecn.ulaval.ca/charles.bellemare/ however the website is in French and when google translated to English I could not find the files to see if they had data or code.,No,No,no,no,NA
Cooper_ExpEco_2018_kEZZ,kEZZ,FALSE,New data,No,NA,No,NA,No,NA,No,NA,NA,NA,NA,NA,No,NA,NA,NA,No,NA,NA,NA,NA,NA,NA,No,No,no,no,NA
Coles_RevFinStudies_2014_7K4L,7K4L,FALSE,Existing data,No,NA,No,NA,No,NA,No,NA,NA,NA,NA,NA,No,NA,NA,NA,No,NA,NA,NA,NA,NA,NA,No,No,no,no,NA
Christensen_RevFinStudies_2016_v7QG,v7QG,FALSE,Existing data,No,NA,No,NA,No,NA,No,NA,NA,NA,NA,NA,No,NA,NA,NA,No,NA,NA,NA,NA,NA,NA,No,No,shared_on_request,shared_on_request,NA
Andonov_RevFinStudies_2017_5aXB,5aXB,FALSE,Existing data,No,NA,No,NA,No,NA,No,NA,NA,NA,NA,NA,No,NA,NA,NA,No,NA,NA,NA,NA,NA,NA,No,No,no,no,NA
Laidlaw_EvoHumanBehavior_2016_9jD4,9jD4,FALSE,New data,No,NA,No,NA,No,NA,No,NA,NA,NA,NA,NA,No,NA,NA,NA,No,NA,NA,NA,NA,NA,NA,No,No,no,no,NA
Lindner_LearnInst_2017_A1Y1,A1Y1,FALSE,New data,No,NA,No,NA,No,NA,No,NA,NA,NA,NA,NA,No,NA,NA,NA,No,NA,NA,NA,NA,NA,NA,No,No,no,no,NA
Sgourev_EurSocioRev_2010_EOwP,EOwP,FALSE,Existing data,No,NA,No,NA,No,NA,No,NA,NA,NA,NA,NA,No,NA,NA,NA,No,NA,NA,NA,NA,NA,"""Supplementary data is available at European Sociological Review online."" but I could not gain access to the article through there. I have found that many articles indicate ""supplementary data,"" but do not contain analytic data or code.",No,No,no,no,NA
Nowell_JournPubAdRes_2015_xeXN,xeXN,FALSE,New data,No,NA,No,NA,No,NA,No,NA,NA,NA,NA,NA,No,NA,NA,NA,No,NA,NA,NA,NA,NA,NA,No,No,no,no,NA
Oberfield_JournPubAdRes_2010_gl2O,gl2O,FALSE,New data,No,NA,No,NA,No,NA,No,NA,NA,NA,NA,NA,No,NA,NA,NA,No,NA,NA,NA,NA,NA,NA,No,No,no,no,NA
Holmgren_JournPubAdRes_2018_q1Jw,q1Jw,FALSE,Existing data,No,NA,No,NA,No,NA,No,NA,NA,NA,NA,NA,No,NA,NA,NA,No,NA,NA,NA,NA,NA,NA,No,No,no,no,NA
Benjamin_AmEcoRev_2010_WaYe,WaYe,FALSE,New data,No,NA,No,NA,No,NA,Yes,"Publisher website, Online repository","Data and code are NOT linked in original paper, but are linked on the journal website [https://www.aeaweb.org/articles?id=10.1257/aer.100.4.1913], and are located on ICPSR [https://www.openicpsr.org/openicpsr/project/112377/version/V1/view]",Complete,2019,NA,No,NA,NA,NA,Yes,"Publisher website, Online repository","Data and code are NOT linked in original paper, but are linked on the journal website [https://www.aeaweb.org/articles?id=10.1257/aer.100.4.1913], and are located on ICPSR [https://www.openicpsr.org/openicpsr/project/112377/version/V1/view]",Complete,2019,NA,NA,No,Yes,available_online,available_online,NA
Axt_JournExpSocPsych_2018_zK2,zK2,FALSE,New data,Yes,"""See https://osf.io/u7tkp for all data, materials and the online supplement.""",No,NA,No,NA,Yes,Online repository,"Data and code were linked in the original paper, and are located on the OSF: https://osf.io/u7tkp/",Complete,2018,NA,No,NA,NA,NA,Yes,Online repository,"Data and code were linked in the original paper, and are located on the OSF: https://osf.io/u7tkp/",Complete,2018,NA,NA,No,Yes,available_online,available_online,NA
GROSSMAN_AmPoliSciRev_2014_LyWB,LyWB,FALSE,Combination (both existing and new data),No,NA,No,NA,No,NA,Yes,"Online repository, Author website",Data and code available on Harvard Dataverse: https://dataverse.harvard.edu/dataset.xhtml?persistentId=doi:10.7910/DVN/26937 . Data/code linked on author website ( https://guygrossman.com/articles/ ) but not on publisher site.,Complete,NA,NA,No,NA,NA,NA,Yes,"Online repository, Author website",Data and code available on Harvard Dataverse: https://dataverse.harvard.edu/dataset.xhtml?persistentId=doi:10.7910/DVN/26937 . Data/code linked on author website ( https://guygrossman.com/articles/ ) but not on publisher site.,Complete,NA,NA,"The paper includes a link to supplementary materials, 'To view supplementary material for this article, please visit http://dx.doi.org/10.1017/S0003055413000567', however only an Appendix was available there - the data and code were not stored/linked there.",No,Yes,available_online,available_online,NA
Kroencke_covid_pkxnk,1N2N,TRUE,New data,Yes,"""The full models including these coefficients can be found in our online supplementary results at http://go.wwu.de/t7hy9.""",No,NA,No,NA,Yes,Online repository,"Data and code were linked in the paper, and are located on the OSF: https://osf.io/46etw/?view_only=67b9c0d252444f05b2e79169ce61b38a",Complete,2020,NA,No,NA,NA,NA,Yes,Online repository,"Data and code were linked in the paper, and are located on the OSF: https://osf.io/46etw/?view_only=67b9c0d252444f05b2e79169ce61b38a",Complete,2020,NA,NA,No,Yes,available_online,available_online,NA
Carrell_QuartJournEco_2010_AG7r,AG7r,FALSE,Existing data,No,NA,No,NA,No,NA,No,NA,NA,NA,NA,NA,No,NA,NA,NA,No,NA,NA,NA,NA,NA,NA,No,No,no,no,NA
Card_QuartJournEco_2009_KymO,KymO,FALSE,Existing data,No,NA,No,NA,No,NA,No,NA,NA,NA,NA,NA,No,NA,NA,NA,No,NA,NA,NA,NA,NA,NA,No,No,no,no,NA
Donaldson_QuartJournEco_2016_Jblv,Jblv,FALSE,Existing data,No,NA,No,NA,No,NA,No,NA,NA,NA,NA,NA,No,NA,NA,NA,No,NA,NA,NA,NA,NA,"Does have an appendix that contains detailed information about where they got their data, but no analytic data",No,No,shared_on_request,shared_on_request,NA
Berg_covid_z7r4m,qKPb,TRUE,Existing data,Yes,"""The current analysis is based on data available on April 1, 2020. It will be updated every two weeks and made available at MedRxiv (https://www.medrxiv.org/)""",No,NA,No,NA,Yes,"Publisher website, Online repository","The link in the paper did not lead to data and code, but a link found on the publisher website led to an OSF page that contained data and code: https://osf.io/39mfj/?view_only=25e7c10a393b4fad9c131f113de8fc7f",Complete,NA,Data seems complete with 3 csv files,No,NA,NA,NA,Yes,"Publisher website, Online repository","The link in the paper did not lead to data and code, but a link found on the publisher website led to an OSF page that contained data and code: https://osf.io/39mfj/?view_only=25e7c10a393b4fad9c131f113de8fc7f",Complete,NA,Data seems complete with 3 csv files,NA,No,Yes,available_online,available_online,NA
Chittoor_OrgSci_2009_kXp8,kXp8,FALSE,Existing data,No,NA,No,NA,No,NA,No,NA,NA,NA,NA,NA,No,NA,NA,NA,No,NA,NA,NA,NA,NA,"The paper states, ""We use the Prowess database from the Centre for Moni-toring Indian Economy (CMIE)..."" for the data but there was no direct link incorportated.",No,No,no,no,NA
Kachanoff_covid_pkx41,xLmP,TRUE,New data,No,NA,Yes,"""We will make our data available on the OSF—for the access code, please email Frank Kachanoff at fkach@email.unc.edu. """,No,NA,Yes,"Online repository, Author website","Data and code were not linked in the original paper, but the author website linked to the OSF where both data and code are located: https://osf.io/p39ru/?view_only=55abd11ea00744abae5924a02de795c4",Complete,NA,"4 sps files, 4 sav files",No,NA,NA,NA,Yes,"Online repository, Author website","Data and code were not linked in the original paper, but the author website linked to the OSF where both data and code are located: https://osf.io/p39ru/?view_only=55abd11ea00744abae5924a02de795c4",Complete,NA,"4 sps files, 4 sav files",NA,No,Yes,available_online,available_online,NA
Al-Tammemi_covid_0w9mv,8ePX,TRUE,New data,No,NA,No,NA,Yes,"""The dataset generated and analyzed for this study are available from the corresponding author on a reasonable request""",No,NA,NA,NA,NA,NA,No,NA,NA,NA,No,NA,NA,NA,NA,NA,NA,No,No,no,no,NA
Odom_ExChildren_2013_VYre,VYre,FALSE,Existing data,No,NA,No,NA,No,NA,No,NA,NA,NA,NA,NA,No,NA,NA,NA,No,NA,NA,NA,NA,NA,NA,No,No,no,no,NA
Bruning_OrgBehavior_2018_mxjm,mxjm,FALSE,New data,No,NA,No,NA,No,NA,No,NA,NA,NA,NA,NA,No,NA,NA,NA,No,NA,NA,NA,NA,NA,NA,No,No,no,no,NA
Cherlin_AmSocioRev_2016_Rjzv,Rjzv,FALSE,Existing data,No,NA,No,NA,No,NA,No,NA,NA,NA,NA,NA,No,NA,NA,NA,No,NA,NA,NA,NA,NA,NA,No,No,no,no,NA
Pernell_AmSocioRev_2017_N8zV,N8zV,FALSE,Existing data,No,NA,No,NA,No,NA,No,NA,NA,NA,NA,NA,No,NA,NA,NA,No,NA,NA,NA,NA,NA,NA,No,No,no,no,NA
Horowitz_AmSocioRev_2018_exBp,exBp,FALSE,Existing data,No,NA,Yes,"""I would like to thank David Autor and David Dorn for harmonizing
occupational coding schemes across years, and for
sharing this data on their websites. The occupation
skill scores used in this study may be found in Part C
of the online supplement or at the following link:
https://dx.doi.org/10.17605/OSF.IO/FNQV7.""",No,NA,Yes,Online repository,"Data and code were not linked in the original paper, but a link to the paper on OSF then lead to another link on OSF that contained data and code: https://osf.io/j26vm/. The paper also references data being stored on David Dorn's website: https://www.ddorn.net/data.htm.",Complete,2019,OSF contains 6 dta files and one do file. Appendix D contains information on what files to download from David Dorn's website (Appendix D can be found on OSF: https://osf.io/preprints/socarxiv/fnqv7/),No,NA,NA,NA,Yes,Online repository,"Data and code were not linked in the original paper, but a link to the paper on OSF then lead to another link on OSF that contained data and code: https://osf.io/j26vm/. The paper also references data being stored on David Dorn's website: https://www.ddorn.net/data.htm.",Complete,2019,OSF contains 6 dta files and one do file. Appendix D contains information on what files to download from David Dorn's website (Appendix D can be found on OSF: https://osf.io/preprints/socarxiv/fnqv7/),NA,No,Yes,available_online,available_online,NA
Hiskey_CompPolitStu_2018_AYQG,AYQG,FALSE,Existing data,Yes,"""Supplementary material for this article is available online at the CPS website http://
journals.sagepub.com/doi/suppl/10.1177/0010414017740603.""",No,NA,No,NA,No,NA,NA,NA,NA,NA,No,NA,NA,NA,Yes,Publisher website,Code was under supplemental materials on the publisher website that was linked in the original article (need institutional access): https://journals.sagepub.com/doi/full/10.1177/0010414017740603,Complete,NA,One do file,NA,No,No,no,available_online,NA
Maeda_CompPolitStu_2012_yBgO,yBgO,FALSE,Existing data,No,NA,No,NA,No,NA,No,NA,NA,NA,NA,NA,No,NA,NA,NA,No,NA,NA,NA,NA,NA,NA,No,No,shared_on_request,shared_on_request,NA
Adida_CompPolitStu_2016_G0Kb,G0Kb,FALSE,Existing data,No,NA,No,NA,No,NA,Yes,Publisher website,"Data and code were not linked in the original paper, but can be found on the publisher website (with institutional access): https://journals.sagepub.com/doi/10.1177/0010414015621080",Complete,NA,4 zip files that contain a mix of stata code and data files and R files that can replicate the study,No,NA,NA,NA,Yes,Publisher website,"Data and code were not linked in the original paper, but can be found on the publisher website (with institutional access): https://journals.sagepub.com/doi/10.1177/0010414015621080",Complete,NA,4 zip files that contain a mix of stata code and data files and R files that can replicate the study,NA,No,Yes,available_online,available_online,NA
Muis_ContEduPsych_2009_dqKX,dqKX,FALSE,New data,No,NA,No,NA,No,NA,No,NA,NA,NA,NA,NA,No,NA,NA,NA,No,NA,NA,NA,NA,NA,NA,No,No,no,no,NA
Bråten_ContEduPsych_2016_rykq,rykq,FALSE,New data,No,NA,No,NA,No,NA,No,NA,NA,NA,NA,NA,No,NA,NA,NA,No,NA,NA,NA,NA,NA,NA,No,No,no,no,NA
Yeung_ContEduPsych_2011_PDRY,PDRY,FALSE,New data,No,NA,No,NA,No,NA,No,NA,NA,NA,NA,NA,No,NA,NA,NA,No,NA,NA,NA,NA,NA,NA,No,No,no,no,NA
Bastedo_EduRes_2017_LrAK,LrAK,FALSE,New data,No,NA,No,NA,No,NA,No,NA,NA,NA,NA,NA,No,NA,NA,NA,No,NA,NA,NA,NA,NA,NA,No,No,no,no,NA
Chakravarti_OrgSci_2014_VAWE,VAWE,FALSE,Existing data,No,NA,No,NA,No,NA,No,NA,NA,NA,NA,NA,No,NA,NA,NA,No,NA,NA,NA,NA,NA,NA,No,No,no,no,NA
Hong_CompEdu_2017_Z9xJ,Z9xJ,FALSE,New data,No,NA,No,NA,No,NA,No,NA,NA,NA,NA,NA,No,NA,NA,NA,No,NA,NA,NA,NA,NA,NA,No,No,no,no,NA
Case_Demography_2011_5Kgq,5Kgq,FALSE,Existing data,No,NA,No,NA,No,NA,No,NA,NA,NA,NA,NA,No,NA,NA,NA,No,NA,NA,NA,NA,NA,NA,No,No,no,no,NA
Kuo_Demography_2016_JWzJ,JWzJ,FALSE,Existing data,No,NA,No,NA,No,NA,No,NA,NA,NA,NA,NA,No,NA,NA,NA,No,NA,NA,NA,NA,NA,NA,No,No,no,no,NA
Montez_Demography_2014_3aPw,3aPw,FALSE,Existing data,No,NA,No,NA,No,NA,No,NA,NA,NA,NA,NA,No,NA,NA,NA,No,NA,NA,NA,NA,NA,NA,No,No,no,no,NA
Jeppesen_OrgSci_2010_5BJD,5BJD,FALSE,Existing data,No,NA,No,NA,No,NA,No,NA,NA,NA,NA,NA,No,NA,NA,NA,No,NA,NA,NA,NA,NA,NA,No,No,no,no,NA
Edelman_OrgSci_2015_VAOA,VAOA,FALSE,Combination (both existing and new data),No,NA,No,NA,No,NA,No,NA,NA,NA,NA,NA,No,NA,NA,NA,No,NA,NA,NA,NA,NA,NA,No,No,no,no,NA
Rothgerber_covid_7816y,BNrd,TRUE,New data,Yes,"""The data for this research is available at OSF, osf.io/su27g/files; no coding is available. """,No,NA,No,NA,No,NA,NA,NA,NA,NA,No,NA,NA,NA,No,NA,NA,NA,NA,NA,"Though there was a link to the data in the paper (found on OSF: https://osf.io/su27g/files), but the OSF project was private/you need to request access to it",No,No,no,no,NA
Everett_covid_x0b2r,kOEy,TRUE,New data,Yes,"""We pre-registered our hypotheses
and methods (https://osf.io/wy93v) and posted all our materials and data (https://osf.io/5vj8y/)
on OSF.""",No,NA,No,NA,Yes,Online repository,"Data and code were linked in the original paper, and are located on the OSF: https://osf.io/5vj8y/",Complete,2020,NA,No,NA,NA,NA,Yes,Online repository,"Data and code were linked in the original paper, and are located on the OSF: https://osf.io/5vj8y/",Complete,2020,NA,NA,No,Yes,available_online,available_online,NA
Kehoe_JournPoliEco_2013_KRgk,KRgk,FALSE,Existing data,Yes,""". A complete list of countries, years, and classifications is contained in the data appendix that can be found at http://www.econ.umn
.edu/˜tkehoe.""",No,NA,No,NA,Yes,"Publisher website, Author website",Data and code were found on author website (http://users.econ.umn.edu/~tkehoe/data.html) and journal's website (https://www.journals.uchicago.edu/doi/suppl/10.1086/670272) after searching title of the paper in Google,Complete,NA,NA,No,NA,NA,NA,Yes,"Publisher website, Author website",Data and code were found on author website (http://users.econ.umn.edu/~tkehoe/data.html) and journal's website (https://www.journals.uchicago.edu/doi/suppl/10.1086/670272) after searching title of the paper in Google,Complete,NA,NA,NA,No,Yes,available_online,available_online,NA
Leroy_OrgSci_2018_aJ2O,aJ2O,FALSE,New data,No,NA,No,NA,No,NA,No,NA,NA,NA,NA,NA,No,NA,NA,NA,No,NA,NA,NA,NA,NA,NA,No,No,no,no,NA
van Ginkel_LeadQuart_2012_zbgL,zbgL,FALSE,New data,No,NA,No,NA,No,NA,No,NA,NA,NA,NA,NA,No,NA,NA,NA,No,NA,NA,NA,NA,NA,NA,No,No,no,no,NA
Partlow_LeadQuart_2015_m87Q,m87Q,FALSE,New data,No,NA,No,NA,No,NA,No,NA,NA,NA,NA,NA,No,NA,NA,NA,No,NA,NA,NA,NA,NA,NA,No,No,no,no,NA
Rubin_LeadQuart_2010_lJ0w,lJ0w,FALSE,New data,No,NA,No,NA,No,NA,No,NA,NA,NA,NA,NA,No,NA,NA,NA,No,NA,NA,NA,NA,NA,NA,No,No,no,no,NA
Best_AmSocioRev_2012_P8Ab,P8Ab,FALSE,Existing data,No,NA,No,NA,No,NA,No,NA,NA,NA,NA,NA,No,NA,NA,NA,No,NA,NA,NA,NA,NA,NA,No,No,no,no,NA
Desmond_Demography_2015_qQ9Z,qQ9Z,FALSE,Existing data,No,NA,No,NA,No,NA,No,NA,NA,NA,NA,NA,No,NA,NA,NA,No,NA,NA,NA,NA,NA,NA,No,No,no,no,NA
Mannucci_OrgSci_2017_yO4V,yO4V,FALSE,Existing data,No,NA,No,NA,No,NA,No,NA,NA,NA,NA,NA,No,NA,NA,NA,No,NA,NA,NA,NA,NA,NA,No,No,no,no,NA
Chiou_EvoHumanBehavior_2015_KGGW,KGGW,FALSE,New data,Yes,Supplementary data to this article can be found online at http://dx.doi.org/10.1016/j.evolhumbehav.2014.11.006,No,NA,No,NA,Yes,Publisher website,Data were linked in the original paper and are located on the publisher website: https://www.sciencedirect.com/science/article/abs/pii/S109051381400141X?via%3Dihub,Complete,NA,Need institutional access,No,NA,NA,NA,No,NA,NA,NA,NA,NA,NA,No,No,available_online,no,NA
Samaha_JournMarket_2014_R1NV,R1NV,FALSE,Existing data,No,NA,No,NA,No,NA,No,NA,NA,NA,NA,NA,No,NA,NA,NA,No,NA,NA,NA,NA,NA,Appendix available for download did contain information regarding the studies used in the study 1 Meta analysis,No,No,no,no,NA
Weiss_LeadQuart_2018_qkQN,qkQN,FALSE,New data,No,NA,No,NA,No,NA,No,NA,NA,NA,NA,NA,No,NA,NA,NA,No,NA,NA,NA,NA,NA,NA,No,No,no,no,NA
Paarlberg_PubAdminRev_2016_4RBv,4RBv,FALSE,Existing data,No,NA,No,NA,No,NA,No,NA,NA,NA,NA,NA,No,NA,NA,NA,No,NA,NA,NA,NA,NA,"Since authors used existing data, they did state where they got their data from (e.g. table 1 of pdf), but no analytic data.",No,No,no,no,NA
Coggburn_PubAdminRev_2010_AKO1,AKO1,FALSE,Existing data,No,NA,No,NA,No,NA,No,NA,NA,NA,NA,NA,No,NA,NA,NA,No,NA,NA,NA,NA,NA,NA,No,No,no,no,NA
Ely_PubAdminRev_2013_NbOR,NbOR,FALSE,Existing data,No,NA,No,NA,No,NA,No,NA,NA,NA,NA,NA,No,NA,NA,NA,No,NA,NA,NA,NA,NA,"Since authors used existing data, they did state which database they got it from.  No analytic data used in the paper was provided, however.",No,No,no,no,NA
Fitzgerald_SocialForces_2018_4q0L,4q0L,FALSE,Existing data,No,NA,No,NA,Yes,"""The lead author of this study will share these data upon request.""",No,NA,NA,NA,NA,NA,No,NA,NA,NA,No,NA,NA,NA,NA,NA,"The authors made the following statement regarding the dataset they used for their dependent variable: ""At the time of this writing, the EPA website has been updated and no longer includes access to these data. However, it is possible to access the files through the
January 19, 2017, snapshot version of the webpage (EPA 2017). The lead author
of this study will share these data upon request."" The data could be found by clicking on the link in their Reference list, and the authors stated that readers could request this specific data from the authors by request.  However, they did not provide instructions for the other dataset they used.  There is a link in their reference list, but it does not take you to the dataset (just the source that they got it from).  This was really ambiguous for me, so I decided to err on the side of caution and record that there was no link or instructions for the data.  My rationale is, even though you can technically find some of the data they used via a link/by author request as stated in the paper, the paper does not provide access to ALL data used, therefore it can't be reproducible.",No,No,no,no,NA
Palermo_ContEduPsych_2018_1B3W,1B3W,FALSE,New data,No,NA,No,NA,No,NA,No,NA,NA,NA,NA,NA,No,NA,NA,NA,No,NA,NA,NA,NA,NA,NA,No,No,no,no,NA
Vukovic_ContEduPsych_2013_vkYO,vkYO,FALSE,Existing data,No,NA,No,NA,No,NA,No,NA,NA,NA,NA,NA,No,NA,NA,NA,No,NA,NA,NA,NA,NA,NA,No,No,no,no,NA
Hawdon_SocialForces_2011_VrD1,VrD1,FALSE,New data,No,NA,No,NA,No,NA,No,NA,NA,NA,NA,NA,No,NA,NA,NA,No,NA,NA,NA,NA,NA,NA,No,No,no,no,NA
Hartwig_ContEduPsych_2017_1BG0,1BG0,FALSE,New data,No,NA,No,NA,No,NA,No,NA,NA,NA,NA,NA,No,NA,NA,NA,No,NA,NA,NA,NA,NA,NA,No,No,no,no,NA
Hofer_JournEduPsych_2018_5wOw,5wOw,FALSE,New data,No,NA,No,NA,No,NA,No,NA,NA,NA,NA,NA,No,NA,NA,NA,No,NA,NA,NA,NA,NA,NA,No,No,no,no,NA
BRUGUIER_JournFinance_2010_B2GK,B2GK,FALSE,New data,No,NA,No,NA,No,NA,No,NA,NA,NA,NA,NA,No,NA,NA,NA,No,NA,NA,NA,NA,NA,NA,No,No,no,no,NA
Musick_SocialForces_2009_ppz8,ppz8,FALSE,Existing data,No,NA,No,NA,No,NA,No,NA,NA,NA,NA,NA,No,NA,NA,NA,No,NA,NA,NA,NA,NA,"Though no analytic code was available from the paper/via external web search , the authors did state where they got their source data from, which included a link to the data base in their references (http://www.nlsinfo.org/nlsy79/docs/79html/79text/front.htm.)",No,No,no,no,NA
Bulgren_JournEduPsych_2011_jYgd,jYgd,FALSE,New data,No,NA,No,NA,No,NA,No,NA,NA,NA,NA,NA,No,NA,NA,NA,No,NA,NA,NA,NA,NA,NA,No,No,no,no,NA
Ladd_JournEduPsych_2017_N7xV,N7xV,FALSE,New data,No,NA,No,NA,No,NA,No,NA,NA,NA,NA,NA,No,NA,NA,NA,No,NA,NA,NA,NA,NA,NA,No,No,no,no,NA
SHIVDASANI_JournFinance_2011_PXdb,PXdb,FALSE,Existing data,No,NA,No,NA,No,NA,No,NA,NA,NA,NA,NA,No,NA,NA,NA,No,NA,NA,NA,NA,NA,NA,No,No,no,no,NA
Peña_PsychologSci_2014_LGzz,LGzz,FALSE,New data,No,NA,No,NA,No,NA,No,NA,NA,NA,NA,NA,No,NA,NA,NA,No,NA,NA,NA,NA,NA,NA,No,No,no,no,NA
Ma-Kellams_PsychologSci_2011_lkBL,lkBL,FALSE,New data,No,NA,No,NA,No,NA,No,NA,NA,NA,NA,NA,No,NA,NA,NA,No,NA,NA,NA,NA,NA,NA,No,No,no,no,NA
Radke_PsychologSci_2013_AvmN,AvmN,FALSE,New data,No,NA,No,NA,No,NA,No,NA,NA,NA,NA,NA,No,NA,NA,NA,No,NA,NA,NA,NA,NA,NA,No,No,no,no,NA
Hossain_covid_53gyl,b344,TRUE,Existing data,No,NA,No,NA,No,NA,No,NA,NA,NA,NA,NA,No,NA,NA,NA,No,NA,NA,NA,NA,NA,"Author put this statement under ""data and code"" section of their preprint on medxRiv (https://www.medrxiv.org/node/77666.external-links.html): ""Secondary data is used in the research and sources are mentioned in the text."" However, no analytic data was given + the descriptions in the text were not specific enough to have someone replicate the study.",No,No,no,no,NA
Rich_JournExPsychGen_2018_LbEB,LbEB,FALSE,New data,Yes,"""Experiment and analysis code for all experiments is available at https://github.com/NYUCCL/LearningTrap. Data
from all experiments is available at https://osf.io/hrb3u/?view_onlyd374ae
90615d4e5993ee1c502493673d.""",No,NA,No,NA,Yes,Online repository,"Data and code were linked in the original paper. Data are hosted on the OSF (https://osf.io/hrb3u/?view_only=d374ae90615d4e5993ee1c502493673d), and code is hosted on Github (https://github.com/NYUCCL/LearningTrap).",Complete,2017,NA,No,NA,NA,NA,Yes,Online repository,"Data and code were linked in the original paper. Data are hosted on the OSF (https://osf.io/hrb3u/?view_only=d374ae90615d4e5993ee1c502493673d), and code is hosted on Github (https://github.com/NYUCCL/LearningTrap).",Complete,2017,NA,Didn't have access to the publisher's website (https://psycnet.apa.org/doiLanding?doi=10.1037%2Fxge0000466) so wasn't able to check for data/code there.,No,Yes,available_online,available_online,NA
HAN_JournFinance_2015_zDyr,zDyr,FALSE,Existing data,No,NA,No,NA,No,NA,No,NA,NA,NA,NA,NA,No,NA,NA,NA,No,NA,NA,NA,NA,NA,NA,No,No,no,no,NA
Kalaignanam_JournMarket_2013_dLKV,dLKV,FALSE,Existing data,No,NA,No,NA,No,NA,No,NA,NA,NA,NA,NA,No,NA,NA,NA,No,NA,NA,NA,NA,NA,NA,No,No,no,no,NA
Zakharova_CompPolitStu_2014_qYr7,qYr7,FALSE,Existing data,No,NA,No,NA,No,NA,No,NA,NA,NA,NA,NA,No,NA,NA,NA,No,NA,NA,NA,NA,NA,NA,No,No,no,no,NA
Zhou_JournExPsychGen_2014_VjjX,VjjX,FALSE,New data,No,NA,No,NA,No,NA,No,NA,NA,NA,NA,NA,No,NA,NA,NA,No,NA,NA,NA,NA,NA,I didn't have access to the online version of the paper (https://psycnet.apa.org/doiLanding?doi=10.1037%2Fa0037294) so couldn't check the journal's website for the external web search.,No,No,shared_on_request,no,NA
Richardson_SocSciMed_2017_LZBG,LZBG,FALSE,New data,No,NA,No,NA,No,NA,No,NA,NA,NA,NA,NA,No,NA,NA,NA,No,NA,NA,NA,NA,NA,NA,No,No,no,no,NA
Ishida_SocSciMed_2010_R9dv,R9dv,FALSE,Existing data,No,NA,No,NA,No,NA,No,NA,NA,NA,NA,NA,No,NA,NA,NA,No,NA,NA,NA,NA,NA,NA,No,No,shared_on_request,shared_on_request,NA
Fredslund_SocSciMed_2018_74VJ,74VJ,FALSE,New data,No,NA,No,NA,No,NA,No,NA,NA,NA,NA,NA,No,NA,NA,NA,No,NA,NA,NA,NA,NA,NA,No,No,no,no,NA
Ibáñez_WorldDev_2010_5a5w,5a5w,FALSE,Existing data,No,NA,No,NA,No,NA,No,NA,NA,NA,NA,NA,No,NA,NA,NA,No,NA,NA,NA,NA,NA,NA,No,No,no,no,NA
Li_WorldDev_2011_2GKO,2GKO,FALSE,Existing data,No,NA,No,NA,No,NA,No,NA,NA,NA,NA,NA,No,NA,NA,NA,No,NA,NA,NA,NA,NA,NA,No,No,no,no,NA
Roberts_WorldDev_2013_9Gkl,9Gkl,FALSE,Existing data,No,NA,No,NA,No,NA,No,NA,NA,NA,NA,NA,No,NA,NA,NA,No,NA,NA,NA,NA,NA,NA,No,No,no,no,NA
Maluch_LearnInst_2015_5Awm,5Awm,FALSE,Existing data,No,NA,No,NA,No,NA,No,NA,NA,NA,NA,NA,No,NA,NA,NA,No,NA,NA,NA,NA,NA,NA,No,No,no,no,NA
Boehm_PsychologSci_2015_zlBL,zlBL,FALSE,Existing data,No,NA,No,NA,No,NA,No,NA,NA,NA,NA,NA,No,NA,NA,NA,No,NA,NA,NA,NA,NA,NA,No,No,no,shared_on_request,yes
Liu_OrgBehavior_2016_jDWN,jDWN,FALSE,Existing data,No,NA,No,NA,No,NA,No,NA,NA,NA,NA,NA,No,NA,NA,NA,No,NA,NA,NA,NA,NA,NA,No,No,shared_on_request,shared_on_request,NA
HUREAU_Criminology_2018_dm4V,dm4V,FALSE,Combination (both existing and new data),No,NA,No,NA,No,NA,No,NA,NA,NA,NA,NA,No,NA,NA,NA,No,NA,NA,NA,NA,NA,NA,No,No,no,no,NA
Feuth_covid_vb8x8,kOGW,TRUE,New data,No,NA,No,NA,No,NA,No,NA,NA,NA,NA,NA,Yes_all,Yes,"Ethical restrictions, Legal restrictions","After searching the title of the paper on Google and clicking on the paper's online preprint (hosted on medRxiv: https://www.medrxiv.org/node/81404.external-links.html), I found the following statement under the ""data/code"" section of the website: ""The data that support the findings of this study are available on request from the corresponding author, TF. The data are not publicly available due to their containing information that could compromise the privacy of research participants.""",No,NA,NA,NA,NA,NA,NA,No,No,no,no,NA
Hoza_JournConsClinPsy_2013_5ELB,5ELB,FALSE,Existing data,No,NA,No,NA,No,NA,No,NA,NA,NA,NA,NA,No,NA,NA,NA,No,NA,NA,NA,NA,NA,I didn't have access to the online version of the paper (https://psycnet.apa.org/doiLanding?doi=10.1037%2Fa0033536) so I couldn't check if there was data/code on the journal's website for the external web search.,No,No,no,no,NA
Ching_ManagementSci_2012_vKVx,vKVx,FALSE,Existing data,No,NA,No,NA,No,NA,No,NA,NA,NA,NA,NA,No,NA,NA,NA,No,NA,NA,NA,NA,NA,"Data was not linked in the paper and came from multiple sources as stated, ""Datacome  from  IMS  Canada.  The  revenue  data  is  drawnfrom  their  Canadian  Drugstore  and  Hospital  Audit(D&H),  the  number  of  prescriptions  is  drawn  fromtheir Canadian Compuscript Audit (CCA), the detail-ing  minutes  and  free  sample  data  are  drawn  fromtheir   Canadian   Promotion   Audit   (CPA).""",No,No,no,no,NA
Puspitasari_JournConsClinPsy_2017_LpNB,LpNB,FALSE,New data,No,NA,No,NA,No,NA,No,NA,NA,NA,NA,NA,No,NA,NA,NA,No,NA,NA,NA,NA,NA,NA,No,No,no,no,NA
Burton_JournConsClinPsy_2018_bXqQ,bXqQ,FALSE,New data,No,NA,No,NA,No,NA,No,NA,NA,NA,NA,NA,No,NA,NA,NA,No,NA,NA,NA,NA,NA,NA,No,No,no,no,NA
Bezu_WorldDev_2012_vmxO,vmxO,FALSE,Existing data,No,NA,No,NA,No,NA,No,NA,NA,NA,NA,NA,No,NA,NA,NA,No,NA,NA,NA,NA,NA,"Authors had the following statement in their notes, ""Information on the data collection , copies of the questionnaires, and raw data for the first four rounds are available at http://www.csae.ox.-ac.uk/datasets/Ethiopia-ERHS/ERHS-main.html."" but the link was broken and, according to the statement, would not have included the full dataset.",No,No,no,no,NA
Bellon_WorldDev_2015_AVrY,AVrY,FALSE,Existing data,No,NA,No,NA,Yes,""" A list of the all the projects reviewed, including main donor involved
and period of activity is available upon request.""",No,NA,NA,NA,NA,NA,No,NA,NA,NA,No,NA,NA,NA,NA,NA,"To clarify: this study used five previous studies as its ""data"", so I interpreted their note (""A list of the all the projects reviewed, including main donor involved and period of activity is available upon request."") to mean that analytic data would be available upon request.",No,No,no,no,NA
Ahlerup_WorldDev_2016_E5qr,E5qr,FALSE,Existing data,No,NA,No,NA,No,NA,No,NA,NA,NA,NA,NA,No,NA,NA,NA,No,NA,NA,NA,NA,NA,NA,No,No,no,no,NA
Lan_covid_ld64n,zkve,TRUE,Existing data,No,NA,No,NA,No,NA,No,NA,NA,NA,NA,NA,No,NA,NA,NA,No,NA,NA,NA,NA,NA,"After searching the title of the paper on Google and clicking on the online preprint (https://www.medrxiv.org/content/10.1101/2020.04.08.20058297v2), I found that the authors listed websites for all of their source data under the ""data/code"" section of the website, but no analytic data.",No,No,no,no,NA
Jarynowski_covid_nxp4b,GGP4,TRUE,New data,Yes,"""Code and data are available at https://github.com/ajarynowski/koronawirus.""",No,NA,No,NA,Yes,Online repository,"Data and code were linked in the original paper, and the medRvix preprint (https://www.medrxiv.org/content/10.1101/2020.05.04.20090993v1), which is hosted on Github (https://github.com/ajarynowski/koronawirus)",Complete,2020,NA,No,NA,NA,NA,Yes,Online repository,"Data and code were linked in the original paper, and the medRvix preprint (https://www.medrxiv.org/content/10.1101/2020.05.04.20090993v1), which is hosted on Github (https://github.com/ajarynowski/koronawirus)",Complete,2020,NA,NA,No,Yes,available_online,available_online,NA
Sorokowski_covid_kw24k,Z37a,TRUE,New data,Yes,"""Access to our database is available via the following link:
https://figshare.com/s/e52afd0bad96e47f0de6:",No,NA,No,NA,Yes,"Publisher website, Online repository","Data and code were linked in the original paper as well as on the journal's website, and are hosted on Figshare: https://figshare.com/s/e52afd0bad96e47f0de6",Complete,2020,NA,No,NA,NA,NA,Yes,"Publisher website, Online repository","Data and code were linked in the original paper and in the journal's website, and are hosted on Figshare: https://figshare.com/s/e52afd0bad96e47f0de6",Incomplete,2020,Code uploaded to Figshare is incomplete because it's on a Word Doc.,NA,No,Yes,available_online,available_online,NA
Villadsen_JournPubAdRes_2011_5E2q,5E2q,FALSE,Existing data,No,NA,No,NA,No,NA,No,NA,NA,NA,NA,NA,No,NA,NA,NA,No,NA,NA,NA,NA,NA,NA,No,No,no,no,NA
Walters_LawHuman_2018_1zWE,1zWE,FALSE,Existing data,No,NA,No,NA,No,NA,No,NA,NA,NA,NA,NA,No,NA,NA,NA,No,NA,NA,NA,NA,NA,NA,No,No,no,no,NA
Penner_LawHuman_2014_OReL,OReL,FALSE,New data,No,NA,No,NA,No,NA,No,NA,NA,NA,NA,NA,No,NA,NA,NA,No,NA,NA,NA,NA,NA,NA,No,No,no,no,NA
MIRONOV_JournFinance_2013_w4bG,w4bG,FALSE,Existing data,No,NA,No,NA,No,NA,No,NA,NA,NA,NA,NA,No,NA,NA,NA,No,NA,NA,NA,NA,NA,NA,No,No,no,no,NA
FRACASSI_JournFinance_2012_ezVq,ezVq,FALSE,Existing data,No,NA,No,NA,No,NA,No,NA,NA,NA,NA,NA,No,NA,NA,NA,No,NA,NA,NA,NA,NA,NA,No,No,no,no,NA
FANG_JournFinance_2014_PX47,PX47,FALSE,Existing data,No,NA,No,NA,No,NA,No,NA,NA,NA,NA,NA,No,NA,NA,NA,No,NA,NA,NA,NA,NA,NA,No,No,shared_on_request,shared_on_request,NA
Šrol_covid_dx542,L3Lr,TRUE,New data,Yes,"""Data for this study are publicly available at: https://osf.io/ve5zc/""",No,NA,No,NA,Yes,"Publisher website, Online repository","Data were linked in the preprint, but the link was not functioning. An updated link in the online publication directs to an OSF page that contains data: https://osf.io/awm35/",Complete,NA,One csv file,No,NA,NA,NA,No,NA,NA,NA,NA,NA,NA,No,No,available_online,no,NA
Guajardo_ManagementSci_2016_mqL1,mqL1,FALSE,Existing data,No,NA,No,NA,No,NA,No,NA,NA,NA,NA,NA,No,NA,NA,NA,No,NA,NA,NA,NA,NA,"Data/code was not found linked in the paper but there are multiple sources. According to the paper, ""Market-level    data    were    collected    from    different sources  for  our  analysis.  We  obtained  data  on  sales and product characteristics from Ward’s Automotive, for all new light cars sold in the United States in the period 2001–2007. Vehicle specifications include miles per  gallon,  length,  width,  height,  horsepower,  and weight,  among  other  features.  Data  about  warranty length were obtained from the 2009 Official WarrantyGuide  (J&L  Warranty  Pros).  Data  on  product  quality and  service  quality  at  the  brand  level  were  obtained from  J.D.  Power’s  Initial  Quality  Study  (IQS;  2001–2007)  and  U.S.  Customer  Service  Index  Study  (2001–2007).  Aggregate  yearly  data  on  transactional  prices were obtained from a secondary source, based on J.D.Power data.""",No,No,shared_on_request,shared_on_request,NA
Becker_JournOrgBehavior_2015_J40k,J40k,FALSE,New data,No,NA,No,NA,No,NA,No,NA,NA,NA,NA,NA,No,NA,NA,NA,No,NA,NA,NA,NA,NA,NA,No,No,no,shared_on_request,NA
Sliter_JournOrgBehavior_2014_9Yqy,9Yqy,FALSE,New data,No,NA,No,NA,No,NA,No,NA,NA,NA,NA,NA,No,NA,NA,NA,No,NA,NA,NA,NA,NA,NA,No,No,no,no,NA
Columbus_covid_2n3bx,Qv1l,TRUE,New data,Yes,"Data, code, materials, and preregistration are available on the Open Science
Framework (https://osf.io/xm6kg/).",No,NA,No,NA,Yes,Online repository,"Data and code were linked in the original paper, and are located on OSF: https://osf.io/xm6kg/",Complete,NA,2 csv files,No,NA,NA,NA,Yes,Online repository,"Data and code were linked in the original paper, and are located on OSF: https://osf.io/xm6kg/",Complete,NA,2 csv files,NA,No,Yes,available_online,available_online,NA
Järvelä_LearnInst_2016_B7zg,B7zg,FALSE,New data,No,NA,No,NA,No,NA,No,NA,NA,NA,NA,NA,No,NA,NA,NA,No,NA,NA,NA,NA,NA,NA,No,No,no,no,NA
Hongbo_covid_pkxrk,lWyJ,TRUE,New data,No,NA,No,NA,No,NA,No,NA,NA,NA,NA,NA,No,NA,NA,NA,No,NA,NA,NA,NA,NA,NA,No,No,no,no,NA
Carrillo-Vega_covid_53gwk,wxQZ,TRUE,Existing data,No,NA,No,NA,No,NA,Yes,Publisher website,"Data were not linked in the original paper, however, there seems to be a csv file on the publisher website that contains data: https://journals.plos.org/plosone/article?id=10.1371/journal.pone.0238905#sec011",Complete,NA,"There appears to be a csv data file, but there is no clarification if it is the complete/used in the paper data file",No,NA,NA,NA,No,NA,NA,NA,NA,NA,A lot of information on the article was in Spanish-making it hard to identify things,No,No,available_online,no,NA
Harari_JournPubAdRes_2017_9m8Y,9m8Y,FALSE,Existing data,No,NA,No,NA,No,NA,No,NA,NA,NA,NA,NA,No,NA,NA,NA,No,NA,NA,NA,NA,NA,"The supplementary materials did include the list of papers used in the meta-analysis, but no analytic data",No,No,no,no,NA
Ennser-Jedenastik_JournPubAdRes_2016_9m4l,9m4l,FALSE,Existing data,No,NA,No,NA,No,NA,No,NA,NA,NA,NA,NA,No,NA,NA,NA,No,NA,NA,NA,NA,NA,NA,No,No,shared_on_request,shared_on_request,NA
Yackee_JournPubAdRes_2012_vDRO,vDRO,FALSE,New data,No,NA,No,NA,No,NA,No,NA,NA,NA,NA,NA,No,NA,NA,NA,No,NA,NA,NA,NA,NA,NA,No,No,no,no,NA
Zelle_LawHuman_2015_25Yg,25Yg,FALSE,New data,No,NA,No,NA,No,NA,No,NA,NA,NA,NA,NA,No,NA,NA,NA,No,NA,NA,NA,NA,NA,NA,No,No,no,no,NA
Levin_LawHuman_2012_0Ry2,0Ry2,FALSE,New data,No,NA,No,NA,No,NA,No,NA,NA,NA,NA,NA,No,NA,NA,NA,No,NA,NA,NA,NA,NA,NA,No,No,no,no,NA
Jeandarme_LawHuman_2017_G4DD,G4DD,FALSE,Existing data,No,NA,No,NA,No,NA,No,NA,NA,NA,NA,NA,No,NA,NA,NA,No,NA,NA,NA,NA,NA,NA,No,No,no,no,NA
FOERSTER_JournFinance_2017_KZ8E,KZ8E,FALSE,Existing data,No,NA,No,NA,No,NA,No,NA,NA,NA,NA,NA,No,NA,NA,NA,No,NA,NA,NA,NA,NA,NA,No,No,no,no,NA
MCLEAN_JournFinance_2016_lrOy,lrOy,FALSE,Existing data,No,NA,No,NA,No,NA,No,NA,NA,NA,NA,NA,No,NA,NA,NA,No,NA,NA,NA,NA,NA,NA,No,No,no,no,NA
Barrett_WorldDev_2014_K22e,K22e,FALSE,Existing data,No,NA,No,NA,No,NA,No,NA,NA,NA,NA,NA,No,NA,NA,NA,No,NA,NA,NA,NA,NA,NA,No,No,no,no,NA
PIETRYKA_AmPoliSciRev_2017_yjkQ,yjkQ,FALSE,Existing data,No,NA,No,NA,No,NA,Yes,Author website,"Data and code were not linked in the original paper, but are linked on the author's website and can be found on Harvard Dataverse: https://dataverse.harvard.edu/dataset.xhtml?persistentId=doi:10.7910/DVN/UTAP1V",Complete,NA,2 Tsv files,No,NA,NA,NA,Yes,Author website,"Data and code were not linked in the original paper, but are linked on the author's website and can be found on Harvard Dataverse: https://dataverse.harvard.edu/dataset.xhtml?persistentId=doi:10.7910/DVN/UTAP1V",Complete,NA,2 Tsv files,NA,No,Yes,available_online,available_online,NA
Wise_covid_408r0,8e25,TRUE,New data,No,NA,No,NA,No,NA,Yes,"Publisher website, Online repository, Author website","Data and code were not linked in the original paper, but can be found on github: https://github.com/tobywise/covid19-risk-perception",Complete,NA,2 CSV files,No,NA,NA,NA,Yes,"Publisher website, Online repository, Author website","Data and code were not linked in the original paper, but can be found on github: https://github.com/tobywise/covid19-risk-perception",Complete,NA,2 CSV files,NA,No,Yes,available_online,available_online,NA
Mukherji_covid_2n3rx,dPz2,TRUE,Existing data,No,NA,No,NA,No,NA,Yes,"Publisher website, Online repository","Data were not linked in the original paper, but can be found on github: https://github.com/nivedita-mukherji/Covid-socioeconomic-research-project",Complete,NA,3 excel files,No,NA,NA,NA,No,NA,NA,NA,NA,NA,NA,No,No,available_online,shared_on_request,NA
Raude_covid_78195,0D82,TRUE,New data,No,NA,No,NA,Yes,"""The data presented in this study are available on request from Dr Marion Debin (rf.cmpu.pselpi@nibed.noiram). The data are not publicly available due to compliance with the European regulation about personal data protection (RGPD).""",No,NA,NA,NA,NA,NA,Yes_all,Yes,Other,"All data seems to be restricted due to compliance with the European regulation about personal data protection (RGPD), but are available upon request from the author",No,NA,NA,NA,NA,NA,NA,No,No,no,no,NA
Wang_SocialForces_2016_PD2z,PD2z,FALSE,Existing data,No,NA,No,NA,No,NA,No,NA,NA,NA,NA,NA,No,NA,NA,NA,No,NA,NA,NA,NA,NA,NA,No,No,no,no,NA
Rentsch_covid_z7r86,L3bw,TRUE,Existing data,No,NA,No,NA,No,NA,No,NA,NA,NA,NA,NA,Yes_all,No,Other,"""The analytic data sets used are not permitted to leave the VA firewall. This limitation is consistent with the authors' past work and with other studies based on VA data.""",No,NA,NA,NA,NA,NA,NA,No,No,no,no,NA
Damian_EurJournPersonality_2017_7R9G,7R9G,FALSE,Existing data,No,NA,No,NA,No,NA,No,NA,NA,NA,NA,NA,No,NA,NA,NA,No,NA,NA,NA,NA,NA,"The paper states, ""This research uses data from Project Talent, a project directed by the AIR. Information on how to obtain the Project Talent data files is available on the AIR website (http://www.air.org/) and from Susan Lapham (slapham@air.org).""",No,No,no,no,NA
Sarvimäki_JournLabEco_2016_p3r0,p3r0,FALSE,Existing data,No,NA,Yes,""" Information concerning access to the data used in this article is
available as supplementary material online.""",No,NA,No,NA,NA,NA,NA,NA,Yes_all,Yes,Other,"""The file “integration_estimation.do” includes Stata code used for producing the tables and figures. The data have been obtained by combining several administrative registers collected and held by Statistics Finland and the Ministry of Employment and the Economy. These data can be accessed through Statistics Finland’s remote access system. Details on data access policy and application procedure are discussed below.""",Yes,Publisher website,Code is located on the publisher website and needs institutional access: https://www.journals.uchicago.edu/doi/suppl/10.1086/683667,Complete,NA,one Stata file,NA,No,No,no,available_online,NA
Yang_covid_67bm5,lW3z,TRUE,New data,No,NA,No,NA,No,NA,No,NA,NA,NA,NA,NA,No,NA,NA,NA,No,NA,NA,NA,NA,NA,NA,No,No,no,no,NA
Kuratani_covid_1209g,0DO8,TRUE,Existing data,No,NA,No,NA,No,NA,No,NA,NA,NA,NA,NA,No,NA,NA,NA,No,NA,NA,NA,NA,NA,"""All data were extracted from publicly accessible databases. The sources of databases were shown in the references.""",No,No,no,no,NA
Sternisko_covid_dx5vg,GG7d,TRUE,New data,Yes,"""Data and analysis codes for both studies are uploaded on Open Science
Framework with the accession code osf.io/7vjr2. Material and additional analyses are reported in the Supplementary document.""",No,NA,No,NA,Yes,"Publisher website, Online repository, Author website","Data and code were linked in the original paper, and are located on OSF: https://osf.io/7vjr2/",Complete,NA,NA,No,NA,NA,NA,Yes,"Publisher website, Online repository, Author website","Data and code were linked in the original paper, and are located on OSF: https://osf.io/7vjr2/",Complete,NA,NA,NA,No,Yes,available_online,available_online,NA
Gârleanu_RevFinStudies_2011_PlDa,PlDa,FALSE,Existing data,No,NA,No,NA,No,NA,No,NA,NA,NA,NA,NA,No,NA,NA,NA,No,NA,NA,NA,NA,NA,NA,No,No,no,no,NA
Adams_AmJourPoliSci_2011_7XwG,7XwG,FALSE,Existing data,Yes,"""Data and supporting information for this project can be found on the website
http://privatewww.essex.ac.uk/∼ezrow/.""",No,NA,No,NA,No,NA,NA,NA,NA,NA,No,NA,NA,NA,No,NA,NA,NA,NA,NA,"Link was also present on publisher website, but was also broken",No,No,no,no,NA
Zhang_AcaManageJourn_2010_Oe5N,Oe5N,FALSE,New data,No,NA,No,NA,No,NA,No,NA,NA,NA,NA,NA,No,NA,NA,NA,No,NA,NA,NA,NA,NA,NA,No,No,no,no,NA
Zhou_JournAcaMarkSci_2010_7YXJ,7YXJ,FALSE,New data,No,NA,No,NA,No,NA,No,NA,NA,NA,NA,NA,No,NA,NA,NA,No,NA,NA,NA,NA,NA,NA,No,No,no,no,NA
Gibson_SocialForces_2017_vkAL,vkAL,FALSE,Existing data,No,NA,No,NA,No,NA,No,NA,NA,NA,NA,NA,No,NA,NA,NA,No,NA,NA,NA,NA,NA,"No analytic data, but article did contain a table that included every source for secondary data",No,No,no,no,NA
Blagov_covid_3d714,j53d,TRUE,New data,Yes,"""The dataset is at https://osf.io/bup8d/""",No,NA,No,NA,Yes,"Publisher website, Online repository",Data and code were linked to in the original paper and are located on the OSF: https://osf.io/bup8d/,Complete,NA,NA,No,NA,NA,NA,Yes,"Publisher website, Online repository",Data and code were linked to in the original paper and are located on the OSF: https://osf.io/bup8d/,Complete,NA,NA,NA,No,Yes,available_online,available_online,NA
Vachuska_covid_by54k,3N4j,TRUE,New data,No,NA,No,NA,No,NA,No,NA,NA,NA,NA,NA,No,NA,NA,NA,No,NA,NA,NA,NA,NA,The OSF page says public data available and when I clicked the link: https://trends.google.com/trends/?geo=US it led to a google trends search function with no data files,No,No,no,no,NA
Kenyon_covid_mk640,eBRm,TRUE,Existing data,No,NA,No,NA,No,NA,No,NA,NA,NA,NA,NA,No,NA,NA,NA,No,NA,NA,NA,NA,NA,"Secondary data is available from link in paper"" ""This data was obtained from the European Centre for Disease Prevention and Control (ECDC) data repository: https://www.ecdc.europa.eu/en/geographical-distribution-2019-ncov-cases""",No,No,no,no,NA
Goh_covid_82rwr,p29j,TRUE,New data,Yes,"""Pre-registrations,
data, and materials for both studies are on OSF:
https://osf.io/rkxj4/?view_only=dbc38ac206e94a5884834cb60e89fd64""",No,NA,No,NA,Yes,Online repository,Data and code were linked in the original paper and are located on the OSF: https://osf.io/rkxj4/?view_only=dbc38ac206e94a5884834cb60e89fd64,Complete,NA,NA,No,NA,NA,NA,Yes,Online repository,Data and code were linked in the original paper and are located on the OSF: https://osf.io/rkxj4/?view_only=dbc38ac206e94a5884834cb60e89fd64,Complete,NA,NA,Study 1 and 2 data and code are available,No,Yes,available_online,available_online,NA
Kim_SocSciMed_2016_AqDO,AqDO,FALSE,Existing data,No,NA,No,NA,No,NA,No,NA,NA,NA,NA,NA,No,NA,NA,NA,No,NA,NA,NA,NA,NA,NA,No,No,no,no,NA
Karwowski_covid_a3mO,a3mO,TRUE,New data,Yes,"""All materials and data are available here https://osf.io/ynd6r/""",No,NA,No,NA,Yes,Online repository,Data available on OSF (and linked to within paper): https://osf.io/ynd6r/,Complete,2020,NA,No,NA,NA,NA,No,NA,NA,NA,NA,NA,NA,No,No,available_online,no,NA
Akcinaroglu_JournConflictRes_2012_R0ak,R0ak,FALSE,Existing data,No,NA,No,NA,No,NA,Yes,Publisher website,Data available on publisher website (SAGE): https://journals.sagepub.com/doi/full/10.1177/0022002712445741. Was not linked in paper.,Complete,NA,NA,No,NA,NA,NA,Yes,Publisher website,"Word doc containing what looks to be Stata code available on SAGE:https://journals.sagepub.com/doi/full/10.1177/0022002712445741. Not linked in paper. Filename: ""replication codes1.doc""",Incomplete,NA,"A word doc contains what appears to be Stata code, so coded as partial/incomplete as this is not in reproducible format.",NA,No,Yes,available_online,available_online,NA
Turney_JournMarFam_2017_AX5j,AX5j,FALSE,Existing data,No,NA,No,NA,No,NA,No,NA,NA,NA,NA,NA,No,NA,NA,NA,No,NA,NA,NA,NA,NA,"Source data seems to be available. From original paper: ""In this article, we use data from the National Longitudinal Study of Adolescent to AdultHealth (Add Health; http://www.cpc.unc.edu/projects/addhealth) to provide..."" ""Information on how to obtain the Add Health datafiles is available on the Add Health website (http://www.cpc.unc.edu/addhealth).""",No,No,no,no,NA
Bauer_JournConflictRes_2017_Z0ma,Z0ma,FALSE,Existing data,No,NA,Yes,"""Supplementary material is available for this article online.""",No,NA,Yes,Publisher website,Data and code available on publisher website (SAGE): https://journals.sagepub.com/doi/10.1177/0022002715612575. Not linked in paper.,Complete,NA,NA,No,NA,NA,NA,Yes,Publisher website,Data and code available on publisher website (SAGE): https://journals.sagepub.com/doi/10.1177/0022002715612575. Not linked in paper.,Complete,NA,NA,NA,No,Yes,available_online,available_online,NA
Chen_Demography_2018_yAPR,yAPR,FALSE,Existing data,No,NA,No,NA,No,NA,No,NA,NA,NA,NA,NA,No,NA,NA,NA,No,NA,NA,NA,NA,NA,"Source data seems to be available for this study, but no analytic data was found. From original paper: ""Our research is based on data from the Longitudinal Internet Studies for the Social Sciences (LISS) panel administered by CentERdata (www.lissdata.nl). The panel is a random sample of households drawn from the Dutch population consisting of more than 6,500 households, more than 10,000 individuals, and 93 monthly waves over the period November 2007–July 2015.""",No,No,shared_on_request,shared_on_request,yes
Böhnke_EurSocioRev_2017_xGGO,xGGO,FALSE,Existing data,No,NA,No,NA,No,NA,No,NA,NA,NA,NA,NA,No,NA,NA,NA,No,NA,NA,NA,NA,NA,NA,No,No,no,no,NA
Bröckel_EurSocioRev_2015_PyYd,PyYd,FALSE,Existing data,No,NA,No,NA,No,NA,No,NA,NA,NA,NA,NA,No,NA,NA,NA,No,NA,NA,NA,NA,NA,NA,No,No,no,no,NA
Cleave_ExpEco_2013_Njqj,Njqj,FALSE,New data,No,NA,No,NA,No,NA,No,NA,NA,NA,NA,NA,No,NA,NA,NA,No,NA,NA,NA,NA,NA,NA,No,No,shared_on_request,shared_on_request,NA
Hendricks_QuartJournEco_2018_wNKW,wNKW,FALSE,Existing data,Yes,"""Data and code replicating the tables and figures in this article can be found in
Hendricks and Schoellman (2017), in the Harvard Dataverse,
doi:10.7910/DVN/IPIBQP[https://dataverse.harvard.edu/dataset.xhtml?persistentId=doi:10.7910/DVN/IPIBQP]""",No,NA,No,NA,No,NA,NA,NA,NA,NA,Yes_all,Yes,Other,"""Before proceeding, it is important to note that the main data set for this paper is the restricted access version of the New Immigrant Survey. Since it is restricted, it is not provided with these replication materials. Instead, if you wish to replicate the empirical results you must apply for and be granted access to this data separately. 

In the language of the NIS, you need access the restricted data version 1, which is somewhat less difficult to apply for. You will need to submit a proposal and work with your institution's IRB, primarily on a data protection plan to insure that the data remain secure. The details are available here: http://nis.princeton.edu/data_restricted2.html""",Yes,"Online repository, Author website","Data and code were linked to in original paper, located on the Harvard Dataverse: https://dataverse.harvard.edu/dataset.xhtml?persistentId=doi:10.7910/DVN/IPIBQP",Complete,NA,NA,NA,No,No,no,available_online,NA
Koseoglu_LeadQuart_2017_gYpO,gYpO,FALSE,New data,No,NA,No,NA,No,NA,No,NA,NA,NA,NA,NA,No,NA,NA,NA,No,NA,NA,NA,NA,NA,NA,No,No,no,no,NA
Crossley_OrgBehavior_2009_5Xaw,5Xaw,FALSE,New data,No,NA,No,NA,No,NA,No,NA,NA,NA,NA,NA,No,NA,NA,NA,No,NA,NA,NA,NA,NA,NA,No,No,no,no,NA
Kausel_OrgBehavior_2011_vl2L,vl2L,FALSE,New data,No,NA,No,NA,No,NA,No,NA,NA,NA,NA,NA,No,NA,NA,NA,No,NA,NA,NA,NA,NA,NA,No,No,no,no,NA
Liang_JournOrgBehavior_2013_LLmZ,LLmZ,FALSE,New data,No,NA,No,NA,No,NA,No,NA,NA,NA,NA,NA,No,NA,NA,NA,No,NA,NA,NA,NA,NA,NA,No,No,no,no,NA
Johnson_JournOrgBehavior_2012_VvlD,VvlD,FALSE,New data,No,NA,No,NA,No,NA,No,NA,NA,NA,NA,NA,No,NA,NA,NA,No,NA,NA,NA,NA,NA,NA,No,No,shared_on_request,shared_on_request,NA
Cole_AmJournSocio_2012_DgLy,DgLy,FALSE,Existing data,No,NA,No,NA,No,NA,No,NA,NA,NA,NA,NA,No,NA,NA,NA,No,NA,NA,NA,NA,NA,NA,No,No,no,no,NA
Andrews_AmJournSocio_2010_1ZJD,1ZJD,FALSE,New data,No,NA,No,NA,No,NA,No,NA,NA,NA,NA,NA,No,NA,NA,NA,No,NA,NA,NA,NA,NA,NA,No,No,no,no,NA
Best_HealthPsych_2016_kJG4,kJG4,FALSE,New data,No,NA,No,NA,No,NA,No,NA,NA,NA,NA,NA,No,NA,NA,NA,No,NA,NA,NA,NA,NA,NA,No,No,no,no,NA
Bigoni_Econometrica_2015_VBx1,VBx1,FALSE,New data,Yes,"(2015): 'Supplement to ""Time Horizon and Cooperation in Continuous Time""', Econometrica Supplemental Material, 83, http://dx.doi.org/10.3982/ECTA11380 .[591]",No,NA,No,NA,Yes,Publisher website,Data and code available on the Econometric Society site: https://www.econometricsociety.org/publications/econometrica/2015/03/01/time-horizon-and-cooperation-continuous-time,Complete,NA,NA,No,NA,NA,NA,Yes,Publisher website,Data and code available on the Econometric Society site: https://www.econometricsociety.org/publications/econometrica/2015/03/01/time-horizon-and-cooperation-continuous-time,Complete,NA,NA,NA,No,Yes,available_online,available_online,NA
Cornelius_HealthPsych_2018_xkZJ,xkZJ,FALSE,Existing data,No,NA,No,NA,No,NA,No,NA,NA,NA,NA,NA,No,NA,NA,NA,No,NA,NA,NA,NA,NA,NA,No,No,no,no,NA
Ghaziani_AmSocioRev_2011_VxmX,VxmX,FALSE,Existing data,No,NA,No,NA,Yes,"""Coding syntax, statistical commands, and selected narrative materials are available upon
request.""",No,NA,NA,NA,NA,NA,No,NA,NA,NA,No,NA,NA,NA,NA,NA,NA,No,No,no,no,NA
Kirk_AmJournSocio_2011_8y5X,8y5X,FALSE,Existing data,No,NA,No,NA,No,NA,No,NA,NA,NA,NA,NA,No,NA,NA,NA,No,NA,NA,NA,NA,NA,NA,No,No,no,no,yes
O’Brien_AmSocioRev_2015_7X54,7X54,FALSE,Existing data,No,NA,No,NA,No,NA,No,NA,NA,NA,NA,NA,No,NA,NA,NA,No,NA,NA,NA,NA,NA,NA,No,No,shared_on_request,shared_on_request,NA
Taylor_AmSocioRev_2009_RjJp,RjJp,FALSE,New data,No,NA,No,NA,No,NA,No,NA,NA,NA,NA,NA,No,NA,NA,NA,No,NA,NA,NA,NA,NA,NA,No,No,no,no,NA
Wilde_AmSocioRev_2010_4XLv,4XLv,FALSE,Existing data,No,NA,Yes,'These values are presented in the online syntax supplement.',No,NA,No,NA,NA,NA,NA,NA,No,NA,NA,NA,Yes,Publisher website,A 'syntax supplement' (PDF containing Stata syntax for the tables and figures) is available on the publisher website: https://journals.sagepub.com/doi/full/10.1177/0003122410368927 . Looks like source data available here: https://www.thearda.com/data-archive?fid=VATICAN,Incomplete,NA,NA,"No analytic data, but looks like source data available here: https://www.thearda.com/data-archive?fid=VATICAN . The syntax supplement doesn't seem to include instructions or syntax for preparing the source data for analysis.",No,No,no,available_online,yes
LOUGHRAN_Criminology_2011_0a3Z,0a3Z,FALSE,Existing data,No,NA,No,NA,No,NA,No,NA,NA,NA,NA,NA,No,NA,NA,NA,No,NA,NA,NA,NA,NA,NA,No,No,shared_on_request,shared_on_request,NA
Steinmetz_JournPerSocPsy_2016_E4Am,E4Am,FALSE,New data,No,NA,No,NA,No,NA,Yes,"Online repository, Author website",Data and code were not linked in the paper but can be found here: https://osf.io/gfytw/,Complete,NA,NA,No,NA,NA,NA,No,NA,NA,NA,NA,NA,NA,No,No,available_online,shared_on_request,NA
Bergeron_JournManage_2013_Z2vK,Z2vK,FALSE,Existing data,No,NA,No,NA,No,NA,No,NA,NA,NA,NA,NA,No,NA,NA,NA,No,NA,NA,NA,NA,NA,NA,No,No,no,no,NA
Fevang_JournLabEco_2014_ADPO,ADPO,FALSE,Existing data,No,NA,Yes,"""A note regarding access to data and programs is available as supplementary material online.""",No,NA,No,NA,NA,NA,NA,NA,Yes_all,Yes,Other,"""The data used in the paper comprise complete longitudinal administrative records on employment and physician-certified sickness absence 2001-2006, merged with information on firms and workers on the basis of encrypted identification numbers. Due to the sensitive nature of the data, the authors’ of this paper are not allowed to pass the data on to other users. Researchers working at certified research institutions can apply for access through Statistics Norway; see http://www.ssb.no/a/mikrodata/main.shtml (in Norwegian);"" ""Researchers interested in replicating our analysis are advised to contact one of the authors in order to obtain more information.""",No,NA,NA,NA,NA,NA,"In the supplemental information, the pdf links to a dropbox that looks like it should contain code, however, the links are broken.",No,No,no,no,yes
Fox_JournLabEco_2009_LyLd,LyLd,FALSE,Existing data,No,NA,No,NA,No,NA,No,NA,NA,NA,NA,NA,No,NA,NA,NA,No,NA,NA,NA,NA,NA,NA,No,No,no,shared_on_request,yes
Goerg_JournLabEco_2010_WLpV,WLpV,FALSE,New data,No,NA,No,NA,No,NA,No,NA,NA,NA,NA,NA,No,NA,NA,NA,No,NA,NA,NA,NA,NA,NA,No,No,shared_on_request,no,NA
Guha_JournBusRes_2017_YAXQ,YAXQ,FALSE,Existing data,No,NA,No,NA,No,NA,No,NA,NA,NA,NA,NA,No,NA,NA,NA,No,NA,NA,NA,NA,NA,NA,No,No,no,no,NA
Hertel_ClinPsychSci_2018_YabW,YabW,FALSE,New data,Yes,"""All materials have been made publicly available via Open Science Framework and can be accessed at https://osf.io/n7zv3. (More info here if needed.)""",No,NA,No,NA,Yes,Online repository,"Data and code were linked in the original paper, and are located on the OSF: https://osf.io/n7zv3/",Complete,NA,2 excel files,No,NA,NA,NA,No,NA,NA,NA,NA,NA,NA,No,No,available_online,shared_on_request,NA
Hyun_JournBusRes_2012_0VDk,0VDk,FALSE,New data,No,NA,No,NA,No,NA,No,NA,NA,NA,NA,NA,No,NA,NA,NA,No,NA,NA,NA,NA,NA,NA,No,No,no,no,NA
Notebaert_ClinPsychSci_2017_W9PZ,W9PZ,FALSE,New data,No,NA,No,NA,No,NA,No,NA,NA,NA,NA,NA,No,NA,NA,NA,No,NA,NA,NA,NA,NA,NA,No,No,no,no,NA
Rosen_JournManage_2011_85RR,85RR,FALSE,New data,No,NA,No,NA,No,NA,No,NA,NA,NA,NA,NA,No,NA,NA,NA,No,NA,NA,NA,NA,NA,NA,No,No,no,no,NA
Seib_SocSciMed_2009_4erL,4erL,FALSE,New data,No,NA,No,NA,No,NA,No,NA,NA,NA,NA,NA,No,NA,NA,NA,No,NA,NA,NA,NA,NA,NA,No,No,no,no,NA
Baumgartner_covid_78165,9NBl,TRUE,Existing data,No,NA,No,NA,No,NA,No,NA,NA,NA,NA,NA,No,NA,NA,NA,No,NA,NA,NA,NA,NA,Provided secondary data links,No,No,no,no,NA
Bello-Chavolla_covid_2n3w5,Z3mK,TRUE,Existing data,Yes,"""All data sources and R code are available for reproducibility of results at
364 https://github.com/oyaxbell/covid_aging_mx. """,No,NA,No,NA,Yes,"Publisher website, Online repository","Data and code were linked in the original paper, and are located on Github: https://github.com/oyaxbell/covid_aging_mx",Complete,NA,NA,No,NA,NA,NA,Yes,"Publisher website, Online repository","Data and code were linked in the original paper, and are located on Github: https://github.com/oyaxbell/covid_aging_mx",Complete,NA,NA,NA,No,Yes,available_online,available_online,NA
Da_JournFinEco_2009_BKxK,BKxK,FALSE,Existing data,No,NA,No,NA,No,NA,No,NA,NA,NA,NA,NA,No,NA,NA,NA,No,NA,NA,NA,NA,NA,NA,No,No,no,no,NA
Deng_covid_67bn5,1NV0,TRUE,New data,No,NA,No,NA,No,NA,No,NA,NA,NA,NA,NA,No,NA,NA,NA,No,NA,NA,NA,NA,NA,"""The datasets generated during and/or analyzed during the current study are available from the corresponding author on reasonable request."" this statement was found on the publisher website",No,No,no,no,NA
Karniouchina_JournMarket_2011_P9LY,P9LY,FALSE,Existing data,No,NA,No,NA,No,NA,No,NA,NA,NA,NA,NA,No,NA,NA,NA,No,NA,NA,NA,NA,NA,NA,No,No,no,no,NA
Baccara_AmEcoJourn_2014_RqVE,RqVE,FALSE,New data,Yes,"""Go to http://dx.doi.org/10.1257/app.6.3.133 to visit the article page for additional materials and author disclosure statement(s) or to comment in the online discussion forum""",No,NA,No,NA,Yes,"Publisher website, Online repository",Data and code were linked to in original paper and on the journal's website (https://www.aeaweb.org/articles?id=10.1257/app.6.3.133); and is hosted on ICPSR: https://www.openicpsr.org/openicpsr/project/113894/version/V1/view.,Complete,2019,NA,No,NA,NA,NA,Yes,"Publisher website, Online repository",Data and code were linked to in original paper and on the journal's website (https://www.aeaweb.org/articles?id=10.1257/app.6.3.133); and is hosted on ICPSR: https://www.openicpsr.org/openicpsr/project/113894/version/V1/view.,Complete,2019,NA,NA,No,Yes,available_online,available_online,NA
Baker_WorldPolitics_2011_9lBL,9lBL,FALSE,Existing data,Yes,""" Data and more information can be downloaded from http://kgreene.webhost.utexas.edu/research.html or http://spot.colorado.edu/~bakerab/data.html. 13""",No,NA,No,NA,Yes,"Publisher website, Author website","Data were linked in the original paper, and could be found on the journal's website (https://muse.jhu.edu/article/418633), which is hosted on the corresponding author's website: https://www.colorado.edu/faculty/baker/data",Complete,2019,"The paper also referenced http://kgreene.webhost.utexas.edu/research.html as a link to analytic data (""Election
and ideology data (which will be continually updated) as well as the online appendix are available at
http://kgreene.webhost.utexas.edu/research.html or http://spot.colorado.edu/~bakerab/data.html."") but the link was broken.",No,NA,NA,NA,No,NA,NA,NA,NA,NA,NA,No,No,available_online,shared_on_request,NA
Leary_covid_x0b3x,yZpV,TRUE,New data,Yes,"""All data and materials for this study can be found at: https://osf.io/5afs2/""",No,NA,No,NA,Yes,"Publisher website, Online repository","Data and code were linked in the original paper, and are located on the OSF: https://osf.io/5afs2/",Complete,NA,NA,No,NA,NA,NA,Yes,"Publisher website, Online repository","Data and code were linked in the original paper, and are located on the OSF: https://osf.io/5afs2/",Complete,NA,NA,NA,No,Yes,available_online,available_online,NA
Leder_covid_ld6pn,Y3pK,TRUE,New data,No,NA,No,NA,No,NA,Yes,"Publisher website, Online repository","Data and code were not linked in the original paper, but are located on the OSF: https://osf.io/8faeb/",Complete,NA,NA,No,NA,NA,NA,Yes,"Publisher website, Online repository","Data and code were not linked in the original paper, but are located on the OSF: https://osf.io/8faeb/",Complete,NA,NA,NA,No,Yes,available_online,available_online,NA
RODRIGUEZ_Criminology_2009_2bGO,2bGO,FALSE,Existing data,No,NA,No,NA,No,NA,No,NA,NA,NA,NA,NA,No,NA,NA,NA,No,NA,NA,NA,NA,NA,NA,No,No,no,no,NA
Siedner_covid_dx502,P3NJ,TRUE,Existing data,No,NA,No,NA,No,NA,No,NA,NA,NA,NA,NA,No,NA,NA,NA,No,NA,NA,NA,NA,NA,"No analytic data, but they provided a data availability statement: ""All data will be available through public databases and the supplementary materials.""",No,No,shared_on_request,shared_on_request,NA
Simione_covid_9byp6,K3YJ,TRUE,New data,No,NA,No,NA,No,NA,No,NA,NA,NA,NA,NA,No,NA,NA,NA,No,NA,NA,NA,NA,NA,"Found a data availability statement on the publisher website: ""The raw data supporting the conclusions of this article will be made available by the authors, without undue reservation, to any qualified researcher.""",No,No,no,no,NA
Houssain_covid_781py,QvkK,TRUE,New data,Yes,"""Click here for the data file http://individual.utoronto.ca/ahmed_3/index_files/data/data.html. """,No,NA,No,NA,Yes,Publisher website,Data were linked in the original paper: http://individual.utoronto.ca/ahmed_3/index_files/data/data.html,Complete,NA,NA,No,NA,NA,NA,No,NA,NA,NA,NA,NA,NA,No,No,available_online,no,NA
Kollmeyer_AmJournSocio_2009_EJpm,EJpm,FALSE,Existing data,No,NA,No,NA,No,NA,No,NA,NA,NA,NA,NA,No,NA,NA,NA,No,NA,NA,NA,NA,NA,NA,No,No,no,no,NA
Li_covid_vb8mv,V3v1,TRUE,New data,No,NA,No,NA,No,NA,No,NA,NA,NA,NA,NA,No,NA,NA,NA,No,NA,NA,NA,NA,NA,"Publisher website has data availability statement: ""The measures are attached as supplementary files and the dataset is available from the corresponding authors upon request.""",No,No,no,no,NA
LINDQVIST_AmPoliSciRev_2010_OeGv,OeGv,FALSE,Existing data,No,NA,No,NA,No,NA,No,NA,NA,NA,NA,NA,No,NA,NA,NA,No,NA,NA,NA,NA,NA,NA,No,No,shared_on_request,shared_on_request,NA
Llang_covid_y312r,DNle,TRUE,Existing data,No,NA,No,NA,No,NA,No,NA,NA,NA,NA,NA,No,NA,NA,NA,No,NA,NA,NA,NA,NA,"Data availability statement on publisher website: ""The daily numbers of newly confirmed cases from January 11 to March 10 were collected from the bulletins of the Wuhan Municipal Health Commission and Health Commission of Hubei Province.
http://wjw.wuhan.gov.cn/front/web/list3rd/yes/802""",No,No,no,no,NA
Mertens_covid_0w98k,gA3A,TRUE,New data,Yes,"""The data of the experiment reported in this article can be obtained at https://osf.io/t5uvn/""",No,NA,No,NA,Yes,Online repository,"Data and code were linked in original paper, and are located on the OSF: https://osf.io/t5uvn/",Complete,NA,NA,No,NA,NA,NA,Yes,Online repository,"Data and code were linked in original paper, and are located on the OSF: https://osf.io/t5uvn/",Complete,NA,NA,NA,No,Yes,available_online,available_online,NA
Perrotta_covid_wpg0y,vy8p,TRUE,New data,No,NA,No,NA,No,NA,No,NA,NA,NA,NA,NA,Yes_all,Somewhat,Other,"""Due to data protection regulations, the data are not publicly available. For queries about the data, please contact the corresponding authors.""",No,NA,NA,NA,NA,NA,"Data availability statement on publisher website: ""Due to data protection regulations, the data are not publicly available. For queries about the data, please contact the corresponding authors.""",No,No,no,no,NA
Rovny_WorldPolitics_2014_AQgj,AQgj,FALSE,Existing data,No,NA,No,NA,No,NA,No,NA,NA,NA,NA,NA,No,NA,NA,NA,No,NA,NA,NA,NA,NA,NA,No,No,shared_on_request,shared_on_request,NA
Tobin_WorldPolitics_2010_QPka,QPka,FALSE,Existing data,No,NA,No,NA,No,NA,No,NA,NA,NA,NA,NA,No,NA,NA,NA,No,NA,NA,NA,NA,NA,NA,No,No,no,no,NA
Usmani_AmJournSocio_2018_GJe4,GJe4,FALSE,Existing data,No,NA,No,NA,No,NA,Yes,"Online repository, Author website","Data and code were not linked in the original paper, but are located on Github: https://github.com/ausmani23/demclass",Complete,NA,Provides detailed instructions on how to reproduce,No,NA,NA,NA,Yes,"Online repository, Author website","Data and code were not linked in the original paper, but are located on Github: https://github.com/ausmani23/demclass",Complete,NA,Provides detailed instructions on how to reproduce,NA,No,Yes,available_online,available_online,NA
Barsbai_AmEcoJourn_2017_9OK1,9OK1,FALSE,Existing data,Yes,"""Go to https://doi.org/10.1257/app.20150517 to visit the article page for additional materials and author disclosure statement(s) or to comment in the online discussion forum.""",No,NA,No,NA,No,"Publisher website, Online repository",Data and code were linked to in the original paper via a link to its online version on the journal's website (https://www.aeaweb.org/articles?id=10.1257/app.20150517) and are hosted on ICPSR: https://www.openicpsr.org/openicpsr/project/113668/version/V1/view,NA,2019,NA,Yes_some,NA,NA,NA,Yes,"Publisher website, Online repository",Data and code were linked to in the original paper via a link to its online version on the journal's website (https://www.aeaweb.org/articles?id=10.1257/app.20150517) and are hosted on ICPSR: https://www.openicpsr.org/openicpsr/project/113668/version/V1/view,NA,2019,NA,NA,No,No,no,available_online,NA
Córdova_WorldPolitics_2016_qqNN,qqNN,FALSE,Combination (both existing and new data),No,NA,No,NA,No,NA,No,NA,NA,NA,NA,NA,No,NA,NA,NA,No,NA,NA,NA,NA,NA,NA,No,No,no,no,NA
Farooq_AcaManageJourn_2017_BP9K,BP9K,FALSE,New data,No,NA,No,NA,No,NA,No,NA,NA,NA,NA,NA,No,NA,NA,NA,No,NA,NA,NA,NA,NA,I did not have access to the online version of the article (https://journals.aom.org/doi/10.5465/amj.2014.0849).,No,No,no,no,NA
Iversen_WorldPolitics_2009_Vdje,Vdje,FALSE,Existing data,No,NA,No,NA,No,NA,No,NA,NA,NA,NA,NA,No,NA,NA,NA,No,NA,NA,NA,NA,NA,NA,No,No,no,no,NA
Mosimann_WorldPolitics_2017_z4dO,z4dO,FALSE,Existing data,No,NA,No,NA,No,NA,No,NA,NA,NA,NA,NA,No,NA,NA,NA,No,NA,NA,NA,NA,NA,NA,No,No,no,no,NA
Persson_AmEcoRev_2018_BbNg,BbNg,FALSE,Existing data,Yes,"""Go to https://doi.org/10.1257/aer.20141406 to visit the article page for additional materials and author
disclosure statement(s).""",No,NA,No,NA,No,NA,NA,NA,NA,NA,Yes_all,Yes,"Ethical restrictions, Legal restrictions","The study relies on sensitive data from the Swedish National Board of health, all of which requires permission to access. The authors detail the steps to take to apply for access to the data in their ""readme"", which is hosted on ICPSR (https://www.openicpsr.org/openicpsr/project/113015/version/V1/view), and linked to on the journal's website (https://www.aeaweb.org/articles?id=10.1257/aer.20141406).",Yes,"Publisher website, Online repository","Code is linked to in the original paper via the journal's website (https://www.aeaweb.org/articles?id=10.1257/aer.20141406), and is hosted on ICPSR: https://www.openicpsr.org/openicpsr/project/113015/version/V1/view",Complete,2019,NA,NA,No,No,no,available_online,yes
Balcells_JournConflictRes_2014_0P4r,0P4r,FALSE,Existing data,Yes,"""The coding rules are listed in the Online Appendix. The codebooks of the two datasets are
available at the corresponding author’s website (www.laiabalcells.com)""",No,NA,No,NA,Yes,"Publisher website, Author website","Data and code were linked to in the original paper via the author's website (https://www.laiabalcells.com/research/), and are also located in the 'supplementary files"" section of the journal's website (https://journals.sagepub.com/doi/10.1177/0022002714547903).",Complete,NA,NA,No,NA,NA,NA,Yes,"Publisher website, Author website","Data and code were linked to in the original paper via the author's website (https://www.laiabalcells.com/research/), and are also located in the 'supplementary files"" section of the journal's website (https://journals.sagepub.com/doi/10.1177/0022002714547903).",Complete,NA,NA,NA,No,Yes,available_online,available_online,NA
XU_AmPoliSciRev_2015_RmO9,RmO9,FALSE,Existing data,No,NA,No,NA,No,NA,Yes,Author website,"Data and code were not linked to in original paper, and are located on the author website: https://yiqingxu.org/research/#Peer%20Reviewed%20Articles",Complete,NA,NA,No,NA,NA,NA,Yes,Author website,"Data and code were not linked to in original paper, and are located on the author website: https://yiqingxu.org/research/#Peer%20Reviewed%20Articles",Complete,NA,NA,NA,No,Yes,available_online,available_online,NA
Kucik_BritJournPoliSci_2016_L22B,L22B,FALSE,Existing data,Yes,"""Data replication sets and online appendices are available at http://dx.doi.org/doi:10.1017/S0007123414000520.""",No,NA,No,NA,Yes,Publisher website,"Data and code were linked in the original paper, and are located on the publisher website: https://www.cambridge.org/core/journals/british-journal-of-political-science/article/measuring-the-cost-of-privacy-a-look-at-the-distributional-effects-of-private-bargaining/4572C5E003235E54D5C1C6001D5C952A#supplementary-materials",Complete,NA,NA,No,NA,NA,NA,Yes,Publisher website,"Data and code were linked in the original paper, and are located on the publisher website: https://www.cambridge.org/core/journals/british-journal-of-political-science/article/measuring-the-cost-of-privacy-a-look-at-the-distributional-effects-of-private-bargaining/4572C5E003235E54D5C1C6001D5C952A#supplementary-materials",Complete,NA,NA,NA,No,Yes,available_online,available_online,NA
McKibben_AmJourPoliSci_2013_P8az,P8az,FALSE,Existing data,Yes,"""The data and code necessary for replication are available at the AJPS Dataverse (http://dvn.iq.harvard.edu/dvn/dv/ajps).""",No,NA,No,NA,Yes,"Publisher website, Online repository",Data and code were linked in the original paper and are located on the Harvard Dataverse: https://dataverse.harvard.edu/dataset.xhtml?persistentId=doi:10.7910/DVN/E5ZSZR,Complete,2012,NA,No,NA,NA,NA,Yes,"Publisher website, Online repository",Data and code were linked in the original paper and are located on the Harvard Dataverse: https://dataverse.harvard.edu/dataset.xhtml?persistentId=doi:10.7910/DVN/E5ZSZR,Complete,2012,NA,The link provided in the paper leads to the general journal page on Harvard Dataverse. The article then needs to be searched to find the data and code.,No,Yes,available_online,available_online,NA
Menaldo_AmJourPoliSci_2016_Vx4e,Vx4e,FALSE,Existing data,Yes,"""The data, code, and any additional materials required to replicate all analyses in this article are available on the American Journal of Political Science Dataverse within the Harvard Dataverse Network, at: http://dx.doi.org/10.7910/DVN/WVQ10L.""",No,NA,No,NA,Yes,Online repository,"Data and code were linked in the original paper, and are located on Harvard Dataverse: https://dataverse.harvard.edu/dataset.xhtml?persistentId=doi:10.7910/DVN/WVQ10L",Complete,2015,NA,No,NA,NA,NA,Yes,Online repository,"Data and code were linked in the original paper, and are located on Harvard Dataverse: https://dataverse.harvard.edu/dataset.xhtml?persistentId=doi:10.7910/DVN/WVQ10L",Complete,2015,NA,NA,No,Yes,available_online,available_online,NA
Robertson_BritJournPoliSci_2017_qggQ,qggQ,FALSE,Existing data,Yes,"""Data replication sets are available at http:dataverse.harvard.edu/dataverse/BJPolS,""",No,NA,No,NA,Yes,"Publisher website, Online repository","Data and code were linked in the original paper, and are located on the Harvard Dataverse: https://dataverse.harvard.edu/dataset.xhtml?persistentId=doi:10.7910/DVN/OL9VD3",Complete,2015,NA,No,NA,NA,NA,No,NA,NA,NA,NA,NA,The link provided in the paper leads to the general journal page on Harvard Dataverse. The article then needs to be searched to find the data and code.,No,No,available_online,no,NA
Shahar_JournConflictRes_2018_J0Yv,J0Yv,FALSE,New data,No,NA,Yes,"""Supplementary material for this article is available online.""",No,NA,Yes,Publisher website,"Data were not linked in the original paper, but seem to be available on the publisher website: https://journals.sagepub.com/doi/abs/10.1177/0022002716680266#supplementary-materials",NA,NA,"The publisher website does not have any descriptions of what the 3 .sav files are, but I am assuming they are SPSS data files",No,NA,NA,NA,No,NA,NA,NA,NA,NA,NA,No,No,available_online,no,NA
Wright_JournConflictRes_2016_W0GN,W0GN,FALSE,Existing data,Yes,""" Replication files and the online Appendices are available at jcr.sagepub.com and
http://thedata.harvard.edu/dvn/dv/twrigh11.""",No,NA,No,NA,Yes,"Publisher website, Online repository, Author website","Data and code were linked in original paper, and are located on Harvard Dataverse: https://dataverse.harvard.edu/dataset.xhtml?persistentId=doi:10.7910/DVN/A2OVBN",Complete,2015,NA,No,NA,NA,NA,Yes,"Publisher website, Online repository, Author website","Data and code were linked in original paper, and are located on Harvard Dataverse: https://dataverse.harvard.edu/dataset.xhtml?persistentId=doi:10.7910/DVN/A2OVBN",Complete,2015,NA,NA,No,Yes,available_online,available_online,NA
Abdelrahman_covid_408nk,xLvN,TRUE,New data,No,NA,No,NA,No,NA,No,NA,NA,NA,NA,NA,No,NA,NA,NA,No,NA,NA,NA,NA,NA,NA,No,No,no,no,NA
Abouk_covid_408m0,Aze9,TRUE,Existing data,No,NA,No,NA,No,NA,No,NA,NA,NA,NA,NA,No,NA,NA,NA,No,NA,NA,NA,NA,NA,"Data availability statement found on publisher website: ""This article uses publicly available data with sources listed under the references.""",No,No,no,no,NA
Alexander_Demography_2017_epBK,epBK,FALSE,Existing data,No,NA,No,NA,No,NA,No,NA,NA,NA,NA,NA,No,NA,NA,NA,No,NA,NA,NA,NA,NA,NA,No,No,no,no,NA
Alyami_covid_nxpbm,eBOQ,TRUE,New data,No,NA,No,NA,Yes,"""The data that support the findings of this study are available from the corresponding author upon reasonable request.""",No,NA,NA,NA,NA,NA,No,NA,NA,NA,No,NA,NA,NA,NA,NA,NA,No,No,no,no,NA
Ammar_covid_vb8kv,5N2m,TRUE,New data,No,NA,No,NA,No,NA,No,NA,NA,NA,NA,NA,No,NA,NA,NA,No,NA,NA,NA,NA,NA,"A data availability statement on the publisher website: ""Data are available from the corresponding author on reasonable request""",No,No,no,no,NA
Andreoni_ExpEco_2015_AgQX,AgQX,FALSE,New data,No,NA,No,NA,No,NA,No,NA,NA,NA,NA,NA,No,NA,NA,NA,No,NA,NA,NA,NA,NA,NA,No,No,shared_on_request,shared_on_request,NA
Banerjee_ExpEco_2016_J4W9,J4W9,FALSE,New data,No,NA,No,NA,No,NA,No,NA,NA,NA,NA,NA,No,NA,NA,NA,No,NA,NA,NA,NA,NA,NA,No,No,no,no,NA
Bruner_ExpEco_2017_amYY,amYY,FALSE,New data,No,NA,No,NA,No,NA,Yes,Author website,"Data and code were not linked in the original paper, but are located on the author website: https://sites.google.com/view/david-bruner/research?authuser=0",Complete,NA,NA,No,NA,NA,NA,Yes,Author website,"Data and code were not linked in the original paper, but are located on the author website: https://sites.google.com/view/david-bruner/research?authuser=0",Complete,NA,NA,NA,No,Yes,available_online,available_online,NA
Janssen_ExpEco_2011_VvZX,VvZX,FALSE,New data,No,NA,No,NA,No,NA,No,NA,NA,NA,NA,NA,No,NA,NA,NA,No,NA,NA,NA,NA,NA,NA,No,No,no,no,NA
Mak_ExpEco_2014_NjKj,NjKj,FALSE,New data,No,NA,No,NA,No,NA,No,NA,NA,NA,NA,NA,No,NA,NA,NA,No,NA,NA,NA,NA,NA,NA,No,No,no,no,NA
Cutright_JournConsRes_2011_eg3p,eg3p,FALSE,New data,No,NA,No,NA,No,NA,No,NA,NA,NA,NA,NA,No,NA,NA,NA,No,NA,NA,NA,NA,NA,NA,No,No,no,no,NA
Nyhan_JournExpPoliSci_2015_DEqr,DEqr,FALSE,Existing data,No,NA,No,NA,No,NA,Yes,Author website,"Data and code were not linked in the original paper, but are located on the author website: https://sites.dartmouth.edu/nyhan/publications/",Complete,NA,NA,No,NA,NA,NA,Yes,Author website,"Data and code were not linked in the original paper, but are located on the author website: https://sites.dartmouth.edu/nyhan/publications/",Complete,NA,NA,"The supplemental material on the publication website contained a doc that had a link to the data: ""Replication data will be made available at http://www.dartmouth.edu/~nyhan/ after the study is published"" but the link is not functioning",No,Yes,available_online,available_online,NA
Raley_JournMarFam_2012_D2LY,D2LY,FALSE,Existing data,No,NA,No,NA,No,NA,No,NA,NA,NA,NA,NA,No,NA,NA,NA,No,NA,NA,NA,NA,NA,NA,No,No,no,no,NA
Zunick_JournExpSocPsych_2017_zlw,zlw,FALSE,New data,No,NA,No,NA,No,NA,No,NA,NA,NA,NA,NA,No,NA,NA,NA,No,NA,NA,NA,NA,NA,NA,No,No,shared_on_request,shared_on_request,NA
Allen_JournExpPoliSci_2016_qND2,qND2,FALSE,New data,No,NA,No,NA,No,NA,No,NA,NA,NA,NA,NA,No,NA,NA,NA,No,NA,NA,NA,NA,NA,NA,No,No,no,no,NA
Biernat_JournExpSocPsych_2013_jLr,jLr,FALSE,New data,No,NA,No,NA,No,NA,No,NA,NA,NA,NA,NA,No,NA,NA,NA,No,NA,NA,NA,NA,NA,NA,No,No,shared_on_request,shared_on_request,NA
Calzo_HealthPsych_2013_gRWz,gRWz,FALSE,Existing data,No,NA,No,NA,No,NA,No,NA,NA,NA,NA,NA,No,NA,NA,NA,No,NA,NA,NA,NA,NA,NA,No,No,no,no,NA
Clark_JournMarFam_2010_P9Vr,P9Vr,FALSE,Existing data,No,NA,No,NA,No,NA,No,NA,NA,NA,NA,NA,No,NA,NA,NA,No,NA,NA,NA,NA,NA,NA,No,No,no,no,NA
Dusseldorp_HealthPsych_2014_qzGw,qzGw,FALSE,Existing data,No,NA,No,NA,No,NA,No,NA,NA,NA,NA,NA,No,NA,NA,NA,No,NA,NA,NA,NA,NA,NA,No,No,no,no,NA
Hansen_JournExpSocPsych_2014_EAa,EAa,FALSE,New data,No,NA,No,NA,No,NA,Yes,Online repository,"Data was not linked in the original paper, but seem to be located on the OSF: https://osf.io/5q9sk/",Complete,2021,One .sav file with no description may contain all data may not,No,NA,NA,NA,No,NA,NA,NA,NA,NA,NA,No,No,available_online,no,NA
Peng_HealthPsych_2015_WZ7V,WZ7V,FALSE,New data,No,NA,No,NA,No,NA,No,NA,NA,NA,NA,NA,No,NA,NA,NA,No,NA,NA,NA,NA,NA,NA,No,No,no,no,NA
Chaix_covid_67b6v,DN2X,TRUE,New data,No,NA,No,NA,Yes,"""The datasets used and analyzed during the current study are available from the corresponding author on reasonable request""",No,NA,NA,NA,NA,NA,No,NA,NA,NA,No,NA,NA,NA,NA,NA,NA,No,No,no,no,NA
Chevallier_covid_by5d1,qKPg,TRUE,New data,Yes,All scripts and raw data are available in the OSF project (https://osf.io/5cexn/).,No,NA,No,NA,No,NA,NA,NA,NA,NA,No,NA,NA,NA,No,NA,NA,NA,NA,NA,"OSF page where the article said that data and code were located was restricted and indicated ""you need permission""",No,No,no,no,NA
Conway_covid_9byl1,9NBq,TRUE,New data,No,NA,No,NA,No,NA,No,NA,NA,NA,NA,NA,No,NA,NA,NA,No,NA,NA,NA,NA,NA,NA,No,No,no,no,NA
Djulbegovic_covid_gz5gb,gA8z,TRUE,Existing data,No,NA,No,NA,No,NA,No,NA,NA,NA,NA,NA,No,NA,NA,NA,No,NA,NA,NA,NA,NA,Provided source link in Data Availability Statement: “Data are available at: https://github.com/nytimes/covid-19-data. Statistical code will be shared after the paper is accepted for publication. “,No,No,shared_on_request,shared_on_request,NA
Du_covid_nxpwm,2NAG,TRUE,Existing data,No,NA,No,NA,No,NA,No,NA,NA,NA,NA,NA,No,NA,NA,NA,No,NA,NA,NA,NA,NA,NA,No,No,no,no,NA
Brogaard_RevFinStudies_2015_7KQ2,7KQ2,FALSE,Existing data,No,NA,No,NA,No,NA,No,NA,NA,NA,NA,NA,No,NA,NA,NA,No,NA,NA,NA,NA,NA,NA,No,No,no,no,NA
Fernández-Alonso_JournEduPsych_2015_VX55,VX55,FALSE,New data,No,NA,No,NA,No,NA,No,NA,NA,NA,NA,NA,No,NA,NA,NA,No,NA,NA,NA,NA,NA,NA,No,No,no,no,NA
Ivashina_RevFinStudies_2009_WlX2,WlX2,FALSE,Existing data,No,NA,No,NA,No,NA,No,NA,NA,NA,NA,NA,No,NA,NA,NA,No,NA,NA,NA,NA,NA,NA,No,No,no,no,NA
Jenkins_ExChildren_2009_4r3e,4r3e,FALSE,New data,No,NA,No,NA,No,NA,No,NA,NA,NA,NA,NA,No,NA,NA,NA,No,NA,NA,NA,NA,NA,NA,No,No,no,no,NA
Swanson_JournEduPsych_2016_e2pq,e2pq,FALSE,New data,No,NA,No,NA,No,NA,No,NA,NA,NA,NA,NA,No,NA,NA,NA,No,NA,NA,NA,NA,NA,NA,No,No,shared_on_request,shared_on_request,NA
Agirdag_EurSocioRev_2012_qX97,qX97,FALSE,Existing data,No,NA,No,NA,No,NA,No,NA,NA,NA,NA,NA,No,NA,NA,NA,No,NA,NA,NA,NA,NA,NA,No,No,no,no,NA
Chod_JournFinEco_2011_RA87,RA87,FALSE,Existing data,No,NA,No,NA,No,NA,No,NA,NA,NA,NA,NA,No,NA,NA,NA,No,NA,NA,NA,NA,NA,NA,No,No,no,no,NA
Dambra_JournFinEco_2015_pp1E,pp1E,FALSE,Existing data,No,NA,No,NA,No,NA,No,NA,NA,NA,NA,NA,No,NA,NA,NA,No,NA,NA,NA,NA,NA,NA,No,No,no,no,NA
Fielding-Miller_covid_82rnr,R3pV,TRUE,Existing data,No,NA,No,NA,No,NA,No,NA,NA,NA,NA,NA,No,NA,NA,NA,No,NA,NA,NA,NA,NA,NA,No,No,no,no,NA
Filgueiras_covid_mk69g,3NqJ,TRUE,New data,No,NA,No,NA,No,NA,No,NA,NA,NA,NA,NA,No,NA,NA,NA,No,NA,NA,NA,NA,NA,NA,No,No,no,no,NA
Gerhold_covid_0w9rk,Azg9,TRUE,New data,No,NA,No,NA,No,NA,No,NA,NA,NA,NA,NA,No,NA,NA,NA,No,NA,NA,NA,NA,NA,NA,No,No,no,no,NA
Hyland_covid_gz58b,Azer,TRUE,New data,No,NA,No,NA,Yes,"""The data that support the findings of this study are available on request from the
corresponding author. The data are not publicly available due to privacy or ethical
restrictions.""",No,NA,NA,NA,NA,NA,Yes_all,Yes,Ethical restrictions,"""The data that support the findings of this study are available on request from the
corresponding author. The data are not publicly available due to privacy or ethical
restrictions.""",No,NA,NA,NA,NA,NA,NA,No,No,no,no,NA
Jäckle_EurSocioRev_2018_yG7p,yG7p,FALSE,Existing data,No,NA,No,NA,No,NA,No,NA,NA,NA,NA,NA,No,NA,NA,NA,No,NA,NA,NA,NA,NA,NA,No,No,no,no,NA
Lersch_EurSocioRev_2014_LJXK,LJXK,FALSE,Existing data,No,NA,No,NA,No,NA,No,NA,NA,NA,NA,NA,No,NA,NA,NA,No,NA,NA,NA,NA,NA,NA,No,No,no,shared_on_request,yes
Wiborg_EurSocioRev_2009_RLd7,RLd7,FALSE,Existing data,No,NA,No,NA,No,NA,No,NA,NA,NA,NA,NA,No,NA,NA,NA,No,NA,NA,NA,NA,NA,NA,No,No,no,no,NA
Aksoy_WorldPolitics_2015_pAY8,pAY8,FALSE,Existing data,No,NA,No,NA,No,NA,No,NA,NA,NA,NA,NA,No,NA,NA,NA,No,NA,NA,NA,NA,NA,NA,No,No,no,no,NA
Globig_covid_by5l1,W38r,TRUE,New data,No,NA,No,NA,No,NA,No,NA,NA,NA,NA,NA,No,NA,NA,NA,No,NA,NA,NA,NA,NA,"A data availability statement on the publisher website: ""Data can be made available at reasonable request to the authors.""",No,No,no,no,NA
Gonzalez-Marron_covid_3d7y4,W3vN,TRUE,Existing data,No,NA,No,NA,No,NA,No,NA,NA,NA,NA,NA,No,NA,NA,NA,No,NA,NA,NA,NA,NA,NA,No,No,no,no,NA
Malik_covid_wpg24,wx5k,TRUE,Existing data,No,NA,No,NA,No,NA,No,NA,NA,NA,NA,NA,No,NA,NA,NA,No,NA,NA,NA,NA,NA,"A data availability statement on the publisher website: ""All data is publicly available and can also be requested from the corresponding author.""",No,No,shared_on_request,shared_on_request,NA
Oosterhoff_covid_82r5r,5N8m,TRUE,New data,No,NA,No,NA,No,NA,No,NA,NA,NA,NA,NA,No,NA,NA,NA,No,NA,NA,NA,NA,NA,NA,No,No,no,no,NA
Plohl_covid_mk6mg,W3vr,TRUE,New data,No,NA,No,NA,No,NA,No,NA,NA,NA,NA,NA,No,NA,NA,NA,No,NA,NA,NA,NA,NA,NA,No,No,shared_on_request,shared_on_request,NA
Seale_covid_0w9bk,O3Gy,TRUE,New data,No,NA,No,NA,No,NA,Yes,"Publisher website, Online repository","Data were not linked in the original paper, but are located on Figshare: https://figshare.com/articles/dataset/COVID-19_AustSurvey_xlsx/12298844",Complete,NA,NA,No,NA,NA,NA,No,NA,NA,NA,NA,NA,NA,No,No,available_online,no,NA
Silva_covid_ld68x,rJ5G,TRUE,New data,No,NA,No,NA,No,NA,No,NA,NA,NA,NA,NA,No,NA,NA,NA,No,NA,NA,NA,NA,NA,NA,No,No,no,no,NA
Vega_covid_by51k,W3EN,TRUE,New data,No,NA,No,NA,No,NA,No,NA,NA,NA,NA,NA,No,NA,NA,NA,No,NA,NA,NA,NA,NA,NA,No,No,no,no,NA
Westgard_covid_0w9bv,E34a,TRUE,Existing data,No,NA,No,NA,No,NA,No,NA,NA,NA,NA,NA,No,NA,NA,NA,No,NA,NA,NA,NA,NA,"A data availability statement on the publisher website: ""Limited data is available if necessary, but the data as currently analyzed does include PHI.""",No,No,no,no,NA
Chung_JournFinEco_2014_RrOb,RrOb,FALSE,Existing data,No,NA,No,NA,No,NA,No,NA,NA,NA,NA,NA,No,NA,NA,NA,No,NA,NA,NA,NA,NA,NA,No,No,no,no,NA
Gormley_JournFinEco_2010_A29O,A29O,FALSE,Existing data,No,NA,No,NA,No,NA,No,NA,NA,NA,NA,NA,No,NA,NA,NA,No,NA,NA,NA,NA,NA,NA,No,No,no,no,NA
Kang_JournFinEco_2018_k0XG,k0XG,FALSE,Existing data,No,NA,No,NA,No,NA,No,NA,NA,NA,NA,NA,No,NA,NA,NA,No,NA,NA,NA,NA,NA,NA,No,No,no,no,NA
Lin_JournFinEco_2013_lAzy,lAzy,FALSE,Existing data,No,NA,No,NA,No,NA,No,NA,NA,NA,NA,NA,No,NA,NA,NA,No,NA,NA,NA,NA,NA,NA,No,No,no,no,NA
Zettler_covid_nxp3b,7NY2,TRUE,New data,No,NA,Yes,"""We will make an anonymized data set, together with the analysis script, online
available.""",No,NA,Yes,"Publisher website, Online repository","Data and code were not linked in the original paper, but are available on OSF: https://osf.io/c96dx/",Complete,NA,NA,No,NA,NA,NA,Yes,"Publisher website, Online repository","Data and code were not linked in the original paper, but are available on OSF: https://osf.io/c96dx/",Complete,NA,NA,NA,No,Yes,available_online,available_online,NA
Braunstein_AmSocioRev_2014_E0yP,E0yP,FALSE,Existing data,No,NA,No,NA,No,NA,No,NA,NA,NA,NA,NA,No,NA,NA,NA,No,NA,NA,NA,NA,NA,NA,No,No,no,no,NA
Cui_JournMarket_2012_3q2Z,3q2Z,FALSE,Existing data,No,NA,No,NA,No,NA,No,NA,NA,NA,NA,NA,No,NA,NA,NA,No,NA,NA,NA,NA,NA,NA,No,No,no,no,NA
Hasan_AmSocioRev_2013_jD94,jD94,FALSE,Existing data,No,NA,No,NA,No,NA,No,NA,NA,NA,NA,NA,No,NA,NA,NA,No,NA,NA,NA,NA,NA,NA,No,No,no,no,NA
Liu_JournMarket_2015_9DZl,9DZl,FALSE,New data,No,NA,No,NA,No,NA,Yes,Author website,"Data and code were not linked in the original paper, but are located on OSF: https://osf.io/k5aq9",Complete,2022,NA,No,NA,NA,NA,Yes,Author website,"Data and code were not linked in the original paper, but are located on OSF: https://osf.io/k5aq9",Complete,2022,NA,NA,No,Yes,available_online,available_online,NA
Zhang_ExpEco_2009_1VeW,1VeW,FALSE,Existing data,No,NA,No,NA,No,NA,No,NA,NA,NA,NA,NA,No,NA,NA,NA,No,NA,NA,NA,NA,NA,NA,No,No,no,no,NA
Garrow_JournPubAdRes_2013_XXP8,XXP8,FALSE,Existing data,No,NA,No,NA,No,NA,No,NA,NA,NA,NA,NA,No,NA,NA,NA,No,NA,NA,NA,NA,NA,NA,No,No,no,no,NA
Lee_JournPubAdRes_2014_RXKL,RXKL,FALSE,New data,No,NA,No,NA,No,NA,No,NA,NA,NA,NA,NA,No,NA,NA,NA,No,NA,NA,NA,NA,NA,NA,No,No,no,no,NA
Macdonald_JournMarket_2016_AX09,AX09,FALSE,New data,No,NA,No,NA,No,NA,No,NA,NA,NA,NA,NA,No,NA,NA,NA,No,NA,NA,NA,NA,NA,NA,No,No,no,no,NA
Marlin_JournBusRes_2015_EvjP,EvjP,FALSE,Existing data,No,NA,No,NA,No,NA,No,NA,NA,NA,NA,NA,No,NA,NA,NA,No,NA,NA,NA,NA,NA,NA,No,No,no,no,NA
Meyer_JournBusRes_2014_7PgL,7PgL,FALSE,Existing data,No,NA,No,NA,No,NA,No,NA,NA,NA,NA,NA,No,NA,NA,NA,No,NA,NA,NA,NA,NA,NA,No,No,no,no,NA
Park_JournMarket_2018_G7xz,G7xz,FALSE,Existing data,No,NA,No,NA,No,NA,No,NA,NA,NA,NA,NA,No,NA,NA,NA,No,NA,NA,NA,NA,NA,NA,No,No,no,no,NA
PICKETT_Criminology_2014_P1rY,P1rY,FALSE,New data,No,NA,No,NA,No,NA,No,NA,NA,NA,NA,NA,No,NA,NA,NA,No,NA,NA,NA,NA,NA,NA,No,No,shared_on_request,shared_on_request,NA
Potârcă_JournMarFam_2015_P9O7,P9O7,FALSE,Existing data,No,NA,No,NA,No,NA,No,NA,NA,NA,NA,NA,No,NA,NA,NA,No,NA,NA,NA,NA,NA,NA,No,No,no,no,NA
Ryan_JournMarFam_2009_g8B9,g8B9,FALSE,Existing data,No,NA,No,NA,No,NA,No,NA,NA,NA,NA,NA,No,NA,NA,NA,No,NA,NA,NA,NA,NA,NA,No,No,no,no,NA
Wenger_JournPubAdRes_2009_xLAj,xLAj,FALSE,Existing data,No,NA,No,NA,No,NA,No,NA,NA,NA,NA,NA,No,NA,NA,NA,No,NA,NA,NA,NA,NA,"Provided information on secondary data: ""Data from 2001 to 2005 are available at http://ows.doleta.gov/unemploy/chariu.asp. Data prior to 2001 are available from the US DOL upon request.""",No,No,no,no,NA
HUIZINGA_JournFinance_2009_3L1a,3L1a,FALSE,Existing data,No,NA,No,NA,No,NA,No,NA,NA,NA,NA,NA,No,NA,NA,NA,No,NA,NA,NA,NA,NA,Appendix includes secondary data sources,No,No,no,no,NA
Jung_AmJournSocio_2014_1Zx7,1Zx7,FALSE,Existing data,No,NA,No,NA,No,NA,No,NA,NA,NA,NA,NA,No,NA,NA,NA,No,NA,NA,NA,NA,NA,NA,No,No,no,no,NA
López-Salido_QuartJournEco_2017_2vG4,2vG4,FALSE,Existing data,No,NA,No,NA,No,NA,No,NA,NA,NA,NA,NA,No,NA,NA,NA,No,NA,NA,NA,NA,NA,NA,No,No,no,no,NA
Midei_HealthPsych_2009_XZXv,XZXv,FALSE,New data,No,NA,No,NA,No,NA,No,NA,NA,NA,NA,NA,No,NA,NA,NA,No,NA,NA,NA,NA,NA,NA,No,No,no,no,NA
Brown_ManagementSci_2014_5PyD,5PyD,FALSE,New data,Yes,"""Data, as supplemental material, are available at http://dx.doi.org/10.1287/mnsc.2013.1794.""",No,NA,No,NA,Yes,Publisher website,Data and code were linked in the original paper and can be found here: https://pubsonline.informs.org/doi/suppl/10.1287/mnsc.2013.1794,Complete,NA,NA,No,NA,NA,NA,Yes,Publisher website,Data and code were linked in the original paper and can be found here: https://pubsonline.informs.org/doi/suppl/10.1287/mnsc.2013.1794,Complete,NA,NA,NA,No,Yes,available_online,available_online,NA
Protik_WorldDev_2018_3G57,3G57,FALSE,Existing data,No,NA,No,NA,No,NA,No,NA,NA,NA,NA,NA,No,NA,NA,NA,No,NA,NA,NA,NA,NA,NA,No,No,no,no,NA
Surtees_HealthPsych_2010_yzgG,yzgG,FALSE,Existing data,No,NA,No,NA,No,NA,No,NA,NA,NA,NA,NA,No,NA,NA,NA,No,NA,NA,NA,NA,NA,NA,No,No,shared_on_request,shared_on_request,NA
Sussman_HealthPsych_2012_ERRx,ERRx,FALSE,New data,No,NA,No,NA,No,NA,No,NA,NA,NA,NA,NA,No,NA,NA,NA,No,NA,NA,NA,NA,NA,NA,No,No,no,no,NA
Wilson_HealthPsych_2011_xzrk,xzrk,FALSE,New data,No,NA,No,NA,No,NA,No,NA,NA,NA,NA,NA,No,NA,NA,NA,No,NA,NA,NA,NA,NA,NA,No,No,no,no,NA
Altmann_JournLabEco_2012_WLkV,WLkV,FALSE,New data,No,NA,No,NA,No,NA,Yes,Publisher website,"Data and code were not linked in the original paper, but can be found on the publisher website: https://www.journals.uchicago.edu/doi/abs/10.1086/662130",Complete,NA,NA,No,NA,NA,NA,Yes,Publisher website,"Data and code were not linked in the original paper, but can be found on the publisher website: https://www.journals.uchicago.edu/doi/abs/10.1086/662130",Complete,NA,NA,NA,No,Yes,available_online,available_online,NA
Beaman_JournLabEco_2018_7ybJ,7ybJ,FALSE,New data,No,NA,Yes,"""Information concerning access to the data used in this paper is available as supplementary material online.""",No,NA,Yes,Publisher website,"Data and code were not linked in the original paper, but can be found on the publisher website: https://www.journals.uchicago.edu/doi/suppl/10.1086/693869",Complete,NA,Need institutional access,No,NA,NA,NA,Yes,Publisher website,"Data and code were not linked in the original paper, but can be found on the publisher website: https://www.journals.uchicago.edu/doi/suppl/10.1086/693869",Complete,NA,Need institutional access,NA,No,Yes,available_online,available_online,NA
Cao_covid_gz54n,4N1B,TRUE,New data,Yes,"""Data availability
The data supporting the findings of this study are available from the https://osf.io/9bgkt/
Code Availability
The code that supported the findings of this study is available from the https://osf.io/9bgkt/""",No,NA,No,NA,Yes,Online repository,"Data and code were linked in the original paper, and are located on OSF: https://osf.io/wk9yf?view_only=c874fcf097644e82a320679d4641163a",Complete,2019,NA,No,NA,NA,NA,Yes,Online repository,"Data and code were linked in the original paper, and are located on OSF: https://osf.io/wk9yf?view_only=c874fcf097644e82a320679d4641163a",Complete,2019,NA,NA,No,Yes,available_online,available_online,NA
Fingerman_JournMarFam_2016_pqzK,pqzK,FALSE,Existing data,No,NA,No,NA,No,NA,No,NA,NA,NA,NA,NA,No,NA,NA,NA,No,NA,NA,NA,NA,NA,Link to secondary data: http://sites.utexas.edu/adultfamilyproject/family-exchanges-study/,No,No,no,no,NA
Barreca_JournPoliEco_2016_J999,J999,FALSE,Existing data,No,NA,No,NA,No,NA,Yes,Publisher website,"Data and code were found on the journal's website under ""supplemental material"" after searching the paper title on Google: https://www-journals-uchicago-edu.proxy1.library.virginia.edu/doi/suppl/10.1086/684582",Complete,NA,NA,No,NA,NA,NA,Yes,Publisher website,"Data and code were found on the journal's website under ""supplemental material"" after searching the paper title on Google: https://www-journals-uchicago-edu.proxy1.library.virginia.edu/doi/suppl/10.1086/684582",Complete,NA,NA,NA,No,Yes,available_online,available_online,NA
Cavojova_covid_4089k,E3ja,TRUE,New data,Yes,"""Data for this study are publicly available at: https://osf.io/8qvfr/. """,No,NA,No,NA,Yes,Online repository,"Data were linked to in original paper, and are hosted on the OSF: https://osf.io/8qvfr/",Complete,2020,NA,No,NA,NA,NA,No,NA,NA,NA,NA,NA,"Authors put a codebook on their OSF project that's linked in their paper, but no analytic code.",No,No,available_online,shared_on_request,NA
McDevitt_JournPoliEco_2014_yQeR,yQeR,FALSE,Existing data,No,NA,Yes,""" Data are provided as supplementary material online.""",No,NA,Yes,Publisher website,"Data and code are found in the ""supplemental material"" section of the journal's website after searching the paper's title in Google: https://www.journals.uchicago.edu/doi/abs/10.1086/676333",Complete,NA,NA,No,NA,NA,NA,Yes,Publisher website,"Data and code are found in the ""supplemental material"" section of the journal's website after searching the paper's title in Google: https://www.journals.uchicago.edu/doi/abs/10.1086/676333",Complete,NA,NA,NA,No,Yes,available_online,available_online,NA
Zheng_covid_wpg94,J34B,TRUE,New data,No,NA,No,NA,No,NA,Yes,"Publisher website, Online repository","Data were linked to the paper's preprint (https://psyarxiv.com/wuh94/) under ""supplemental materials"", and are hosted on the OSF: https://osf.io/2jxam/",Complete,2020,NA,No,NA,NA,NA,No,NA,NA,NA,NA,NA,"The paper included this statement: ""Both of the files are available for researchers to download from the online repository."" I decided not to classify that as a data availability statement because it was too ambiguous (to me) and didn't clearly state if data/code could be found there.",No,No,available_online,shared_on_request,NA
Andreoni_JournPoliEco_2017_La9x,La9x,FALSE,New data,No,NA,Yes,"""Data are provided as supplementary material online.""",No,NA,Yes,Publisher website,"Data and code were found on journal's website under ""supplemental material"" after searching the paper title on Google: ""https://www.journals.uchicago.edu/doi/abs/10.1086/691703?journalCode=jpe""",Complete,NA,NA,No,NA,NA,NA,Yes,Publisher website,"Data and code were found on journal's website under ""supplemental material"" after searching the paper title on Google: ""https://www.journals.uchicago.edu/doi/abs/10.1086/691703?journalCode=jpe""",Complete,NA,NA,NA,No,Yes,available_online,available_online,NA
Behrman_JournPoliEco_2015_G55r,G55r,FALSE,Combination (both existing and new data),No,NA,No,NA,No,NA,Yes,Publisher website,"Data and code were found on the journal's website under ""supplemental material"" after searching the paper title on google: https://www.journals.uchicago.edu/doi/abs/10.1086/675910",Complete,NA,NA,No,NA,NA,NA,Yes,Publisher website,"Data and code were found on the journal's website under ""supplemental material"" after searching the paper title on google: https://www.journals.uchicago.edu/doi/abs/10.1086/675910",Complete,NA,NA,NA,No,Yes,available_online,available_online,NA
Liang_JournPoliEco_2018_q8xv,q8xv,FALSE,Existing data,No,NA,Yes,""" Data are provided as supplementary material online.""",No,NA,Yes,Publisher website,"Data and coder were found in the journal's website under ""supplemental material"" after searching the paper name on google: https://www.journals.uchicago.edu/doi/abs/10.1086/698750?journalCode=jpe",Complete,NA,NA,No,NA,NA,NA,Yes,Publisher website,"Data and coder were found in the journal's website under ""supplemental material"" after searching the paper name on google: https://www.journals.uchicago.edu/doi/abs/10.1086/698750?journalCode=jpe",Complete,NA,NA,(What I assume to be) the corresponding author's website wasn't loading for me (http://crm.gsm.pku.edu.cn/psc/CRMPRD/EMPLOYEE/CRM/s/WEBLIB_SPE_ISCT.TZ_SETSPE_ISCRIPT.FieldFormula.IScript_SpecialPages?TZ_SPE_ID=330) so I couldn't check for data or code there.,No,Yes,available_online,available_online,NA
Angrist_AmEcoRev_2009_Gv3O,Gv3O,FALSE,Combination (both existing and new data),No,NA,No,NA,No,NA,Yes,"Publisher website, Online repository, Author website","Data and code were found:
- On the journal's website under ""additional material"" (https://www.aeaweb.org/articles?id=10.1257/aer.99.4.1384), which is hosted on ICPSR: https://www.openicpsr.org/openicpsr/project/113319/version/V1/view
- On the corresponding author's website: https://economics.mit.edu/people/faculty/josh-angrist/angrist-data-archive",Complete,2019,NA,No,NA,NA,NA,Yes,"Publisher website, Online repository, Author website","Data and code were found:
- On the journal's website under ""additional material"" (https://www.aeaweb.org/articles?id=10.1257/aer.99.4.1384), which is hosted on ICPSR: https://www.openicpsr.org/openicpsr/project/113319/version/V1/view
- On the corresponding author's website: https://economics.mit.edu/people/faculty/josh-angrist/angrist-data-archive",Complete,2019,NA,NA,No,Yes,available_online,available_online,NA
Calderón_JournConflictRes_2015_Nv99,Nv99,FALSE,Existing data,No,NA,No,NA,No,NA,Yes,Publisher website,"Data and code were found under the ""supplementary materials"" section of the journal's website after searching the paper name on google: https://journals.sagepub.com/doi/10.1177/0022002715587053#supplementary-materials",Complete,2015,NA,No,NA,NA,NA,Yes,Publisher website,"Data and code were found under the ""supplementary materials"" section of the journal's website after searching the paper name on google: https://journals.sagepub.com/doi/10.1177/0022002715587053#supplementary-materials",Complete,2015,NA,NA,No,Yes,available_online,available_online,NA
Cohen_AmEcoRev_2015_2lb5,2lb5,FALSE,New data,Yes,"""Go to http://dx.doi.org/10.1257/aer.20130267 to visit the article page for additional materials and author disclosure statement(s).""",No,NA,No,NA,Yes,"Publisher website, Online repository","Data and code were linked to in original paper, which can be found under the ""additional materials"" section of the journal's website (https://www.aeaweb.org/articles?id=10.1257/aer.20130267), and is hosted on ICPSR: https://www.openicpsr.org/openicpsr/project/112911/version/V1/view?path=/openicpsr/112911/fcr:versions/V1/AER2013-0267_data-code&type=folder",Complete,2019,NA,No,NA,NA,NA,Yes,"Publisher website, Online repository","Data and code were linked to in original paper, which can be found under the ""additional materials"" section of the journal's website (https://www.aeaweb.org/articles?id=10.1257/aer.20130267), and is hosted on ICPSR: https://www.openicpsr.org/openicpsr/project/112911/version/V1/view?path=/openicpsr/112911/fcr:versions/V1/AER2013-0267_data-code&type=folder",Complete,2019,NA,NA,No,Yes,available_online,available_online,NA
Dahl_AmEcoRev_2012_VRKK,VRKK,FALSE,Existing data,Yes,"""To view additional materials, visit the article page at http://dx.doi.org/10.1257/aer.102.5.1927.""",No,NA,No,NA,No,"Publisher website, Online repository, Author website","Data and code were found:
- On the journals website under ""additional materials"" (https://www.aeaweb.org/articles?id=10.1257/aer.102.5.1927), which is hosted on ICPSR: https://www.openicpsr.org/openicpsr/project/112542/version/V1/view?path=/openicpsr/112542/fcr:versions/V1/MS20050400_data&type=folder
- On the corresponding author's website: https://econweb.ucsd.edu/~gdahl/children-and-eitc-code.html",NA,2019,NA,Yes_some,NA,NA,NA,Yes,"Publisher website, Online repository, Author website","Data and code were found:
- On the journals website under ""additional materials"" (https://www.aeaweb.org/articles?id=10.1257/aer.102.5.1927), which is hosted on ICPSR: https://www.openicpsr.org/openicpsr/project/112542/version/V1/view?path=/openicpsr/112542/fcr:versions/V1/MS20050400_data&type=folder
- On the corresponding author's website: https://econweb.ucsd.edu/~gdahl/children-and-eitc-code.html",NA,2019,NA,NA,No,No,no,available_online,NA
Fehr_AmEcoRev_2011_gdlO,gdlO,FALSE,New data,No,NA,No,NA,No,NA,Yes,"Publisher website, Online repository, Author website","Data and code are found:
- Under ""additional materials"" on the journal's website (https://www.aeaweb.org/articles?id=10.1257/aer.101.2.493) which is hosted on ICPSR (https://www.openicpsr.org/openicpsr/project/112406/version/V1/view?path=/openicpsr/112406/fcr:versions/V1/20081227_data&type=folder) after searching the paper's title in google
- On the corresponding author's website after searching their name in google: https://www.econ.uzh.ch/en/people/faculty/fehr/publications.html",Complete,2019,NA,No,NA,NA,NA,No,NA,NA,NA,NA,NA,NA,No,No,available_online,no,NA
Mayer_AmEcoRev_2014_w8Zp,w8Zp,FALSE,Existing data,Yes,"""Go to http://dx.doi.org/10.1257/aer.104.9.2830 to visit the article page for additional materials and author disclosure statement(s).""",No,NA,No,NA,No,NA,NA,NA,NA,NA,Yes_all,Yes,Financial restrictions,"From the read-me-file: 'Due to confidentially agreements with the data providers, the data used in this analysis is not available for public distribution. The dataset we use in the paper is currently commercially offered by BlackBox Logic and Equifax. The other researchers could purchase and access such data from these data providers.'",Yes,"Publisher website, Online repository","Data and code were linked to in original paper, which can be found under ""additional materials"" of the journal's website (https://www.aeaweb.org/articles?id=10.1257/aer.104.9.2830) and is hosted on ICPSR (https://www.openicpsr.org/openicpsr/project/116130/version/V1/view)",Complete,2019,NA,NA,No,No,no,available_online,NA
Miller_JournConflictRes_2011_zV1O,zV1O,FALSE,Existing data,No,NA,Yes,"""Files necessary to reproduce our analysis are available at the Journal of Conflict Resolution data depository.""",No,NA,Yes,Publisher website,"Data and code were found under the ""supplementary materials"" section of the journal's website after searching the paper title on google: https://journals.sagepub.com/doi/abs/10.1177/0022002710381064?journalCode=jcrb#supplementary-materials",Complete,NA,NA,No,NA,NA,NA,Yes,Publisher website,"Data and code were found under the ""supplementary materials"" section of the journal's website after searching the paper title on google: https://journals.sagepub.com/doi/abs/10.1177/0022002710381064?journalCode=jcrb#supplementary-materials",Complete,NA,NA,NA,No,Yes,available_online,available_online,NA
Thames_CompPolitStu_2010_l22v,l22v,FALSE,Existing data,No,NA,No,NA,No,NA,Yes,Author website,"Data were found on the corresponding author's website after searching their name on google (https://sites.google.com/site/frankcthames2/), which is hosted on Harvard Dataverse: https://dataverse.harvard.edu/dataset.xhtml?persistentId=doi:10.7910/DVN/2W0I5I",Complete,2013,NA,No,NA,NA,NA,No,NA,NA,NA,NA,NA,NA,No,No,available_online,no,NA
Goodman_JournLabEco_2013_DDj2,DDj2,FALSE,Existing data,No,NA,Yes,"""Information concerning access to the data used in this article is available as supplementary material online.""",No,NA,No,NA,NA,NA,NA,NA,Yes_all,Yes,Other,"""The data used for the project are proprietary and cannot be freely posted online. Other researchers can gain access to these data for replication purposes by contacting the College Board here: 
The College Board
250 Vesey Street
New York, NY 10281
212-713-8088
Or through the direct online portal here:http://research.collegeboard.org/data/request""",Yes,Publisher website,"Code was not linked in the original paper, but can be found on the publisher website with institutional access: https://www.journals.uchicago.edu/doi/suppl/10.1086/690818",Complete,NA,NA,NA,No,No,no,available_online,NA
Lu_JournLabEco_2015_vaWE,vaWE,FALSE,New data,No,NA,Yes,""" Information concerning access to the data used in this article is available as supplementary material online in a zip file.""",No,NA,Yes,Publisher website,"Data and code were not linked in the original paper, but are located on the publisher website with institutional access: https://www.journals.uchicago.edu/doi/suppl/10.1086/677392",Complete,NA,NA,No,NA,NA,NA,Yes,Publisher website,"Data and code were not linked in the original paper, but are located on the publisher website with institutional access: https://www.journals.uchicago.edu/doi/suppl/10.1086/677392",Complete,NA,NA,NA,No,Yes,available_online,available_online,NA
Marinthe_covid_gz5xb,O3N0,TRUE,New data,Yes,"""The means, standard deviations, and correlations are reported in Table 1 (data from both
studies are available at: https://osf.io/ucf4m/?view_only=f99a04d4d20f4b63ae4344bcc9ec591e""",No,NA,No,NA,Yes,"Publisher website, Online repository","Data and code were linked to in original paper, and are located on the OSF: https://osf.io/ucf4m/",Complete,NA,NA,No,NA,NA,NA,No,NA,NA,NA,NA,NA,NA,No,No,available_online,no,NA
Sweeny_covid_mk600,2Nzk,TRUE,New data,No,NA,No,NA,No,NA,Yes,"Publisher website, Online repository","Data and code were not linked in the original paper, but can be found on OSF: https://osf.io/vuwg3/",Complete,2022,NA,No,NA,NA,NA,No,NA,NA,NA,NA,NA,NA,No,No,available_online,shared_on_request,NA
Baillon_Econometrica_2018_QYNq,QYNq,FALSE,New data,No,NA,No,NA,No,NA,Yes,Author website,"Data and code were not linked in the original paper, but are located on the author website: https://aurelienbaillon.com/research/",Complete,NA,NA,No,NA,NA,NA,Yes,Author website,"Data and code were not linked in the original paper, but are located on the author website: https://aurelienbaillon.com/research/",Complete,NA,NA,NA,No,Yes,available_online,available_online,NA
Björnerstedt_AmEcoJourn_2016_A1QY,A1QY,FALSE,Existing data,Yes,"""Go to http://dx.doi.org/10.1257/app.20130034 to visit the article page for additional materials and author disclosure statement(s) or to comment in the online discussion forum.""",No,NA,No,NA,No,NA,NA,NA,NA,NA,Yes_all,Yes,Other,"""The main dataset consists of confidential product level data for the Swedish analgesics market for the period January 1995-December 2009, which can be obtained from Apoteket AB, and for the period January 2010-May 2011, which can be obtained from Apotekens Servicebolag AB.""",Yes,"Publisher website, Online repository",Data and code were linked in the original paper and can be found on OPENICPSR: https://www.openicpsr.org/openicpsr/project/113581/version/V1/view,Complete,2019,NA,NA,No,No,no,available_online,NA
Goeree_Econometrica_2011_1574,1574,FALSE,New data,No,NA,No,NA,No,NA,Yes,Publisher website,Data (no code) are available on the journal website: https://www.econometricsociety.org/publications/econometrica/2011/05/01/experimental-study-collective-deliberation,Complete,NA,NA,No,NA,NA,NA,No,NA,NA,NA,NA,NA,NA,No,No,available_online,no,NA
Imbert_AmEcoJourn_2015_QAB1,QAB1,FALSE,Existing data,Yes,"""Go to http://dx.doi.org/10.1257/app.20130401 to visit the article page for additional materials and author disclosure statement(s) or to comment in the online discussion forum.""",No,NA,No,NA,No,NA,NA,NA,NA,NA,Yes_some,Yes,Other,"""This paper draws on several data sets that are either commercially or freely available. Copyright restrictions do not allow	 these data to be	redistributed, however interested researcher can purchase the data and reproduce the results	of the paper	using the	attached dofiles.1. Schedule 10 data from National Sample Surveys Rounds 55 61	64 and	66. Data	can be purchased from http://mospi.nic.in/Mospi_New/upload/nsso/ratelist_UnitData.pdf 2. Data on population, literacy, labor force participation, area and irrigation	from 2001 Census: http://censusindia.gov.in/2011-common/censusdataonline.html 3. Yearly	data on output	and	harvest prices published by the Ministry of Agriculture:http://eands.dacnet.nic.in/ 
4. Rainfall data from the Tropical Rainfall Measuring Mission (TRMM): http://trmm.gsfc.nasa.gov/ 5. 2009 ARIS REDS	Data on	household hired labor:
http://adfdell.pstc.brown.edu/arisredsdata/readme.txt 6. Data on elections from the Electoral Commission of India: http://www.eci.nic.in/ecimain1/index.aspx 7. Only reports	on roads built under the Pradhan Mantri Gram Sarak Yojna (PMGSY):	http://pmgsy.nic.in/
8. Rural	Laborers Consumer Price	Index from the Labour Bureau: http://labourbureau.nic.in/indexes.htm""",Yes,"Publisher website, Online repository",Data and code were linked in the original paper and are located on OPENICPSUR: https://www.openicpsr.org/openicpsr/project/113591/version/V1/view,Complete,2021,NA,NA,No,No,no,available_online,NA
LaFave_Econometrica_2016_EdQy,EdQy,FALSE,Existing data,No,NA,No,NA,No,NA,Yes,Publisher website,"Data and code were not linked in the original paper, but are located on the publisher website: https://www.econometricsociety.org/publications/econometrica/2016/09/01/farms-families-and-markets-new-evidence-completeness-markets",Complete,NA,NA,No,NA,NA,NA,Yes,Publisher website,"Data and code were not linked in the original paper, but are located on the publisher website: https://www.econometricsociety.org/publications/econometrica/2016/09/01/farms-families-and-markets-new-evidence-completeness-markets",Complete,NA,NA,NA,No,Yes,available_online,available_online,NA
Pana_covid_rn65l,p2qE,TRUE,Existing data,No,NA,No,NA,No,NA,Yes,Online repository,"Data was found under ""supplementary material"" on a preprint server after searching the title of the paper on Google: https://www.medrxiv.org/node/81139.external-links.html",Complete,NA,NA,No,NA,NA,NA,No,NA,NA,NA,NA,NA,NA,No,No,available_online,no,NA
Teovanovic_covid_x0b5x,b3RA,TRUE,New data,Yes,"""The dataset (https://osf.io/cpe5t/) and analysis code (https://osf.io/5rabw/) are available at the OSF. """,No,NA,No,NA,Yes,"Publisher website, Online repository","Data and code are hosted on the OSF (https://osf.io/cpe5t; https://osf.io/5rabw)
were linked to in the original paper, and only data were also linked in the journals website under ""Open research"" (https://onlinelibrary-wiley-com.proxy1.library.virginia.edu/doi/10.1002/acp.3770)",Complete,2020,NA,No,NA,NA,NA,No,NA,NA,NA,NA,NA,NA,No,No,available_online,no,NA
Woltin_JournExpSocPsych_2011_Wre,Wre,FALSE,New data,No,NA,No,NA,No,NA,No,NA,NA,NA,NA,NA,No,NA,NA,NA,No,NA,NA,NA,NA,NA,NA,No,No,shared_on_request,shared_on_request,NA
Colaresi_AmJourPoliSci_2012_9XrX,9XrX,FALSE,Existing data,Yes,"""The replication data for this article are available at http://dvn.iq.harvard.edu/dvn/dv/Colaresi.""",No,NA,No,NA,Yes,"Publisher website, Online repository","Data and code were linked to in the original paper as well as the journal's website (https://onlinelibrary.wiley.com/doi/10.1111/j.1540-5907.2011.00567.x), and are hosted on Harvard Dataverse (https://dataverse.harvard.edu/file.xhtml?persistentId=doi:10.7910/DVN/9UC4QH/9BU2GH&version=1.0)",Complete,2012,NA,No,NA,NA,NA,Yes,"Publisher website, Online repository","Data and code were linked to in the original paper as well as the journal's website (https://onlinelibrary.wiley.com/doi/10.1111/j.1540-5907.2011.00567.x), and are hosted on Harvard Dataverse (https://dataverse.harvard.edu/file.xhtml?persistentId=doi:10.7910/DVN/9UC4QH/9BU2GH&version=1.0)",Complete,2012,NA,NA,No,Yes,available_online,available_online,NA
Flesia_covid_z7rd6,P39Z,TRUE,New data,Yes,"""Data are available in the following depository: 10.5281/zenodo.3753552.""",No,NA,No,NA,Yes,Online repository,Data and were linked to in original paper and are hosted on Zenodo (https://zenodo.org/record/3753552#.ZBDXHuzMKWA),Complete,2020,NA,No,NA,NA,NA,No,NA,NA,NA,NA,NA,NA,No,No,available_online,no,NA
Luttrell_JournExpSocPsych_2016_rjb,rjb,FALSE,New data,No,NA,No,NA,No,NA,Yes,Online repository,Data and code were linked in the corresponding author's website (https://andyluttrell.com/) and are hosted on the OSF: https://osf.io/e7zb2/?view_only=,Complete,2019,NA,No,NA,NA,NA,Yes,Online repository,Data and code were linked in the corresponding author's website (https://andyluttrell.com/) and are hosted on the OSF: https://osf.io/e7zb2/?view_only=,Complete,2019,NA,NA,No,Yes,available_online,available_online,NA
Elmer_covid_2n3v5,BN8d,TRUE,New data,No,NA,No,NA,No,NA,Yes,"Publisher website, Online repository",Data were linked in the journal's website (https://journals.plos.org/plosone/article?id=10.1371/journal.pone.0236337) and are hosted on the OSF: https://osf.io/aty6s,Complete,2020,NA,No,NA,NA,NA,No,NA,NA,NA,NA,NA,NA,No,No,available_online,shared_on_request,NA
Pennycook_covid_408w0,E32j,TRUE,New data,Yes,"""Our data, materials, and preregistration are available online
(https://osf.io/7d3xh/).""",No,NA,No,NA,Yes,"Publisher website, Online repository",Data and code were linked to in the original paper and the journal's website (https://journals.sagepub.com/doi/10.1177/0956797620939054#supplementary-materials) and are hosted on the OSF: https://osf.io/7d3xh/,Complete,2020,NA,No,NA,NA,NA,Yes,"Publisher website, Online repository",Data and code were linked to in the original paper and the journal's website (https://journals.sagepub.com/doi/10.1177/0956797620939054#supplementary-materials) and are hosted on the OSF: https://osf.io/7d3xh/,Complete,2020,NA,NA,No,Yes,available_online,available_online,NA
Jiang_AmJourPoliSci_2018_Rjp9,Rjp9,FALSE,Existing data,Yes,"""Replication Materials: The data, code, and any additional materials required to replicate all analyses in this article are available on the American Journal of Political Science Dataverse within the Harvard Dataverse Network, at:
https://doi.org/10.7910/DVN/XZ0IZE""",No,NA,No,NA,Yes,"Publisher website, Online repository",Data and code were linked to in original paper and on journal's website (https://onlinelibrary.wiley.com/doi/abs/10.1111/ajps.12394) and are hosted on the Harvard Dataverse: https://dataverse.harvard.edu/dataset.xhtml?persistentId=doi:10.7910/DVN/XZ0IZE&version=1.1,Complete,2018,NA,No,NA,NA,NA,Yes,"Publisher website, Online repository",Data and code were linked to in original paper and on journal's website (https://onlinelibrary.wiley.com/doi/abs/10.1111/ajps.12394) and are hosted on the Harvard Dataverse: https://dataverse.harvard.edu/dataset.xhtml?persistentId=doi:10.7910/DVN/XZ0IZE&version=1.1,Complete,2018,NA,NA,No,Yes,available_online,available_online,NA
Okruszek_covid_82rny,V3pK,TRUE,New data,Yes,"""Data from the current study can be accessed via https://osf.io/ec3mb/""",No,NA,No,NA,Yes,"Publisher website, Online repository, Other","Data and code were linked to in original paper, as well as on the journal's website (https://www.frontiersin.org/articles/10.3389/fpsyg.2020.579181/full#h6), and NIH's website (https://www.ncbi.nlm.nih.gov/pmc/articles/PMC7747668/), and are hosted on the OSF: https://osf.io/ec3mb/",Complete,2020,NA,No,NA,NA,NA,Yes,"Publisher website, Online repository, Other","Data and code were linked to in original paper, as well as on the journal's website (https://www.frontiersin.org/articles/10.3389/fpsyg.2020.579181/full#h6), and NIH's website (https://www.ncbi.nlm.nih.gov/pmc/articles/PMC7747668/), and are hosted on the OSF: https://osf.io/ec3mb/",Complete,2020,NA,NA,No,Yes,available_online,available_online,NA
Wissmath_covid_y3177,4N88,TRUE,New data,Yes,"""Replication data are available on the Open Science Framework (15), https://osf.io/grvwa/""",No,NA,No,NA,Yes,"Publisher website, Online repository",Data were linked to in original paper and on journal website (https://journals.plos.org/plosone/article?id=10.1371/journal.pone.0254883) and are hosted on the OSF: https://osf.io/grvwa/,Complete,2020,NA,No,NA,NA,NA,No,NA,NA,NA,NA,NA,NA,No,No,available_online,no,NA
Ihme_JournExpPoliSci_2018_xYbO,xYbO,FALSE,New data,Yes,"""1The data used in the studies can be found on Dataverse: “Replication Data for: Gender Differences in Political Knowledge: Bringing Situation Back In,” doi:10.7910/DVN/OZRQIQ, Harvard Dataverse""",No,NA,No,NA,Yes,"Publisher website, Online repository",Data and code were linked to in the original paper and the journal's website (https://www.cambridge.org/core/journals/journal-of-experimental-political-science/article/abs/gender-differences-in-political-knowledge-bringing-situation-back-in/4897AD1BEF5BC95E164F08BDFB5ED1AF) and are hosted on the Harvard Dataverse: https://dataverse.harvard.edu/dataset.xhtml?persistentId=doi:10.7910/DVN/OZRQIQ&version=1.0,Complete,2017,NA,No,NA,NA,NA,Yes,"Publisher website, Online repository",Data and code were linked to in the original paper and the journal's website (https://www.cambridge.org/core/journals/journal-of-experimental-political-science/article/abs/gender-differences-in-political-knowledge-bringing-situation-back-in/4897AD1BEF5BC95E164F08BDFB5ED1AF) and are hosted on the Harvard Dataverse: https://dataverse.harvard.edu/dataset.xhtml?persistentId=doi:10.7910/DVN/OZRQIQ&version=1.0,Complete,2017,NA,NA,No,Yes,available_online,available_online,NA
Alves_PsychologSci_2018_AvOr,AvOr,FALSE,New data,Yes,"""All data and materials have been made publicly available via
the Open Science Framework and can be accessed at https://
osf.io/qenhu/?view_only=a214ad4886e64dcf8a57048fbde1d
fbb.""",No,NA,No,NA,Yes,"Publisher website, Online repository",Data were linked to in original paper and journal's website (https://journals.sagepub.com/doi/full/10.1177/0956797618756862#supplementary-materials) and are hosted on the OSF: https://osf.io/qenhu/?view_only=a214ad4886e64dcf8a57048fbde1dfbb,Complete,2018,NA,No,NA,NA,NA,No,NA,NA,NA,NA,NA,NA,No,No,available_online,shared_on_request,NA
Christensen_EurJournPersonality_2018_8R9d,8R9d,FALSE,New data,Yes,"""The data and materials are permanently
and openly accessible at https://osf.io/craky/. """,No,NA,No,NA,Yes,"Publisher website, Online repository","Data and code were linked to in original paper and the journal's website (https://onlinelibrary.wiley.com/doi/abs/10.1002/per.2157), and are hosted on the OSF: https://osf.io/craky/",Complete,2018,NA,No,NA,NA,NA,Yes,"Publisher website, Online repository","Data and code were linked to in original paper and the journal's website (https://onlinelibrary.wiley.com/doi/abs/10.1002/per.2157), and are hosted on the OSF: https://osf.io/craky/",Complete,2018,NA,NA,No,Yes,available_online,available_online,NA
Petersen_Cognition_2017_yJwG,yJwG,FALSE,New data,Yes,"""Supplementary data associated with this article can be found, in
the online version, at http://dx.doi.org/10.1016/j.cognition.2017.
04.004.""",No,NA,No,NA,Yes,Publisher website,Data were linked to in original paper and are located on the journal's website: https://www-sciencedirect-com.proxy1.library.virginia.edu/science/article/pii/S0010027717300987?via%3Dihub#ec-research-data,Complete,NA,NA,No,NA,NA,NA,No,NA,NA,NA,NA,NA,NA,No,No,available_online,no,NA
Rinaldi_Cognition_2016_Kj9d,Kj9d,FALSE,New data,Yes,"""Supplementary data associated with this article can be found, in
the online version, at http://dx.doi.org/10.1016/j.cognition.2016.
03.003.""",No,NA,No,NA,Yes,Publisher website,"Data were linked to in original paper, and are located on the journal's website: https://www.sciencedirect.com/science/article/abs/pii/S0010027716300580?via%3Dihub",Complete,NA,NA,No,NA,NA,NA,No,NA,NA,NA,NA,NA,NA,No,No,available_online,no,NA
Li_covid_gz5wn,O3ky,TRUE,Existing data,No,NA,No,NA,No,NA,No,NA,NA,NA,NA,NA,No,NA,NA,NA,No,NA,NA,NA,NA,NA,NA,No,No,no,no,NA
Pennycook_covid_dx53g,7NEL,TRUE,New data,Yes,"""Our data, materials, and preregistration is available on the Open Science Framework: https://osf.io/3a497/.""",No,NA,No,NA,Yes,"Publisher website, Online repository",Data were linked in the original paper and can be found on OSF: https://osf.io/3a497/,Complete,NA,NA,No,NA,NA,NA,No,NA,NA,NA,NA,NA,NA,No,No,available_online,shared_on_request,NA
Weidmann_BritJournPoliSci_2013_JRpA,JRpA,FALSE,Existing data,Yes,"""Replication data will be made available at http://dvn.iq.harvard.edu/dvn/dv/nilsw upon publication of this article.""",No,NA,No,NA,Yes,"Publisher website, Online repository, Author website",Data and code were linked in the original paper and are located on Harvard Dataverse: https://dataverse.harvard.edu/dataset.xhtml?persistentId=doi:10.7910/DVN/UQKU5T,Complete,NA,NA,No,NA,NA,NA,Yes,"Publisher website, Online repository, Author website",Data and code were linked in the original paper and are located on Harvard Dataverse: https://dataverse.harvard.edu/dataset.xhtml?persistentId=doi:10.7910/DVN/UQKU5T,Complete,NA,NA,NA,No,Yes,available_online,available_online,NA
Alper_covid_ld6vx,K35l,TRUE,New data,Yes,"All data and materials are accessible at
https://osf.io/umt4d/?view_only=a19fbe8299a84f5f9e7342591f21077a",No,NA,No,NA,Yes,Online repository,Data and code were linked in the original paper and are located on OSF: https://osf.io/umt4d/?view_only=a19fbe8299a84f5f9e7342591f21077a,Complete,NA,NA,No,NA,NA,NA,Yes,Online repository,Data and code were linked in the original paper and are located on OSF: https://osf.io/umt4d/?view_only=a19fbe8299a84f5f9e7342591f21077a,Complete,NA,NA,NA,No,Yes,available_online,available_online,NA
Harper_covid_3d7v4,qKdb,TRUE,New data,Yes,"""All analysis code and data (plus a redacted version of the survey file) can be found
here: https://osf.io/cek3q/?view_only=198364d59a6c40c9b68226c8cd3a84df. """,No,NA,No,NA,Yes,Online repository,"Data and code were linked in the original paper, and are located on OSF: https://osf.io/cek3q/?view_only=198364d59a6c40c9b68226c8cd3a84df",Complete,NA,NA,No,NA,NA,NA,Yes,Online repository,"Data and code were linked in the original paper, and are located on OSF: https://osf.io/cek3q/?view_only=198364d59a6c40c9b68226c8cd3a84df",Complete,NA,NA,NA,No,Yes,available_online,available_online,NA
Imhoff_covid_120vg,dPzV,TRUE,New data,Yes,"""All materials and data (including the supplemental study) are
available at https://osf.io/6p8tv""",No,NA,No,NA,Yes,"Publisher website, Online repository, Author website",Data and code were linked in the original paper and are located on OSF: https://osf.io/6p8tv/,Complete,NA,NA,No,NA,NA,NA,Yes,"Publisher website, Online repository, Author website",Data and code were linked in the original paper and are located on OSF: https://osf.io/6p8tv/,Complete,NA,NA,NA,No,Yes,available_online,available_online,NA
PALER_AmPoliSciRev_2013_Pxp7,Pxp7,FALSE,New data,No,NA,Yes,"""Appendices and additional project materials are available online on the author’s personal website""",No,NA,Yes,"Online repository, Author website","Data and code were not linked in the original paper, but can be found on Harvard Dataverse: https://dataverse.harvard.edu/dataset.xhtml?persistentId=doi:10.7910/DVN/QWXPUA",Complete,NA,NA,No,NA,NA,NA,Yes,"Online repository, Author website","Data and code were not linked in the original paper, but can be found on Harvard Dataverse: https://dataverse.harvard.edu/dataset.xhtml?persistentId=doi:10.7910/DVN/QWXPUA",Complete,NA,NA,NA,No,Yes,available_online,available_online,NA
Pfattheicher_covid_53g6l,yZD4,TRUE,New data,Yes,"""Data, sample characteristics (demographics), materials, and the preregistrations are available on the Open Science Framework (https://osf.io/pq3ky/).""",No,NA,No,NA,Yes,"Publisher website, Online repository",Data and code were linked in the original paper and are located on OSF: https://osf.io/pq3ky/,Complete,NA,NA,No,NA,NA,NA,Yes,"Publisher website, Online repository",Data and code were linked in the original paper and are located on OSF: https://osf.io/pq3ky/,Complete,NA,NA,NA,No,Yes,available_online,available_online,NA
Rosenfeld_covid_rn6ll,5N2E,TRUE,Existing data,Yes,"""All data and code for the current research are publicly available at https://osf.io/be3vf/view_only=044a25689b9b4f08a7b88bde11e37c93.""",No,NA,No,NA,Yes,"Publisher website, Online repository",Data and code were linked in the original paper and are located on OSF: https://osf.io/be3vf/?view_only=044a25689b9b4f08a7b88bde11e37c93,Complete,NA,NA,No,NA,NA,NA,Yes,"Publisher website, Online repository",Data and code were linked in the original paper and are located on OSF: https://osf.io/be3vf/?view_only=044a25689b9b4f08a7b88bde11e37c93,Complete,NA,NA,NA,No,Yes,available_online,available_online,NA
Tabri_covid_781l5,dPX2,TRUE,New data,Yes,"""All research materials, statistical input and output files, and the analyzed data are
publicly available via the Open Science Framework: https://osf.io/82kbv/""",No,NA,No,NA,Yes,"Publisher website, Online repository","Data and code were linked in the original paper, are are located on OSF: https://osf.io/82kbv/",Complete,NA,NA,No,NA,NA,NA,Yes,"Publisher website, Online repository","Data and code were linked in the original paper, are are located on OSF: https://osf.io/82kbv/",Complete,NA,NA,NA,No,Yes,available_online,available_online,NA
Bertin_covid_kw27d,zk94,TRUE,New data,Yes,"""Data, materials in French (with English translation) and analyses are available on the OSF repository at the following address: https://osf.io/3qyf4/view_only=c2aa291fb1604b73aef9057cfc41980e.""",No,NA,No,NA,Yes,"Publisher website, Online repository",Data and code were linked in the original paper and are located on the OSF: https://osf.io/3qyf4/?view_only=c2aa291fb1604b73aef9057cfc41980e,Complete,2020,NA,No,NA,NA,NA,Yes,"Publisher website, Online repository",Data and code were linked in the original paper and are located on the OSF: https://osf.io/3qyf4/?view_only=c2aa291fb1604b73aef9057cfc41980e,Complete,2020,NA,NA,No,Yes,available_online,available_online,NA
Sandra_Cognition_2018_0qar,0qar,FALSE,New data,Yes,"""All raw data pertaining to this study can be accessed via the Open
Science Framework at http://osf.io/gqvsh.""",No,NA,No,NA,Yes,"Publisher website, Online repository",Data were linked to in original paper as well as on journal's website (https://www.sciencedirect.com/science/article/abs/pii/S0010027717303062) and are hosted on the OSF: https://osf.io/gqvsh/,Complete,2017,NA,No,NA,NA,NA,No,NA,NA,NA,NA,NA,NA,No,No,available_online,no,NA
Dant_JournAcaMarkSci_2013_1VbB,1VbB,FALSE,New data,No,NA,No,NA,No,NA,No,NA,NA,NA,NA,NA,No,NA,NA,NA,No,NA,NA,NA,NA,NA,NA,No,No,no,no,NA
Kappes_JournExpSocPsych_2012_9J1,9J1,FALSE,New data,No,NA,No,NA,No,NA,No,NA,NA,NA,NA,NA,No,NA,NA,NA,No,NA,NA,NA,NA,NA,NA,No,No,no,no,NA
Li_LeadQuart_2011_GQvr,GQvr,FALSE,Existing data,No,NA,No,NA,No,NA,No,NA,NA,NA,NA,NA,No,NA,NA,NA,No,NA,NA,NA,NA,NA,NA,No,No,no,no,NA
Mena_JournAcaMarkSci_2015_kEmj,kEmj,FALSE,New data,No,NA,No,NA,No,NA,No,NA,NA,NA,NA,NA,No,NA,NA,NA,No,NA,NA,NA,NA,NA,NA,No,No,no,no,NA
Pappu_JournAcaMarkSci_2014_yDyG,yDyG,FALSE,New data,No,NA,No,NA,No,NA,No,NA,NA,NA,NA,NA,No,NA,NA,NA,No,NA,NA,NA,NA,NA,NA,No,No,no,no,NA
Pastötter_Cognition_2013_EQxa,EQxa,FALSE,New data,No,NA,No,NA,No,NA,Yes,"Online repository, Author website","Some data were linked to the corresponding author's website (https://www.uni-trier.de/universitaet/fachbereiche-faecher/fachbereich-i/faecher-und-institute/psychologie/professuren/cognitive-psychology/team/bernhard-pastoetter) under ""public OSF profile"" and are hosted on the OSF: https://osf.io/w9vcz/",Incomplete,2019,This OSF project only includes data for one experiment in the paper,No,NA,NA,NA,No,NA,NA,NA,NA,NA,NA,No,No,available_online,no,NA
Popper_LeadQuart_2009_aYyR,aYyR,FALSE,New data,No,NA,No,NA,No,NA,No,NA,NA,NA,NA,NA,No,NA,NA,NA,No,NA,NA,NA,NA,NA,NA,No,No,no,no,NA
Schultz_ManagementSci_2010_83P0,83P0,FALSE,Existing data,No,NA,No,NA,No,NA,No,NA,NA,NA,NA,NA,No,NA,NA,NA,No,NA,NA,NA,NA,NA,NA,No,No,no,no,NA
Shirako_OrgBehavior_2015_jDGN,jDGN,FALSE,New data,No,NA,No,NA,No,NA,No,NA,NA,NA,NA,NA,No,NA,NA,NA,No,NA,NA,NA,NA,NA,NA,No,No,no,no,NA
Cohen_OrgSci_2016_eydQ,eydQ,FALSE,Existing data,No,NA,No,NA,No,NA,No,NA,NA,NA,NA,NA,No,NA,NA,NA,No,NA,NA,NA,NA,NA,NA,No,No,no,no,NA
Hinze_LearnInst_2013_NPPB,NPPB,FALSE,New data,No,NA,No,NA,No,NA,No,NA,NA,NA,NA,NA,No,NA,NA,NA,No,NA,NA,NA,NA,NA,NA,No,No,no,no,NA
Huang_JournMarketRes_2012_OWVv,OWVv,FALSE,Existing data,No,NA,No,NA,No,NA,No,NA,NA,NA,NA,NA,No,NA,NA,NA,No,NA,NA,NA,NA,NA,"It seemed heavily implied that the dataset used in this study was confidential, though I couldn't find anywhere that explicitly stated so.  However, the authors had footnotes explaining that they couldn't share various parts of the dataset due to confidentiality reasons (e.g., ""For confidentiality reasons, we can disclose neither manufacturer nor industry...For confidentiality reasons, we do not report the parameter estimates
from Equations 1–3 directly... Product line length is indexed to December 1999 for confidentiality reasons"") so it seems likely that the dataset is confidential, too.",No,No,no,no,NA
Kramarski_LearnInst_2010_lVO2,lVO2,FALSE,New data,No,NA,No,NA,No,NA,No,NA,NA,NA,NA,NA,No,NA,NA,NA,No,NA,NA,NA,NA,NA,NA,No,No,no,no,NA
Negro_OrgSci_2013_AKKY,AKKY,FALSE,Combination (both existing and new data),No,NA,No,NA,No,NA,No,NA,NA,NA,NA,NA,No,NA,NA,NA,No,NA,NA,NA,NA,NA,NA,No,No,no,no,NA
Hou_ChildDev_2017_YOXl,YOXl,FALSE,New data,No,NA,No,NA,No,NA,No,NA,NA,NA,NA,NA,No,NA,NA,NA,No,NA,NA,NA,NA,NA,NA,No,No,shared_on_request,shared_on_request,NA
Reh_JournAppPsych_2018_K4ZD,K4ZD,FALSE,New data,No,NA,No,NA,No,NA,No,NA,NA,NA,NA,NA,No,NA,NA,NA,No,NA,NA,NA,NA,NA,NA,No,No,no,no,NA
Van Heerde_JournMarketRes_2015_0a2L,0a2L,FALSE,Existing data,No,NA,No,NA,No,NA,No,NA,NA,NA,NA,NA,No,NA,NA,NA,No,NA,NA,NA,NA,NA,NA,No,No,no,no,NA
Ku_JournEnvPsych_2014_YpZZ,YpZZ,FALSE,New data,No,NA,No,NA,No,NA,No,NA,NA,NA,NA,NA,No,NA,NA,NA,No,NA,NA,NA,NA,NA,NA,No,No,shared_on_request,no,NA
Watson_JournAppPsych_2013_a8zB,a8zB,FALSE,New data,No,NA,No,NA,No,NA,No,NA,NA,NA,NA,NA,No,NA,NA,NA,No,NA,NA,NA,NA,NA,NA,No,No,no,no,NA
Yang_JournMarketRes_2013_G1Lr,G1Lr,FALSE,New data,No,NA,No,NA,No,NA,No,NA,NA,NA,NA,NA,No,NA,NA,NA,No,NA,NA,NA,NA,NA,NA,No,No,shared_on_request,shared_on_request,NA
Kyzar_ExChildren_2016_5KEz,5KEz,FALSE,Existing data,No,NA,No,NA,No,NA,No,NA,NA,NA,NA,NA,No,NA,NA,NA,No,NA,NA,NA,NA,NA,NA,No,No,no,no,NA
Long_JournEnvPsych_2015_eRbK,eRbK,FALSE,New data,No,NA,No,NA,No,NA,No,NA,NA,NA,NA,NA,No,NA,NA,NA,No,NA,NA,NA,NA,NA,NA,No,No,no,no,NA
Paillé_JournEnvPsych_2016_amLY,amLY,FALSE,New data,No,NA,No,NA,No,NA,No,NA,NA,NA,NA,NA,No,NA,NA,NA,No,NA,NA,NA,NA,NA,NA,No,No,no,no,NA
Parks-Stamm_JournExpSocPsych_2010_qZZ,qZZ,FALSE,New data,No,NA,No,NA,No,NA,No,NA,NA,NA,NA,NA,No,NA,NA,NA,No,NA,NA,NA,NA,NA,NA,No,No,no,no,NA
Raabe_ChildDev_2011_gyzK,gyzK,FALSE,Existing data,No,NA,No,NA,No,NA,No,NA,NA,NA,NA,NA,No,NA,NA,NA,No,NA,NA,NA,NA,NA,Publisher website included an appendix with the papers used for the meta-analysis,No,No,no,no,NA
Raby_ChildDev_2015_YOmK,YOmK,FALSE,Existing data,No,NA,No,NA,No,NA,No,NA,NA,NA,NA,NA,No,NA,NA,NA,No,NA,NA,NA,NA,NA,NA,No,No,no,no,NA
Balass_ContEduPsych_2010_EZEr,EZEr,FALSE,New data,No,NA,No,NA,No,NA,No,NA,NA,NA,NA,NA,No,NA,NA,NA,No,NA,NA,NA,NA,NA,NA,No,No,no,no,NA
Job_ContEduPsych_2012_bVz9,bVz9,FALSE,New data,No,NA,No,NA,No,NA,No,NA,NA,NA,NA,NA,No,NA,NA,NA,No,NA,NA,NA,NA,NA,NA,No,No,no,no,NA
Nye_JournManage_2010_v21q,v21q,FALSE,Existing data,No,NA,No,NA,No,NA,No,NA,NA,NA,NA,NA,No,NA,NA,NA,No,NA,NA,NA,NA,NA,NA,No,No,no,no,NA
Perry_JournManage_2016_XRgZ,XRgZ,FALSE,New data,No,NA,No,NA,No,NA,No,NA,NA,NA,NA,NA,No,NA,NA,NA,No,NA,NA,NA,NA,NA,NA,No,No,no,no,NA
Seong_JournManage_2015_3B4j,3B4j,FALSE,New data,No,NA,No,NA,No,NA,No,NA,NA,NA,NA,NA,No,NA,NA,NA,No,NA,NA,NA,NA,NA,NA,No,No,no,no,NA
Star_ContEduPsych_2015_R0EL,R0EL,FALSE,New data,No,NA,No,NA,No,NA,No,NA,NA,NA,NA,NA,No,NA,NA,NA,No,NA,NA,NA,NA,NA,NA,No,No,no,no,NA
Thomas_JournPerSocPsy_2014_xvrb,xvrb,FALSE,New data,No,NA,No,NA,No,NA,No,NA,NA,NA,NA,NA,No,NA,NA,NA,No,NA,NA,NA,NA,NA,NA,No,No,no,no,NA
Torelli_JournPerSocPsy_2010_gbAY,gbAY,FALSE,New data,No,NA,No,NA,No,NA,No,NA,NA,NA,NA,NA,No,NA,NA,NA,No,NA,NA,NA,NA,NA,NA,No,No,shared_on_request,shared_on_request,NA
Zimmerman_ContEduPsych_2014_EZ3x,EZ3x,FALSE,New data,No,NA,No,NA,No,NA,No,NA,NA,NA,NA,NA,No,NA,NA,NA,No,NA,NA,NA,NA,NA,NA,No,No,no,no,NA
Ryoo_ExChildren_2017_GdYj,GdYj,FALSE,Existing data,No,NA,No,NA,No,NA,No,NA,NA,NA,NA,NA,No,NA,NA,NA,No,NA,NA,NA,NA,NA,NA,No,No,no,no,NA
Seethaler_ExChildren_2010_8r3v,8r3v,FALSE,New data,No,NA,No,NA,No,NA,No,NA,NA,NA,NA,NA,No,NA,NA,NA,No,NA,NA,NA,NA,NA,NA,No,No,no,no,NA
Balas_JournExPsychGen_2015_xOYL,xOYL,FALSE,New data,No,NA,No,NA,No,NA,No,NA,NA,NA,NA,NA,No,NA,NA,NA,No,NA,NA,NA,NA,NA,NA,No,No,no,no,NA
Caspi_ClinPsychSci_2014_xJXb,xJXb,FALSE,Existing data,No,NA,No,NA,No,NA,No,NA,NA,NA,NA,NA,No,NA,NA,NA,No,NA,NA,NA,NA,NA,NA,No,No,shared_on_request,shared_on_request,NA
Cruz_SocSciMed_2014_AqdN,AqdN,FALSE,Existing data,No,NA,No,NA,No,NA,No,NA,NA,NA,NA,NA,No,NA,NA,NA,No,NA,NA,NA,NA,NA,NA,No,No,no,no,NA
Ali_CompEdu_2013_L9JK,L9JK,FALSE,New data,No,NA,No,NA,No,NA,No,NA,NA,NA,NA,NA,No,NA,NA,NA,No,NA,NA,NA,NA,NA,NA,No,No,no,no,NA
King_JournOrgBehavior_2017_Q1dl,Q1dl,FALSE,New data,No,NA,No,NA,No,NA,No,NA,NA,NA,NA,NA,No,NA,NA,NA,No,NA,NA,NA,NA,NA,NA,No,No,shared_on_request,shared_on_request,NA
Liao_JournOrgBehavior_2016_PkXJ,PkXJ,FALSE,New data,No,NA,No,NA,No,NA,No,NA,NA,NA,NA,NA,No,NA,NA,NA,No,NA,NA,NA,NA,NA,NA,No,No,no,no,NA
Bae_AcaManageJourn_2011_19L4,19L4,FALSE,Existing data,No,NA,No,NA,No,NA,No,NA,NA,NA,NA,NA,No,NA,NA,NA,No,NA,NA,NA,NA,NA,NA,No,No,no,no,NA
Mason_JournExPsychGen_2012_eOQm,eOQm,FALSE,New data,No,NA,No,NA,No,NA,No,NA,NA,NA,NA,NA,No,NA,NA,NA,No,NA,NA,NA,NA,NA,NA,No,No,no,no,NA
Berrios_EurJournPersonality_2015_7REZ,7REZ,FALSE,New data,No,NA,No,NA,No,NA,No,NA,NA,NA,NA,NA,No,NA,NA,NA,No,NA,NA,NA,NA,NA,NA,No,No,shared_on_request,shared_on_request,NA
Minbashian_JournOrgBehavior_2018_BjbQ,BjbQ,FALSE,Existing data,No,NA,No,NA,No,NA,No,NA,NA,NA,NA,NA,No,NA,NA,NA,No,NA,NA,NA,NA,NA,NA,No,No,no,no,NA
Lan_CompEdu_2009_xDlW,xDlW,FALSE,New data,No,NA,No,NA,No,NA,No,NA,NA,NA,NA,NA,No,NA,NA,NA,No,NA,NA,NA,NA,NA,"Authors put following statement and link in the original paper, but the supplementary material file only included extra, non-essential material that was used in their experiment: ""Supplementary data associated with this article can be found, in the online version, at doi:10.1016/j.compedu.2009.06.002.""",No,No,no,no,NA
Sun_JournExPsychGen_2017_Qk5P,Qk5P,FALSE,New data,No,NA,No,NA,No,NA,No,NA,NA,NA,NA,NA,No,NA,NA,NA,No,NA,NA,NA,NA,NA,NA,No,No,shared_on_request,shared_on_request,NA
Taylor_JournExPsychGen_2013_v8Nx,v8Nx,FALSE,New data,No,NA,No,NA,No,NA,No,NA,NA,NA,NA,NA,No,NA,NA,NA,No,NA,NA,NA,NA,NA,NA,No,No,no,no,NA
Wu_SocSciMed_2015_rrQ8,rrQ8,FALSE,New data,No,NA,No,NA,No,NA,No,NA,NA,NA,NA,NA,No,NA,NA,NA,No,NA,NA,NA,NA,NA,NA,No,No,no,no,NA
Bhattacharjee_JournPerSocPsy_2017_Br0x,Br0x,FALSE,New data,No,NA,No,NA,No,NA,No,NA,NA,NA,NA,NA,No,NA,NA,NA,No,NA,NA,NA,NA,NA,NA,No,No,no,no,NA
Cameron-Faulkner_JournEnvPsych_2018_vRJa,vRJa,FALSE,New data,No,NA,No,NA,No,NA,No,NA,NA,NA,NA,NA,No,NA,NA,NA,No,NA,NA,NA,NA,NA,NA,No,No,no,no,NA
Gómez_JournPerSocPsy_2009_JA3y,JA3y,FALSE,New data,No,NA,No,NA,No,NA,No,NA,NA,NA,NA,NA,No,NA,NA,NA,No,NA,NA,NA,NA,NA,NA,No,No,no,no,NA
Lee_EvoHumanBehavior_2018_AvWY,AvWY,FALSE,New data,No,NA,No,NA,No,NA,No,NA,NA,NA,NA,NA,No,NA,NA,NA,No,NA,NA,NA,NA,NA,"Authors had the following statement and link in the original paper, but it only included non-essential, extra material: ""Supplementary data to this article can be found online at https://
doi.org/10.1016/j.evolhumbehav.2018.06.004.""",No,No,no,no,NA
Lefevre_EurJournPersonality_2013_GNjz,GNjz,FALSE,New data,No,NA,No,NA,No,NA,No,NA,NA,NA,NA,NA,No,NA,NA,NA,No,NA,NA,NA,NA,NA,NA,No,No,no,no,NA
Liu_CompEdu_2011_qqAw,qqAw,FALSE,New data,No,NA,No,NA,No,NA,No,NA,NA,NA,NA,NA,No,NA,NA,NA,No,NA,NA,NA,NA,NA,NA,No,No,no,no,NA
Phan_CompEdu_2016_dJJl,dJJl,FALSE,Combination (both existing and new data),No,NA,No,NA,No,NA,No,NA,NA,NA,NA,NA,No,NA,NA,NA,No,NA,NA,NA,NA,NA,NA,No,No,no,no,NA
Wetzel_EurJournPersonality_2016_Ovkm,Ovkm,FALSE,New data,No,NA,No,NA,No,NA,No,NA,NA,NA,NA,NA,No,NA,NA,NA,No,NA,NA,NA,NA,NA,"Authors had the following statement in the original paper, but the additional supporting information only including non-essential, extra materials: ""Additional supporting information may be found in the online
version of this article at the publisher’s web site.""",No,No,shared_on_request,shared_on_request,NA
Ballard_JournAppPsych_2016_mBL1,mBL1,FALSE,New data,No,NA,No,NA,No,NA,No,NA,NA,NA,NA,NA,No,NA,NA,NA,No,NA,NA,NA,NA,NA,NA,No,No,shared_on_request,shared_on_request,NA
Brough_JournConsRes_2016_9ey,9ey,FALSE,New data,No,NA,No,NA,No,NA,No,NA,NA,NA,NA,NA,No,NA,NA,NA,No,NA,NA,NA,NA,NA,"The authors had the following statement in their paper: ""Stimuli and other supplementary materials are available online in the online appendix. [http://jcr.oxfordjournals.org/lookup/suppl/doi:10.1093/jcr/ucw044/-/DC1]"" but the supplementary material file only included extra, non-essential material.",No,No,shared_on_request,no,NA
Butcher_JournEduPsych_2013_qXzZ,qXzZ,FALSE,New data,No,NA,No,NA,No,NA,No,NA,NA,NA,NA,NA,No,NA,NA,NA,No,NA,NA,NA,NA,NA,NA,No,No,no,no,NA
Cho_JournEduPsych_2009_b9rA,b9rA,FALSE,New data,No,NA,No,NA,No,NA,No,NA,NA,NA,NA,NA,No,NA,NA,NA,No,NA,NA,NA,NA,NA,"Author had the follow statement and link in the original paper: ""Supplemental materials: http://dx.doi.org/10.1037/a0016212.supp"" but the file only included extra, non-essential material.",No,No,no,no,NA
Gabriel_JournAppPsych_2011_egX9,egX9,FALSE,New data,No,NA,No,NA,No,NA,No,NA,NA,NA,NA,NA,No,NA,NA,NA,No,NA,NA,NA,NA,NA,NA,No,No,no,no,NA
Hoffman_JournAppPsych_2015_DEmL,DEmL,FALSE,Combination (both existing and new data),No,NA,No,NA,No,NA,No,NA,NA,NA,NA,NA,No,NA,NA,NA,No,NA,NA,NA,NA,NA,NA,No,No,no,no,NA
Nelson_JournConsRes_2009_eg1q,eg1q,FALSE,New data,No,NA,No,NA,No,NA,No,NA,NA,NA,NA,NA,No,NA,NA,NA,No,NA,NA,NA,NA,NA,NA,No,No,shared_on_request,no,NA
Savani_PsychologSci_2010_88xa,88xa,FALSE,New data,No,NA,No,NA,No,NA,No,NA,NA,NA,NA,NA,No,NA,NA,NA,No,NA,NA,NA,NA,NA,NA,No,No,shared_on_request,shared_on_request,NA
Tuan Pham_JournConsRes_2010_ld8V,ld8V,FALSE,New data,No,NA,No,NA,No,NA,No,NA,NA,NA,NA,NA,No,NA,NA,NA,No,NA,NA,NA,NA,NA,NA,No,No,no,no,NA
Ammar_covid_3d7yw,P3NZ,TRUE,New data,No,NA,No,NA,Yes,"""The data that support the findings of this study are available from the corresponding author, upon reasonable request.""",No,NA,NA,NA,NA,NA,No,NA,NA,NA,No,NA,NA,NA,NA,NA,"Authors put the following statement under the ""data/code"" section of the online version of the paper (https://www.medrxiv.org/node/79723.external-links.html): ""The data that support the findings of this study are available from the corresponding author, upon reasonable request.""",No,No,no,no,NA
Anning-Dorson_JournBusRes_2018_8RlX,8RlX,FALSE,Combination (both existing and new data),No,NA,No,NA,No,NA,No,NA,NA,NA,NA,NA,No,NA,NA,NA,No,NA,NA,NA,NA,NA,NA,No,No,no,no,NA
Bartels_JournConsRes_2015_mrZ,mrZ,FALSE,New data,No,NA,No,NA,No,NA,No,NA,NA,NA,NA,NA,No,NA,NA,NA,No,NA,NA,NA,NA,NA,NA,No,No,shared_on_request,shared_on_request,NA
Ammerman_covid_wpg4y,R3pL,TRUE,New data,No,NA,No,NA,No,NA,No,NA,NA,NA,NA,NA,No,NA,NA,NA,No,NA,NA,NA,NA,NA,NA,No,No,no,no,NA
Briki_covid_82rly,5NWE,TRUE,New data,No,NA,No,NA,No,NA,No,NA,NA,NA,NA,NA,No,NA,NA,NA,No,NA,NA,NA,NA,NA,NA,No,No,no,no,NA
Hartmann_JournEnvPsych_2010_52WE,52WE,FALSE,New data,No,NA,No,NA,No,NA,No,NA,NA,NA,NA,NA,No,NA,NA,NA,No,NA,NA,NA,NA,NA,NA,No,No,no,no,NA
Hildebrand_JournMarketRes_2014_v3ED,v3ED,FALSE,Combination (both existing and new data),No,NA,No,NA,No,NA,No,NA,NA,NA,NA,NA,No,NA,NA,NA,No,NA,NA,NA,NA,NA,NA,No,No,no,no,NA
Hurst_JournEnvPsych_2013_Vpgm,Vpgm,FALSE,Existing data,No,NA,No,NA,No,NA,No,NA,NA,NA,NA,NA,No,NA,NA,NA,No,NA,NA,NA,NA,NA,NA,No,No,no,no,NA
LeBoeuf_JournMarketRes_2010_EKBZ,EKBZ,FALSE,New data,No,NA,No,NA,No,NA,No,NA,NA,NA,NA,NA,No,NA,NA,NA,No,NA,NA,NA,NA,NA,NA,No,No,shared_on_request,shared_on_request,NA
Marguc_JournPerSocPsy_2011_RpLp,RpLp,FALSE,New data,No,NA,No,NA,No,NA,No,NA,NA,NA,NA,NA,No,NA,NA,NA,No,NA,NA,NA,NA,NA,NA,No,No,no,no,NA
Pfattheicher_JournPerSocPsy_2018_521q,521q,FALSE,New data,No,NA,No,NA,No,NA,No,NA,NA,NA,NA,NA,No,NA,NA,NA,No,NA,NA,NA,NA,NA,NA,No,No,no,no,NA
Usta_JournMarketRes_2011_R8RN,R8RN,FALSE,New data,No,NA,No,NA,No,NA,No,NA,NA,NA,NA,NA,No,NA,NA,NA,No,NA,NA,NA,NA,NA,NA,No,No,no,no,NA
Bertram_AmEduResJourn_2017_m8yj,m8yj,FALSE,New data,No,NA,No,NA,No,NA,No,NA,NA,NA,NA,NA,No,NA,NA,NA,No,NA,NA,NA,NA,NA,NA,No,No,no,no,NA
Lee_JournBusRes_2013_O4rB,O4rB,FALSE,New data,No,NA,No,NA,No,NA,No,NA,NA,NA,NA,NA,No,NA,NA,NA,No,NA,NA,NA,NA,NA,NA,No,No,no,no,NA
Navarrete_EvoHumanBehavior_2010_1X9W,1X9W,FALSE,New data,No,NA,No,NA,No,NA,No,NA,NA,NA,NA,NA,No,NA,NA,NA,No,NA,NA,NA,NA,NA,NA,No,No,no,no,NA
Palardy_AmEduResJourn_2013_PxgJ,PxgJ,FALSE,Existing data,No,NA,No,NA,No,NA,No,NA,NA,NA,NA,NA,No,NA,NA,NA,No,NA,NA,NA,NA,NA,NA,No,No,no,no,NA
Reis_AmEduResJourn_2011_RmaL,RmaL,FALSE,New data,No,NA,No,NA,No,NA,No,NA,NA,NA,NA,NA,No,NA,NA,NA,No,NA,NA,NA,NA,NA,NA,No,No,no,no,NA
Seaton_AmEduResJourn_2010_Blxd,Blxd,FALSE,Existing data,No,NA,No,NA,No,NA,No,NA,NA,NA,NA,NA,No,NA,NA,NA,No,NA,NA,NA,NA,NA,NA,No,No,no,no,NA
van der Linden_EvoHumanBehavior_2012_pk33,pk33,FALSE,Existing data,No,NA,No,NA,No,NA,No,NA,NA,NA,NA,NA,No,NA,NA,NA,No,NA,NA,NA,NA,NA,NA,No,No,no,no,NA
Yagci_JournBusRes_2009_x2XO,x2XO,FALSE,New data,No,NA,No,NA,No,NA,No,NA,NA,NA,NA,NA,No,NA,NA,NA,No,NA,NA,NA,NA,NA,NA,No,No,no,no,NA
de Langhe_JournConsRes_2014_RJb,RJb,FALSE,New data,No,NA,No,NA,No,NA,No,NA,NA,NA,NA,NA,No,NA,NA,NA,No,NA,NA,NA,NA,NA,NA,No,No,no,no,NA
Elango_JournBusRes_2010_EvDa,EvDa,FALSE,Existing data,No,NA,No,NA,No,NA,No,NA,NA,NA,NA,NA,No,NA,NA,NA,No,NA,NA,NA,NA,NA,NA,No,No,no,no,NA
Manzur_JournBusRes_2011_Pazr,Pazr,FALSE,New data,No,NA,No,NA,No,NA,No,NA,NA,NA,NA,NA,No,NA,NA,NA,No,NA,NA,NA,NA,NA,NA,No,No,no,no,NA
Rozenkrants_JournConsRes_2017_5JE,5JE,FALSE,New data,No,NA,No,NA,No,NA,No,NA,NA,NA,NA,NA,No,NA,NA,NA,No,NA,NA,NA,NA,NA,NA,No,No,no,no,NA
Bingham Powell_CompPolitStu_2009_0PZl,0PZl,FALSE,Combination (both existing and new data),No,NA,No,NA,No,NA,No,NA,NA,NA,NA,NA,No,NA,NA,NA,No,NA,NA,NA,NA,NA,NA,No,No,shared_on_request,no,NA
TERTYTCHNAYA_AmPoliSciRev_2018_9wya,9wya,FALSE,Combination (both existing and new data),Yes,"""Replication materials can be found on Dataverse at:
https://doi.org/10.7910/DVN/MO3KOQ""",No,NA,No,NA,Yes,"Publisher website, Online repository","Data and code were linked under ""supplementary material"" on the journal's website (https://www.cambridge.org/core/journals/american-political-science-review/article/abs/when-the-money-stops-fluctuations-in-financial-remittances-and-incumbent-approval-in-central-eastern-europe-the-caucasus-and-central-asia/E2BD0764C2F25C5778B7F0F3E1CDD998#supplementary-materials) and are hosted on Harvard Dataverse: https://dataverse.harvard.edu/dataset.xhtml?persistentId=doi:10.7910/DVN/MO3KOQ",Complete,2018,NA,No,NA,NA,NA,Yes,"Publisher website, Online repository","Data and code were linked under ""supplementary material"" on the journal's website (https://www.cambridge.org/core/journals/american-political-science-review/article/abs/when-the-money-stops-fluctuations-in-financial-remittances-and-incumbent-approval-in-central-eastern-europe-the-caucasus-and-central-asia/E2BD0764C2F25C5778B7F0F3E1CDD998#supplementary-materials) and are hosted on Harvard Dataverse: https://dataverse.harvard.edu/dataset.xhtml?persistentId=doi:10.7910/DVN/MO3KOQ",Complete,2018,NA,NA,No,Yes,available_online,available_online,NA
HAN_AmPoliSciRev_2016_Qj9a,Qj9a,FALSE,New data,No,NA,No,NA,No,NA,No,NA,NA,NA,NA,NA,No,NA,NA,NA,No,NA,NA,NA,NA,NA,NA,No,No,no,no,NA
Karraker_JournMarFam_2013_Vj0p,Vj0p,FALSE,Existing data,No,NA,No,NA,No,NA,No,NA,NA,NA,NA,NA,No,NA,NA,NA,No,NA,NA,NA,NA,NA,NA,No,No,no,no,NA
Nakai_JournOrgBehavior_2011_w5dv,w5dv,FALSE,New data,No,NA,No,NA,No,NA,No,NA,NA,NA,NA,NA,No,NA,NA,NA,No,NA,NA,NA,NA,NA,NA,No,No,no,no,NA
Patnaik_WorldDev_2017_5GQq,5GQq,FALSE,Combination (both existing and new data),No,NA,No,NA,No,NA,No,NA,NA,NA,NA,NA,No,NA,NA,NA,No,NA,NA,NA,NA,NA,NA,No,No,no,no,NA
Roberts_JournEduPsych_2010_OYX0,OYX0,FALSE,Existing data,No,NA,No,NA,No,NA,No,NA,NA,NA,NA,NA,No,NA,NA,NA,No,NA,NA,NA,NA,NA,NA,No,No,no,no,NA
Fuhrmann_JournConflictRes_2010_8Wy0,8Wy0,FALSE,Existing data,Yes,"""Data for replication of this study and three online appendices are available at http://jcr.sagepub.com and from the author’s Web site at http://people.cas.sc.edu/fuhrmann.""",No,NA,No,NA,Yes,"Publisher website, Author website","Data and code were linked to in the original paper, and are located on the journal's website under ""supplementary materials"" (https://journals.sagepub.com/doi/10.1177/0022002710371671) as well as the corresponding author's website under ""publications and replication files"": http://www.matthewfuhrmann.com/publications--replication-files.html",Complete,NA,"In the original paper, the authors had the following statement: ""Data for replication
of this study and three online appendices are available at http://jcr.sagepub.com and
from the author’s Web site at http://people.cas.sc.edu/fuhrmann."" The SAGE link takes you to the journal's homepage, and the author's website gives a 404 error.",No,NA,NA,NA,Yes,"Publisher website, Author website","Data and code were linked to in the original paper, and are located on the journal's website under ""supplementary materials"" (https://journals.sagepub.com/doi/10.1177/0022002710371671) as well as the corresponding author's website under ""publications and replication files"": http://www.matthewfuhrmann.com/publications--replication-files.html",Complete,NA,"In the original paper, the authors had the following statement: ""Data for replication
of this study and three online appendices are available at http://jcr.sagepub.com and
from the author’s Web site at http://people.cas.sc.edu/fuhrmann."" The SAGE link takes you to the journal's homepage, and the author's website gives a 404 error.",NA,No,Yes,available_online,available_online,NA
Gartzke_JournConflictRes_2009_rym8,rym8,FALSE,Existing data,Yes,"""Replication data and an online appendix are available at http://jcr
.sagepub.com/supplemental.""",No,NA,No,NA,Yes,Publisher website,"Data and code were found under the ""supplementary materials"" section of the journal's website ""https://journals.sagepub.com/doi/10.1177/0022002708330289""",Complete,NA,NA,No,NA,NA,NA,Yes,Publisher website,"Data and code were found under the ""supplementary materials"" section of the journal's website ""https://journals.sagepub.com/doi/10.1177/0022002708330289""",Complete,NA,NA,NA,No,Yes,available_online,available_online,NA
Grose_AmJourPoliSci_2015_E0Q3,E0Q3,FALSE,New data,Yes,"""∗Data and replication materials are available in the AJPS Data Archive on Dataverse (http://thedata.harvard.edu/dvn/dv/ajps).""",No,NA,No,NA,Yes,"Publisher website, Online repository","Data and code were linked to in the original paper, and were also linked to on the journal's website (https://onlinelibrary.wiley.com/doi/abs/10.1111/ajps.12164a) and are hosted on Harvard Dataverse: https://dataverse.harvard.edu/dataset.xhtml?persistentId=doi:10.7910/DVN/26714",Complete,2014,NA,No,NA,NA,NA,Yes,"Publisher website, Online repository","Data and code were linked to in the original paper, and were also linked to on the journal's website (https://onlinelibrary.wiley.com/doi/abs/10.1111/ajps.12164a) and are hosted on Harvard Dataverse: https://dataverse.harvard.edu/dataset.xhtml?persistentId=doi:10.7910/DVN/26714",Complete,2014,NA,NA,No,Yes,available_online,available_online,NA
Holyoke_AmJourPoliSci_2009_3zya,3zya,FALSE,Combination (both existing and new data),No,NA,No,NA,No,NA,No,NA,NA,NA,NA,NA,No,NA,NA,NA,No,NA,NA,NA,NA,NA,NA,No,No,no,no,NA
Bischetti_covid_y3147,O3G0,TRUE,New data,Yes,"""The material used in the current study, as well as the dataset and the R script for the analyses, are available in the Open Science Framework repository (https://osf.io/gj52h/).""",No,NA,No,NA,Yes,Online repository,Data and code were linked in the original paper and are located on OSF: https://osf.io/gj52h/,Complete,2020,NA,No,NA,NA,NA,Yes,Online repository,Data and code were linked in the original paper and are located on OSF: https://osf.io/gj52h/,Complete,2020,NA,NA,No,Yes,available_online,available_online,NA
Kuper-Smith_covid_120y7,9NYl,TRUE,New data,No,NA,No,NA,No,NA,Yes,"Publisher website, Online repository","Data and code were not linked in the original paper, but can be found through the publisher website on github: https://github.com/dnhi-lab/COVID-risk",Complete,2022,"There is a complete data availability statement in the published paper: ""Data and relevant code for this research work are stored in GitHub: https://github.com/dnhi-lab/COVID-risk and have been archived within the Zenodo repository: https://doi.org/10.5281/zenodo.5570390.""",No,NA,NA,NA,Yes,"Publisher website, Online repository","Data and code were not linked in the original paper, but can be found through the publisher website on github: https://github.com/dnhi-lab/COVID-risk",Complete,2022,"There is a complete data availability statement in the published paper: ""Data and relevant code for this research work are stored in GitHub: https://github.com/dnhi-lab/COVID-risk and have been archived within the Zenodo repository: https://doi.org/10.5281/zenodo.5570390.""","The published paper has a different title, but it seems to match with the preprint",No,Yes,available_online,available_online,NA
Lynch_LawHuman_2009_EG8a,EG8a,FALSE,New data,No,NA,No,NA,No,NA,No,NA,NA,NA,NA,NA,No,NA,NA,NA,No,NA,NA,NA,NA,NA,NA,No,No,no,no,NA
Marshall_BritJournPoliSci_2015_GOYb,GOYb,FALSE,Existing data,No,"""Data replication sets and online appendices are available at http://dx.doi.org/doi: 10.1017/S0007123413000422""",No,NA,No,NA,Yes,Publisher website,"Data and code were linked in the original paper, but the link was broken, however, data and code can be found on the publisher website: https://www.cambridge.org/core/journals/british-journal-of-political-science/article/abs/compensation-or-constraint-how-different-dimensions-of-economic-globalization-affect-government-spending-and-electoral-turnout/E4C1E8CE642B120A236EF85F9046DCDD#article",Complete,2022,The link in the original article and the link on the author website are broken,No,NA,NA,NA,Yes,Publisher website,"Data and code were linked in the original paper, but the link was broken, however, data and code can be found on the publisher website: https://www.cambridge.org/core/journals/british-journal-of-political-science/article/abs/compensation-or-constraint-how-different-dimensions-of-economic-globalization-affect-government-spending-and-electoral-turnout/E4C1E8CE642B120A236EF85F9046DCDD#article",Complete,2022,The link in the original article and the link on the author website are broken,NA,No,Yes,available_online,available_online,NA
Messer_BritJournPoliSci_2011_Xb9r,Xb9r,FALSE,Existing data,No,NA,No,NA,No,NA,No,NA,NA,NA,NA,NA,No,NA,NA,NA,No,NA,NA,NA,NA,NA,NA,No,No,no,no,NA
Kim_CompEdu_2014_YWep,YWep,FALSE,New data,No,NA,No,NA,No,NA,No,NA,NA,NA,NA,NA,No,NA,NA,NA,No,NA,NA,NA,NA,NA,NA,No,No,no,no,NA
Lai_Cognition_2011_zNEm,zNEm,FALSE,New data,No,NA,No,NA,No,NA,No,NA,NA,NA,NA,NA,No,NA,NA,NA,No,NA,NA,NA,NA,NA,NA,No,No,no,no,NA
Mawritz_JournAppPsych_2014_PK3K,PK3K,FALSE,New data,No,NA,No,NA,No,NA,No,NA,NA,NA,NA,NA,No,NA,NA,NA,No,NA,NA,NA,NA,NA,NA,No,No,no,no,NA
Myllyneva_Cognition_2015_3Dla,3Dla,FALSE,New data,No,NA,No,NA,No,NA,No,NA,NA,NA,NA,NA,No,NA,NA,NA,No,NA,NA,NA,NA,NA,NA,No,No,no,no,NA
Trémolière_Cognition_2012_8wZ0,8wZ0,FALSE,New data,No,NA,No,NA,No,NA,No,NA,NA,NA,NA,NA,No,NA,NA,NA,No,NA,NA,NA,NA,NA,NA,No,No,no,no,NA
Horvat_EurSocioRev_2011_lxXV,lxXV,FALSE,Existing data,No,NA,No,NA,No,NA,No,NA,NA,NA,NA,NA,No,NA,NA,NA,No,NA,NA,NA,NA,NA,NA,No,No,no,no,NA
Huijts_EurSocioRev_2013_OY3B,OY3B,FALSE,Existing data,No,NA,No,NA,No,NA,No,NA,NA,NA,NA,NA,No,NA,NA,NA,No,NA,NA,NA,NA,NA,NA,No,No,no,no,yes
Lacina_AmJourPoliSci_2014_3zRW,3zRW,FALSE,Combination (both existing and new data),No,NA,Yes,"""Replication data for this article are available at the AJPS Data Archive on Dataverse""",No,NA,Yes,Online repository,Data and code were found on Harvard Dataverse as per the author's instructions: https://dataverse.harvard.edu/dataset.xhtml?persistentId=doi:10.7910/DVN/5CVUVU,Complete,2013,NA,No,NA,NA,NA,Yes,Online repository,Data and code were found on Harvard Dataverse as per the author's instructions: https://dataverse.harvard.edu/dataset.xhtml?persistentId=doi:10.7910/DVN/5CVUVU,Complete,2013,NA,NA,No,Yes,available_online,available_online,NA
Li_JournExpPoliSci_2017_G4mp,G4mp,FALSE,Existing data,No,NA,No,NA,No,NA,Yes,Online repository,Data and code were found on Harvard Dataverse after searching the paper's title on Google: https://dataverse.harvard.edu/dataset.xhtml?persistentId=doi:10.7910/DVN/DJTMJC,Complete,2017,"The authors had the following statement in their paper: ""To view supplementary material for this article, please visit https://doi.org/10.
1017/XPS.2017.15."" but the file only had extra, non-essential material.",No,NA,NA,NA,Yes,Online repository,Data and code were found on Harvard Dataverse after searching the paper's title on Google: https://dataverse.harvard.edu/dataset.xhtml?persistentId=doi:10.7910/DVN/DJTMJC,Complete,2017,"The authors had the following statement in their paper: ""To view supplementary material for this article, please visit https://doi.org/10.
1017/XPS.2017.15."" but the file only had extra, non-essential material.",NA,No,Yes,available_online,available_online,NA
MacKuen_AmJourPoliSci_2010_O823,O823,FALSE,New data,No,NA,No,NA,No,NA,No,NA,NA,NA,NA,NA,No,NA,NA,NA,No,NA,NA,NA,NA,NA,NA,No,No,no,no,NA
Mironova_JournExpPoliSci_2014_59Rq,59Rq,FALSE,New data,No,NA,No,NA,No,NA,No,NA,NA,NA,NA,NA,No,NA,NA,NA,No,NA,NA,NA,NA,NA,NA,No,No,shared_on_request,shared_on_request,NA
Bottge_ExChildren_2014_RY0E,RY0E,FALSE,New data,No,NA,No,NA,No,NA,No,NA,NA,NA,NA,NA,No,NA,NA,NA,No,NA,NA,NA,NA,NA,NA,No,No,no,no,NA
Campbell_JournPerSocPsy_2013_gbg4,gbg4,FALSE,New data,No,NA,No,NA,No,NA,No,NA,NA,NA,NA,NA,No,NA,NA,NA,No,NA,NA,NA,NA,NA,NA,No,No,no,no,NA
Flensborg-Madsen_ChildDev_2018_KvBd,KvBd,FALSE,Existing data,No,NA,No,NA,No,NA,No,NA,NA,NA,NA,NA,No,NA,NA,NA,No,NA,NA,NA,NA,NA,NA,No,No,no,no,NA
Guéguen_JournEnvPsych_2012_wvmd,wvmd,FALSE,New data,No,NA,No,NA,No,NA,No,NA,NA,NA,NA,NA,No,NA,NA,NA,No,NA,NA,NA,NA,NA,NA,No,No,no,no,NA
Jiang_JournEnvPsych_2017_kELZ,kELZ,FALSE,New data,No,NA,No,NA,No,NA,No,NA,NA,NA,NA,NA,No,NA,NA,NA,No,NA,NA,NA,NA,NA,"Authors had the following statement in their paper: ""Supplementary data related to this article can be found at http://
dx.doi.org/10.1016/j.jenvp.2017.03.012."" but the file only had extra, non-essential material.",No,No,no,no,NA
Kim_ChildDev_2012_50Jz,50Jz,FALSE,New data,No,NA,No,NA,No,NA,No,NA,NA,NA,NA,NA,No,NA,NA,NA,No,NA,NA,NA,NA,NA,NA,No,No,no,no,NA
Ng_ChildDev_2014_QEam,QEam,FALSE,New data,No,NA,No,NA,No,NA,No,NA,NA,NA,NA,NA,No,NA,NA,NA,No,NA,NA,NA,NA,NA,NA,No,No,no,no,NA
Powell_ExChildren_2015_Z8Xk,Z8Xk,FALSE,New data,No,NA,No,NA,No,NA,No,NA,NA,NA,NA,NA,No,NA,NA,NA,No,NA,NA,NA,NA,NA,NA,No,No,no,no,NA
Purciel_JournEnvPsych_2009_m1DV,m1DV,FALSE,Combination (both existing and new data),No,NA,No,NA,No,NA,No,NA,NA,NA,NA,NA,No,NA,NA,NA,No,NA,NA,NA,NA,NA,NA,No,No,no,no,NA
Vollmann_EurJournPersonality_2011_x3KP,x3KP,FALSE,New data,No,NA,No,NA,No,NA,No,NA,NA,NA,NA,NA,No,NA,NA,NA,No,NA,NA,NA,NA,NA,NA,No,No,no,shared_on_request,NA
Vadillo_JournExPsychGen_2016_BrGp,BrGp,FALSE,Existing data,No,NA,No,NA,No,NA,No,NA,NA,NA,NA,NA,No,NA,NA,NA,No,NA,NA,NA,NA,NA,NA,No,No,no,no,NA
van Dijck_Cognition_2009_zN22,zN22,FALSE,New data,No,NA,No,NA,No,NA,No,NA,NA,NA,NA,NA,No,NA,NA,NA,No,NA,NA,NA,NA,NA,NA,No,No,no,no,NA
Dumas_AcaManageJourn_2018_5KrD,5KrD,FALSE,New data,No,NA,No,NA,No,NA,No,NA,NA,NA,NA,NA,No,NA,NA,NA,No,NA,NA,NA,NA,NA,NA,No,No,shared_on_request,shared_on_request,NA
Goldhaber_EduRes_2015_jrg2,jrg2,FALSE,Existing data,No,NA,No,NA,No,NA,No,NA,NA,NA,NA,NA,No,NA,NA,NA,No,NA,NA,NA,NA,NA,NA,No,No,no,no,NA
Griffiths_JournExPsychGen_2011_J7ek,J7ek,FALSE,New data,No,NA,No,NA,No,NA,No,NA,NA,NA,NA,NA,No,NA,NA,NA,No,NA,NA,NA,NA,NA,NA,No,No,no,no,NA
Kang_JournExpSocPsych_2009_rpq,rpq,FALSE,New data,No,NA,No,NA,No,NA,No,NA,NA,NA,NA,NA,No,NA,NA,NA,No,NA,NA,NA,NA,NA,NA,No,No,no,shared_on_request,NA
Lanaj_AcaManageJourn_2013_5KzE,5KzE,FALSE,New data,No,NA,No,NA,No,NA,No,NA,NA,NA,NA,NA,No,NA,NA,NA,No,NA,NA,NA,NA,NA,NA,No,No,no,no,NA
Lowe_JournMarketRes_2017_VGAe,VGAe,FALSE,New data,No,NA,No,NA,No,NA,No,NA,NA,NA,NA,NA,No,NA,NA,NA,No,NA,NA,NA,NA,NA,NA,No,No,shared_on_request,shared_on_request,NA
Martin_AcaManageJourn_2016_9KRZ,9KRZ,FALSE,New data,No,NA,No,NA,No,NA,No,NA,NA,NA,NA,NA,No,NA,NA,NA,No,NA,NA,NA,NA,NA,NA,No,No,no,no,NA
Wong_EduRes_2018_brdE,brdE,FALSE,Existing data,No,NA,No,NA,No,NA,No,NA,NA,NA,NA,NA,No,NA,NA,NA,No,NA,NA,NA,NA,NA,NA,No,No,no,no,NA
Morewedge_JournExPsychGen_2009_VjYA,VjYA,FALSE,New data,No,NA,No,NA,No,NA,No,NA,NA,NA,NA,NA,No,NA,NA,NA,No,NA,NA,NA,NA,NA,NA,No,No,no,no,NA
DIPIETRO_Criminology_2012_9a3a,9a3a,FALSE,Existing data,No,NA,No,NA,No,NA,No,NA,NA,NA,NA,NA,No,NA,NA,NA,No,NA,NA,NA,NA,NA,"Included information on secondary data ""Information on how to obtain the AddHealth data files is available on the AddHealth website (http://www.cpc.unc.edu/addhealth).""",No,No,no,no,NA
Duclos_JournConsRes_2013_BaDx,BaDx,FALSE,New data,No,NA,No,NA,No,NA,No,NA,NA,NA,NA,NA,No,NA,NA,NA,No,NA,NA,NA,NA,NA,NA,No,No,no,no,NA
Chatterjee_JournConsRes_2012_598w,598w,FALSE,New data,No,NA,No,NA,No,NA,No,NA,NA,NA,NA,NA,No,NA,NA,NA,No,NA,NA,NA,NA,NA,NA,No,No,no,no,NA
Melamed_SocialForces_2013_8zw7,8zw7,FALSE,New data,No,NA,No,NA,No,NA,No,NA,NA,NA,NA,NA,No,NA,NA,NA,No,NA,NA,NA,NA,NA,NA,No,No,shared_on_request,shared_on_request,NA
Leahey_SocialForces_2012_Rrgp,Rrgp,FALSE,Existing data,No,NA,No,NA,No,NA,No,NA,NA,NA,NA,NA,No,NA,NA,NA,No,NA,NA,NA,NA,NA,NA,No,No,no,no,NA
Gutiérrez_EvoHumanBehavior_2013_XpVw,XpVw,FALSE,New data,No,NA,No,NA,No,NA,No,NA,NA,NA,NA,NA,No,NA,NA,NA,No,NA,NA,NA,NA,NA,NA,No,No,no,no,NA
Welling_EvoHumanBehavior_2011_eKv9,eKv9,FALSE,New data,No,NA,No,NA,No,NA,No,NA,NA,NA,NA,NA,No,NA,NA,NA,No,NA,NA,NA,NA,NA,NA,No,No,no,no,NA
Monahan_LawHuman_2011_a8OO,a8OO,FALSE,New data,No,NA,No,NA,No,NA,No,NA,NA,NA,NA,NA,No,NA,NA,NA,No,NA,NA,NA,NA,NA,NA,No,No,no,no,NA
Odgers_LawHuman_2010_wmrZ,wmrZ,FALSE,New data,No,NA,No,NA,No,NA,No,NA,NA,NA,NA,NA,No,NA,NA,NA,No,NA,NA,NA,NA,NA,NA,No,No,no,no,NA
Junco_CompEdu_2012_PEzz,PEzz,FALSE,New data,No,NA,No,NA,No,NA,No,NA,NA,NA,NA,NA,No,NA,NA,NA,No,NA,NA,NA,NA,NA,NA,No,No,no,no,NA
Mao_CompEdu_2010_V54A,V54A,FALSE,New data,No,NA,No,NA,No,NA,No,NA,NA,NA,NA,NA,No,NA,NA,NA,No,NA,NA,NA,NA,NA,NA,No,No,no,no,NA
Zlatović_CompEdu_2015_NaQB,NaQB,FALSE,New data,No,NA,No,NA,No,NA,No,NA,NA,NA,NA,NA,No,NA,NA,NA,No,NA,NA,NA,NA,NA,NA,No,No,no,no,NA
Morgan_EduRes_2012_eldl,eldl,FALSE,Existing data,No,NA,No,NA,No,NA,No,NA,NA,NA,NA,NA,No,NA,NA,NA,No,NA,NA,NA,NA,NA,NA,No,No,no,no,NA
Quinn_EduRes_2016_9p01,9p01,FALSE,Existing data,No,NA,No,NA,No,NA,No,NA,NA,NA,NA,NA,No,NA,NA,NA,No,NA,NA,NA,NA,NA,NA,No,No,no,shared_on_request,NA
Howard_LawHuman_2013_gwrg,gwrg,FALSE,Existing data,No,NA,No,NA,No,NA,No,NA,NA,NA,NA,NA,No,NA,NA,NA,No,NA,NA,NA,NA,NA,NA,No,No,no,no,NA
Olive_LearnInst_2009_7dx1,7dx1,FALSE,New data,No,NA,No,NA,No,NA,No,NA,NA,NA,NA,NA,No,NA,NA,NA,No,NA,NA,NA,NA,NA,NA,No,No,no,no,NA
Huang_LearnInst_2011_p50E,p50E,FALSE,New data,No,NA,No,NA,No,NA,No,NA,NA,NA,NA,NA,No,NA,NA,NA,No,NA,NA,NA,NA,NA,NA,No,No,no,no,NA
Niec_JournConsClinPsy_2016_PXbK,PXbK,FALSE,New data,No,NA,No,NA,No,NA,No,NA,NA,NA,NA,NA,No,NA,NA,NA,No,NA,NA,NA,NA,NA,NA,No,No,no,no,NA
Langer_JournConsClinPsy_2011_AaY9,AaY9,FALSE,Existing data,No,NA,No,NA,No,NA,No,NA,NA,NA,NA,NA,No,NA,NA,NA,No,NA,NA,NA,NA,NA,NA,No,No,no,no,NA
Borsari_JournConsClinPsy_2012_OX1L,OX1L,FALSE,New data,No,NA,No,NA,No,NA,No,NA,NA,NA,NA,NA,No,NA,NA,NA,No,NA,NA,NA,NA,NA,NA,No,No,no,no,NA
Pearce_OrgSci_2012_p02d,p02d,FALSE,New data,No,NA,No,NA,No,NA,No,NA,NA,NA,NA,NA,No,NA,NA,NA,No,NA,NA,NA,NA,NA,NA,No,No,no,no,NA
Kennedy_OrgBehavior_2013_5Xeq,5Xeq,FALSE,New data,No,NA,No,NA,No,NA,No,NA,NA,NA,NA,NA,No,NA,NA,NA,No,NA,NA,NA,NA,NA,NA,No,No,no,no,NA
McCarter_OrgBehavior_2010_plLK,plLK,FALSE,New data,No,NA,No,NA,No,NA,No,NA,NA,NA,NA,NA,No,NA,NA,NA,No,NA,NA,NA,NA,NA,NA,No,No,no,no,NA
Bryant_ClinPsychSci_2016_QAZ1,QAZ1,FALSE,New data,No,NA,No,NA,No,NA,No,NA,NA,NA,NA,NA,No,NA,NA,NA,No,NA,NA,NA,NA,NA,NA,No,No,no,no,NA
Yiend_ClinPsychSci_2015_LmBx,LmBx,FALSE,New data,No,NA,No,NA,No,NA,No,NA,NA,NA,NA,NA,No,NA,NA,NA,No,NA,NA,NA,NA,NA,NA,No,No,no,no,NA
Neshat-Doost_ClinPsychSci_2013_RxK7,RxK7,FALSE,New data,No,NA,No,NA,No,NA,No,NA,NA,NA,NA,NA,No,NA,NA,NA,No,NA,NA,NA,NA,NA,NA,No,No,no,no,NA
Reniers_Demography_2012_4ry8,4ry8,FALSE,Existing data,No,NA,No,NA,No,NA,No,NA,NA,NA,NA,NA,No,NA,NA,NA,No,NA,NA,NA,NA,NA,"Provided secondary data link ""Data, survey instruments, and other documentation can be retrieved from the Measure DHS website (http://www.measuredhs.com).""",No,No,no,no,yes
Kaneshiro_Demography_2013_XYaQ,XYaQ,FALSE,Existing data,No,NA,No,NA,No,NA,No,NA,NA,NA,NA,NA,No,NA,NA,NA,No,NA,NA,NA,NA,NA,NA,No,No,no,no,NA
Rimvall_PsychMed_2016_Y9V2,Y9V2,FALSE,New data,No,NA,No,NA,No,NA,No,NA,NA,NA,NA,NA,No,NA,NA,NA,No,NA,NA,NA,NA,NA,NA,No,No,no,no,NA
Smieskova_PsychMed_2012_pvzd,pvzd,FALSE,New data,No,NA,No,NA,No,NA,No,NA,NA,NA,NA,NA,No,NA,NA,NA,No,NA,NA,NA,NA,NA,NA,No,No,no,no,NA
Buchner_EvoHumanBehavior_2009_j2yd,j2yd,FALSE,New data,No,NA,No,NA,No,NA,No,NA,NA,NA,NA,NA,No,NA,NA,NA,No,NA,NA,NA,NA,NA,NA,No,No,no,no,NA
Lam_JournMarket_2010_q5AN,q5AN,FALSE,New data,No,NA,No,NA,No,NA,No,NA,NA,NA,NA,NA,No,NA,NA,NA,No,NA,NA,NA,NA,NA,NA,No,No,no,no,NA
Lutz_JournConsClinPsy_2014_4ZxO,4ZxO,FALSE,New data,No,NA,No,NA,No,NA,No,NA,NA,NA,NA,NA,No,NA,NA,NA,No,NA,NA,NA,NA,NA,NA,No,No,no,no,NA
Holt_PubAdminRev_2018_2WwR,2WwR,FALSE,Existing data,No,NA,No,NA,No,NA,No,NA,NA,NA,NA,NA,No,NA,NA,NA,No,NA,NA,NA,NA,NA,NA,No,No,no,no,NA
de Fine Licht_PubAdminRev_2014_8qER,8qER,FALSE,New data,No,NA,No,NA,No,NA,No,NA,NA,NA,NA,NA,No,NA,NA,NA,No,NA,NA,NA,NA,NA,NA,No,No,no,no,NA
Petersen_PubAdminRev_2015_8JkX,8JkX,FALSE,Existing data,No,NA,No,NA,No,NA,No,NA,NA,NA,NA,NA,No,NA,NA,NA,No,NA,NA,NA,NA,NA,NA,No,No,no,no,NA
Gallimore_JournEnvPsych_2011_421B,421B,FALSE,New data,No,NA,No,NA,No,NA,No,NA,NA,NA,NA,NA,No,NA,NA,NA,No,NA,NA,NA,NA,NA,NA,No,No,no,no,NA
Hofer_LearnInst_2012_rWbG,rWbG,FALSE,Existing data,No,NA,No,NA,No,NA,No,NA,NA,NA,NA,NA,No,NA,NA,NA,No,NA,NA,NA,NA,NA,NA,No,No,no,no,NA
Dockrell_LearnInst_2014_gQQA,gQQA,FALSE,New data,No,NA,No,NA,No,NA,No,NA,NA,NA,NA,NA,No,NA,NA,NA,No,NA,NA,NA,NA,NA,NA,No,No,no,no,NA
Moynihan_PubAdminRev_2012_GxDW,GxDW,FALSE,Existing data,No,NA,No,NA,No,NA,No,NA,NA,NA,NA,NA,No,NA,NA,NA,No,NA,NA,NA,NA,NA,NA,No,No,no,no,NA
Feiock_PubAdminRev_2009_lQgz,lQgz,FALSE,Existing data,No,NA,No,NA,No,NA,No,NA,NA,NA,NA,NA,No,NA,NA,NA,No,NA,NA,NA,NA,NA,NA,No,No,no,no,NA
Frazier_JournMarket_2009_wQkv,wQkv,FALSE,New data,No,NA,No,NA,No,NA,No,NA,NA,NA,NA,NA,No,NA,NA,NA,No,NA,NA,NA,NA,NA,NA,No,No,no,no,NA
Goncalo_OrgBehavior_2012_Ax1j,Ax1j,FALSE,New data,No,NA,No,NA,No,NA,No,NA,NA,NA,NA,NA,No,NA,NA,NA,No,NA,NA,NA,NA,NA,NA,No,No,no,no,NA
Tsay_OrgBehavior_2014_exd7,exd7,FALSE,New data,No,NA,No,NA,No,NA,No,NA,NA,NA,NA,NA,No,NA,NA,NA,No,NA,NA,NA,NA,NA,NA,No,No,shared_on_request,shared_on_request,NA
Scholes_PsychMed_2010_4wGq,4wGq,FALSE,New data,No,NA,No,NA,No,NA,No,NA,NA,NA,NA,NA,No,NA,NA,NA,No,NA,NA,NA,NA,NA,NA,No,No,no,no,NA
Sheafer_CompPolitStu_2011_qY4z,qY4z,FALSE,Existing data,No,NA,No,NA,No,NA,No,NA,NA,NA,NA,NA,No,NA,NA,NA,No,NA,NA,NA,NA,NA,NA,No,No,shared_on_request,shared_on_request,NA
Barber_CompPolitStu_2013_1B07,1B07,FALSE,New data,No,NA,No,NA,No,NA,No,NA,NA,NA,NA,NA,No,NA,NA,NA,No,NA,NA,NA,NA,NA,NA,No,No,no,no,NA
Gruber_JournManage_2012_jPEQ,jPEQ,FALSE,Existing data,No,NA,No,NA,No,NA,No,NA,NA,NA,NA,NA,No,NA,NA,NA,No,NA,NA,NA,NA,NA,NA,No,No,no,no,NA
Combs_JournManage_2009_PVea,PVea,FALSE,Existing data,No,NA,No,NA,No,NA,No,NA,NA,NA,NA,NA,No,NA,NA,NA,No,NA,NA,NA,NA,NA,NA,No,No,no,no,NA
Linkenauger_PsychologSci_2009_7WjP,7WjP,FALSE,New data,No,NA,No,NA,No,NA,No,NA,NA,NA,NA,NA,No,NA,NA,NA,No,NA,NA,NA,NA,NA,NA,No,No,shared_on_request,no,NA
Sloane_PsychologSci_2012_ree8,ree8,FALSE,New data,No,NA,No,NA,No,NA,No,NA,NA,NA,NA,NA,No,NA,NA,NA,No,NA,NA,NA,NA,NA,NA,No,No,no,no,NA
Lee_PubAdminRev_2011_aJ4B,aJ4B,FALSE,Existing data,No,NA,No,NA,No,NA,No,NA,NA,NA,NA,NA,No,NA,NA,NA,No,NA,NA,NA,NA,NA,NA,No,No,no,no,NA
Malik_covid_kw2yd,Y3jx,TRUE,New data,No,NA,No,NA,No,NA,No,NA,NA,NA,NA,NA,No,NA,NA,NA,No,NA,NA,NA,NA,NA,NA,No,No,no,no,NA
Park_Demography_2010_ZdgL,ZdgL,FALSE,Existing data,No,NA,No,NA,No,NA,No,NA,NA,NA,NA,NA,No,NA,NA,NA,No,NA,NA,NA,NA,NA,NA,No,No,no,no,NA
BERSANI_Criminology_2013_zmYY,zmYY,FALSE,Existing data,No,NA,No,NA,No,NA,No,NA,NA,NA,NA,NA,No,NA,NA,NA,No,NA,NA,NA,NA,NA,NA,No,No,no,no,NA
RAMEY_Criminology_2016_dmqV,dmqV,FALSE,Existing data,No,NA,No,NA,No,NA,No,NA,NA,NA,NA,NA,No,NA,NA,NA,No,NA,NA,NA,NA,NA,"Author had the following statement and link in the original paper, ""Additional supporting information can be found in the listing for this article in the Wiley Online
Library at http://onlinelibrary.wiley.com/doi/10.1111/crim.2016.54.issue-1/issuetoc."" but the supporting information only contained extra, non-essential material.",No,No,no,no,yes
Subramanian_ManagementSci_2013_VOwm,VOwm,FALSE,Existing data,No,NA,No,NA,No,NA,No,NA,NA,NA,NA,NA,No,NA,NA,NA,No,NA,NA,NA,NA,NA,NA,No,No,no,no,NA
Murtha_ManagementSci_2011_YPBp,YPBp,FALSE,New data,No,NA,No,NA,No,NA,No,NA,NA,NA,NA,NA,No,NA,NA,NA,No,NA,NA,NA,NA,NA,NA,No,No,no,no,NA
Kavanagh_covid_kw2vk,BNrQ,TRUE,Existing data,No,NA,No,NA,No,NA,No,NA,NA,NA,NA,NA,No,NA,NA,NA,No,NA,NA,NA,NA,NA,"The authors wrote the following statement under the ""data/code"" section of medrxiv (https://www.medrxiv.org/node/76130.external-links.html): ""All data from the American Community Survey, Census, and MIT Election Data and Science Lab are publicly available. Unacast provided us their data for research use; requests for access should be directed to them.""",No,No,no,shared_on_request,NA
Alvis_covid_53gvk,J3Ak,TRUE,New data,No,NA,No,NA,Yes,"""The datasets generated during and/or analyzed during the current study are available from the corresponding author on reasonable request.""",No,NA,NA,NA,NA,NA,No,NA,NA,NA,No,NA,NA,NA,NA,NA,"The authors had the following statement under the ""data availability"" section of the journal's website (https://link.springer.com/article/10.1007/s12144-021-02670-y): ""The datasets generated during and/or analyzed during the current study are available from the corresponding author on reasonable request.""",No,No,no,no,NA
Craw_PubAdminRev_2017_WlYz,WlYz,FALSE,Existing data,No,NA,No,NA,No,NA,No,NA,NA,NA,NA,NA,No,NA,NA,NA,No,NA,NA,NA,NA,NA,NA,No,No,no,no,NA
Denson_AmEduResJourn_2009_zb3Y,zb3Y,FALSE,Existing data,No,NA,No,NA,No,NA,No,NA,NA,NA,NA,NA,No,NA,NA,NA,No,NA,NA,NA,NA,NA,NA,No,No,no,no,NA
Niehaus_AmEduResJourn_2014_BlRQ,BlRQ,FALSE,Existing data,No,NA,No,NA,No,NA,No,NA,NA,NA,NA,NA,No,NA,NA,NA,No,NA,NA,NA,NA,NA,NA,No,No,no,no,NA
Ryall_ManagementSci_2009_vGNa,vGNa,FALSE,Existing data,No,NA,No,NA,No,NA,No,NA,NA,NA,NA,NA,No,NA,NA,NA,No,NA,NA,NA,NA,NA,NA,No,No,no,no,NA
Moen_SocSciMed_2013_qVGQ,qVGQ,FALSE,Existing data,No,NA,No,NA,No,NA,No,NA,NA,NA,NA,NA,No,NA,NA,NA,No,NA,NA,NA,NA,NA,NA,No,No,no,no,NA
Srinivasan_Cognition_2010_GXEW,GXEW,FALSE,New data,No,NA,No,NA,No,NA,No,NA,NA,NA,NA,NA,No,NA,NA,NA,No,NA,NA,NA,NA,NA,NA,No,No,no,no,NA
Piwek_Cognition_2014_rvyb,rvyb,FALSE,New data,No,NA,No,NA,No,NA,No,NA,NA,NA,NA,NA,No,NA,NA,NA,No,NA,NA,NA,NA,NA,"The authors had the following statement in the original paper, ""Supplementary data associated with this article can be found, in the online version, at 
http://dx.doi.org/10.1016/j.cognition.2013.11.001."" but the supplementary data only included extra, non-essential materials.",No,No,no,no,NA
Vermeulen_EurJournPersonality_2010_7RR2,7RR2,FALSE,New data,No,NA,No,NA,No,NA,No,NA,NA,NA,NA,NA,No,NA,NA,NA,No,NA,NA,NA,NA,NA,NA,No,No,no,no,NA
Saks_JournLabEco_2011_qkNz,qkNz,FALSE,Combination (both existing and new data),No,NA,No,NA,No,NA,Yes,Publisher website,"Data and code were found under the ""supplementary materials"" section of the journal's website: https://www-journals-uchicago-edu.proxy1.library.virginia.edu/doi/suppl/10.1086/660772",Complete,NA,NA,No,NA,NA,NA,Yes,Publisher website,"Data and code were found under the ""supplementary materials"" section of the journal's website: https://www-journals-uchicago-edu.proxy1.library.virginia.edu/doi/suppl/10.1086/660772",Complete,NA,NA,NA,No,Yes,available_online,available_online,NA
Hmieleski_AcaManageJourn_2009_by7E,by7E,FALSE,Combination (both existing and new data),No,NA,No,NA,No,NA,No,NA,NA,NA,NA,NA,No,NA,NA,NA,No,NA,NA,NA,NA,NA,NA,No,No,no,no,NA
Nagengast_JournEduPsych_2014_ky28,ky28,FALSE,Existing data,No,NA,No,NA,No,NA,No,NA,NA,NA,NA,NA,No,NA,NA,NA,No,NA,NA,NA,NA,NA,NA,No,No,shared_on_request,shared_on_request,NA
Beike_JournEduPsych_2012_G9gz,G9gz,FALSE,New data,No,NA,No,NA,No,NA,No,NA,NA,NA,NA,NA,No,NA,NA,NA,No,NA,NA,NA,NA,NA,NA,No,No,no,no,NA
van den Boogaard_SocSciMed_2011_R9rV,R9rV,FALSE,Existing data,No,NA,No,NA,No,NA,No,NA,NA,NA,NA,NA,No,NA,NA,NA,No,NA,NA,NA,NA,NA,NA,No,No,no,no,NA
Paxson_SocSciMed_2012_ZY0a,ZY0a,FALSE,Existing data,No,NA,No,NA,No,NA,No,NA,NA,NA,NA,NA,No,NA,NA,NA,No,NA,NA,NA,NA,NA,NA,No,No,no,no,NA
El Alaoui_JournConsClinPsy_2015_AabX,AabX,FALSE,New data,No,NA,No,NA,No,NA,No,NA,NA,NA,NA,NA,No,NA,NA,NA,No,NA,NA,NA,NA,NA,NA,No,No,no,no,NA
Fritz_JournOrgBehavior_2010_zekm,zekm,FALSE,New data,No,NA,No,NA,No,NA,No,NA,NA,NA,NA,NA,No,NA,NA,NA,No,NA,NA,NA,NA,NA,NA,No,No,no,no,NA
Geisler_EurJournPersonality_2009_mJJm,mJJm,FALSE,New data,No,NA,No,NA,No,NA,No,NA,NA,NA,NA,NA,No,NA,NA,NA,No,NA,NA,NA,NA,NA,NA,No,No,no,no,NA
Duriez_EurJournPersonality_2012_d5v3,d5v3,FALSE,New data,No,NA,No,NA,No,NA,No,NA,NA,NA,NA,NA,No,NA,NA,NA,No,NA,NA,NA,NA,NA,NA,No,No,no,no,NA
Armon_EurJournPersonality_2013_mJDj,mJDj,FALSE,New data,No,NA,No,NA,No,NA,No,NA,NA,NA,NA,NA,No,NA,NA,NA,No,NA,NA,NA,NA,NA,NA,No,No,no,no,NA
Kirca_JournAcaMarkSci_2011_r8jd,r8jd,FALSE,New data,No,NA,No,NA,No,NA,No,NA,NA,NA,NA,NA,No,NA,NA,NA,No,NA,NA,NA,NA,NA,NA,No,No,no,no,NA
Wentzel_JournAcaMarkSci_2009_Nj8V,Nj8V,FALSE,New data,No,NA,No,NA,Yes,"""All experimental materials for this study and the other studies can be
obtained from the author.""",No,NA,NA,NA,NA,NA,No,NA,NA,NA,No,NA,NA,NA,NA,NA,NA,No,No,no,no,NA
Erceg_covid_67b5v,a3Nx,TRUE,New data,Yes,"""We report all the items we used in the supplemental online materials available at
https://osf.io/9ht5k/ and omega coefficients of reliability (Raykov, 2001) for the focal latent
variables in Table 1.""",No,NA,No,NA,Yes,"Publisher website, Online repository",Data and code were linked in the original paper and are located on the OSF: https://osf.io/9ht5k/,Complete,2020,NA,No,NA,NA,NA,Yes,"Publisher website, Online repository",Data and code were linked in the original paper and are located on the OSF: https://osf.io/9ht5k/,Complete,2020,NA,NA,No,Yes,available_online,available_online,NA
TOMZ_AmPoliSciRev_2009_Pb9K,Pb9K,FALSE,New data,No,NA,No,NA,No,NA,No,NA,NA,NA,NA,NA,No,NA,NA,NA,No,NA,NA,NA,NA,NA,NA,No,No,no,no,NA
Greene_AmEduResJourn_2015_xjpP,xjpP,FALSE,Existing data,No,NA,No,NA,Yes,"""Deidentified data can be obtained from the first author""",No,NA,NA,NA,NA,NA,No,NA,NA,NA,No,NA,NA,NA,NA,NA,NA,No,No,no,no,NA
Olson_AmEduResJourn_2012_JbNk,JbNk,FALSE,New data,No,NA,No,NA,No,NA,No,NA,NA,NA,NA,NA,No,NA,NA,NA,No,NA,NA,NA,NA,NA,NA,No,No,no,no,NA
Hodara_AmEduResJourn_2016_qk5w,qk5w,FALSE,Existing data,No,NA,No,NA,No,NA,No,NA,NA,NA,NA,NA,No,NA,NA,NA,No,NA,NA,NA,NA,NA,NA,No,No,no,no,NA
Messner_covid_by5x1,j51N,TRUE,Existing data,No,NA,No,NA,No,NA,No,NA,NA,NA,NA,NA,No,NA,NA,NA,No,NA,NA,NA,NA,NA,"Provided secondary data information “CHR: County health rankings, www.countyhealthrankings.org; SCP: Social Capital Project, https://www.jec.senate.gov/public/index.cfm/republicans/2018/4/the-geography-of-social-capital-in-america; NCDC: National Centers for Environment Information, https://www.ncdc.noaa.gov/cag/county/mapping/1/tavg/202003/2/value; VAN: Collectivism index proposed by Vandello & Cohen (1997);6 WIK: https://en.wikipedia.org/wiki/List_of_United_States_governors. a) The NCDCs do not provide temperature mapping for Hawaii; all Hawaiian counties replaced by historical average data from http://holiday-weather.com/hawaii/averages. All websites accessed in May 2020.”",No,No,no,no,NA
Triana_JournOrgBehavior_2009_347d,347d,FALSE,New data,No,NA,No,NA,No,NA,No,NA,NA,NA,NA,NA,No,NA,NA,NA,No,NA,NA,NA,NA,NA,NA,No,No,no,no,NA
Seuntjens_JournPerSocPsy_2015_PNPz,PNPz,FALSE,New data,No,NA,No,NA,No,NA,No,NA,NA,NA,NA,NA,No,NA,NA,NA,No,NA,NA,NA,NA,NA,NA,No,No,no,no,NA
Ståhl_JournPerSocPsy_2012_gbl9,gbl9,FALSE,New data,No,NA,No,NA,No,NA,No,NA,NA,NA,NA,NA,No,NA,NA,NA,No,NA,NA,NA,NA,NA,NA,No,No,no,no,NA
FOLKE_AmPoliSciRev_2011_LRLx,LRLx,FALSE,Existing data,No,NA,No,NA,No,NA,No,NA,NA,NA,NA,NA,No,NA,NA,NA,No,NA,NA,NA,NA,NA,NA,No,No,no,no,NA
Hill_AmEduResJourn_2018_YLpZ,YLpZ,FALSE,Existing data,No,NA,No,NA,No,NA,No,NA,NA,NA,NA,NA,No,NA,NA,NA,No,NA,NA,NA,NA,NA,NA,No,No,no,no,NA
Massacci_ManagementSci_2017_bx79,bx79,FALSE,Existing data,No,"""we thank Mark Watson for making the data set available online at http://www.princeton.edu/~mwatson/publi.html."" ""we thank Sydney Ludvigson for making the data set available online at http://www.econ.nyu.edu/user/ludvigsons/jlndata.zip.""",No,NA,No,NA,No,NA,NA,NA,NA,NA,No,NA,NA,NA,No,NA,NA,NA,NA,NA,"Two links included in the paper that were supposed to lead to data. One was broken, the other lead to an author's website, but could not find the data on the web page.",No,No,no,no,NA
Onyper_JournExPsychGen_2010_lyJJ,lyJJ,FALSE,New data,No,NA,No,NA,No,NA,No,NA,NA,NA,NA,NA,No,NA,NA,NA,No,NA,NA,NA,NA,NA,NA,No,No,no,no,NA
Lewis_QuartJournEco_2011_WLYr,WLYr,FALSE,Existing data,No,NA,No,NA,No,NA,No,NA,NA,NA,NA,NA,No,NA,NA,NA,No,NA,NA,NA,NA,NA,NA,No,No,no,no,NA
Baxter_SocialForces_2015_z0v1,z0v1,FALSE,Existing data,No,NA,No,NA,No,NA,No,NA,NA,NA,NA,NA,No,NA,NA,NA,No,NA,NA,NA,NA,NA,NA,No,No,no,no,NA
Rude_SocialForces_2010_Lr9G,Lr9G,FALSE,Existing data,No,NA,No,NA,No,NA,No,NA,NA,NA,NA,NA,No,NA,NA,NA,No,NA,NA,NA,NA,NA,"Authors provided instructions/link on how to access source data, but not analytic data; ""Information on how to obtain the Add Health data files is available on
the Add Health website (http://www.cpc.unc.edu/addhealth). """,No,No,no,no,NA
Sala_covid_9by66,rJ8q,TRUE,Existing data,No,NA,Yes,"""The raw data on which our analyses are based is attached as
Supplementary Table 1""",No,NA,Yes,Publisher website,"Data and code were found under the ""supplementary materials"" section on the online version of the preprint, hosted on medRxiv: https://www.medrxiv.org/content/10.1101/2020.03.30.20048165v1.supplementary-material?versioned=true",Complete,NA,NA,No,NA,NA,NA,Yes,Publisher website,"Data and code were found under the ""supplementary materials"" section on the online version of the preprint, hosted on medRxiv: https://www.medrxiv.org/content/10.1101/2020.03.30.20048165v1.supplementary-material?versioned=true",Complete,NA,NA,NA,No,Yes,available_online,available_online,NA
Choi_RevFinStudies_2018_YlAl,YlAl,FALSE,Existing data,No,NA,No,NA,No,NA,No,NA,NA,NA,NA,NA,No,NA,NA,NA,No,NA,NA,NA,NA,NA,"The authors had the following statement in the original paper; "" Supplementary data
can be found on The Review of Financial Studies web site.""  However, aside form the appendix (which is found in the original, pdf version of the paper as well), there was no indication of any supplementary data.",No,No,no,no,NA
Einstein_AmJourPoliSci_2017_mxyQ,mxyQ,FALSE,New data,Yes,"""Replication Materials: The data, code, and any additional materials required to replicate all analyses in this article are available on the American Journal of Political Science Dataverse within the Harvard Dataverse Network, at:
http://dx.doi.org/10.7910/DVN/1HOVTU.""",No,NA,No,NA,Yes,"Publisher website, Online repository","Data and code were linked to in the original paper and the journal's website (https://onlinelibrary.wiley.com/doi/abs/10.1111/ajps.12252), and are hosted on Harvard Dataverse: https://dataverse.harvard.edu/dataset.xhtml?persistentId=doi:10.7910/DVN/1HOVTU",Complete,2016,NA,No,NA,NA,NA,Yes,"Publisher website, Online repository","Data and code were linked to in the original paper and the journal's website (https://onlinelibrary.wiley.com/doi/abs/10.1111/ajps.12252), and are hosted on Harvard Dataverse: https://dataverse.harvard.edu/dataset.xhtml?persistentId=doi:10.7910/DVN/1HOVTU",Complete,2016,NA,NA,No,Yes,available_online,available_online,NA
Welzel_BritJournPoliSci_2012_qgWj,qgWj,FALSE,Existing data,No,NA,No,NA,No,NA,No,NA,NA,NA,NA,NA,No,NA,NA,NA,No,NA,NA,NA,NA,NA,"Under the ""supplementary materials"" section of the journal's website (https://www.cambridge.org/core/journals/british-journal-of-political-science/article/abs/emancipative-values-and-nonviolent-protest-the-importance-of-ecological-effects/95CE8458ECC986FF038DD56249578294), there's a file for the appendix of the paper.  On the first page of the appendix, it says the following, ""Our data are available for download on the Internet, at https://dataverse.harvard.edu/dataverse/BJPolS"".  However, I could not actually find the paper nor the authors within British Journal of Political Science's page on the dataverse.",No,No,no,no,NA
Cingranelli_BritJournPoliSci_2014_qg47,qg47,FALSE,Existing data,Yes,"""Data replication sets are available at http://dx.doi.org/doi:10.1017/S0007123413000070""",No,NA,No,NA,Yes,Publisher website,"Data were found under the ""supplementary materials"" section of the journal's website (https://www.cambridge.org/core/journals/british-journal-of-political-science/article/principals-agents-and-human-rights/96F2EB57C0A41389878DF74C309BA708)",Complete,NA,NA,No,NA,NA,NA,No,NA,NA,NA,NA,NA,NA,No,No,available_online,no,NA
Meyer_JournAcaMarkSci_2018_eRwQ,eRwQ,FALSE,New data,No,NA,No,NA,No,NA,No,NA,NA,NA,NA,NA,No,NA,NA,NA,No,NA,NA,NA,NA,NA,NA,No,No,no,no,NA
BESSEMBINDER_JournFinance_2018_KZ2D,KZ2D,FALSE,Existing data,No,NA,No,NA,No,NA,No,NA,NA,NA,NA,NA,No,NA,NA,NA,No,NA,NA,NA,NA,NA,NA,No,No,no,shared_on_request,yes
Hogan_LawHuman_2016_VNxX,VNxX,FALSE,Combination (both existing and new data),No,NA,No,NA,No,NA,No,NA,NA,NA,NA,NA,No,NA,NA,NA,No,NA,NA,NA,NA,NA,NA,No,No,no,no,NA
Bagger_JournManage_2014_9ODl,9ODl,FALSE,New data,No,NA,No,NA,No,NA,No,NA,NA,NA,NA,NA,No,NA,NA,NA,No,NA,NA,NA,NA,NA,NA,No,No,no,no,NA
Lin_OrgBehavior_2017_P8mJ,P8mJ,FALSE,New data,No,NA,No,NA,No,NA,No,NA,NA,NA,NA,NA,No,NA,NA,NA,No,NA,NA,NA,NA,NA,NA,No,No,no,no,NA
Montero-Marin_PsychMed_2018_BByQ,BByQ,FALSE,New data,No,NA,No,NA,No,NA,No,NA,NA,NA,NA,NA,No,NA,NA,NA,No,NA,NA,NA,NA,NA,NA,No,No,no,no,NA
Wlezien_CompPolitStu_2017_ByBk,ByBk,FALSE,Existing data,No,NA,No,NA,No,NA,No,NA,NA,NA,NA,NA,No,NA,NA,NA,Yes,Publisher website,Partial code contained in a pdf file was found on the publisher website (Sage journals) under the supplemental material section: https://journals.sagepub.com/doi/abs/10.1177/0010414015626446 .,Incomplete,NA,"A pdf (located under ""supplemental materials"" on the journal website; filename: Supplementary_Material_626446.pdf) includes descriptions of analyses from the paper along with excerpts of what looks to be Stata code to produce the analyses. It also references a dataset (WlezienMain) - but I could not find such a dataset. This should be considered partial code, as its not included as an analysis file in the necessary format to be fully reproducible.",NA,No,No,shared_on_request,available_online,NA
Teney_EurSocioRev_2016_qXX2,qXX2,FALSE,Existing data,Yes,"""Supplementary data[http://esr.oxfordjournals.org/lookup/suppl/doi:10.1093/esr/jcw008/-/DC1] are available at ESR online.""",No,NA,No,NA,No,NA,NA,NA,NA,NA,No,NA,NA,NA,No,NA,NA,NA,NA,NA,"The paper notes that ""supplementary data are available at ESR online"" however all that was found there (after gaining institutional access) was one word doc ""appendix_ESR.docx"" that contained a supplemental table. Therefore no analytic data or code was found. However it looks like the source data is available on the GESIS website (link: https://www.gesis.org/en/eurobarometer-data-service/search-data-access/data-access ) and also on ICPSR.",No,No,no,shared_on_request,yes
Brancati_JournConflictRes_2013_V0PA,V0PA,FALSE,Existing data,Yes,"""Replication data are available alongside the electronic version of the article on the Journal of Conflict Resolution website: http://jcr.sagepub.com/.""",No,NA,No,NA,Yes,Author website,"Paper states that ""Replication data are available alongside the electronic version of the article on the Journal of Conflict Resolution website: http://jcr.sagepub.com/"" but there are no supplementary files included on the publisher website (direct link to paper on publisher website: https://journals.sagepub.com/doi/abs/10.1177/0022002712449328 ). However, data and code were found on the first author's website: http://www.dawnbrancati.com/Research.htm .",Complete,NA,The reproduction package found on the first author's website includes all data and code necessary to reproduce the analyses plus codebooks and a readme file.,No,NA,NA,NA,Yes,Author website,"Paper states that ""Replication data are available alongside the electronic version of the article on the Journal of Conflict Resolution website: http://jcr.sagepub.com/"" but there are no supplementary files included on the publisher website (direct link to paper on publisher website: https://journals.sagepub.com/doi/abs/10.1177/0022002712449328 ). However, data and code were found on the first author's website: http://www.dawnbrancati.com/Research.htm .",Complete,NA,The reproduction package found on the first author's website includes all data and code necessary to reproduce the analyses plus codebooks and a readme file.,NA,No,Yes,available_online,available_online,NA
Platt Boustan_AmEcoJourn_2012_PVQK,PVQK,FALSE,Existing data,Yes,"""To comment on this article in the online discussion forum, or to view additional materials, visit the article page at http://dx.doi.org/10.1257/app.4.1.85.""",No,NA,No,NA,Yes,"Publisher website, Online repository",The original paper provided a link to the publisher website (American Economic Association) in the paper: http://dx.doi.org/10.1257/app.4.1.85 . The publisher website included a 'Data Set' section which linked to the data and code stored on ICPSR (link: https://www.openicpsr.org/openicpsr/project/113813/version/V1/view ).,Complete,2019,"After signing an agreement on ICPSR I was able to download the whole reproduction package, which included multiple data and code files to reproduce all tables from the original paper. Multiple readme files were also included.",No,NA,NA,NA,Yes,"Publisher website, Online repository",The original paper provided a link to the publisher website (American Economic Association) in the paper: http://dx.doi.org/10.1257/app.4.1.85 . The publisher website included a 'Data Set' section which linked to the data and code stored on ICPSR (link: https://www.openicpsr.org/openicpsr/project/113813/version/V1/view ).,Complete,2019,"After signing an agreement on ICPSR I was able to download the whole reproduction package, which included multiple data and code files to reproduce all tables from the original paper. Multiple readme files were also included.",NA,No,Yes,available_online,available_online,NA
Anderson_AmEcoJourn_2011_bLe8,bLe8,FALSE,Existing data,Yes,"""To comment on this article in the online discussion forum, or to view additional materials, visit the article page at http://www.aeaweb.org/articles.php?doi=10.1257/app.3.1.239.""",No,NA,No,NA,Yes,"Publisher website, Online repository",The original paper provided a link to the publisher website (American Economic Association) in the paper:  http://www.aeaweb.org/articles.php?doi=10.1257/app.3.1.239 . The publisher website included an 'Additional Materials' section which linked to the data and code stored on ICPSR (link: https://www.openicpsr.org/openicpsr/project/113777/version/V1/view ).,Complete,2019,"After selecting that I agree to the terms and conditions on ICPSR, I was able to download the whole reproduction package, which included four data files, one code file, and a readme file. The package seems to include everything necessary to reproduce all of the tables from the original paper. From readme.pdf: “The results from Tables 1 to 6 can be replicated using STATA.” The readme also included information about where you can download the original source data, including a link.",No,NA,NA,NA,Yes,"Publisher website, Online repository",The original paper provided a link to the publisher website (American Economic Association) in the paper:  http://www.aeaweb.org/articles.php?doi=10.1257/app.3.1.239 . The publisher website included an 'Additional Materials' section which linked to the data and code stored on ICPSR (link: https://www.openicpsr.org/openicpsr/project/113777/version/V1/view ).,Complete,2019,"After selecting that I agree to the terms and conditions on ICPSR, I was able to download the whole reproduction package, which included four data files, one code file, and a readme file. The package seems to include everything necessary to reproduce all of the tables from the original paper. From readme.pdf: “The results from Tables 1 to 6 can be replicated using STATA.” The readme also included information about where you can download the original source data, including a link.",NA,No,Yes,available_online,available_online,NA
Murayama_ChildDev_2013_jX9r,jX9r,FALSE,Existing data,No,NA,No,NA,No,NA,No,NA,NA,NA,NA,NA,No,NA,NA,NA,No,NA,NA,NA,NA,NA,"Publisher website has supporting information, but it only contains additional analyses",No,No,shared_on_request,shared_on_request,NA
Veenstra_ChildDev_2010_mgBL,mgBL,FALSE,New data,No,NA,No,NA,No,NA,No,NA,NA,NA,NA,NA,No,NA,NA,NA,No,NA,NA,NA,NA,NA,NA,No,No,no,no,NA
Turcu_CompPolitStu_2015_YeQg,YeQg,FALSE,Existing data,No,NA,No,NA,No,NA,Yes,Publisher website,"Data and code were not linked in the original paper, but are located on the publisher site with institutional access: https://journals.sagepub.com/doi/abs/10.1177/0010414014546331",Complete,NA,NA,No,NA,NA,NA,Yes,Publisher website,"Data and code were not linked in the original paper, but are located on the publisher site with institutional access: https://journals.sagepub.com/doi/abs/10.1177/0010414014546331",Complete,NA,NA,NA,No,Yes,available_online,available_online,NA
Tawfik_CompEdu_2018_3rKd,3rKd,FALSE,New data,No,NA,No,NA,No,NA,No,NA,NA,NA,NA,NA,No,NA,NA,NA,No,NA,NA,NA,NA,NA,NA,No,No,no,no,NA
Molenberghs_JournManage_2017_WQxz,WQxz,FALSE,New data,No,NA,No,NA,No,NA,No,NA,NA,NA,NA,NA,No,NA,NA,NA,No,NA,NA,NA,NA,NA,NA,No,No,no,no,NA
Ketonen_LearnInst_2018_NPVj,NPVj,FALSE,New data,No,NA,No,NA,No,NA,No,NA,NA,NA,NA,NA,No,NA,NA,NA,No,NA,NA,NA,NA,NA,NA,No,No,no,no,NA
Beaud_ManagementSci_2015_GylW,GylW,FALSE,New data,No,NA,No,NA,No,NA,No,NA,NA,NA,NA,NA,No,NA,NA,NA,No,NA,NA,NA,NA,NA,NA,No,No,no,no,NA
Anderson_ManagementSci_2018_ZaZK,ZaZK,FALSE,Existing data,Yes,"""Data and the online appendix are available at https://doi.org/10.1287/mnsc.2017.2811.""",No,NA,Yes,"""Computer code for calculating the measures is available is on request.""",Yes,Publisher website,Data was linked in the paper and can be found here: https://pubsonline.informs.org/doi/suppl/10.1287/mnsc.2017.2811,Complete,NA,NA,No,NA,NA,NA,No,NA,NA,NA,NA,NA,"The readme.txt includes the following statement: ""Computer code for calculating the measures is available is on request.""",No,No,available_online,no,NA
ANN SLOCUM_Criminology_2010_JxXe,JxXe,FALSE,Existing data,No,NA,No,NA,No,NA,No,NA,NA,NA,NA,NA,No,NA,NA,NA,No,NA,NA,NA,NA,NA,"Data from wave II of the National Evaluation of the Teens, Crime, and the Community/Community Works (TCC/CW) program (Esbensen, 2009). Looks like data are available here (but not sure if all variables necessary are included as some are restricted): https://www.icpsr.umich.edu/web/ICPSR/studies/25865/datadocumentation .",No,No,shared_on_request,shared_on_request,yes
Bursztyn_JournPoliEco_2012_jaK4,jaK4,FALSE,New data,No,NA,Yes,"""The results are available in the online supplemental appendix.""",No,NA,Yes,"Publisher website, Author website","Data and code were not linked to in original paper, but were available on the publisher website (University of Chicago Press; link: https://www.journals.uchicago.edu/doi/suppl/10.1086/666746 ). The link to data and code on the publisher website is also available on the first author's website (link: https://home.uchicago.edu/bursztyn/research.html ).",Complete,NA,"Institutional access is required in order to view and download the supplemental files on the publisher website (University of Chicago Press; link: https://www.journals.uchicago.edu/doi/suppl/10.1086/666746 ). The reproduction package includes data, code, as well as a readme file. See Readme.pdf file for more details.",No,NA,NA,NA,Yes,"Publisher website, Author website","Data and code were not linked to in original paper, but were available on the publisher website (University of Chicago Press; link: https://www.journals.uchicago.edu/doi/suppl/10.1086/666746 ). The link to data and code on the publisher website is also available on the first author's website (link: https://home.uchicago.edu/bursztyn/research.html ).",Complete,NA,"Institutional access is required in order to view and download the supplemental files on the publisher website (University of Chicago Press; link: https://www.journals.uchicago.edu/doi/suppl/10.1086/666746 ). The reproduction package includes data, code, as well as a readme file. See Readme.pdf file for more details.",NA,No,Yes,available_online,available_online,NA
Çakmaklı_AmJournSocio_2017_dGX2,dGX2,FALSE,Existing data,No,NA,No,NA,No,NA,No,NA,NA,NA,NA,NA,No,NA,NA,NA,No,NA,NA,NA,NA,NA,"""The data were obtained from the website of the Swiss Economic Institute (http://www.kof.ethz.ch/)."" The author provides a link (http://www.kof.ethz.ch/) to one of the data sets used, however, there are multiple other data sets mentioned in the paper that the author does not seem to provide links for. The link that is provided does not lead directly to the data set, but rather to an overall website titled the KOF Business Cycle Research Center. The data seems to possibly be available under the website tab titled data, but much of the website is in another language and it does mention an application process.",No,No,no,no,NA
Chetty_QuartJournEco_2014_jm8d,jm8d,FALSE,Existing data,Yes,"""Publicly available portions of the data and code, including intergenerational mobility statistics by commuting zone and county, are available at http://www.equality-of-opportunity.org.""",No,NA,No,NA,Yes,"Online repository, Author website, Other","Data and code were linked in the original paper and are available on the Opportunity Insights website (here https://opportunityinsights.org/data/ ; and here https://rajchetty.com/wp-content/uploads/2021/04/land-of-opportunity.html-charsetutf-8). The full replication packages is also available on the Harvard Dataverse repo (https://dataverse.harvard.edu/dataset.xhtml?persistentId=doi:10.7910/DVN/NALG3E). The data is also accessible from the author's website (https://rajchetty.com/publications/). The publisher website seems to include an online supplement with lots of information on where the original datasets came from, but the site does not appear to include the actual data/code files there (or a direct link to where the files are stored): https://academic.oup.com/qje/article/129/4/1553/1853754#supplementary-data.",Complete,NA,NA,No,NA,NA,NA,Yes,"Online repository, Author website, Other","Data and code were linked in the original paper and are available on the Opportunity Insights website (here https://opportunityinsights.org/data/ ; and here https://rajchetty.com/wp-content/uploads/2021/04/land-of-opportunity.html-charsetutf-8). The full replication packages is also available on the Harvard Dataverse repo (https://dataverse.harvard.edu/dataset.xhtml?persistentId=doi:10.7910/DVN/NALG3E). The data is also accessible from the author's website (https://rajchetty.com/publications/). The publisher website seems to include an online supplement with lots of information on where the original datasets came from, but the site does not appear to include the actual data/code files there (or a direct link to where the files are stored): https://academic.oup.com/qje/article/129/4/1553/1853754#supplementary-data.",Complete,NA,NA,NA,No,Yes,available_online,available_online,NA
Ohtsubo_EvoHumanBehavior_2014_zlm2,zlm2,FALSE,New data,Yes,"""Supplementary data to this article can be found online at http://dx.doi.org/10.1016/j.evolhumbehav.2014.02.004.""",No,NA,No,NA,Yes,Publisher website,"Data were linked to in the original paper and are located on the publisher website under the section ""Supplementary Materials"": https://www.sciencedirect.com/science/article/pii/S1090513814000245?via%3Dihub#s0235",Complete,NA,NA,No,NA,NA,NA,No,NA,NA,NA,NA,NA,NA,No,No,available_online,no,NA
Reinhart_PsychologSci_2016_rwy8,rwy8,FALSE,New data,Yes,"""All materials have been made publicly available via Open Science Framework and can be accessed at https://osf.io/4y9xf/.""",No,NA,No,NA,No,NA,NA,NA,NA,NA,No,NA,NA,NA,No,NA,NA,NA,NA,NA,"The OSF project contained Matlab code to run the experiment, but not analytic code.",No,No,no,no,NA
Gelfand_covid_rn6b1,R3eV,TRUE,Existing data,Yes,"""All data and code associated with these analyses are available from OSF at https://osf.io/pc4ef/ for reproduction and examination""",No,NA,No,NA,Yes,Online repository,Data and code were linked to in original paper and are located on the OSF: https://osf.io/pc4ef/,Complete,NA,NA,No,NA,NA,NA,Yes,Online repository,Data and code were linked to in original paper and are located on the OSF: https://osf.io/pc4ef/,Complete,NA,NA,NA,No,Yes,available_online,available_online,NA
Yoo_PsychologSci_2017_BebG,BebG,FALSE,Existing data,Yes,"""Additional supporting information can be found at http://journals.sagepub.com/doi/suppl/10.1177/0956797617713309""",No,NA,No,NA,No,NA,NA,NA,NA,NA,No,NA,NA,NA,No,NA,NA,NA,NA,NA,Source data were linked in the original paper and are located on ICPSR: https://www.icpsr.umich.edu/web/ICPSR/series/203/studies?archive=ICPSR&sortBy=7,No,No,shared_on_request,shared_on_request,NA
Wang_AmEcoJourn_2013_7d4J,7d4J,FALSE,Existing data,Yes,"""Go to http://dx.doi.org/10.1257/app.5.3.91 to visit the article page for additional materials and author disclosure statement(s) or to comment in the online discussion forum.""",No,NA,No,NA,Yes,"Publisher website, Online repository",Data and code are linked to in the original paper via the journal's website (https://www.aeaweb.org/articles?id=10.1257/app.5.3.91) and are hosted on ICPSR: https://www.openicpsr.org/openicpsr/project/113863/version/V1/view,Complete,2019,"""The analyses in the paper make use of two publicly available data sets on households in China. Dataset 1: China Health and Nutrition Survey The data file used in the analysis is chns.dta. The China Health and Nutrition Survey data are free and publicly available but you must register to obtain access to the raw data. Please find information about accessing the data as well as additional information, including survey design and questionnaires at: http://www.cpc.unc.edu/projects/china/ . Dataset 2: State and Life Chances The State and Life Changes in Urban China data are free and available to users at ICPSR member institutions. Please find information about accessing the data as well as additional information, including survey design and questionnaires at: http://www.icpsr.umich.edu/icpsrweb/ICPSR/studies/03552""",No,NA,NA,NA,Yes,"Publisher website, Online repository",Data and code are linked to in the original paper via the journal's website (https://www.aeaweb.org/articles?id=10.1257/app.5.3.91) and are hosted on ICPSR: https://www.openicpsr.org/openicpsr/project/113863/version/V1/view,Complete,2019,"""The analyses in the paper make use of two publicly available data sets on households in China. Dataset 1: China Health and Nutrition Survey The data file used in the analysis is chns.dta. The China Health and Nutrition Survey data are free and publicly available but you must register to obtain access to the raw data. Please find information about accessing the data as well as additional information, including survey design and questionnaires at: http://www.cpc.unc.edu/projects/china/ . Dataset 2: State and Life Chances The State and Life Changes in Urban China data are free and available to users at ICPSR member institutions. Please find information about accessing the data as well as additional information, including survey design and questionnaires at: http://www.icpsr.umich.edu/icpsrweb/ICPSR/studies/03552""",NA,No,Yes,available_online,available_online,NA
BATESON_AmPoliSciRev_2012_RYKv,RYKv,FALSE,Existing data,No,NA,No,NA,No,NA,No,NA,NA,NA,NA,NA,No,NA,NA,NA,Yes,Author website,"Code and instructions for obtaining the data sources were not linked in the original paper, but are located on the author's website: https://www.reginabateson.com/research",Complete,NA,NA,"The author used existing data sets for their study, and although the data wasn't directly available on the author's website (https://www.reginabateson.com/research), they have a document explaining where to get the source data from. Additionally, it looks like all of the code necessary to replicate the data cleaning process and analysis is available on the author website. So it appears that all of the materials necessary for a reproduction are available.",Yes,Yes,no,available_online,NA
