rr_id,paper_id,project_guid,field,generalizability,outcome,results_available,reg,prereg_activity,prereg_completion,osf_activity,registrations,prereg_links,num_prereg,all_types,type,projects_revisit,multi_type,notes
6708,R3eV,dhvbg,covid,FALSE,TRUE,NA,TRUE,NA,NA,NA,u83qg,https://docs.google.com/document/d/1YjqJoM4exPRyJPT2k2CBhJdqFHgRiFu6vH9rgZ7Txoo/edit?usp=drivesdk,1,Hybrid,Hybrid,NA,NA,NA
k6y7,5Kgq,62xh4,sociology,FALSE,TRUE,NA,TRUE,NA,NA,NA,g9hy3,https://docs.google.com/document/d/10DcRRYcusAhHcCuffdKsyKK7DiirnItX6r3EJUWAMs4/edit?usp=drivesdk,1,"Data Analytic Replication, Hybrid",Data Analytic Replication,NA,NA,NA
9k2y,9wya,4w5g2,political science,FALSE,TRUE,NA,TRUE,NA,NA,NA,beqn5,https://docs.google.com/document/d/14Dwjq0NxiXzWcwWkUba3sSHYUupKrE7FnZbk6A1LRY8/edit?usp=drivesdk,1,"Data Analytic Replication, Hybrid, Source Data Reproduction",Data Analytic Replication,NA,NA,NA
mym7,p2qE,p9hjt,covid,FALSE,TRUE,NA,TRUE,NA,NA,NA,d8un9,https://docs.google.com/document/d/1QXGoB6ujsFYkT6Q3W4XpgNwgwA0LjpRjkagkAPFMsOk/edit?usp=drivesdk,1,"Hybrid, Source Data Reproduction",Hybrid,NA,NA,NA
k127,qKPb,q49dy,covid,FALSE,TRUE,NA,TRUE,NA,NA,NA,csbhw,https://docs.google.com/document/d/16Nan9zi-joDgZRphG4X63xHPZznV2YwY7znWun9uFSQ/edit?usp=drivesdk,1,Hybrid,Hybrid,NA,NA,NA
kzyz,kXp8,925nz,management,FALSE,TRUE,NA,TRUE,NA,NA,NA,2bzsx,https://docs.google.com/document/d/1triEHe8GnVienOpJp2teGNcMOZ-sPppTphXDfEdPGE8/edit?usp=drivesdk,1,"Data Analytic Replication, Hybrid, Source Data Reproduction",Data Analytic Replication,NA,NA,NA
y4y0,vmxO,dbw54,political science,FALSE,TRUE,NA,TRUE,NA,NA,NA,dqcks,https://docs.google.com/document/d/1s2sI1ldxcpwwvMAWsIcU3JODU6-U0OjvycFo3DRH_xc/edit?usp=drivesdk,1,Hybrid,Hybrid,NA,NA,NA
g241,0PZl,zfxk9,political science,FALSE,TRUE,NA,TRUE,NA,NA,NA,v8qkz,https://docs.google.com/document/d/1mjfD6siV2wQRoFqaO-k0H369Q3ped5BDJT8Y-VqPRaU/edit?usp=drivesdk,1,"Hybrid, Source Data Reproduction",Hybrid,NA,NA,NA
615k,R3pV,w7gdb,covid,FALSE,TRUE,NA,TRUE,NA,NA,NA,2kd4e,https://docs.google.com/document/d/1Xfno41DlQJ0Xls3RLpIS7xBYSRnSHtKFM2nyNvw9nbU/edit?usp=drivesdk,1,"Hybrid, Source Data Reproduction",Hybrid,NA,NA,NA
2yg,qgWj,kgqu5,political science,FALSE,TRUE,NA,TRUE,NA,NA,NA,ebyuf,https://docs.google.com/document/d/1dmN_ZA8Wu-RWxJfCAisluUQUTf_F7wwk8nkREj_iVp8/edit?usp=drivesdk,1,"Data Analytic Replication, Hybrid",Data Analytic Replication,NA,NA,NA
mkk9,q8xv,jdb7q,economics,FALSE,TRUE,NA,TRUE,NA,NA,NA,7nuxd,https://docs.google.com/document/d/1eJM16tdyJYrGRUuNcq-OinYCVCIxi0wS5qga2frGevA/edit?usp=drivesdk,1,"Data Analytic Replication, Hybrid, Source Data Reproduction",Data Analytic Replication,NA,NA,NA
g5m,zmYY,a6ksz,criminology,FALSE,TRUE,NA,TRUE,NA,NA,NA,ybjw3,https://docs.google.com/document/d/1QRxMjRr67B5u50Ahotj1ZwnmhSrINm22Rr9_sYlieYg/edit?usp=drivesdk,1,"Data Analytic Replication, Hybrid, Source Data Reproduction",Data Analytic Replication,NA,NA,NA
ykk0,VOwm,82g9j,management,FALSE,TRUE,NA,TRUE,NA,NA,NA,8ebhp,https://docs.google.com/document/d/1C1JQLFiMTMhdxEH5YSjPuY7h9IxwrM5m4rp_7HzjAIE/edit?usp=drivesdk,1,"Data Analytic Replication, Hybrid",Data Analytic Replication,NA,NA,NA
307k,W3vN,pr5jm,covid,FALSE,TRUE,NA,TRUE,NA,NA,NA,wa8ux,https://docs.google.com/document/d/1KuBje0Xjq58bGt5zNphxBLiudXkI4NLMEu8taok4XhY/edit?usp=drivesdk,1,"Data Analytic Replication, Hybrid, Source Data Reproduction",Data Analytic Replication,NA,NA,NA
7mmg,wxQZ,hpgvj,covid,FALSE,TRUE,NA,TRUE,NA,NA,NA,k57gv,https://docs.google.com/document/d/1jQ2hYG8f1KB7aIv_SUQRbaHDNFO-ZgjJXWmJ2tuG7A0/edit?usp=drivesdk,1,"Data Analytic Replication, Hybrid, Source Data Reproduction",Data Analytic Replication,NA,NA,NA
5g09,b344,h6wg9,covid,FALSE,TRUE,NA,TRUE,NA,NA,NA,jnhbz,https://docs.google.com/document/d/1Mrxrg6Ohn-lfJmQhiBdUCqm3USt8mXJOWtkvr5vrDEo/edit?usp=drivesdk,1,"Data Analytic Replication, Hybrid, Source Data Reproduction",Data Analytic Replication,NA,NA,NA
93k7,7X54,7qnrs,sociology,FALSE,TRUE,NA,TRUE,NA,NA,NA,73cdu,https://docs.google.com/document/d/1F92MPdFcydRkDEibgF89mAFN1CSooETljI7RE860YlQ/edit?usp=drivesdk,1,"Data Analytic Replication, Hybrid, Source Data Reproduction",Data Analytic Replication,NA,NA,NA
4142,2GKO,nse8t,political science,FALSE,TRUE,NA,TRUE,NA,NA,NA,s7vek,https://docs.google.com/document/d/13Gx7S4thR3CcAJmCyrbJA2z6zw5DPHy41u_IxkiBD_M/edit?usp=drivesdk,1,"Data Analytic Replication, Hybrid, Source Data Reproduction",Data Analytic Replication,NA,NA,NA
42k8,BebG,9n8uh,psychology,FALSE,TRUE,NA,TRUE,NA,NA,NA,wau8d,https://docs.google.com/document/d/14lnxtl_yAHYOtfADs6F4YGGewZ_nQRwBYKqXYdMEs54/edit?usp=drivesdk,1,"Hybrid, Source Data Reproduction",Hybrid,NA,NA,NA
05g8,3aPw,qczeu,sociology,FALSE,TRUE,NA,TRUE,NA,NA,NA,w48cu,https://docs.google.com/document/d/1R6t__QC3kERk0I2q1TgNYZCvrlAj0EqlEhO3_w7P1bs/edit?usp=drivesdk,1,"Data Analytic Replication, Hybrid, Source Data Reproduction",Data Analytic Replication,NA,NA,NA
3z5z,4q0L,m4yse,sociology,FALSE,TRUE,NA,TRUE,NA,NA,NA,83kca,https://docs.google.com/document/d/1ifB_pxf0sk5Z_mqpxcXUwnpfm-R6Dp5KulNKTmOsB9w/edit?usp=drivesdk,1,"Data Analytic Replication, Hybrid, Source Data Reproduction",Data Analytic Replication,NA,NA,NA
3g3,0DO8,kbm46,covid,FALSE,TRUE,NA,TRUE,NA,NA,NA,5zk9v,https://docs.google.com/document/d/1Tve6wUPUKrzMrzx0D-cCEKMrJakGtqXZ6GKNqO1XBSQ/edit?usp=drivesdk,1,"Data Analytic Replication, Hybrid, Source Data Reproduction",Data Analytic Replication,NA,NA,NA
21y7,j51N,4589g,covid,FALSE,TRUE,NA,TRUE,NA,NA,NA,qmxwh,https://docs.google.com/document/d/1e46r7xYzPXDVgaCRPuhDbAccF1jN6IV39UDD0YidryI/edit?usp=drivesdk,1,"Data Analytic Replication, Hybrid, Source Data Reproduction",Data Analytic Replication,NA,NA,NA
95y,E5qr,cs8y2,political science,FALSE,TRUE,NA,TRUE,NA,NA,NA,57v8a,https://docs.google.com/document/d/1K5xn2uGnhgP1MywIj9EfVaayEG5YyjFyKy1bPwk3Bzw/edit?usp=drivesdk,1,"Hybrid, Source Data Reproduction",Hybrid,NA,NA,NA
6m34m,2GKO,2dzn7,political science,FALSE,TRUE,NA,TRUE,NA,NA,NA,x37wy,https://docs.google.com/document/d/16Zeh66e-qP4vSyNh4IVSu1GgbtbeJjTIj38bnsgq-i0/edit?usp=drivesdk,1,Hybrid,Hybrid,NA,NA,NA
4zz0,BKxK,nd87t,economics,FALSE,TRUE,NA,TRUE,NA,NA,NA,mwt65,https://docs.google.com/document/d/1jGbzqU6piEkFJmf0YgdPGGbFvC53IbkIp-9xvZYbpxE/edit?usp=drivesdk,1,"Data Analytic Replication, Hybrid",Data Analytic Replication,NA,NA,NA
0y68,qkNz,nb3z9,economics,FALSE,TRUE,NA,TRUE,NA,NA,NA,ncf8v,"https://docs.google.com/document/d/1zRixdTAKSwZ-BqkOsFLW3DvwgfLok7gdPk_RcRr48YY/edit?usp=drivesdk, https://docs.google.com/document/d/1R1yLkSmbZQl-PScRfKlqglZkmCaHe-oFayJdKvio4BE/edit?usp=drivesdk, https://docs.google.com/document/d/1DJPmhKal7SEsmZLc7HLbavkNRZgTqYXmJzRx1PqOY_M/edit?usp=drivesdk, https://docs.google.com/document/d/1Ks89A8LLeehj_0NDJJvtAhfs8FuWioccRKv4o1-y9DA/edit?usp=drivesdk",4,Hybrid,Hybrid,NA,NA,NA
28yg6,0wWk,efuhg,public administration,FALSE,TRUE,NA,TRUE,NA,NA,NA,5qhde,NA,0,Data Analytic Replication,Data Analytic Replication,NA,NA,NA
2w9k2,1574,mztkr,economics,FALSE,TRUE,NA,TRUE,NA,NA,NA,athzs,https://docs.google.com/document/d/1PKGpli-NtmjrYG5R_-X8tL4ZpuaYMk9Uz8mq_eaTzWw/edit?usp=drivesdk,1,Direct Replication,Direct Replication,NA,NA,NA
g941,1VeW,3tczs,economics,FALSE,TRUE,NA,TRUE,NA,NA,NA,t3a6j,"https://docs.google.com/document/d/1Mc7NUwZfPBOXCNcDAB9QWeT0AdGaXxZ2/edit?usp=drivesdk&ouid=110477487301453789779&rtpof=true&sd=true, https://docs.google.com/document/d/1ypFiIBl_ZnOha_V9EoLy13DcIVuN3UTOSsNqnI6gMKk/edit?usp=drivesdk",2,Direct Replication,Direct Replication,NA,NA,NA
32mk,1X9W,9qjhf,psychology,FALSE,TRUE,NA,TRUE,NA,NA,NA,"jg4dx, m28uz",https://docs.google.com/document/d/1SOKUqcB4OdDI79CDp-GD9_MBcPWSVMDBDSSadqybjdY/edit?usp=drivesdk,1,Direct Replication,Direct Replication,NA,NA,NA
41z0,2NAG,da26y,covid,FALSE,TRUE,NA,TRUE,NA,NA,NA,a6dev,https://docs.google.com/document/d/1x3pu2RXR-zZJOA3RIK1ZJqnBDJxeCfousQ9vo9hADPE/edit?usp=drivesdk,1,"Data Analytic Replication, Source Data Reproduction",Data Analytic Replication,NA,NA,NA
y496,2lb5,q4fpr,economics,FALSE,TRUE,NA,TRUE,NA,NA,NA,q3pmk,https://docs.google.com/document/d/1d5BjuaiaTYXJHB2LQllttyyirQe9dot6GqAuVRRjcJs/edit?usp=drivesdk,1,Data Analytic Replication,Data Analytic Replication,NA,NA,NA
m89,347d,56jqu,marketing/org behavior,FALSE,TRUE,NA,TRUE,NA,NA,NA,"ne4ry, k3puw","https://docs.google.com/document/d/17uFZaKkvZs9tBzPdZoeGbzzz9ufxsVH-Mg9qdLgtGys/edit?usp=drivesdk, https://docs.google.com/document/d/112joWpzZDrZRGGQZrSz_uYkE7Yb_el8GUYvWutggMgI/edit?usp=drivesdk",2,Direct Replication,Direct Replication,NA,NA,NA
kg9z,4N88,fjbvp,covid,FALSE,TRUE,NA,TRUE,NA,NA,NA,d9ekr,https://docs.google.com/document/d/1TrqmfocBg6wm6ialeSQX9PwaERi1vJO5BdqTfOOmKOc/edit?usp=drivesdk,1,Data Analytic Replication,Data Analytic Replication,NA,NA,NA
286,521q,aykfp,psychology,FALSE,TRUE,NA,TRUE,NA,NA,NA,kfhqe,https://docs.google.com/document/d/1JZmGiCje4WlGXDhAxkxQRCYlpCbSwJQKn9bBk6FsVfc/edit?usp=drivesdk,1,Direct Replication,Direct Replication,NA,NA,NA
2196,59bm,xd9c8,psychology,FALSE,TRUE,NA,FALSE,NA,NA,NA,NA,NA,0,Direct Replication,Direct Replication,NA,NA,NA
z189,5JE,agv64,marketing/org behavior,FALSE,TRUE,NA,TRUE,NA,NA,NA,"wum2y, 7khjv",https://docs.google.com/document/d/1e4qLpzzI6WGO6j6QABmKCesZih6YLiU5BEfTVqKMCq0/edit?usp=drivesdk,1,Direct Replication,Direct Replication,NA,NA,NA
935y,5KrD,sv4e8,management,FALSE,TRUE,NA,TRUE,NA,NA,NA,bdmvz,https://docs.google.com/document/d/1_B1FJ7MI2seWKJTScNS7dg4CBSOmZ7OG6wjM0ETHfXU/edit?usp=drivesdk,1,Direct Replication,Direct Replication,NA,NA,NA
6zy82,5Q82,guen5,political science,FALSE,TRUE,NA,TRUE,NA,NA,NA,t39js,NA,0,Data Analytic Replication,Data Analytic Replication,NA,NA,NA
21z56,5XEE,n35c2,marketing/org behavior,FALSE,TRUE,NA,TRUE,NA,NA,NA,rhcwz,https://docs.google.com/document/d/1EaICtS2oiDFNq3ilfhzlQqTuz_ZYCsx3JnrsP4GIQPQ/edit?usp=drivesdk,1,Direct Replication,Direct Replication,NA,NA,NA
69y36,5Xaw,7vty6,marketing/org behavior,FALSE,TRUE,NA,TRUE,NA,NA,NA,rp768,https://docs.google.com/document/d/16E4MDBaGpXg3KedZS_lUSaWCxtjajbfm-mqAnXGf7mo/edit?usp=drivesdk,1,Direct Replication,Direct Replication,NA,NA,NA
9k1y,7NEL,6ewha,covid,FALSE,TRUE,NA,TRUE,NA,NA,NA,vra45,https://docs.google.com/document/d/1MXTmMmsTnTatIj_IYTkJxHyiZjbJ--22D-gvuh2wNZI/edit?usp=drivesdk,1,Direct Replication,Direct Replication,NA,NA,NA
1554,88xa,afznv,psychology,FALSE,TRUE,NA,TRUE,NA,NA,NA,6f2c3,https://docs.google.com/document/d/1mW4i42xaFqlcAe5Hl0anMh3jT-COmpvSniy6Itb1oT0/edit?usp=drivesdk,1,Direct Replication,Direct Replication,NA,NA,NA
9kgg,8R9d,mp3ak,psychology,FALSE,TRUE,NA,TRUE,NA,NA,NA,w2yk5,https://docs.google.com/document/d/1j8S7HuJfcGCke_Bs8xmnfweQ7ySSRX0mNdNoqvU_Gts/edit?usp=drivesdk,1,Direct Replication,Direct Replication,NA,NA,NA
k34,8e25,fypm4,covid,FALSE,TRUE,NA,TRUE,NA,NA,NA,2qmh5,https://docs.google.com/document/d/11HEbqUkAoP8zLyYSnm3P4mtboTuQ12NHwA_dXXu_41s/edit?usp=drivesdk,1,Direct Replication,Direct Replication,NA,NA,NA
8m71,8ePX,mqvyf,covid,FALSE,TRUE,NA,TRUE,NA,NA,NA,mcrx3,https://docs.google.com/document/d/1iyeWz4YvGlaxJJ-5M1EfbHogiYmbfWrT4kIoNFPOKtw/edit?usp=drivesdk,1,Direct Replication,Direct Replication,NA,NA,NA
gz2m,8w97,sw67c,marketing/org behavior,FALSE,TRUE,NA,TRUE,NA,NA,NA,sxj7v,https://docs.google.com/document/d/1uCa6VCOu0ZyZ033wk8k41L7qhicc553BoaFs6hl3gVw/edit?usp=drivesdk,1,Direct Replication,Direct Replication,NA,NA,NA
276,8wZ0,tdr6s,psychology,FALSE,TRUE,NA,TRUE,NA,NA,NA,"a7gd2, 2jyw5",https://docs.google.com/document/d/1dlrZDvW8xL5YiksLgjsr15266PoZivNj14MmqRc_aSc/edit?usp=drivesdk,1,Direct Replication,Direct Replication,NA,NA,NA
2kkg2,9R9X,tuy3f,management,FALSE,TRUE,NA,TRUE,NA,NA,NA,s523z,https://docs.google.com/document/d/1HxxJ1qcXlq7dypI-kjAWytkVl6RTFAxOVM3UsEyh0TA/edit?usp=drivesdk,1,Direct Replication,Direct Replication,NA,NA,NA
z161,9ey,ftbmk,marketing/org behavior,FALSE,TRUE,NA,TRUE,NA,NA,NA,8jwd2,https://docs.google.com/document/d/1z4KdJGeVJ5pmMjSk2Kf25Esw7GqFS0qg1YjwEZmIgdc/edit?usp=drivesdk,1,Direct Replication,Direct Replication,NA,NA,NA
21487,AOQj,697dv,health,FALSE,TRUE,NA,TRUE,NA,NA,NA,vreq3,https://docs.google.com/document/d/1ntk9mrvjfmWSbkQQQJg8FTiEiXNjVTTNkWRufQMs4DQ/edit?usp=drivesdk,1,Data Analytic Replication,Data Analytic Replication,NA,NA,NA
6m33m,AYQG,n7m39,political science,FALSE,TRUE,NA,TRUE,NA,NA,NA,8t4fy,https://docs.google.com/document/d/16kYag6eiOoeizqv9gtQdjCmYrs007Z8FM2ce6j45Qcw/edit?usp=drivesdk,1,Data Analytic Replication,Data Analytic Replication,NA,NA,NA
895g,AgO1,5tk2e,economics,FALSE,TRUE,NA,TRUE,NA,NA,NA,h3e4n,https://docs.google.com/document/d/1SC5HGh1V6-rggRswWAXE_re2ssgmvGgNDhbzBpCaEk4/edit?usp=drivesdk,1,Direct Replication,Direct Replication,NA,NA,NA
2wyw2,AqDO,w2xrp,health,FALSE,TRUE,NA,TRUE,NA,NA,NA,gf64z,https://docs.google.com/document/d/1FCQzbJIWNyoJfhKT24SMpZWGQj4CjeC0cIjewLIs4PE/edit?usp=drivesdk,1,Data Analytic Replication,Data Analytic Replication,NA,NA,NA
7945,AqDO,tacvb,health,FALSE,TRUE,NA,TRUE,NA,NA,NA,c2q85,https://docs.google.com/document/d/1mFNFxoqfpsgedLNpIyfsOrD4AZwofXIbDnyC1Ns526I/edit?usp=drivesdk,1,Data Analytic Replication,Data Analytic Replication,NA,NA,NA
24716,AvOr,bx4hy,psychology,FALSE,TRUE,NA,TRUE,NA,NA,NA,jnfzh,https://docs.google.com/document/d/1klKbeLdW8QwNEqREQr1p9-kQzpHdIUwqvlGudwZ49yI/edit?usp=drivesdk,1,Direct Replication,Direct Replication,NA,NA,NA
92g,AvOr,jxd7b,psychology,FALSE,TRUE,NA,TRUE,NA,NA,NA,5w7kp,https://docs.google.com/document/d/1P98HIxyPdJR5oalzWsyeXJOanfE21nssJrn-DOYy-2Y/edit?usp=drivesdk,1,Direct Replication,Direct Replication,NA,NA,NA
8051,Aze9,nmzbh,covid,FALSE,TRUE,NA,TRUE,NA,NA,NA,yma2c,https://docs.google.com/document/d/1Cj66Bizal4YPUkqHVco-aUTrbXsy31wobhf-tFga70s/edit?usp=drivesdk,1,Data Analytic Replication,Data Analytic Replication,NA,NA,NA
25g,Azg9,4rxgz,covid,FALSE,TRUE,NA,FALSE,NA,NA,NA,NA,NA,0,Data Analytic Replication,Data Analytic Replication,NA,NA,NA
g66z,BNrQ,gdv4x,covid,FALSE,TRUE,NA,TRUE,NA,NA,NA,3uvyk,https://docs.google.com/document/d/1IdaQ1Sr4PYN4Sqe6cpNnLakiqTzx0AAzERhHCmVymyE/edit?usp=drivesdk,1,Data Analytic Replication,Data Analytic Replication,NA,NA,NA
3223,BNrd,ky2wm,covid,FALSE,TRUE,NA,TRUE,NA,NA,NA,kehx7,https://docs.google.com/document/d/1DDYnWeZZr8-QQic_Q9sNbCXBkkVyhBFdeOikiROH06U/edit?usp=drivesdk,1,Direct Replication,Direct Replication,NA,NA,NA
546,BlRQ,kr7wf,education,FALSE,TRUE,NA,TRUE,NA,NA,NA,zyu9h,https://docs.google.com/document/d/1mrfrZlYBd3kCKpmvP1mrvvxLn7hkbuFp_M6RDxSN8fg/edit?usp=drivesdk,1,Data Analytic Replication,Data Analytic Replication,NA,NA,NA
6z3o2,Blxd,em34f,education,FALSE,TRUE,NA,TRUE,NA,NA,NA,cvazp,"https://docs.google.com/document/d/1yM_jr4oWrr3gY5kQzV8Mwjbds_YyhN0jZazYVBdfegg/edit?usp=drivesdk, https://docs.google.com/spreadsheets/d/1JKq3IY_DjxWUVuriSzale2N7wOaN12FzfkXrIYNVM2s/edit?usp=drivesdk, https://docs.google.com/document/d/1SZP_EwLddXfUAnWHynSl49CmDaSZCO0vw91fB8N60og/edit?usp=drivesdk",3,Data Analytic Replication,Data Analytic Replication,NA,T,DAR has prereg and outcomes; SDR only has prereg
3053,Blxd,mu4rs,education,FALSE,TRUE,NA,TRUE,NA,NA,NA,r34yh,https://docs.google.com/document/d/1b4zs3u01-V4xQ2F-WLaNgHJ2aDSef8U1BsTJ2XRYvqk/edit?usp=drivesdk,1,Data Analytic Replication,Data Analytic Replication,NA,NA,NA
658m2,Br0x,tmn3q,psychology,FALSE,TRUE,NA,TRUE,NA,NA,NA,jha7y,"https://docs.google.com/document/d/1MGx3AqL6gChsQm_TRTyCr3cZZl8sS3urUjPAXK2Nkak/edit?usp=drivesdk, https://docs.google.com/document/d/1_-JZU4Ox2xinmYZvh_TL8aJfpFyLVv9ggcYxh-GZ8M4/edit?usp=drivesdk",2,Direct Replication,Direct Replication,NA,NA,NA
7g66,Br0x,n2kma,psychology,FALSE,TRUE,NA,TRUE,NA,NA,NA,r2qba,https://docs.google.com/document/d/10cZ2pVOd_R4T1TG5Hs6RyfVT9fkyHOEtNkjaaUxzuvg/edit?usp=drivesdk,1,Direct Replication,Direct Replication,NA,NA,NA
65o96,D2LY,qgm2c,sociology,FALSE,TRUE,NA,TRUE,NA,NA,NA,64c3z,https://docs.google.com/document/d/1y-1FlVEvQWnyCePs7nNlsIjLC9CZB-TuPM-drJbT-YU/edit?usp=drivesdk,1,Data Analytic Replication,Data Analytic Replication,NA,NA,NA
61k8,DEqr,8uc5z,political science,FALSE,TRUE,NA,TRUE,NA,NA,NA,uwfqc,"https://docs.google.com/document/d/1FkmEN3uR7Hbw2pAl-HpA_TDn_GWTpPxgOC1VgsX_mug/edit?usp=drivesdk, https://docs.google.com/document/d/14gJOVzI4vD5i4dZTxJqRT2oY67HREEr5QOVBrjTTtl0/edit?usp=drivesdk, https://docs.google.com/document/d/1gwXm4gP3L7GMIaqeVEEFyWIKI_ZZbNXU/edit?usp=drivesdk&ouid=110477487301453789779&rtpof=true&sd=true",3,Direct Replication,Direct Replication,NA,NA,NA
528,E32j,rkfq5,covid,FALSE,TRUE,NA,TRUE,NA,NA,NA,"yp6dc, btkwp",https://docs.google.com/document/d/1NLP-Rx9oWfIg9xi7o-XY-kA4Kw-YK_RdMu0NK0jppw8/edit?usp=drivesdk,1,Direct Replication,Direct Replication,NA,NA,NA
m5y9,E4Am,n9vkh,psychology,FALSE,TRUE,NA,TRUE,NA,NA,NA,pgvrm,"https://docs.google.com/document/d/18xkn-ujNIGmJBUfTqIG-2VZwH-GfTnJnEmhGQ-T2uNw/edit?usp=drivesdk, https://docs.google.com/document/d/1ygUvtfa_EP5lIMct1jBGUOzYWi9WxZVTptzGgjSK4uM/edit?usp=drivesdk, https://docs.google.com/document/d/1ti2fRLKsVs-u9oKoyc_iSc75IvhKVp-yM7AsKOdoLWE/edit?usp=drivesdk",3,Direct Replication,Direct Replication,NA,NA,NA
65gm6,E5qr,shvdk,political science,FALSE,TRUE,NA,TRUE,NA,NA,NA,rzevq,https://docs.google.com/document/d/1IBdssTTV1puBYn581HYOP4BX0Dc3Zg1Ar2beLGdpZ7M/edit?usp=drivesdk,1,Data Analytic Replication,Data Analytic Replication,NA,NA,NA
288ok,EJpm,gk92w,sociology,FALSE,TRUE,NA,TRUE,NA,NA,NA,y2c9a,https://docs.google.com/document/d/1kN2MoT5Ghmi8Jb4SpgYsMDj3_5k-OV3UHUxxeSJsAfU/edit?usp=drivesdk,1,Data Analytic Replication,Data Analytic Replication,NA,NA,NA
618k,EKBZ,e9y6b,marketing/org behavior,FALSE,TRUE,NA,TRUE,NA,NA,NA,2qxkw,"https://docs.google.com/document/d/17FK2ckqn5kOrpCh-P8i6-2haHU_NMpEMDaOdZzx9L8M/edit?usp=drivesdk, https://docs.google.com/document/d/1pwWLX_kB0WVsdYzQftHbQRXHPRkxLo2wnWByx4CW2nQ/edit?usp=drivesdk",2,Direct Replication,Direct Replication,NA,NA,NA
6738,EQxa,wdgns,psychology,FALSE,TRUE,NA,TRUE,NA,NA,NA,yg5nf,https://docs.google.com/document/d/1MwLUPXw6iMxK6h-1J5xlxDurKmIx42MUwMt-Buy1UMc/edit?usp=drivesdk,1,Direct Replication,Direct Replication,NA,NA,NA
8z2g,EZ3x,a4swd,education,FALSE,TRUE,NA,TRUE,NA,NA,NA,hj8bd,https://docs.google.com/document/d/1Pr6ixp2t9uJmeaKB_4UBbBpHyBWL4A_WHdCwqsbhoIk/edit?usp=drivesdk,1,Data Analytic Replication,Data Analytic Replication,NA,NA,NA
23yw2,Eb2N,rywgh,health,FALSE,TRUE,NA,TRUE,NA,NA,NA,qbdhm,NA,0,Data Analytic Replication,Data Analytic Replication,NA,NA,NA
65km6,Ej3y,skj4c,marketing/org behavior,FALSE,TRUE,NA,TRUE,NA,NA,NA,epngv,https://docs.google.com/document/d/1Nf6HeRhy7uBgCEEoslLEQTYCuraA-goUVE4tiWMRFx4/edit?usp=drivesdk,1,Direct Replication,Direct Replication,NA,NA,NA
gz9m,G1Lr,mjfwp,marketing/org behavior,FALSE,TRUE,NA,FALSE,NA,NA,NA,NA,NA,0,Direct Replication,Direct Replication,NA,NA,NA
m489,GG7d,uscaj,covid,FALSE,TRUE,NA,TRUE,NA,NA,NA,cr5xv,https://docs.google.com/document/d/1leEGTd-IkbNsguXbbiHSo2YRO8FEK_hd4RLMvk8deqA/edit?usp=drivesdk,1,Data Analytic Replication,Data Analytic Replication,NA,NA,NA
y60,GNjz,m36y2,psychology,FALSE,TRUE,NA,TRUE,NA,NA,NA,zdvgj,https://docs.google.com/document/d/1xfvIcCfGe9WEo982b-yBqU8vPCouzVWoVM98-O4Jkdo/edit?usp=drivesdk,1,Direct Replication,Direct Replication,NA,NA,NA
67g8,GXEW,834de,psychology,FALSE,TRUE,NA,TRUE,NA,NA,NA,8j3gk,https://docs.google.com/document/d/1z_JYJalxapjo9Rx73rs4Fq5z0lllKhGEqa7mxEEatJE/edit?usp=drivesdk,1,Direct Replication,Direct Replication,NA,NA,NA
67z8,J40k,4h6v2,marketing/org behavior,FALSE,TRUE,NA,TRUE,NA,NA,NA,7frqg,"https://docs.google.com/document/d/1NizCp6LOIVL_ZkGXYKjmT7h7VtGiJfDW5Fx6QkslYf0/edit?usp=drivesdk, https://docs.google.com/document/d/1Jw1JDhrVFUtq0Bfov57RlYxKZEkVMx8K3ADFNrG7SgM/edit?usp=drivesdk, https://docs.google.com/document/d/1Nfu1o1ZX8I3rNTWPTjMOAR0AU__-d5Rn/edit?usp=drivesdk&ouid=110477487301453789779&rtpof=true&sd=true",3,Direct Replication,Direct Replication,NA,NA,NA
k144,J4W9,qrjsu,economics,FALSE,TRUE,NA,FALSE,NA,NA,NA,NA,https://docs.google.com/document/d/1JO5O4kQ9NqDnSuW8xCH86ueV2QHY93Aj0xLnVox-_4Q/edit?usp=drivesdk,1,Direct Replication,Direct Replication,NA,NA,NA
89z7,J7ek,yq3jb,psychology,FALSE,TRUE,NA,TRUE,NA,NA,NA,hxd3v,https://docs.google.com/document/d/1uHeQDzzK2ZYkzN49QoyfxA_H44wP7iY5xQ3NyonprJA/edit?usp=drivesdk,1,Direct Replication,Direct Replication,NA,NA,NA
2g7ky,JRpA,bcqem,political science,FALSE,TRUE,NA,FALSE,NA,NA,NA,NA,"https://docs.google.com/document/d/10_Nxj1TZMy3AWohFPw_AF1ZOHIkBLUgrv1A__Mxym5A/edit?usp=drivesdk, https://docs.google.com/document/d/1p3USvstVc3j8o1P_elN6vfQqF-2E5sxiIoltksZb2wQ/edit?usp=drivesdk",2,Data Analytic Replication,Data Analytic Replication,NA,NA,NA
mk67,JRpA,xtq68,political science,FALSE,TRUE,NA,TRUE,NA,NA,NA,4mh7c,https://docs.google.com/document/d/12P8GA73Jo5cv51m1tzyc9HBVkdZul3Du8ueOY9l6mQ4/edit?usp=drivesdk,1,Data Analytic Replication,Data Analytic Replication,NA,NA,NA
6547,JWzJ,u8x9s,sociology,FALSE,TRUE,NA,TRUE,NA,NA,NA,eyz2r,https://docs.google.com/document/d/1eevGZ-CcnyFPCoO2wCQo9JU0dTOqR32cJkunisjGbwY/edit?usp=drivesdk,1,Data Analytic Replication,Data Analytic Replication,NA,NA,NA
y0g1,K3YJ,md5pu,covid,FALSE,TRUE,NA,TRUE,NA,NA,NA,jn67f,https://docs.google.com/document/d/1a6TOecncJATZzr4nRyZM0g1dnnd4b43i27ihla0zIBs/edit?usp=drivesdk,1,Data Analytic Replication,Data Analytic Replication,NA,NA,NA
y071,K4ZD,2jn6d,psychology,FALSE,TRUE,NA,TRUE,NA,NA,NA,"h3wbg, ekn3a",https://docs.google.com/document/d/1kPaY84Ax0_F8MDwTXY1odrbSR__dkHsGKs4iQ1ieGKc/edit?usp=drivesdk,1,Direct Replication,Direct Replication,NA,NA,NA
16yz,Kj9d,5du7f,psychology,FALSE,TRUE,NA,TRUE,NA,NA,NA,p8ejh,https://docs.google.com/document/d/1CPVn7_YCaZ7w9Nju3KPoH5qaVmH-Y0Ar2lbTGfp9ngk/edit?usp=drivesdk,1,Direct Replication,Direct Replication,NA,NA,NA
23w8w,Kybl,bmzuf,education,FALSE,TRUE,NA,TRUE,NA,NA,NA,ut7cs,NA,0,Data Analytic Replication,Data Analytic Replication,NA,NA,NA
19y4,L3Lr,cqxyh,covid,FALSE,TRUE,NA,TRUE,NA,NA,NA,8xn5b,https://docs.google.com/document/d/1RKGA-jMZUbSLLuj6o2ZN77MTpBE_uMVElChT9w2JwII/edit?usp=drivesdk,1,Data Analytic Replication,Data Analytic Replication,NA,NA,NA
6zzo6,LbEB,ty5be,psychology,FALSE,TRUE,NA,TRUE,NA,NA,NA,xba78,https://docs.google.com/document/d/1GfWy29pAvJ5hxY4k54cZ_zZsxIW_fERrvqkYF5jAyE8/edit?usp=drivesdk,1,Direct Replication,Direct Replication,NA,NA,NA
944y,LyLd,jb9rq,economics,FALSE,TRUE,NA,TRUE,NA,NA,NA,vxu3e,"https://docs.google.com/document/d/1wYlwGGflky7IKRnO7EAxvnIOpbFwXYt2RFTyVrF7j1w/edit?usp=drivesdk, https://docs.google.com/document/d/15_g43MFUIJfPTIVVDzmsRYxCGhYCqaqnNOEn3mPWeQs/edit?usp=drivesdk",2,Data Analytic Replication,Data Analytic Replication,NA,NA,NA
2ggz2,N8pB,ujg2c,marketing/org behavior,FALSE,TRUE,NA,TRUE,NA,NA,NA,3gsmj,https://docs.google.com/document/d/18W6Zof7REZgji9PudOI-OFO8IGzlFTGnZkJrH8PTCKM/edit?usp=drivesdk,1,Direct Replication,Direct Replication,NA,NA,NA
746,Nj8V,2dx54,marketing/org behavior,FALSE,TRUE,NA,TRUE,NA,NA,NA,f6qgk,https://docs.google.com/document/d/1eITD8xfNdgvPrcg1akmIO3DjjUvxQ8fDpAX6wJ1FV2c/edit?usp=drivesdk,1,Direct Replication,Direct Replication,NA,NA,NA
24812,NrrW,9vxwz,education,FALSE,TRUE,NA,TRUE,NA,NA,NA,vd4jp,https://docs.google.com/document/d/1PFLZ0Usp0WKR5mBu0TfW72LZwYgk42KqZ8xbOXm07pk/edit?usp=drivesdk,1,Data Analytic Replication,Data Analytic Replication,NA,NA,NA
99gy,O3G0,n2dhg,covid,FALSE,TRUE,NA,TRUE,NA,NA,NA,xem4p,https://docs.google.com/document/d/1pDsjECi-kyePV6NUkZHhBLYADnE9ufwxDtCc00QTUMQ/edit?usp=drivesdk,1,Direct Replication,Direct Replication,NA,NA,NA
4238,O3Gy,xr8gz,covid,FALSE,TRUE,NA,TRUE,NA,NA,NA,3gdhp,https://docs.google.com/document/d/1xyhV9N0_N3pYEDPyw7UiVxmy-Mi42HNQdNTwxMpQFrM/edit?usp=drivesdk,1,Data Analytic Replication,Data Analytic Replication,NA,NA,NA
281g6,OKRy,5k6jg,marketing/org behavior,FALSE,TRUE,NA,TRUE,NA,NA,NA,bwk3u,https://docs.google.com/document/d/1qtwsmiQqgb0SSdaLnPSItP4Raee3MDcQXVnLvt68x4A/edit?usp=drivesdk,1,Direct Replication,Direct Replication,NA,NA,NA
658y7,OYX0,yv2am,education,FALSE,TRUE,NA,TRUE,NA,NA,NA,n8puy,https://docs.google.com/document/d/1ma6T5a0nIpQyQCQjRBLM61uPbpN694f6G8-sP8gcXcg/edit?usp=drivesdk,1,Data Analytic Replication,Data Analytic Replication,NA,NA,NA
8zz7,OYX0,bj9ea,education,FALSE,TRUE,NA,TRUE,NA,NA,NA,tzgc5,https://docs.google.com/document/d/1l_bMsnBDhNbQaxns2jAxMN9Z0aDQGoON4a4s4Zr18Kw/edit?usp=drivesdk,1,Data Analytic Replication,Data Analytic Replication,NA,NA,NA
24m16,OeGv,as7te,political science,FALSE,TRUE,NA,TRUE,NA,NA,NA,6vrc3,https://docs.google.com/document/d/1a6oUI3VdIBddijS8O8FXinhM2vMb1zgx-v1EeSyoH3A/edit?usp=drivesdk,1,Data Analytic Replication,Data Analytic Replication,NA,NA,NA
y050,OeGv,8pxty,political science,FALSE,TRUE,NA,TRUE,NA,NA,NA,2urdw,https://docs.google.com/document/d/1AQnbRDHd1_QqDFmDQgTALuefwX6HUNHPzdNfD5774LY/edit?usp=drivesdk,1,Data Analytic Replication,Data Analytic Replication,NA,NA,NA
46z8,Ow0,q8bdv,marketing/org behavior,FALSE,TRUE,NA,TRUE,NA,NA,NA,qnhgv,https://docs.google.com/document/d/1I0yN6n3jpuaVXz97tZijDIYouJ0rJsVrgqaWc5ToFR0/edit?usp=drivesdk,1,Direct Replication,Direct Replication,NA,NA,NA
99kg,P1rY,ba26p,criminology,FALSE,TRUE,NA,TRUE,NA,NA,NA,dtb56,https://docs.google.com/document/d/1r2AFW0bIM7AQomHPD4-DwFv5U7oIU-Phoj6s_73sqe4/edit?usp=drivesdk,1,Direct Replication,Direct Replication,NA,NA,NA
2y77,P39Z,2px95,covid,FALSE,TRUE,NA,TRUE,NA,NA,NA,6xk2q,https://docs.google.com/document/d/1tKTqzm9Hx76pfKjufMH-7GDayzbINAVq2oiJtAqNGK0/edit?usp=drivesdk,1,Data Analytic Replication,Data Analytic Replication,NA,NA,NA
5zg9,PNPz,er4gy,psychology,FALSE,TRUE,NA,TRUE,NA,NA,NA,spmht,https://docs.google.com/document/d/1cLCIliYrtG8gTEaZXMnJi7KBMGBGxdBQeX8DLeCusDA/edit?usp=drivesdk,1,Direct Replication,Direct Replication,NA,NA,NA
7g95,Pb9K,rvs4q,political science,FALSE,TRUE,NA,TRUE,NA,NA,NA,bpfyc,"https://docs.google.com/document/d/1366ig_1Y-T2rGUG1YhLVyyIUPcqdnAad7G71Rksu6Ew/edit?usp=drivesdk, https://docs.google.com/document/d/17vI59yr6-kB8-bBTStqaQggbB3qd6w1LfmglqQHL8R4/edit?usp=drivesdk",2,Direct Replication,Direct Replication,NA,NA,NA
786,PlDa,huavw,economics,FALSE,TRUE,NA,TRUE,NA,NA,NA,bacnv,https://docs.google.com/document/d/1NbibakG19rgf_SqagXMxLOVxX-yx4yrQNDjtE9c5prc/edit?usp=drivesdk,1,Data Analytic Replication,Data Analytic Replication,NA,NA,NA
40z0,Q1dl,ndbrp,marketing/org behavior,FALSE,TRUE,NA,FALSE,NA,NA,NA,NA,NA,0,Direct Replication,Direct Replication,NA,NA,NA
kk47,QYNq,5fjd4,economics,FALSE,TRUE,NA,TRUE,NA,NA,NA,4b657,https://docs.google.com/document/d/1vvyuL6BewQzsNWodUrnsrE1eRzFCFAMsLQFD5EmyS-s/edit?usp=drivesdk,1,Direct Replication,Direct Replication,NA,NA,NA
249w6,QllV,bawh3,economics,FALSE,TRUE,NA,TRUE,NA,NA,NA,xjfk7,NA,0,Data Analytic Replication,Data Analytic Replication,NA,NA,NA
z581,Qv1l,8f5by,covid,FALSE,TRUE,NA,TRUE,NA,NA,NA,sk64a,https://docs.google.com/document/d/1geFGvUZd5ajJO5UpyL2iLH1gIRETZMkFpsadrlZBJ0g/edit?usp=drivesdk,1,Direct Replication,Direct Replication,NA,NA,NA
1yz2,R8RN,kvsa6,marketing/org behavior,FALSE,TRUE,NA,TRUE,NA,NA,NA,anrek,"https://docs.google.com/document/d/1EyuPSFdng3ulg1anNFwnSfNCwHRBnyfl/edit?usp=drivesdk&ouid=110477487301453789779&rtpof=true&sd=true, https://docs.google.com/document/d/16eEJET6T3SJxbBe7DOHZXCDEfdo28sB-8jC8YRd2V9c/edit?usp=drivesdk, https://docs.google.com/document/d/1_qVAz-vcKXctxpaORupX6nR1VZxSJrXlNfWWiIsmkNU/edit?usp=drivesdk",3,Direct Replication,Direct Replication,NA,NA,NA
42m8,R9dv,z4nyv,health,FALSE,TRUE,NA,TRUE,NA,NA,NA,wtzxn,"https://docs.google.com/document/d/1m8h9fizaO_8RL5pagqHqxz4Zqj07bOMvzSK3dqMBN0w/edit?usp=drivesdk, https://docs.google.com/document/d/19oP3EHYPfpkO8WIcgugkocXUZckugLya1PYEQzu4OgM/edit?usp=drivesdk",2,Data Analytic Replication,Data Analytic Replication,NA,NA,NA
6m4k,RJb,vngz9,marketing/org behavior,FALSE,TRUE,NA,TRUE,NA,NA,NA,jdqy7,https://docs.google.com/document/d/19NbF3byQp6NC37HApL7nWrHBsZleN3GgeW1x5VNgdtk/edit?usp=drivesdk,1,Direct Replication,Direct Replication,NA,NA,NA
2k5g2,RYKv,df36m,political science,FALSE,TRUE,NA,TRUE,NA,NA,NA,"jsf4p, f6evh","https://docs.google.com/spreadsheets/d/1uX3-ObyPGQklCB5bqsmuzvN5OJc_LYLvxz0kP1WZmSc/edit?usp=drivesdk, https://docs.google.com/document/d/1AkDZxQnAVZlZFQVwZhkNVSm03jT3yhlulZngodhvNO0/edit?usp=drivesdk, https://docs.google.com/document/d/1dRfV9xBUCMiEIFvDotkJOnC9AIARXXXbeRsCatgYzcs/edit?usp=drivesdk",3,"Data Analytic Replication, Source Data Reproduction",Data Analytic Replication,NA,T,both SDR and DAR have prereg and outcomes
mkz7,RYKv,ta5vh,political science,FALSE,TRUE,NA,TRUE,NA,NA,NA,gx378,https://docs.google.com/document/d/1iwomMIp9nAFF39hDpIj9Jty4OZdGK0RYUV4JtXSeSg8/edit?usp=drivesdk,1,Data Analytic Replication,Data Analytic Replication,NA,NA,NA
6o946,RZdL,c9n5x,health,FALSE,TRUE,NA,TRUE,NA,NA,NA,mcj6g,NA,0,Data Analytic Replication,Data Analytic Replication,NA,NA,NA
19gz,RrOb,devn8,economics,FALSE,TRUE,NA,TRUE,NA,NA,NA,p5gxz,https://docs.google.com/document/d/1n1Vv_yGz0W3PHKSjcGlmWTTK-cUNgDAIaJTKDZ6SozI/edit?usp=drivesdk,1,Data Analytic Replication,Data Analytic Replication,NA,NA,NA
2y582,Rvb,ebaf2,marketing/org behavior,FALSE,TRUE,NA,TRUE,NA,NA,NA,6p897,https://docs.google.com/document/d/1cLqvB6QLBw7B7udiAfJP-cvrxgo7rTa5ywoqlY7b5PE/edit?usp=drivesdk,1,Direct Replication,Direct Replication,NA,NA,NA
2g7z2,VB9K,vg6zy,economics,FALSE,TRUE,NA,TRUE,NA,NA,NA,g8wnj,https://docs.google.com/document/d/1NJcXSRSz2b10yZMd3ar9PP3W0iQtQDuPMtafNIDYQcI/edit?usp=drivesdk,1,Direct Replication,Direct Replication,NA,NA,NA
4z32,VGAe,dk3xz,marketing/org behavior,FALSE,TRUE,NA,TRUE,NA,NA,NA,3wm8j,https://docs.google.com/document/d/15mcJUsbQxwVhgtG_D1XgPFildryEJS3_lG6H5y8mQn0/edit?usp=drivesdk,1,Direct Replication,Direct Replication,NA,NA,NA
2g79y,Vj0p,tz9ef,sociology,FALSE,TRUE,NA,TRUE,NA,NA,NA,684ey,https://docs.google.com/document/d/1-alKWhsZlOTA-Fc3KFgdqiCx3_qoCBd4xwa7N_jLWPk/edit?usp=drivesdk,1,Data Analytic Replication,Data Analytic Replication,NA,NA,NA
yzm6,Vj0p,e6mfw,sociology,FALSE,TRUE,NA,TRUE,NA,NA,NA,zmfvh,https://docs.google.com/document/d/1rg_KF1xc8jSQ8jiuoAh0OLYbUs1ELNGMC34xfNKZ0Bs/edit?usp=drivesdk,1,Data Analytic Replication,Data Analytic Replication,NA,NA,NA
m7m3,Vpgm,hz97d,psychology,FALSE,TRUE,NA,TRUE,NA,NA,NA,8256q,"https://docs.google.com/document/d/1XgF3g96g5JLfXgRXDx8a_k_IOk0TQl7oF9LIMeZsCeM/edit?usp=drivesdk, https://docs.google.com/document/d/1vTxPB7yEMd9TCgnDFHd6KV4arLoYMeTuENv7xNgUz00/edit?usp=drivesdk",2,Data Analytic Replication,Data Analytic Replication,NA,NA,NA
4182,VvZX,p9k76,economics,FALSE,TRUE,NA,FALSE,NA,NA,NA,NA,"https://docs.google.com/document/d/1oA77xT3f3NhsHOKB79zaaAqL_cAavOgLhqYNemSLvWA/edit?usp=drivesdk, https://docs.google.com/document/d/1n0lMaTxKVZAjYY1F3gxhV8PoEiZC57N3CDKVW54iNug/edit?usp=drivesdk",2,Direct Replication,Direct Replication,NA,NA,NA
2616,VvlD,8vn2z,marketing/org behavior,FALSE,TRUE,NA,TRUE,NA,NA,NA,kqdfr,https://docs.google.com/document/d/1qD7DvaVyaYU1XcvmdViyHGpxJRF2K9Hu6_MvDMKkT_M/edit?usp=drivesdk,1,Direct Replication,Direct Replication,NA,NA,NA
z171,W3EN,dy52c,covid,FALSE,TRUE,NA,TRUE,NA,NA,NA,p354f,https://docs.google.com/document/d/1YUSi1CoP164zZhHOqYsL3P91DaWZNkPBc7cbcwVUDSc/edit?usp=drivesdk,1,Data Analytic Replication,Data Analytic Replication,NA,NA,NA
67516,WLkV,q7jk4,economics,FALSE,TRUE,NA,TRUE,NA,NA,NA,dfngt,https://docs.google.com/document/d/1DJ5BhBssUsAi2TNP0tEYnl456u7lekG7wnB7vELseo4/edit?usp=drivesdk,1,Direct Replication,Direct Replication,NA,NA,NA
1964,WLpV,t9h6p,economics,FALSE,TRUE,NA,TRUE,NA,NA,NA,rkm6d,https://docs.google.com/document/d/1vDwV4ju5zfxfnhDWm8vdvhASigku1gMgdaAbB4iTQAI/edit?usp=drivesdk,1,Direct Replication,Direct Replication,NA,NA,NA
556,WaYe,fgx67,economics,FALSE,TRUE,NA,TRUE,NA,NA,NA,rze5p,"https://docs.google.com/document/d/1mJRYj0Z_AGwMa2Y7vZv1VenuzJx8LvrD60HmIR6iu0E/edit?usp=drivesdk, https://docs.google.com/document/d/1Rt_-5TpJznwt5PYGkBIQQ3fDzqpnN6QdDoBIdrO9OpY/edit?usp=drivesdk",2,Direct Replication,Direct Replication,NA,NA,NA
4130,Wre,h24z8,psychology,FALSE,TRUE,NA,TRUE,NA,NA,NA,ax3cw,https://docs.google.com/document/d/1TF3eSUwn_9LRSLFIi1_FFnn0PWKNJM9YlB2o8QoREYo/edit?usp=drivesdk,1,Direct Replication,Direct Replication,NA,NA,NA
21wg2,Y8Yx,usv5k,sociology,FALSE,TRUE,NA,TRUE,NA,NA,NA,we9hs,NA,0,Data Analytic Replication,Data Analytic Replication,NA,NA,NA
75g6,YWep,u52y3,education,FALSE,TRUE,NA,TRUE,NA,NA,NA,dz5c2,https://docs.google.com/document/d/1rUpjYyGNihqo4_SXnietG25atlh6ApMfjNe99xlhOGU/edit?usp=drivesdk,1,Data Analytic Replication,Data Analytic Replication,NA,NA,NA
69412,YmQR,c6pkb,political science,FALSE,TRUE,NA,TRUE,NA,NA,NA,zhps4,NA,0,Data Analytic Replication,Data Analytic Replication,NA,NA,NA
4930,YpZZ,g6fkp,psychology,FALSE,TRUE,NA,FALSE,NA,NA,NA,NA,NA,0,Direct Replication,Direct Replication,NA,NA,NA
1954,a3Nx,z6mkt,covid,FALSE,TRUE,NA,TRUE,NA,NA,NA,ydg9f,https://docs.google.com/document/d/1kFBzVNji6uZCL1Tkx2xJioXk387Nojzg4K_iecL0Lbc/edit?usp=drivesdk,1,Direct Replication,Direct Replication,NA,NA,NA
6mz92,a8jQ,3g74a,political science,FALSE,TRUE,NA,TRUE,NA,NA,NA,qjhcn,https://docs.google.com/document/d/1cZBquJFEdjYVJXZ0TRUsaKoQ1ianaVJiYRSeKIsQ7XM/edit?usp=drivesdk,1,Direct Replication,Direct Replication,NA,NA,NA
6z1o2,aag9,wjh3c,marketing/org behavior,FALSE,TRUE,NA,TRUE,NA,NA,NA,huf7m,https://docs.google.com/document/d/1zfSXG1inQ-OAj47qOe1J0nppXTTJCpgQRemJPRpW5FA/edit?usp=drivesdk,1,Direct Replication,Direct Replication,NA,NA,NA
6mz8,amYY,h2cq7,economics,FALSE,TRUE,NA,TRUE,NA,NA,NA,2qsu8,"https://docs.google.com/document/d/1LFmii2HBjmk-1Tuc2nJmaMcrekgF3cUDlMvFB_sptHc/edit?usp=drivesdk, https://docs.google.com/document/d/1C1Lr0HwFLBs4f8fB_Y5ElVaP7ZExofqQ/edit?usp=drivesdk&ouid=110477487301453789779&rtpof=true&sd=true, https://docs.google.com/document/d/146pyLbcG_VdhfX2QujeBilGhaEIgmEfYozXoEduugGE/edit?usp=drivesdk",3,Direct Replication,Direct Replication,NA,NA,NA
98g,b3G4,cbknq,covid,FALSE,TRUE,NA,TRUE,NA,NA,NA,6c5g9,https://docs.google.com/document/d/1B6sOqem3CKF4KlpbHLQGcQhcUD7KiTZZLfTYfsF8TpQ/edit?usp=drivesdk,1,Direct Replication,Direct Replication,NA,NA,NA
26g,b3RA,5vgjw,covid,FALSE,TRUE,NA,TRUE,NA,NA,NA,dnqwy,https://docs.google.com/document/d/1R-hTGEtgiKWLCR5rbjjmmoLCe4yY0gdL8jOu5zflVoE/edit?usp=drivesdk,1,Direct Replication,Direct Replication,NA,NA,NA
329k,bLe8,t95k2,economics,FALSE,TRUE,NA,TRUE,NA,NA,NA,n6zg9,"https://docs.google.com/document/d/1Bo5dRY1nqrMjowirM59BL1WSDHH0LWngBKScxxY6xeE/edit?usp=drivesdk, https://docs.google.com/document/d/1OKSevnLY8xEXI7-TWuwzlNL3GGXi6V8GUm9P1C2Ot70/edit?usp=drivesdk",2,Data Analytic Replication,Data Analytic Replication,NA,NA,NA
6zoo2,bY2A,vhu2x,education,FALSE,TRUE,NA,TRUE,NA,NA,NA,dkrv5,NA,0,Data Analytic Replication,Data Analytic Replication,NA,NA,NA
67z12,d24p,cwmb5,marketing/org behavior,FALSE,TRUE,NA,TRUE,NA,NA,NA,5f9ej,https://docs.google.com/document/d/1V2WMlhmR7nnjN23181iezCs5G1ppLzPxmlMfveZkfRI/edit?usp=drivesdk,1,Direct Replication,Direct Replication,NA,NA,NA
6m492,d5v3,vcjf6,psychology,FALSE,TRUE,NA,TRUE,NA,NA,NA,mh84p,https://docs.google.com/document/d/1M9iXk_2Ocjrm98hYTtEh9BoG-4gyQVQ9b0KbdKe9EAY/edit?usp=drivesdk,1,Data Analytic Replication,Data Analytic Replication,NA,NA,NA
z1k9,dPzV,9beuv,covid,FALSE,TRUE,NA,TRUE,NA,NA,NA,ypfn3,https://docs.google.com/document/d/1MNOuH8RnjGAch2e2vHR390HuUUvc_17fwpW2psRKhGg/edit?usp=drivesdk,1,Direct Replication,Direct Replication,NA,NA,NA
7965,dqKX,e7tw2,education,FALSE,TRUE,NA,TRUE,NA,NA,NA,x9kda,https://docs.google.com/document/d/1OQzZ8G7sbsup5Dnhg6-GkXgNkSHZtMZbAtxYRKkBBFY/edit?usp=drivesdk,1,Direct Replication,Direct Replication,NA,NA,NA
2w5k2,dxQp,qru6t,sociology,FALSE,TRUE,NA,TRUE,NA,NA,NA,dyjv8,NA,0,Data Analytic Replication,Data Analytic Replication,NA,NA,NA
24yw6,e227,9mx5w,sociology,FALSE,TRUE,NA,TRUE,NA,NA,NA,rq4xd,NA,0,Data Analytic Replication,Data Analytic Replication,NA,NA,NA
6o442,e3G7,23ghe,psychology,FALSE,TRUE,NA,TRUE,NA,NA,NA,c4dhw,https://docs.google.com/document/d/1rP1twVViirW2GZAIynbLjw_sP995G3YHebGew1zhD-M/edit?usp=drivesdk,1,Direct Replication,Direct Replication,NA,NA,NA
yk91,eOQm,2cjuw,psychology,FALSE,TRUE,NA,TRUE,NA,NA,NA,eznpb,https://docs.google.com/document/d/14LLWvH5KnNIM0wh-nDfcKsTOs2jtP8NxwsrMMffpDlg/edit?usp=drivesdk,1,Direct Replication,Direct Replication,NA,NA,NA
6g67,eg1q,8hp5j,marketing/org behavior,FALSE,TRUE,NA,TRUE,NA,NA,NA,"hbmye, dn3b8","https://docs.google.com/document/d/1-yjmuvMajQcmyeHuNb22ffPyn0RN1GRZ9q1fNQyLmew/edit?usp=drivesdk, https://docs.google.com/document/d/1qdQ9RYfXwNx9gyLnCdXvocDKXwueEX9TiZ2IcjqeH0w/edit?usp=drivesdk",2,Direct Replication,Direct Replication,NA,NA,NA
yyy1,eg3p,e52qx,marketing/org behavior,FALSE,TRUE,NA,TRUE,NA,NA,NA,kapcd,https://docs.google.com/document/d/11gbbCh-oibJXeceM4kkZxFCTfMaRb3-Q2_pGl8PFzaA/edit?usp=drivesdk,1,Direct Replication,Direct Replication,NA,NA,NA
4z88,egX9,fncqp,psychology,FALSE,TRUE,NA,TRUE,NA,NA,NA,r984g,https://docs.google.com/document/d/1jTKtu8PjJUj1XwondfFj7cxXIF8tsyc73fBYvcR36Cc/edit?usp=drivesdk,1,Direct Replication,Direct Replication,NA,NA,NA
318z,exd7,qtv6j,marketing/org behavior,FALSE,TRUE,NA,TRUE,NA,NA,NA,"gm5xr, gzbkq",https://docs.google.com/document/d/1BJAr2Unmor9hAP6pJ0iqOtEosXwkB1qW6qL2Z3lqiyE/edit?usp=drivesdk,1,Direct Replication,Direct Replication,NA,NA,NA
m5k3,gRWz,tvhma,health,FALSE,TRUE,NA,TRUE,NA,NA,NA,3qa4c,"https://docs.google.com/document/d/13d9W_yQtQKsDZsQhjefywj7lubQWr0DryiHswKI5Wuw/edit?usp=drivesdk, https://docs.google.com/document/d/1x3GNXD0-hHrk-diihtCbXAUJd-CJFp1q08TmjhlVPao/edit?usp=drivesdk",2,Direct Replication,Direct Replication,NA,NA,NA
8z7g,gbg4,npju2,psychology,FALSE,TRUE,NA,TRUE,NA,NA,NA,vs8xt,https://docs.google.com/document/d/19LkFY-f0L9cdsAVmWEM_LLVPu7KJy4tOo1szvc_YUhM/edit?usp=drivesdk,1,Direct Replication,Direct Replication,NA,NA,NA
393,gbl9,vcfsg,psychology,FALSE,TRUE,NA,TRUE,NA,NA,NA,vkny5,https://docs.google.com/document/d/1LL68ah1FdIiFiMkwJHRm9Pu1WPTRtYQgvIvZC2pnGT8/edit?usp=drivesdk,1,Direct Replication,Direct Replication,NA,NA,NA
5796,j2yd,su48v,psychology,FALSE,TRUE,NA,TRUE,NA,NA,NA,98cfw,https://docs.google.com/document/d/1iwtet-3RD_dVx2VzXi9A4jKoyr36KDzINS6O2YeErLk/edit?usp=drivesdk,1,Data Analytic Replication,Data Analytic Replication,NA,NA,NA
26k7,j53d,uzmtn,covid,FALSE,TRUE,NA,TRUE,NA,NA,NA,w67pd,https://docs.google.com/document/d/1Us-A7aWtwrkFg96Oe2qOvpT-Wg_wTY8jzEu6c1gsfNs/edit?usp=drivesdk,1,Direct Replication,Direct Replication,NA,NA,NA
0y38,jDWN,g9v87,marketing/org behavior,FALSE,TRUE,NA,TRUE,NA,NA,NA,gwumf,https://docs.google.com/document/d/1kwd-lPJBTlZ9yiB_KuzQmaUeZLg9Vzy46xuMFT6bFYI/edit?usp=drivesdk,1,Data Analytic Replication,Data Analytic Replication,NA,NA,NA
4z02,jLr,dy3wx,psychology,FALSE,TRUE,NA,TRUE,NA,NA,NA,jyf8a,https://docs.google.com/document/d/1iNRAcReBJ8ZIWUPDIHRJILqboy_6U4tpoBIG6RTpxIE/edit?usp=drivesdk,1,Direct Replication,Direct Replication,NA,NA,NA
931g,lJ0w,ty9du,management,FALSE,TRUE,NA,TRUE,NA,NA,NA,kghpr,https://docs.google.com/document/d/18NrvB3VtSGGVzsHchWcXlZv2xi78xiK4PQNhjucnrnk/edit?usp=drivesdk,1,Direct Replication,Direct Replication,NA,NA,NA
m7g7,mJDj,snx3t,psychology,FALSE,TRUE,NA,TRUE,NA,NA,NA,a5ehw,https://docs.google.com/document/d/14PrGJyv9BmxNYFlSEdHCgKr79XrlOW5hqArsDz7tWSs/edit?usp=drivesdk,1,Data Analytic Replication,Data Analytic Replication,NA,NA,NA
579,mrZ,na3mh,marketing/org behavior,FALSE,TRUE,NA,TRUE,NA,NA,NA,fzjkc,https://docs.google.com/document/d/1zc0BuRcM-Jd509cnEdzSlphFTyJ-kT4Vw85ZVfA9IOQ/edit?usp=drivesdk,1,Direct Replication,Direct Replication,NA,NA,NA
g77m,mxyQ,2ug8x,political science,FALSE,TRUE,NA,TRUE,NA,NA,NA,v6wd8,https://docs.google.com/document/d/1iDVWvdxwhFvAzOyUXJUuLP7-DfSYP36SrhxHisFnoq4/edit?usp=drivesdk,1,Direct Replication,Direct Replication,NA,NA,NA
326,p29j,3czus,covid,FALSE,TRUE,NA,TRUE,NA,NA,NA,7qnw8,https://docs.google.com/document/d/1dWArzNA3dbDmqScRM91QQj18uQy18jZJTtIQXBVEoeY/edit?usp=drivesdk,1,Direct Replication,Direct Replication,NA,NA,NA
69812,pN7E,f49uq,criminology,FALSE,TRUE,NA,TRUE,NA,NA,NA,tsr9w,https://docs.google.com/document/d/1dXRf0u1IaqUoIzBOqgIvBSX52TyHAh25a6ZupyXTmqs/edit?usp=drivesdk,1,Data Analytic Replication,Data Analytic Replication,NA,NA,NA
5g9,plLK,fhyzs,marketing/org behavior,FALSE,TRUE,NA,TRUE,NA,NA,NA,"jhnqm, ny6jz",https://docs.google.com/document/d/1aPiYOF4v5n-DVJ-JofqhhOqJAA_jAdFwbAh_CguzxFo/edit?usp=drivesdk,1,Direct Replication,Direct Replication,NA,NA,NA
2kwg2,pw3m,68x45,education,FALSE,TRUE,NA,TRUE,NA,NA,NA,5y7cx,NA,0,Data Analytic Replication,Data Analytic Replication,NA,NA,NA
23g12,q8xv,ub4c6,economics,FALSE,TRUE,NA,TRUE,NA,NA,NA,"2brdy, h6425","https://docs.google.com/document/d/1XIdnbsEXlTQudF69I5HHKjtTttMmxpseEz6AnHUZJsE/edit?usp=drivesdk, https://docs.google.com/spreadsheets/d/10d-fBRla622OgWLEic6H4y62X3iVtra479ggNPRQvC8/edit?usp=drivesdk, https://docs.google.com/document/d/1htYOYLKFplblks7iTrt64TkgwZMZi8UD5p49MggcZns/edit?usp=drivesdk, https://docs.google.com/document/d/1zHzD3IJBBZQi8jLW3faj3nLXGOfhm27_uf-Pih6jsOY/edit?usp=drivesdk",4,"Data Analytic Replication, Source Data Reproduction",Data Analytic Replication,NA,T,both SDR and DAR have prereg and outcomes
69136,qPxQ,2be7n,psychology,FALSE,TRUE,NA,TRUE,NA,NA,NA,frgyh,https://docs.google.com/document/d/1N3WlbKljC2ipKL5y53wii8E1x03IQxkM7Igbsv7FY7I/edit?usp=drivesdk,1,Direct Replication,Direct Replication,NA,NA,NA
gz51,qXX2,zt5y2,sociology,FALSE,TRUE,NA,TRUE,NA,NA,NA,5bz8y,https://docs.google.com/document/d/1qv2PmjNYLqctiPFGdKH3Ws1wIVfi3zL9PmZpY5QKfCA/edit?usp=drivesdk,1,Data Analytic Replication,Data Analytic Replication,NA,NA,NA
675m9,qYr7,qxk38,political science,FALSE,TRUE,NA,TRUE,NA,NA,NA,e69cp,https://docs.google.com/document/d/1zUpl0TCq6_mxVw_U69Zc2cE-L53Zq8DUjMKsHQ7NKD0/edit?usp=drivesdk,1,Data Analytic Replication,Data Analytic Replication,NA,NA,NA
5z36,qYr7,wy3tj,political science,FALSE,TRUE,NA,TRUE,NA,NA,NA,bv924,https://docs.google.com/document/d/1-3HeyyNSPfxNs8XfLruwXa0J15__TaUSn1luILN7Zus/edit?usp=drivesdk,1,Data Analytic Replication,Data Analytic Replication,NA,NA,NA
23wwg,qgWj,xwthk,political science,FALSE,TRUE,NA,TRUE,NA,NA,NA,d82n3,https://docs.google.com/document/d/1XtX4cktAnZRMipfWwkG60cdd8msURJqC8Yj5n6d3KJc/edit?usp=drivesdk,1,Data Analytic Replication,Data Analytic Replication,NA,NA,NA
y0m1,rJ8q,6zjdh,covid,FALSE,TRUE,NA,TRUE,NA,NA,NA,rwxs9,https://docs.google.com/document/d/1tO73t74hfrVim5DVtmbbZHWccCh4Vz9IovYIiqYTE7U/edit?usp=drivesdk,1,Data Analytic Replication,Data Analytic Replication,NA,NA,NA
9kzy,rjb,rgtnm,psychology,FALSE,TRUE,NA,TRUE,NA,NA,NA,e9x8j,https://docs.google.com/document/d/1p52QQN9E4xlMOF51v7xIUQj4OsQX6P5VaA7-fKiYSMM/edit?usp=drivesdk,1,Direct Replication,Direct Replication,NA,NA,NA
308,rpq,hd3vf,psychology,FALSE,TRUE,NA,TRUE,NA,NA,NA,7ryzs,"https://docs.google.com/document/d/1wZg_RKdaHh769ZiF8RJ6TZ8YXXQXBqF4mLItVJsyOz4/edit?usp=drivesdk, https://docs.google.com/document/d/1ouoCpO7qAVNWlXv0NSgw9E6x16DK21Mls3Ujr0iYKUE/edit?usp=drivesdk",2,Direct Replication,Direct Replication,NA,NA,NA
67y16,vGqL,er54t,sociology,FALSE,TRUE,NA,TRUE,NA,NA,NA,nmrv2,NA,0,Data Analytic Replication,Data Analytic Replication,NA,NA,NA
z531,vyRx,8uex5,covid,FALSE,TRUE,NA,TRUE,NA,NA,NA,ywphm,https://docs.google.com/document/d/1h89WA_hGdLQACGTLIJN6rnT8gp_a1vuqPxsKQxXNI9g/edit?usp=drivesdk,1,Data Analytic Replication,Data Analytic Replication,NA,NA,NA
657,w5dv,q4fkd,marketing/org behavior,FALSE,TRUE,NA,TRUE,NA,NA,NA,"fmz2q, sbqre","https://docs.google.com/document/d/1FE3ww-frOklRfHoWw6KCCsOyVtKT9gFxWrdqgZLUdNs/edit?usp=drivesdk, https://docs.google.com/document/d/1wQaaJZKwUYoDLfrYSOzp6H5kLw7dP10A3Haci62vpDA/edit?usp=drivesdk, https://docs.google.com/document/d/13me01dfI7_bYAOIGZQGbeqCsghndRPmHAavX_gVJrN8/edit?usp=drivesdk",3,Direct Replication,Direct Replication,NA,NA,NA
65wm6,wRvv,e48gd,political science,FALSE,TRUE,NA,TRUE,NA,NA,NA,wqhe5,"https://docs.google.com/document/d/1TZqhW1glW3qCA6xj1IBaYYSuVRWNQeb2bbZnFMOpnbE/edit?usp=drivesdk, https://docs.google.com/spreadsheets/d/1JBdwtsfGqr0wVvGX5Tvafgypv8mob6LFZ0tBfvbGM8A/edit?usp=drivesdk, https://docs.google.com/document/d/1RrAHwNEJxdrYsjVd2bbPo4aoUWyIWrynMa_xq9EbCz0/edit?usp=drivesdk",3,"Data Analytic Replication, Source Data Reproduction",Data Analytic Replication,NA,T,both SDR and DAR have prereg and outcomes
1634,wRvv,rpumq,political science,FALSE,TRUE,NA,TRUE,NA,NA,NA,aqncj,https://docs.google.com/document/d/1CTcY86jMBWRP8aSkmkzXDAeXOBzXZpPjMQ-OVa6xWLE/edit?usp=drivesdk,1,Data Analytic Replication,Data Analytic Replication,NA,NA,NA
996g,wx5k,zd2uq,covid,FALSE,TRUE,NA,TRUE,NA,NA,NA,u5z7m,https://docs.google.com/document/d/10AdDwNoffoXfIFBw-8xBVDTgrphVwzTajJk6j5nFcHs/edit?usp=drivesdk,1,Data Analytic Replication,Data Analytic Replication,NA,NA,NA
8z81,x0pA,en9md,sociology,FALSE,TRUE,NA,TRUE,NA,NA,NA,7et3d,https://docs.google.com/document/d/1b3fCJ0ivVAULKI1UGO6n0L0aMwcf7dQNYNkXpQBlbsM/edit?usp=drivesdk,1,Data Analytic Replication,Data Analytic Replication,NA,NA,NA
k5z,x3KP,a8eg9,psychology,FALSE,TRUE,NA,TRUE,NA,NA,NA,"afw29, hf8et",https://docs.google.com/document/d/1C2hTMnsqjr4Iyu9E36MWa7qI4_1mnSSGU1CmJA2cFNI/edit?usp=drivesdk,1,Direct Replication,Direct Replication,NA,NA,NA
y11,xGGO,w56ve,sociology,FALSE,TRUE,NA,TRUE,NA,NA,NA,7vu5h,https://docs.google.com/document/d/1RE2gsz6GoV1KHTW7bTT4l6zE0dNYCi_xVVh-FMedxFU/edit?usp=drivesdk,1,Data Analytic Replication,Data Analytic Replication,NA,NA,NA
8g1,xLmP,ytuk9,covid,FALSE,TRUE,NA,TRUE,NA,NA,NA,smcxg,https://docs.google.com/document/d/1Ca8JH_mOu9HAOUG9mh2ExNB4Cy4ILmK-8BuPOneyRVg/edit?usp=drivesdk,1,Direct Replication,Direct Replication,NA,NA,NA
yk16,xYbO,8feku,political science,FALSE,TRUE,NA,TRUE,NA,NA,NA,"kvjeh, nxrg7",https://docs.google.com/document/d/1ttDuIu6PoyTPsOif3z2MX6GKaPkS9JSke7GKMMwRhzw/edit?usp=drivesdk,1,Direct Replication,Direct Replication,NA,NA,NA
z591,xvrb,xnh2r,psychology,FALSE,TRUE,NA,TRUE,NA,NA,NA,sg5zc,https://docs.google.com/document/d/1dZQROiY4VB1i0ogsckVc3vsgVj8By33OiEA1Jg1ENdY/edit?usp=drivesdk,1,Direct Replication,Direct Replication,NA,NA,NA
2wgk2,y3R4,p7mex,marketing/org behavior,FALSE,TRUE,NA,TRUE,NA,NA,NA,jgwx7,https://docs.google.com/document/d/1UaYOa5iQ9Fd0PzqtiOYhTxRNH-0cITwjz4PXOeE_RKo/edit?usp=drivesdk,1,Direct Replication,Direct Replication,NA,NA,NA
1762,yAPR,j8en2,sociology,FALSE,TRUE,NA,TRUE,NA,NA,NA,hszqu,https://docs.google.com/document/d/1MruQ4vMtjsbszjNkkErNDHfukiREoipJFk3nMN2PEeo/edit?usp=drivesdk,1,Data Analytic Replication,Data Analytic Replication,NA,NA,NA
z106,yDyG,xtmy9,marketing/org behavior,FALSE,TRUE,NA,TRUE,NA,NA,NA,acr92,https://docs.google.com/document/d/13v9JjLykAXbRm8TYB0Y4G-V8ctu5m2eqou2VX6NPDqo/edit?usp=drivesdk,1,Direct Replication,Direct Replication,NA,NA,NA
9ky,yJwG,wtm3e,psychology,FALSE,TRUE,NA,TRUE,NA,NA,NA,8jbty,https://docs.google.com/document/d/1ariE_GU2NdUBJAu4bmiiNTOf8XnTOzJzpBfrOs7aHEU/edit?usp=drivesdk,1,Direct Replication,Direct Replication,NA,NA,NA
38,yQeR,4v7ax,economics,FALSE,TRUE,NA,TRUE,NA,NA,NA,r9xhu,https://docs.google.com/document/d/1pX5Y9XGbceH0lAT5oKXBm1bcMMiNrckqdsibSMOTDfM/edit?usp=drivesdk,1,Data Analytic Replication,Data Analytic Replication,NA,NA,NA
y006,yZD4,nv6a3,covid,FALSE,TRUE,NA,TRUE,NA,NA,NA,6zxh8,https://docs.google.com/document/d/1pKgtZvaufQ3XmZXhv_gJ0LfDD3sBLKClTS-yDxef1q4/edit?usp=drivesdk,1,Direct Replication,Direct Replication,NA,NA,NA
6g38,yypJ,apv5t,psychology,FALSE,TRUE,NA,TRUE,NA,NA,NA,eduvw,https://docs.google.com/document/d/1zRWcmi4DQ2ZFHXx7gqCDJP0oew3PH9YrtJC74Cfmjbg/edit?usp=drivesdk,1,Direct Replication,Direct Replication,NA,NA,NA
yzz0,z4dO,rs7e9,political science,FALSE,TRUE,NA,TRUE,NA,NA,NA,623js,"https://docs.google.com/document/d/1D5Ts4B7EafzGHUF5RmjzXIZeQqVLWsHZF-jSjJWO0L8/edit?usp=drivesdk, https://docs.google.com/document/d/1-r5WCg2VUEGLU83ZLB0zkW27F7TamAM6oiJGk2ggmhk/edit?usp=drivesdk, https://docs.google.com/document/d/1VOTF6U0V3U24Ou5hmtyjgcUNT7a5NxCb/edit?usp=drivesdk&ouid=110477487301453789779&rtpof=true&sd=true, https://docs.google.com/document/d/1CKiJwTJOmM223LCppVO4zZheyM0x6SBA8R5fUyuL1UY/edit?usp=drivesdk, https://docs.google.com/document/d/1jDiDrah43S1TZqi0nuqQhiQpp8P6yw2WFeD9M4K1S-8/edit?usp=drivesdk",5,Data Analytic Replication,Data Analytic Replication,NA,NA,NA
m5g9,zK2,etfqz,psychology,FALSE,TRUE,NA,TRUE,NA,NA,NA,wg5ny,https://docs.google.com/document/d/1BzaD4xWCG1JM-2X0QLdSCL16PMvRFXLp3l_p6bNzw1A/edit?usp=drivesdk,1,Direct Replication,Direct Replication,NA,NA,NA
m63,zN22,5qwdh,psychology,FALSE,TRUE,NA,TRUE,NA,NA,NA,k6fyx,https://docs.google.com/document/d/1AjQQpPfO7j6XstiUMb-h1qsZPFZn8ihrBMlTPDnMZ-s/edit?usp=drivesdk,1,Direct Replication,Direct Replication,NA,NA,NA
1y02,zNEm,78fvn,psychology,FALSE,TRUE,NA,TRUE,NA,NA,NA,6v2ed,https://docs.google.com/document/d/1UhcQlFfDRxhtAfd-M4OSiWaTsB3MtBLkNG9VhUOR5vw/edit?usp=drivesdk,1,Direct Replication,Direct Replication,NA,NA,NA
2y182,zb3Y,h7av9,education,FALSE,TRUE,NA,TRUE,NA,NA,NA,gbsy9,https://docs.google.com/document/d/1UN02evhrdzZqAgmgSDbzVLG0rKcRjYlSRuMIMYt5hPM/edit?usp=drivesdk,1,Data Analytic Replication,Data Analytic Replication,NA,NA,NA
41k2,zb3Y,bmwsv,education,FALSE,TRUE,NA,TRUE,NA,NA,NA,482qs,https://docs.google.com/document/d/1v5SFyOpqIUBmdpR4Yvcvk8CcmoPX0MKv7_IUIGPcQEc/edit?usp=drivesdk,1,Data Analytic Replication,Data Analytic Replication,NA,NA,NA
234w6,zekm,yfmg8,marketing/org behavior,FALSE,TRUE,NA,TRUE,NA,NA,NA,v5cjm,NA,0,Direct Replication,Direct Replication,NA,NA,NA
k1g7,zk94,y5kbe,covid,FALSE,TRUE,NA,TRUE,NA,NA,NA,cuh8g,https://docs.google.com/document/d/1gdftjRDIbkjQZgMP2SoTotUWZwPU9WfBp_pDCXExt4Q/edit?usp=drivesdk,1,Direct Replication,Direct Replication,NA,NA,NA
651m6,zlBL,uwnya,psychology,FALSE,TRUE,NA,TRUE,NA,NA,NA,6b4pd,https://docs.google.com/document/d/1JpTdjQw4zkkOAogTH6L7zEZe2geHbDkeFlKySolibdI/edit?usp=drivesdk,1,Data Analytic Replication,Data Analytic Replication,NA,NA,NA
z516,zlBL,rcv49,psychology,FALSE,TRUE,NA,TRUE,NA,NA,NA,vez5h,"https://docs.google.com/document/d/13DA2hSpjXxwwdyJj3IkIzZf5v5OUPLUpP_Zq_8orO9k/edit?usp=drivesdk, https://docs.google.com/document/d/1asiYvf_mIk2nkntSXpQ8azyCNqbx3KEN85zO_Jkqyho/edit?usp=drivesdk",2,Data Analytic Replication,Data Analytic Replication,NA,NA,NA
9977,zlm2,qy62r,psychology,FALSE,TRUE,NA,TRUE,NA,NA,NA,q6hrf,"https://docs.google.com/document/d/1G5dyWjdKvljyGSP8GasDwschdnBkHDVWcP0J0t1Dijg/edit?usp=drivesdk, https://docs.google.com/document/d/1d4VEOt4iLn74yD7XDC6jAD3Yf1JHU7EeYMZvCGd2XAE/edit?usp=drivesdk",2,Direct Replication,Direct Replication,NA,NA,NA
6zz3k,zmYY,8ndcx,criminology,FALSE,TRUE,NA,TRUE,NA,NA,NA,br3f9,https://docs.google.com/document/d/1lu-WK7g8L7sswJDt3RcpYRimayeL1YprJ2ykRCHrm9A/edit?usp=drivesdk,1,Data Analytic Replication,Data Analytic Replication,NA,NA,NA
z4z9,zqwm,87qs6,education,FALSE,TRUE,NA,TRUE,NA,NA,NA,dv7tk,https://docs.google.com/document/d/1FC9YYjhEsVvY9CPL-cLnWXdfgs_tuA3VDPMH0RXayYU/edit?usp=drivesdk,1,Data Analytic Replication,Data Analytic Replication,NA,NA,NA
m707,jLr,dhg3q,psychology,FALSE,TRUE,NA,TRUE,NA,NA,NA,zfg5p,https://docs.google.com/document/d/1Xz9V9r-20rG2-Tk3N9uyHKJxFc2fHxoR/edit?usp=drivesdk&ouid=110477487301453789779&rtpof=true&sd=true,1,Direct Replication,Direct Replication,NA,NA,NA
10g2,LyLd,9u2n4,economics,FALSE,TRUE,NA,TRUE,NA,NA,NA,vb65u,https://docs.google.com/document/d/1NEd9cIlJK_dDJDNeQWe_Mx6IHcbWDUJLIiRj3J634iw/edit?usp=drivesdk,1,Data Analytic Replication,Data Analytic Replication,NA,NA,NA
yy60,qXX2,4rjbf,sociology,FALSE,TRUE,NA,TRUE,NA,NA,NA,6mzwk,https://docs.google.com/document/d/1kosK9YE-L6IOGwxUP6-GxKRWKcoNVxlL7uJzmrPwjNM/edit?usp=drivesdk,1,Source Data Reproduction,Source Data Reproduction,NA,NA,NA
om7,Q1dl,hq4cr,marketing/org behavior,FALSE,TRUE,NA,TRUE,NA,NA,NA,8vs4d,"https://docs.google.com/document/d/1b1An5_q0SFek5975qU4zq9r0-bnBn-Ls4on091AjO0o/edit?usp=drivesdk, https://docs.google.com/document/d/1NXZ8DSRgF-J1IrUvSr27f1Ln-oY2olGT/edit?usp=drivesdk&ouid=110477487301453789779&rtpof=true&sd=true",2,Direct Replication,Direct Replication,NA,NA,NA
1642,Q1dl,xzufr,marketing/org behavior,FALSE,TRUE,NA,TRUE,NA,NA,NA,8jqxf,NA,0,Direct Replication,Direct Replication,NA,NA,NA
3z7z,YpZZ,rjhwt,psychology,FALSE,TRUE,NA,TRUE,NA,NA,NA,ewyf7,NA,0,Direct Replication,Direct Replication,NA,NA,NA
15yz,YpZZ,qe8sp,psychology,FALSE,TRUE,NA,TRUE,NA,NA,NA,rsa6n,https://docs.google.com/document/d/1QdNjiRTtNHBXLop1Z8SQlBav7PPZ8QkY/edit?usp=drivesdk&ouid=110477487301453789779&rtpof=true&sd=true,1,Direct Replication,Direct Replication,NA,NA,NA
8y1,YpZZ,jhaur,psychology,FALSE,TRUE,NA,TRUE,NA,NA,NA,bwfzm,https://docs.google.com/document/d/12a1N12FgEe0ugS5Zs8poTH0GqNWD1Z44/edit?usp=drivesdk&ouid=110477487301453789779&rtpof=true&sd=true,1,Direct Replication,Direct Replication,NA,NA,NA
4zy8,YpZZ,7gcjf,psychology,FALSE,TRUE,NA,TRUE,NA,NA,NA,ptuke,"https://docs.google.com/document/d/1YnCsPNdMW1N2_q-LQ3rH1SWe0cPjFfIjPxUUhi_IxKg/edit?usp=drivesdk, https://docs.google.com/document/d/1Xx5k3sB_ckm0LSG4IO1xG9ciZn8eaSbt-Vfopae4dSM/edit?usp=drivesdk, https://docs.google.com/document/d/1QiEMJeRijDWyCf4AuOidnRvELfCSbBxk/edit?usp=drivesdk&ouid=110477487301453789779&rtpof=true&sd=true, https://docs.google.com/document/d/1o1Y7KYfy2UxKIjdKy1xJSu8u182VncT2zPj_oDL9-1o/edit?usp=drivesdk",4,Direct Replication,Direct Replication,NA,NA,NA
g79m,mJDj,9nt6s,psychology,FALSE,TRUE,NA,TRUE,NA,NA,NA,dr47w,https://docs.google.com/document/d/1UXC9lcKBIaQ5brwJ37dDO2HmQGlPbNoGlOS5UcIzk00/edit?usp=drivesdk,1,Data Analytic Replication,Data Analytic Replication,NA,NA,NA
y711,Azg9,2zre3,covid,FALSE,TRUE,NA,TRUE,NA,NA,NA,c847x,https://docs.google.com/document/d/1iH_GkT46mMC72hSVEJMP3jcLZTinfDkv59ivUO-6ngE/edit?usp=drivesdk,1,Data Analytic Replication,Data Analytic Replication,NA,NA,NA
0948,Azg9,a7h9n,covid,FALSE,TRUE,NA,TRUE,NA,NA,NA,fbn9y,https://docs.google.com/document/d/1BFox8_O-4uK-3akXvZ77NNLJ2UwzUIBi6QDq3acqkqk/edit?usp=drivesdk,1,Data Analytic Replication,Data Analytic Replication,NA,NA,NA
m4k7,59bm,953fa,psychology,FALSE,TRUE,NA,TRUE,NA,NA,NA,mw7a3,https://docs.google.com/document/d/1kKtSpITtiMZqhEKClNSH3Ed8a8CHQxjt34BaSyflr0U/edit?usp=drivesdk,1,Direct Replication,Direct Replication,NA,NA,NA
z96,59bm,y47xc,psychology,FALSE,TRUE,NA,TRUE,NA,NA,NA,j72tg,https://docs.google.com/document/d/1cugX572OmSlLPQ5bYEQNTmFUkCTFMLINUTE7MyL_k0Y/edit?usp=drivesdk,1,Direct Replication,Direct Replication,NA,NA,NA
887,G1Lr,jsy47,marketing/org behavior,FALSE,TRUE,NA,TRUE,NA,NA,NA,ufdjw,https://docs.google.com/document/d/1ZIYLtc5aCAdjD9TULVNOmGgzz70cdwTJHfrWWS0MTDI/edit?usp=drivesdk,1,Direct Replication,Direct Replication,NA,NA,NA
387,G1Lr,6vhnz,marketing/org behavior,FALSE,TRUE,NA,TRUE,NA,NA,NA,knfxh,https://docs.google.com/document/d/1VZMDUgB-HTTkbzTA_oJgQ8VpUqYt1Wel/edit?usp=drivesdk&ouid=110477487301453789779&rtpof=true&sd=true,1,Direct Replication,Direct Replication,NA,NA,NA
369z,G1Lr,eumv2,marketing/org behavior,FALSE,TRUE,NA,TRUE,NA,NA,NA,"nz5ep, v2ec4",https://docs.google.com/document/d/1zXTA04ofDrh0CL9f90I4YOaggwR4YDzk/edit?usp=drivesdk&ouid=110477487301453789779&rtpof=true&sd=true,1,Direct Replication,Direct Replication,NA,NA,NA
999g,G1Lr,r924g,marketing/org behavior,FALSE,TRUE,NA,TRUE,NA,NA,NA,x2upv,https://docs.google.com/document/d/1qw5hvuBiHRKtBymOJcqLA_9Wt7VGqF8K/edit?usp=drivesdk&ouid=110477487301453789779&rtpof=true&sd=true,1,Direct Replication,Direct Replication,NA,NA,NA
k17,zekm,s5v28,marketing/org behavior,FALSE,TRUE,NA,TRUE,NA,NA,NA,b6wg3,"https://docs.google.com/document/d/1bJRkUzCXXaAR-e2JZxrLBQqRkGp_ZshLemTsaybjtN4/edit?usp=drivesdk, https://docs.google.com/document/d/1z8VxgCjftjIloHGtdNlhvnI_pmJ2-7YjvOTEaYG3c2w/edit?usp=drivesdk, https://docs.google.com/document/d/1v333l2rpCivKynByTSfjQ5cd9vggjUfXS9WzB3o_uOY/edit?usp=drivesdk, https://docs.google.com/document/d/13K8tYnw-nCuy-2USpqYFDlrw1apKtbpv_YEe_dwgpgs/edit?usp=drivesdk",4,Direct Replication,Direct Replication,NA,NA,NA
28884,0P4r,jcbfw,political science,FALSE,TRUE,NA,TRUE,NA,NA,NA,f8zk4,"https://docs.google.com/spreadsheets/d/1dBVmZKCObC2b0qEjBfSE1lIAKasWzNKJTBdp6kcUx5E/edit?usp=drivesdk, https://docs.google.com/spreadsheets/d/1I7Em3UpuCnGy8kKcM8gmd4RHLJwMulkSnRFGmHjPInA/edit?usp=drivesdk",2,Extended Push Button Reproduction,Push Button Reproduction,NA,NA,NA
6okm6,0a3Z,nhecx,criminology,FALSE,TRUE,NA,TRUE,NA,NA,NA,dhy6c,https://docs.google.com/spreadsheets/d/134pJQeY0Oswa_Wnp7BdZkY09ZJ4-Yx0atumqs67h3tg/edit?usp=drivesdk,1,Push Button Reproduction,Push Button Reproduction,NA,NA,NA
y401,0a3Z,b6n9x,criminology,FALSE,TRUE,NA,TRUE,NA,NA,NA,29h7z,NA,0,Push Button Reproduction,Push Button Reproduction,NA,NA,NA
6my96,0qar,yh25j,psychology,FALSE,TRUE,NA,TRUE,NA,NA,NA,cpsqm,"https://docs.google.com/spreadsheets/d/1bcdaOCgGdECD6sw6OPc5tbZIePCwdROOWg4CCzH9VYM/edit?usp=drivesdk, https://docs.google.com/document/d/1nXeBtQCxdjKv_sY42gjMmyYr-Z-1_nD1rVA40XNOhOo/edit?usp=drivesdk",2,Extended Push Button Reproduction,Push Button Reproduction,NA,NA,NA
756g,0qar,fhczq,psychology,FALSE,TRUE,NA,TRUE,NA,NA,NA,hwma5,"https://docs.google.com/document/d/1t8_CpXipPA_sLnarIqItDHQ4cXvvrLwrJr-oJnUPfPU/edit?usp=drivesdk, https://docs.google.com/document/d/1k9HdvSzdcn5D-opcmWSd_iFFzcnHxDF67PN3SB05F5s/edit?usp=drivesdk, https://docs.google.com/spreadsheets/d/15FA0YSDydGHV61e58ji44DqNECcsKytd2VFVEcxE8uw/edit?usp=drivesdk",3,Author Data Reproduction,Author Data Reproduction,NA,NA,NA
2g781,2lb5,vk2a3,economics,FALSE,TRUE,NA,TRUE,NA,NA,NA,2ntwf,https://docs.google.com/spreadsheets/d/1w_zwaK8KWxZu-P-IjzC3dfGn1HAo_sHdHrz__d3yRh8/edit?usp=drivesdk,1,Push Button Reproduction,Push Button Reproduction,NA,NA,NA
174z,2lb5,m4hqw,economics,FALSE,TRUE,NA,TRUE,NA,NA,NA,npgmv,NA,0,Push Button Reproduction,Push Button Reproduction,NA,NA,NA
6zzok,3B4j,wv65j,management,FALSE,TRUE,NA,FALSE,NA,NA,NA,NA,https://docs.google.com/spreadsheets/d/19W7vGHObZmBMMToxPdqJuLPc8-e1lvODIF-rWIL2ZwU/edit?usp=drivesdk,1,Author Data Reproduction,Author Data Reproduction,NA,NA,NA
675ko,3WmY,hyqpr,political science,FALSE,TRUE,NA,TRUE,NA,NA,NA,295av,https://docs.google.com/spreadsheets/d/1rAU7nsedigE5W9edoWYYWt_WK4p_sJtG_dE-fPmK8A0/edit?usp=drivesdk,1,Push Button Reproduction,Push Button Reproduction,NA,NA,NA
6797,3zRW,swkur,political science,FALSE,TRUE,NA,TRUE,NA,NA,NA,dy7s8,NA,0,Push Button Reproduction,Push Button Reproduction,NA,NA,NA
3gg3,4XLv,ks6ut,sociology,FALSE,TRUE,NA,TRUE,NA,NA,NA,wv7j8,NA,0,Extended Push Button Reproduction,Push Button Reproduction,NA,NA,NA
2wkk2,5Awm,kmqp2,education,FALSE,TRUE,NA,FALSE,NA,NA,NA,NA,"https://docs.google.com/spreadsheets/d/14XhtyxS0LcuAulmxNfEi-UE0CLs7vvEP3uKymsN1oOA/edit?usp=drivesdk, https://docs.google.com/document/d/1iD-YrKSFldLk9uMV0FffqGj0zgVrC4WflwYlOiVlG7w/edit?usp=drivesdk",2,Source Data Reproduction,Source Data Reproduction,NA,NA,NA
1y52,5KrD,td3kh,management,FALSE,TRUE,NA,TRUE,NA,NA,NA,9dw2n,NA,0,Push Button Reproduction,Push Button Reproduction,NA,NA,NA
zzz1,5N2E,xrymd,covid,FALSE,TRUE,NA,TRUE,NA,NA,NA,"f2duy, tpba9",NA,0,Push Button Reproduction,Push Button Reproduction,NA,NA,NA
2k4w6,5PyD,sc87r,management,FALSE,TRUE,NA,TRUE,NA,NA,NA,4dp5x,"https://docs.google.com/spreadsheets/d/1b8J5mOj-c3NlTZ11V8DTnj3fsq6EtePVljzTP0HvUoI/edit?usp=drivesdk, https://docs.google.com/document/d/1N5Y7utfEuoUzAE6wtQtagoME1VRY2cRYLOAHwwgdBfM/edit?usp=drivesdk",2,"Extended Push Button Reproduction, Push Button Reproduction",Push Button Reproduction,NA,NA,NA
600k,5PyD,g9aqj,management,FALSE,TRUE,NA,TRUE,NA,NA,NA,f3xj8,NA,0,Push Button Reproduction,Push Button Reproduction,NA,NA,NA
99y,7NEL,hxg7f,covid,FALSE,TRUE,NA,FALSE,NA,NA,NA,NA,NA,0,Extended Push Button Reproduction,Push Button Reproduction,NA,NA,NA
2g9z2,7WjP,vh5u6,psychology,FALSE,TRUE,NA,TRUE,NA,NA,NA,47pfv,"https://docs.google.com/document/d/17H4S9PzOpxgNCcVfthvvXhOpONCd5TQN48un_RO9VGM/edit?usp=drivesdk, https://docs.google.com/spreadsheets/d/1Bto1-43wXOF3-W2LJNkCzL-UR3ECF2BuQ1AHoqga5ME/edit?usp=drivesdk, https://docs.google.com/spreadsheets/d/1Va1tUyQ-31jkAhfKHtrhH1-f3LrY3-U7q1ZRCyrT1OU/edit?usp=drivesdk",3,Author Data Reproduction,Author Data Reproduction,NA,NA,NA
21k52,7X54,9gauh,sociology,FALSE,TRUE,NA,TRUE,NA,NA,NA,7kwfa,"https://docs.google.com/document/d/1SBGChP9xijYiT-urgw21G5he0sAfRs2RZ4KhGCcin6M/edit?usp=drivesdk, https://docs.google.com/spreadsheets/d/15DBV-v87a_KfxQ76Uab27dFoJQxbsL-nPeg1SVSlq6w/edit?usp=drivesdk, https://docs.google.com/document/d/1VO5HwLoqQn2fQ8YEhB9YQ-zA4_M9cvNqMVlGLZOUzi8/edit?usp=drivesdk",3,Source Data Reproduction,Source Data Reproduction,NA,T,"SDR has prereg and outcomes, DAR only has prereg"
5g68,7d4J,ezx2k,economics,FALSE,TRUE,NA,TRUE,NA,NA,NA,7knvj,NA,0,Push Button Reproduction,Push Button Reproduction,NA,NA,NA
k97z,7ybJ,8xyhb,economics,FALSE,TRUE,NA,TRUE,NA,NA,NA,dehvs,NA,0,Push Button Reproduction,Push Button Reproduction,NA,NA,NA
6zzyw,88xa,jfxnt,psychology,FALSE,TRUE,NA,TRUE,NA,NA,NA,ahf97,https://docs.google.com/spreadsheets/d/1Ywo9eFTUJE2Nv3HlGtEVVBo3n3DxOEVRHZ13zU6SHV4/edit?usp=drivesdk,1,Author Data Reproduction,Author Data Reproduction,NA,NA,NA
6168,88xa,4fvzq,psychology,FALSE,TRUE,NA,TRUE,NA,NA,NA,ac5be,NA,0,Push Button Reproduction,Push Button Reproduction,NA,NA,NA
69yok,8R9d,yrh4v,psychology,FALSE,TRUE,NA,TRUE,NA,NA,NA,unw9z,https://docs.google.com/spreadsheets/d/1TraTLmtThiTsBhTgCMOdisRvB6WLQkBBayPK344mtrs/edit?usp=drivesdk,1,Extended Push Button Reproduction,Push Button Reproduction,NA,NA,NA
1564,8Wy0,vfyxz,political science,FALSE,TRUE,NA,TRUE,NA,NA,NA,4u82a,NA,0,Push Button Reproduction,Push Button Reproduction,NA,NA,NA
21474,9DZl,3mr7g,marketing/org behavior,FALSE,TRUE,NA,TRUE,NA,NA,NA,wg4xa,https://docs.google.com/spreadsheets/d/1mOHdr79oW7OkxdcsE7HaljB3okZL58680C6pJxRlE-I/edit?usp=drivesdk,1,"Author Data Reproduction, Push Button Reproduction",Author Data Reproduction,NA,NA,NA
0008,9DZl,5kj8c,marketing/org behavior,FALSE,TRUE,NA,TRUE,NA,NA,NA,ydgqf,NA,0,Push Button Reproduction,Push Button Reproduction,NA,NA,NA
247gz,9OK1,m9tej,economics,FALSE,TRUE,NA,TRUE,NA,NA,NA,rzks4,https://docs.google.com/spreadsheets/d/1Oc4DsvqdK6TdkvYzUssPgph_DGGP460f35VtJ6O0rZ0/edit?usp=drivesdk,1,Source Data Reproduction,Source Data Reproduction,NA,NA,NA
6oy46,9OK1,qs827,economics,FALSE,TRUE,NA,TRUE,NA,NA,NA,t85j6,"https://docs.google.com/spreadsheets/d/1i1LwoZ3kNAAlZe5gFUSk7Gv1cjuAuMR1jNPvOVCAsPY/edit?usp=drivesdk, https://docs.google.com/document/d/1MHS5URhn5bCFf6ov2MYZBTZZc-XYKgK9ySO1LYoeS9s/edit?usp=drivesdk",2,Push Button Reproduction,Push Button Reproduction,NA,NA,NA
m93,9XrX,fspwc,political science,FALSE,TRUE,NA,TRUE,NA,NA,NA,jmz7w,NA,0,Extended Push Button Reproduction,Push Button Reproduction,NA,NA,NA
69y31,9ey,jzfs2,marketing/org behavior,FALSE,TRUE,NA,TRUE,NA,NA,NA,geq6d,https://docs.google.com/spreadsheets/d/1Ey0bWr_ISvqP0HfBmrByYHx-KYgZjyM44KH8cMZ2J6U/edit?usp=drivesdk,1,Author Data Reproduction,Author Data Reproduction,NA,NA,NA
2kg19,9lBL,zsptj,political science,FALSE,TRUE,NA,TRUE,NA,NA,NA,uczey,https://docs.google.com/spreadsheets/d/1zisCn33XN4uKH3Ih0vn31lxDsNviIZIJbbKOnxjCy24/edit?usp=drivesdk,1,Push Button Reproduction,Push Button Reproduction,NA,NA,NA
g45m,9lBL,z9epb,political science,FALSE,TRUE,NA,TRUE,NA,NA,NA,vyw74,NA,0,Push Button Reproduction,Push Button Reproduction,NA,NA,NA
k8z7,9wya,38zs9,political science,FALSE,TRUE,NA,TRUE,NA,NA,NA,smu8x,NA,0,Push Button Reproduction,Push Button Reproduction,NA,NA,NA
6m3zm,AQgj,u3y9w,political science,FALSE,TRUE,NA,TRUE,NA,NA,NA,4b578,https://docs.google.com/spreadsheets/d/1qk6MVOo02ZKU7L28yCMWTsBjop2n1haYmV3Z1lOMSHQ/edit?usp=drivesdk,1,"Extended Push Button Reproduction, Push Button Reproduction",Push Button Reproduction,NA,NA,NA
o08,AQgj,m98g4,political science,FALSE,TRUE,NA,TRUE,NA,NA,NA,xyr7d,NA,0,Push Button Reproduction,Push Button Reproduction,NA,NA,NA
2w9ko,AXBY,scqv3,sociology,FALSE,TRUE,NA,TRUE,NA,NA,NA,bu23g,https://docs.google.com/spreadsheets/d/1fsWBUkqQDEQFEypzOl7FoyXZZsrZ23tAtMvoPkgOUU4/edit?usp=drivesdk,1,Source Data Reproduction,Source Data Reproduction,NA,NA,NA
65z92,AqDO,7msd8,health,FALSE,TRUE,NA,TRUE,NA,NA,NA,4jt5n,https://docs.google.com/spreadsheets/d/1lqwu5mGKe4URtAgyd0uAOJAU3YmsyKRaLx6eWYicUdY/edit?usp=drivesdk,1,Source Data Reproduction,Source Data Reproduction,NA,NA,NA
21352,AvOr,vndky,psychology,FALSE,TRUE,NA,TRUE,NA,NA,NA,bwdg7,"https://docs.google.com/spreadsheets/d/1pJ7fPmR5Khbiz6k4dC7kLnson4r8C2qyoZ_NFOTaTaU/edit?usp=drivesdk, https://docs.google.com/document/d/1QZ0dj2VB5D5Sl_ienYhaWJwGn_4SCSDBfWc6Y40hLkc/edit?usp=drivesdk",2,Extended Push Button Reproduction,Push Button Reproduction,NA,NA,NA
mzk9,AvOr,ecmtp,psychology,FALSE,TRUE,NA,TRUE,NA,NA,NA,cb7sx,NA,0,Extended Push Button Reproduction,Push Button Reproduction,NA,NA,NA
3213,BN8d,ezdc3,covid,FALSE,TRUE,NA,FALSE,NA,NA,NA,NA,NA,0,Push Button Reproduction,Push Button Reproduction,NA,NA,NA
378,BNrd,pkwgx,covid,FALSE,TRUE,NA,TRUE,NA,NA,NA,jmknv,https://docs.google.com/document/d/1dicmnfnAQqpko4Hn4hGq1R5n-iiINW2meEHrxYnG4ng/edit?usp=drivesdk,1,Author Data Reproduction,Author Data Reproduction,NA,NA,NA
6zz1k,BrGp,wpk3g,psychology,FALSE,TRUE,NA,TRUE,NA,NA,NA,9z7ug,https://docs.google.com/spreadsheets/d/1gazTEJpbjCZV0yMPmBnBO2XqLkgncN3Ayzbq67nbQXg/edit?usp=drivesdk,1,Source Data Reproduction,Source Data Reproduction,NA,NA,NA
24783,BrGp,6mv2x,psychology,FALSE,TRUE,NA,TRUE,NA,NA,NA,7d8ru,https://docs.google.com/spreadsheets/d/1ityB_me-uSvHWrmD1l6rr_MvaxQPWDxyzmdNEx9T6TY/edit?usp=drivesdk,1,Source Data Reproduction,Source Data Reproduction,NA,NA,NA
g931,ByBk,rpc54,political science,FALSE,TRUE,NA,TRUE,NA,NA,NA,w6amu,NA,0,Push Button Reproduction,Push Button Reproduction,NA,NA,NA
k637,D2LY,c8u5q,sociology,FALSE,TRUE,NA,TRUE,NA,NA,NA,y5trw,"https://docs.google.com/document/d/1pTSnxdYWK6JyBilbcxADjHstCCc6x1AISyUsrg5xGm8/edit?usp=drivesdk, https://docs.google.com/document/d/1jp8DjRFJNB8QUnRtmvrufUMR8P9SAqbYmh5bHB6zRag/edit?usp=drivesdk",2,Source Data Reproduction,Source Data Reproduction,NA,NA,NA
6zzzk,DEmL,7fvtn,psychology,FALSE,TRUE,NA,TRUE,NA,NA,NA,ptwrq,https://docs.google.com/spreadsheets/d/18oP_wuGoUyh-3CVpiYJv6Guj5XATcCJeaMeuHtleLxc/edit?usp=drivesdk,1,Source Data Reproduction,Source Data Reproduction,NA,NA,NA
2g486,DEqr,5vx27,political science,FALSE,TRUE,NA,TRUE,NA,NA,NA,b57w2,"https://docs.google.com/spreadsheets/d/1fRLF5IYGRhfYeVj4Tu2wsSidhrrLzZrITOrTvUjxXjg/edit?usp=drivesdk, https://docs.google.com/document/d/1EpX3pkledyTSO3k5cDp-SwC2fLlB5I2Bv_kJhxD2AXU/edit?usp=drivesdk",2,Push Button Reproduction,Push Button Reproduction,NA,NA,NA
3g03,DEqr,zdpy2,political science,FALSE,TRUE,NA,TRUE,NA,NA,NA,ptmkc,NA,0,Push Button Reproduction,Push Button Reproduction,NA,NA,NA
z789,E0Q3,j6c8g,political science,FALSE,TRUE,NA,TRUE,NA,NA,NA,f293d,NA,0,Push Button Reproduction,Push Button Reproduction,NA,NA,NA
m457,E3ja,bm8qu,covid,FALSE,TRUE,NA,FALSE,NA,NA,NA,NA,NA,0,Push Button Reproduction,Push Button Reproduction,NA,NA,NA
69y39,E4Am,axtg4,psychology,FALSE,TRUE,NA,TRUE,NA,NA,NA,6m8wk,https://docs.google.com/spreadsheets/d/1eoDvfQhsZhE9dgl83AbDk20CT2QM2BfoY2voMuXRtTc/edit?usp=drivesdk,1,Author Data Reproduction,Author Data Reproduction,NA,NA,NA
93mg,E4Am,8tkwe,psychology,FALSE,TRUE,NA,TRUE,NA,NA,NA,rw4pb,NA,0,Extended Push Button Reproduction,Push Button Reproduction,NA,NA,NA
675g9,EAa,akubt,psychology,FALSE,TRUE,NA,TRUE,NA,NA,NA,p8fts,https://docs.google.com/spreadsheets/d/1PNQ3J742aO1AfpjVsqRd5Z5J-OuvQp0D2KVo0dCJYTI/edit?usp=drivesdk,1,Author Data Reproduction,Author Data Reproduction,NA,NA,NA
191z,EKBZ,a7mys,marketing/org behavior,FALSE,TRUE,NA,TRUE,NA,NA,NA,3umj7,NA,0,Push Button Reproduction,Push Button Reproduction,NA,NA,NA
3z3k,EQxa,7ak4n,psychology,FALSE,TRUE,NA,TRUE,NA,NA,NA,ukrq3,https://docs.google.com/document/d/15YPKT0JYFtjbHSEVlTNr9EnLIxssuqrlGL3dt5X-jGE/edit?usp=drivesdk,1,Author Data Reproduction,Author Data Reproduction,NA,NA,NA
2y9w2,EdQy,gpyu7,economics,FALSE,TRUE,NA,TRUE,NA,NA,NA,gsh9p,"https://docs.google.com/spreadsheets/d/1FNlYQCTTXL32LJt-Bq7weCGsdUf-wXd2fSWmgIo36Rk/edit?usp=drivesdk, https://docs.google.com/document/d/1KknQ-NwBQNMtXO2aflQ3qXoVchPjK6xSmdBmYDbNgu4/edit?usp=drivesdk",2,Push Button Reproduction,Push Button Reproduction,NA,NA,NA
6g28,EdQy,sv3gb,economics,FALSE,TRUE,NA,TRUE,NA,NA,NA,c36ht,NA,0,Extended Push Button Reproduction,Push Button Reproduction,NA,NA,NA
2zg7,G1Lr,hbrwf,marketing/org behavior,FALSE,TRUE,NA,TRUE,NA,NA,NA,xcuhw,NA,0,Extended Push Button Reproduction,Push Button Reproduction,NA,NA,NA
67519,G4mp,s57jr,political science,FALSE,TRUE,NA,TRUE,NA,NA,NA,9tyem,"https://docs.google.com/spreadsheets/d/1megttwbjvqSm8R1XtRItGoljkLmUQAmOlsmv5h_tW2E/edit?usp=drivesdk, https://docs.google.com/spreadsheets/d/14mC6ZF1fNpV_XzFkaEsey6hd0_iRTC_X2AuAAggTs3o/edit?usp=drivesdk",2,Push Button Reproduction,Push Button Reproduction,NA,NA,NA
302k,G55r,ujmvw,economics,FALSE,TRUE,NA,TRUE,NA,NA,NA,n8b7c,NA,0,Push Button Reproduction,Push Button Reproduction,NA,NA,NA
50y8,GOYb,5vntp,political science,FALSE,TRUE,NA,TRUE,NA,NA,NA,wq7ed,NA,0,Push Button Reproduction,Push Button Reproduction,NA,NA,NA
6m37m,GQvr,2v5q9,management,FALSE,TRUE,NA,TRUE,NA,NA,NA,zsmu5,https://docs.google.com/spreadsheets/d/1hU12HMwaCZLtPwFVHUi-TAAw1Vr8C1aU2rYsqX1SVPk/edit?usp=drivesdk,1,Source Data Reproduction,Source Data Reproduction,NA,NA,NA
65996,Gv3O,563d4,economics,FALSE,TRUE,NA,TRUE,NA,NA,NA,xag84,https://docs.google.com/spreadsheets/d/1093OQqSU88jFW1x0PtmSwatGZvNxHYZlVY906lUsERA/edit?usp=drivesdk,1,Push Button Reproduction,Push Button Reproduction,NA,NA,NA
mz17,Gv3O,yjxce,economics,FALSE,TRUE,NA,TRUE,NA,NA,NA,cu3yj,NA,0,Push Button Reproduction,Push Button Reproduction,NA,NA,NA
2k7w2,J0Yv,frc3x,political science,FALSE,TRUE,NA,TRUE,NA,NA,NA,bgxf2,https://docs.google.com/spreadsheets/d/1Iqatcx_zzSwIYjaVU4IGqKMkBj91t651zihd_vyTXvQ/edit?usp=drivesdk,1,Author Data Reproduction,Author Data Reproduction,NA,NA,NA
6zzgw,J999,35tgu,economics,FALSE,TRUE,NA,TRUE,NA,NA,NA,w6mgj,https://docs.google.com/spreadsheets/d/11Ajkwe3kCRdxv6K5tExVYNYWzl6lndUYl27KG5jGMkE/edit?usp=drivesdk,1,Push Button Reproduction,Push Button Reproduction,NA,NA,NA
8zgg,J999,k26gr,economics,FALSE,TRUE,NA,TRUE,NA,NA,NA,gtsw7,NA,0,Push Button Reproduction,Push Button Reproduction,NA,NA,NA
6m516,JRpA,fpuh3,political science,FALSE,TRUE,NA,TRUE,NA,NA,NA,vxrdp,https://docs.google.com/spreadsheets/d/1QmhQPJw7I93GEpth5F9M5bzgXhCsou9V8DIR5TM4dlI/edit?usp=drivesdk,1,Push Button Reproduction,Push Button Reproduction,NA,NA,NA
8297,JRpA,kh2dp,political science,FALSE,TRUE,NA,TRUE,NA,NA,NA,w9sv2,NA,0,Extended Push Button Reproduction,Push Button Reproduction,NA,NA,NA
67o46,JxXe,qd3rm,criminology,FALSE,TRUE,NA,TRUE,NA,NA,NA,cmx64,https://docs.google.com/spreadsheets/d/1McbUHuN-2i7BNzYdYEbjWDzW_rFgIwrGPQjO5nJV7DI/edit?usp=drivesdk,1,Extended Push Button Reproduction,Push Button Reproduction,NA,NA,NA
969y,JxXe,eahxw,criminology,FALSE,TRUE,NA,TRUE,NA,NA,NA,znv7r,NA,0,Extended Push Button Reproduction,Push Button Reproduction,NA,NA,NA
7my5,KRgk,xue5d,economics,FALSE,TRUE,NA,TRUE,NA,NA,NA,smz5j,NA,0,Push Button Reproduction,Push Button Reproduction,NA,NA,NA
2g182,L22B,gk6mh,political science,FALSE,TRUE,NA,TRUE,NA,NA,NA,5n8vm,https://docs.google.com/spreadsheets/d/16cyhv-zs4by3RYgKo40fdvX37vmho3GpDxKgQukoILw/edit?usp=drivesdk,1,Push Button Reproduction,Push Button Reproduction,NA,NA,NA
96g,L22B,hbzu3,political science,FALSE,TRUE,NA,TRUE,NA,NA,NA,5r47y,NA,0,Push Button Reproduction,Push Button Reproduction,NA,NA,NA
0036,La9x,tgkhv,economics,FALSE,TRUE,NA,TRUE,NA,NA,NA,8y73d,NA,0,Push Button Reproduction,Push Button Reproduction,NA,NA,NA
21mg2,LbEB,u8zk5,psychology,FALSE,TRUE,NA,TRUE,NA,NA,NA,7bs5t,https://docs.google.com/spreadsheets/d/1ii42I01KirtzFv3ZSoFXQMrPITL5aG6vOyEd5RtJC9M/edit?usp=drivesdk,1,Extended Push Button Reproduction,Push Button Reproduction,NA,NA,NA
2w93z,LyWB,qu3p2,political science,FALSE,TRUE,NA,TRUE,NA,NA,NA,xb7rk,https://docs.google.com/spreadsheets/d/11vbygoTjMUnzCci4ECHimFuSjU3APeRMRieEktc8DvM/edit?usp=drivesdk,1,Push Button Reproduction,Push Button Reproduction,NA,NA,NA
g28z,LyWB,qw3e4,political science,FALSE,TRUE,NA,TRUE,NA,NA,NA,f6pqu,NA,0,Push Button Reproduction,Push Button Reproduction,NA,NA,NA
6o5m6,Njqj,c5adw,economics,FALSE,TRUE,NA,TRUE,NA,NA,NA,6ehja,https://docs.google.com/spreadsheets/d/1nqhwVPIk6zvqRHM6UEL80GKNtU0noA_3crrBRjchOxM/edit?usp=drivesdk,1,Extended Push Button Reproduction,Push Button Reproduction,NA,NA,NA
g1m,Njqj,4axu6,economics,FALSE,TRUE,NA,TRUE,NA,NA,NA,p5vu3,NA,0,Extended Push Button Reproduction,Push Button Reproduction,NA,NA,NA
6ow1o,Nv99,2uxrt,political science,FALSE,TRUE,NA,TRUE,NA,NA,NA,sekzh,https://docs.google.com/spreadsheets/d/1faOPDblbgTjUKmKmHFCXnFRU5vKlsut6cKlOyi281Go/edit?usp=drivesdk,1,Push Button Reproduction,Push Button Reproduction,NA,NA,NA
2816,Nv99,guf6v,political science,FALSE,TRUE,NA,TRUE,NA,NA,NA,p29r7,NA,0,Push Button Reproduction,Push Button Reproduction,NA,NA,NA
2gwz2,OY3B,qnvt2,sociology,FALSE,TRUE,NA,FALSE,NA,complete,NA,NA,"https://docs.google.com/spreadsheets/d/1ZJ-hJhcyXqTgzS-IBqcFJCFA-lby3NXRXb_XOYfZIdY/edit?usp=drivesdk, https://docs.google.com/document/d/1aiicxmYY7tr-q9XtcMCqn9PK-VQstsLmg20XgtziIdY/edit?usp=drivesdk",2,Source Data Reproduction,Source Data Reproduction,NA,T,"SDR has prereg and outcomes, DAR has neither"
k2m7,OY3B,h72nm,sociology,FALSE,TRUE,NA,TRUE,NA,NA,NA,qy78v,https://docs.google.com/document/d/15t2oPYyVklxGywoG7-0qFXQwbAbi5FnJj4L8T6UFfxo/edit?usp=drivesdk,1,Source Data Reproduction,Source Data Reproduction,NA,NA,NA
2y4km,OYX0,pndku,education,FALSE,TRUE,NA,TRUE,NA,NA,NA,5a6w7,https://docs.google.com/spreadsheets/d/1cpLU_VbUpS-mdKp_NHKXCYSD9EfIt7iDUhrarcQaA-w/edit?usp=drivesdk,1,Source Data Reproduction,Source Data Reproduction,NA,NA,NA
2y3w2,OeGv,q5ka2,political science,FALSE,TRUE,NA,TRUE,NA,NA,NA,x8hjw,https://docs.google.com/spreadsheets/d/1IbtNK-SEP5S85gyn-ua7WTro6gos9Ml8399ATyP0VGg/edit?usp=drivesdk,1,Push Button Reproduction,Push Button Reproduction,NA,NA,NA
4980,OeGv,yndwz,political science,FALSE,TRUE,NA,TRUE,NA,NA,NA,m3p58,NA,0,Push Button Reproduction,Push Button Reproduction,NA,NA,NA
78gg,Ovkm,4x3b9,psychology,FALSE,TRUE,NA,TRUE,NA,NA,NA,egn69,NA,0,Extended Push Button Reproduction,Push Button Reproduction,NA,NA,NA
6z8o6,P1rY,g2jua,criminology,FALSE,TRUE,NA,TRUE,NA,NA,NA,cvr82,"https://docs.google.com/spreadsheets/d/1k8jNVvitwusqcmK8OQKUiltU5cd3UiyJYXz7mwTIsxk/edit?usp=drivesdk, https://docs.google.com/document/d/1KgFLstaCUXvpOzUC36Buq2zVvz0ayz3wDCmwKB83yAY/edit?usp=drivesdk",2,Push Button Reproduction,Push Button Reproduction,NA,NA,NA
328k,P1rY,dkr2s,criminology,FALSE,TRUE,NA,TRUE,NA,NA,NA,9e7fq,NA,0,Push Button Reproduction,Push Button Reproduction,NA,NA,NA
1y2,P3NJ,mshda,covid,FALSE,TRUE,NA,TRUE,NA,NA,NA,8sqjh,https://docs.google.com/document/d/1f5e569rPxoHFxx_rmYQwz6sPVqPPVBKRQwNrD_hpXKU/edit?usp=drivesdk,1,Source Data Reproduction,Source Data Reproduction,NA,NA,NA
32z3,P8az,p7tb4,political science,FALSE,TRUE,NA,TRUE,NA,NA,NA,tpvkh,NA,0,Push Button Reproduction,Push Button Reproduction,NA,NA,NA
69y19,PVQK,v2yaq,economics,FALSE,TRUE,NA,TRUE,NA,NA,NA,gvpqy,https://docs.google.com/spreadsheets/d/1Ay-GKpxlzron3GFn3c9iXoo0j2czDJCjj2Rgt8IsEEs/edit?usp=drivesdk,1,Push Button Reproduction,Push Button Reproduction,NA,NA,NA
288y4,PkXJ,eu2yr,marketing/org behavior,FALSE,TRUE,NA,TRUE,NA,NA,NA,zune9,https://docs.google.com/spreadsheets/d/1f3EnFmk4DriAzavUrVe0vKolAkLuXBkswIiT_jK1om4/edit?usp=drivesdk,1,Author Data Reproduction,Author Data Reproduction,NA,NA,NA
288kk,Pxp7,4y8ja,political science,FALSE,TRUE,NA,TRUE,NA,NA,NA,ns2a6,https://docs.google.com/spreadsheets/d/1hMY0NKryBb_nC3gdJS8dYPkS1ijNeXxj6dFvhxqAT7E/edit?usp=drivesdk,1,Extended Push Button Reproduction,Push Button Reproduction,NA,NA,NA
2w94o,Q1dl,c4ar6,marketing/org behavior,FALSE,TRUE,NA,TRUE,NA,NA,NA,ykas4,https://docs.google.com/spreadsheets/d/108wyylzpLJZGkeN0uu4z4qp4uTmGEB9rI9eYV4UEx1s/edit?usp=drivesdk,1,Push Button Reproduction,Push Button Reproduction,NA,NA,NA
05k6,Q1dl,dk58a,marketing/org behavior,FALSE,TRUE,NA,TRUE,NA,NA,NA,s7vhq,NA,0,Push Button Reproduction,Push Button Reproduction,NA,NA,NA
5yg9,Rjp9,tmg3z,political science,FALSE,TRUE,NA,TRUE,NA,NA,NA,c8dnz,NA,0,Push Button Reproduction,Push Button Reproduction,NA,NA,NA
9k3g,RqVE,4p892,economics,FALSE,TRUE,NA,TRUE,NA,NA,NA,hxp2a,NA,0,Push Button Reproduction,Push Button Reproduction,NA,NA,NA
2yz86,Ryq7,ezxr5,political science,FALSE,TRUE,NA,FALSE,NA,NA,NA,NA,"https://docs.google.com/document/d/1LJKBlejP_v3fLtBhHAS2tOEobAHFlPAsFV4WvxGfRzU/edit?usp=drivesdk, https://docs.google.com/spreadsheets/d/1y8xIIKIVV-fZHrBBqSk56i4H2nkUTyYDzN6-8lqpoow/edit?usp=drivesdk, https://docs.google.com/document/d/1gnLiYpSKz_-MtO--y4Tl9DivaYYkblBoxs82qUUp7ZQ/edit?usp=drivesdk",3,Source Data Reproduction,Source Data Reproduction,NA,T,"SDR has prereg and outcomes, DAR has neither"
57g6,V0PA,jp3qb,political science,FALSE,TRUE,NA,TRUE,NA,NA,NA,vs4jm,NA,0,Push Button Reproduction,Push Button Reproduction,NA,NA,NA
6m31g,VBx1,5fc4n,economics,FALSE,TRUE,NA,TRUE,NA,NA,NA,6fubd,https://docs.google.com/spreadsheets/d/1OEdxfuXOuycv8GpedTGoyZrTeg2yqJRTSCbykc-RacI/edit?usp=drivesdk,1,Push Button Reproduction,Push Button Reproduction,NA,NA,NA
6z582,VDJV,8eqk6,economics,FALSE,TRUE,NA,TRUE,NA,NA,NA,x4nuq,https://docs.google.com/spreadsheets/d/1GcA3ZByraeFpTaawAaxPuPcCepz4z5AnBBPaaKZ0E1I/edit?usp=drivesdk,1,Push Button Reproduction,Push Button Reproduction,NA,NA,NA
g6yz,VDJV,n8wgd,economics,FALSE,TRUE,NA,TRUE,NA,NA,NA,cn9q7,NA,0,Push Button Reproduction,Push Button Reproduction,NA,NA,NA
0937,Vx4e,d4p59,political science,FALSE,TRUE,NA,TRUE,NA,NA,NA,vsb4g,NA,0,Push Button Reproduction,Push Button Reproduction,NA,NA,NA
g7z1,W0GN,adxj2,political science,FALSE,TRUE,NA,TRUE,NA,NA,NA,bzek2,NA,0,Push Button Reproduction,Push Button Reproduction,NA,NA,NA
538,W3vr,w5b24,covid,FALSE,TRUE,NA,TRUE,NA,NA,NA,v6u2x,NA,0,Push Button Reproduction,Push Button Reproduction,NA,NA,NA
316k,Wre,f5m4b,psychology,FALSE,TRUE,NA,TRUE,NA,NA,NA,7ujw8,NA,0,Push Button Reproduction,Push Button Reproduction,NA,NA,NA
90z7,Y3pK,9gbsv,covid,FALSE,TRUE,NA,FALSE,NA,NA,NA,NA,NA,0,Push Button Reproduction,Push Button Reproduction,NA,NA,NA
g8m,YOXl,yfvzr,psychology,FALSE,TRUE,NA,TRUE,NA,NA,NA,kq6cg,NA,0,Push Button Reproduction,Push Button Reproduction,NA,NA,NA
2y474,YabW,57pn2,psychology,FALSE,TRUE,NA,TRUE,NA,NA,NA,dv4pr,https://docs.google.com/spreadsheets/d/13XzpqpgiROKN4ri3Okk9uxdlQb61l3X-w_Yl8_0VGfs/edit?usp=drivesdk,1,Push Button Reproduction,Push Button Reproduction,NA,NA,NA
m4m7,YeQg,6e9ka,political science,FALSE,TRUE,NA,TRUE,NA,NA,NA,svtph,NA,0,Push Button Reproduction,Push Button Reproduction,NA,NA,NA
2kgyw,YpZZ,v9ykq,psychology,FALSE,TRUE,NA,TRUE,NA,NA,NA,w486r,https://docs.google.com/spreadsheets/d/1biFyrPGQu_AbeACSZ-Xq2PwHzhji1yJ9f-qfv6LDC1o/edit?usp=drivesdk,1,Author Data Reproduction,Author Data Reproduction,NA,NA,NA
8m1,Z0ma,f3p2m,political science,FALSE,TRUE,NA,TRUE,NA,NA,NA,7amhb,NA,0,Push Button Reproduction,Push Button Reproduction,NA,NA,NA
g9z,Z3mK,2e5wr,covid,FALSE,TRUE,NA,TRUE,NA,NA,NA,5b3mw,NA,0,Extended Push Button Reproduction,Push Button Reproduction,NA,NA,NA
28m96,a2Yx,qk9v3,economics,FALSE,TRUE,NA,TRUE,NA,NA,NA,2bwrz,https://docs.google.com/spreadsheets/d/16U9JQ-keYMHQ5rF7rFv7toKpobuEytFAFlAfwgWSisM/edit?usp=drivesdk,1,Push Button Reproduction,Push Button Reproduction,NA,NA,NA
96ky,a2Yx,yswvd,economics,FALSE,TRUE,NA,TRUE,NA,NA,NA,v5bwc,NA,0,Push Button Reproduction,Push Button Reproduction,NA,NA,NA
235w2,amYY,3a5u7,economics,FALSE,TRUE,NA,TRUE,NA,NA,NA,qjc6u,https://docs.google.com/spreadsheets/d/1SgfjMo3ci3SZTbxpoKHmYLnNwR3rI2G6GBgZ94BNd34/edit?usp=drivesdk,1,"Extended Push Button Reproduction, Push Button Reproduction",Push Button Reproduction,NA,NA,NA
m9k3,amYY,sfwqd,economics,FALSE,TRUE,NA,TRUE,NA,NA,NA,exbgf,NA,0,Push Button Reproduction,Push Button Reproduction,NA,NA,NA
7mgg,b3RA,9eu2c,covid,FALSE,TRUE,NA,FALSE,NA,NA,NA,NA,NA,0,Push Button Reproduction,Push Button Reproduction,NA,NA,NA
24733,bLe8,h2u96,economics,FALSE,TRUE,NA,TRUE,NA,NA,NA,"akpbr, 7he8y",https://docs.google.com/spreadsheets/d/12V3C-pz3bHC2OtU8eAy6zDXr4pwAS_dfv91B7WpGhJU/edit?usp=drivesdk,1,Push Button Reproduction,Push Button Reproduction,NA,NA,NA
g0m,dPzV,rphv2,covid,FALSE,TRUE,NA,FALSE,NA,NA,NA,NA,NA,0,Push Button Reproduction,Push Button Reproduction,NA,NA,NA
2kgw8,e2pq,yv5k4,education,FALSE,TRUE,NA,TRUE,NA,NA,NA,gbq89,https://docs.google.com/spreadsheets/d/1CVkSlL49o8bEqVA23Umce0XdyFfUBWN4dx3Hrgiq7j8/edit?usp=drivesdk,1,Author Data Reproduction,Author Data Reproduction,NA,NA,NA
67746,e5rW,namvy,economics,FALSE,TRUE,NA,TRUE,NA,NA,NA,wx6s7,https://docs.google.com/spreadsheets/d/1fDb3oE19JpB2XAUz2fIp38dradPKSjW-yam-Z0tSsq0/edit?usp=drivesdk,1,Extended Push Button Reproduction,Push Button Reproduction,NA,NA,NA
1962,e5rW,37jd4,economics,FALSE,TRUE,NA,TRUE,NA,NA,NA,n2zfk,NA,0,Push Button Reproduction,Push Button Reproduction,NA,NA,NA
2w9oz,eg1q,x9pd3,marketing/org behavior,FALSE,TRUE,NA,TRUE,NA,NA,NA,7e3sh,https://docs.google.com/spreadsheets/d/1qRi1VPw1dSR1-WV6nwHV7Zvfb4YKw2h7b3UgQlSGb0U/edit?usp=drivesdk,1,Author Data Reproduction,Author Data Reproduction,NA,NA,NA
38y3,exBp,6ye5m,sociology,FALSE,TRUE,NA,TRUE,NA,NA,NA,pzyxf,https://docs.google.com/document/d/1VfRqjpiPmVSGJoF2CbMRbaXxoKQOW1AaWUgjIxp8TYo/edit?usp=drivesdk,1,Source Data Reproduction,Source Data Reproduction,NA,NA,NA
6owm3,g0XQ,drcnw,education,FALSE,TRUE,NA,TRUE,NA,NA,NA,q5aek,https://docs.google.com/spreadsheets/d/1AzQ9YG2MC_LEEg-bExLGR-r2eYaSaGUESSYPrdAHNs0/edit?usp=drivesdk,1,Source Data Reproduction,Source Data Reproduction,NA,NA,NA
67m8,gA3A,evyzg,covid,FALSE,TRUE,NA,TRUE,NA,NA,NA,"xkmbs, 5z8vg",NA,0,Extended Push Button Reproduction,Push Button Reproduction,NA,NA,NA
6m2k,gA8z,q8bhx,covid,FALSE,TRUE,NA,FALSE,NA,NA,NA,NA,NA,0,Extended Push Button Reproduction,Push Button Reproduction,NA,NA,NA
3z03,gdlO,qnmrj,economics,FALSE,TRUE,NA,TRUE,NA,NA,NA,hbje2,NA,0,Extended Push Button Reproduction,Push Button Reproduction,NA,NA,NA
2w1k2,jDWN,axfzm,marketing/org behavior,FALSE,TRUE,NA,TRUE,NA,NA,NA,p6bj3,"https://docs.google.com/spreadsheets/d/1n9Uq8oze8tLOoZ6vhpaCv7-N2Dkf1mBBjnC7YA--Z_A/edit?usp=drivesdk, https://docs.google.com/document/d/1nrTFtwrxaFX0eVyhDpIRpWKJxPNQASJ70zXWXcLyM6o/edit?usp=drivesdk",2,Source Data Reproduction,Source Data Reproduction,NA,NA,NA
6727,jaK4,jhe6q,economics,FALSE,TRUE,NA,TRUE,NA,NA,NA,dnts6,NA,0,Push Button Reproduction,Push Button Reproduction,NA,NA,NA
2kgg8,k7wj,urfmp,political science,FALSE,TRUE,NA,TRUE,NA,NA,NA,ve4y8,https://docs.google.com/spreadsheets/d/1DSjgoXqOtfOqohf6pN0H5fRE2fa3-xo1h-HuFn2qVO8/edit?usp=drivesdk,1,Push Button Reproduction,Push Button Reproduction,NA,NA,NA
zz11,ky28,7p5tw,education,FALSE,TRUE,NA,TRUE,NA,NA,NA,kuav7,https://docs.google.com/document/d/1O4xvwrfUM-huRLO8gSZulDLXAZ8ilNJRzD7O2jxJaQA/edit?usp=drivesdk,1,Author Data Reproduction,Author Data Reproduction,NA,NA,NA
y791,lxXV,q5szk,sociology,FALSE,TRUE,NA,FALSE,NA,NA,NA,NA,"https://docs.google.com/document/d/1_I_IkVrdOXHUyPO45b8_FuU_k9rrfbVctRP9zCoYCfA/edit?usp=drivesdk, https://docs.google.com/spreadsheets/d/1fVghUgwoCPobpS0TTajH5-B8XGTAysJLYBmetvSQYOQ/edit?usp=drivesdk",2,Source Data Reproduction,Source Data Reproduction,NA,NA,NA
5916,mrZ,xgz2r,marketing/org behavior,FALSE,TRUE,NA,TRUE,NA,NA,NA,5hgmp,NA,0,Push Button Reproduction,Push Button Reproduction,NA,NA,NA
231w2,pqzK,tcrp9,sociology,FALSE,TRUE,NA,TRUE,NA,NA,NA,4fkmu,https://docs.google.com/spreadsheets/d/1SnAzuOcdF5NjWDmlAoPtVOsq-61syJTA7vesL6xIXQs/edit?usp=drivesdk,1,Source Data Reproduction,Source Data Reproduction,NA,NA,NA
675z9,q4X2,jxdme,psychology,FALSE,TRUE,NA,TRUE,NA,NA,NA,g8b5n,https://docs.google.com/spreadsheets/d/1MVwKmyQK2I59CnMJszpsj2JhVsoxzv60SZ3usUbSzgQ/edit?usp=drivesdk,1,Source Data Reproduction,Source Data Reproduction,NA,NA,NA
g4ym,q8xv,eqyhz,economics,FALSE,TRUE,NA,TRUE,NA,NA,NA,vz9d2,NA,0,Push Button Reproduction,Push Button Reproduction,NA,NA,NA
1974,qKdb,zehky,covid,FALSE,TRUE,NA,TRUE,NA,NA,NA,2495u,NA,0,Push Button Reproduction,Push Button Reproduction,NA,NA,NA
28z92,qQ9Z,8zxjq,sociology,FALSE,TRUE,NA,TRUE,NA,NA,NA,sn24u,https://docs.google.com/spreadsheets/d/1e7mbGKLoB9yaqA49fjrD_sHyb33uPGn4RZfIUYoaJ8c/edit?usp=drivesdk,1,Source Data Reproduction,Source Data Reproduction,NA,NA,NA
21gg2,qg47,dcez6,political science,FALSE,TRUE,NA,TRUE,NA,NA,NA,vtdr2,https://docs.google.com/spreadsheets/d/1oo8soj2BP5M8pypi_iSppNzIdiHiaDP9pkKljoT3-Ns/edit?usp=drivesdk,1,Author Data Reproduction,Author Data Reproduction,NA,NA,NA
215g2,qgWj,2h47w,political science,FALSE,TRUE,NA,TRUE,NA,NA,NA,p4xz7,https://docs.google.com/spreadsheets/d/1W-4bm1ZiGO0BKxXwN37ZvS-kv0t86FlZUbtqzrm5EFo/edit?usp=drivesdk,1,Source Data Reproduction,Source Data Reproduction,NA,NA,NA
2g7gy,qggQ,5a7qp,political science,FALSE,TRUE,NA,TRUE,NA,NA,NA,2tqn4,https://docs.google.com/spreadsheets/d/1VxVlba0TzUXKSc0lIkpaFq_YzjYVRKg-gi2SnRtf9ho/edit?usp=drivesdk,1,Author Data Reproduction,Author Data Reproduction,NA,NA,NA
6ow93,rWbG,zw4xy,education,FALSE,TRUE,NA,FALSE,NA,NA,NA,NA,https://docs.google.com/spreadsheets/d/1Uw7xro4imGAHZ5DI-YetnS4kPPP4_9QP3u_5mpctEJA/edit?usp=drivesdk,1,Author Data Reproduction,Author Data Reproduction,NA,NA,NA
67116,rjb,7ea8k,psychology,FALSE,TRUE,NA,FALSE,NA,complete,NA,NA,"https://docs.google.com/spreadsheets/d/1Rw8Cd85L91CL8qUbMYXqtsdIDKA3jifH623rgJt8QW0/edit?usp=drivesdk, https://docs.google.com/document/d/1XHdIR5HQ_P8nxGy8qkN_djkPqmePrIZAPEAt97qN7nI/edit?usp=drivesdk",2,Push Button Reproduction,Push Button Reproduction,NA,NA,NA
y730,rjb,v8n4x,psychology,FALSE,TRUE,NA,TRUE,NA,NA,NA,yh2mb,NA,0,Push Button Reproduction,Push Button Reproduction,NA,NA,NA
949y,rym8,xshrn,political science,FALSE,TRUE,NA,TRUE,NA,NA,NA,9b5qz,NA,0,Push Button Reproduction,Push Button Reproduction,NA,NA,NA
2go82,vaWE,6mdxr,economics,FALSE,TRUE,NA,TRUE,NA,NA,NA,kd2sv,https://docs.google.com/spreadsheets/d/1NxkwwZ_SD14BZOudeJgdejyhanFUT0PDM_asIancxUI/edit?usp=drivesdk,1,Extended Push Button Reproduction,Push Button Reproduction,NA,NA,NA
1m02,vaWE,4n7ef,economics,FALSE,TRUE,NA,TRUE,NA,NA,NA,2fet9,NA,0,Push Button Reproduction,Push Button Reproduction,NA,NA,NA
312k,wRvv,jp7tr,political science,FALSE,TRUE,NA,TRUE,NA,NA,NA,tfpr3,https://docs.google.com/document/d/1jqBQGfCkVSI4vHIQKkFEvlyFzeKfX3eCqIlXv5AW6iU/edit?usp=drivesdk,1,Source Data Reproduction,Source Data Reproduction,NA,NA,NA
36mz,wx5k,yrnmv,covid,FALSE,TRUE,NA,FALSE,NA,NA,NA,NA,NA,0,Push Button Reproduction,Push Button Reproduction,NA,NA,NA
67442,xYbO,dxmrb,political science,FALSE,TRUE,NA,TRUE,NA,NA,NA,nmzpg,"https://docs.google.com/spreadsheets/d/1rOzXvSDjRrB1-Z1FP3b0QesGhF4GC7Yw7I7KSmQ_238/edit?usp=drivesdk, https://docs.google.com/spreadsheets/d/1PVFMkupjZx7JQhpQTfuhrUMJlnlk9GDBKWtnXwZ4RhY/edit?usp=drivesdk, https://docs.google.com/spreadsheets/d/1KuGkvNZtFspNmQjRolYDePWhdDnmhMXM/edit?usp=drivesdk&ouid=110477487301453789779&rtpof=true&sd=true, https://docs.google.com/document/d/18KDueJ7uldO8VGKQvXSI9sW64bMbsrXuCAPnwNfwEfk/edit?usp=drivesdk",4,"Author Data Reproduction, Push Button Reproduction",Author Data Reproduction,NA,NA,NA
k0z,xYbO,q75tz,political science,FALSE,TRUE,NA,TRUE,NA,NA,NA,mxhcz,NA,0,Push Button Reproduction,Push Button Reproduction,NA,NA,NA
y436,yAPR,kup8x,sociology,FALSE,TRUE,NA,TRUE,NA,NA,NA,ks68f,NA,0,Push Button Reproduction,Push Button Reproduction,NA,NA,NA
2kgy8,yJwG,vc8hs,psychology,FALSE,TRUE,NA,TRUE,NA,NA,NA,8pnmu,https://docs.google.com/spreadsheets/d/12sbANwWqERciajtkN1MRV2Evzd8Ll4Qwb5qMNtUiNi4/edit?usp=drivesdk,1,Author Data Reproduction,Author Data Reproduction,NA,NA,NA
65396,yQeR,sv9tm,economics,FALSE,TRUE,NA,TRUE,NA,NA,NA,sw6ku,"https://docs.google.com/spreadsheets/d/1LtSGyRJpmcBGSe1hbMD6woTNuen6yA0P7NVNuEMvTm8/edit?usp=drivesdk, https://docs.google.com/document/d/1Yi8u2VpDVTOLUiU92SGUyYKmrmvQj4073JMxZSKltTE/edit?usp=drivesdk",2,Push Button Reproduction,Push Button Reproduction,NA,NA,NA
g4k1,yQeR,yhq5d,economics,FALSE,TRUE,NA,TRUE,NA,NA,NA,xncwa,NA,0,Push Button Reproduction,Push Button Reproduction,NA,NA,NA
21kg,yZD4,apnk3,covid,FALSE,TRUE,NA,FALSE,NA,NA,NA,NA,NA,0,Extended Push Button Reproduction,Push Button Reproduction,NA,NA,NA
6oww3,yjkQ,wnv8y,political science,FALSE,TRUE,NA,TRUE,NA,NA,NA,dz26y,https://docs.google.com/spreadsheets/d/1NxRx3UnN7OWHii9vUe3iPGN7EYMqRZq8llUBdyiYoGA/edit?usp=drivesdk,1,Push Button Reproduction,Push Button Reproduction,NA,NA,NA
zmg9,yypJ,anfk6,psychology,FALSE,TRUE,NA,TRUE,NA,NA,NA,xjwph,https://docs.google.com/document/d/1ITc6LI-vboCZVNtm2MHM_HTKg491t8ZpMViQF_u8bEA/edit?usp=drivesdk,1,Push Button Reproduction,Push Button Reproduction,NA,NA,NA
5z18,yzgG,g83kx,health,FALSE,TRUE,NA,TRUE,NA,NA,NA,hs8v6,NA,0,Push Button Reproduction,Push Button Reproduction,NA,NA,NA
y410,z0v1,5ywth,sociology,FALSE,TRUE,NA,TRUE,NA,NA,NA,4x32v,https://docs.google.com/document/d/173LU3B2-O1Bts_jnjnfmHpzJrd-_dl5Mt1gmtMbUKfY/edit?usp=drivesdk,1,Source Data Reproduction,Source Data Reproduction,NA,NA,NA
6m17,z4dO,kzpf8,political science,FALSE,TRUE,NA,TRUE,NA,NA,NA,kdy3n,https://docs.google.com/document/d/1GC4mDdfKQDAN_DC1z1om5PwwiWFUO0lk_idoJ_ipMD8/edit?usp=drivesdk,1,Source Data Reproduction,Source Data Reproduction,NA,NA,NA
245w6,zK2,w8n3s,psychology,FALSE,TRUE,NA,TRUE,NA,NA,NA,u49pg,"https://docs.google.com/spreadsheets/d/1TQXFgN6dxO-ZLydpC7cHQlfcmyEkmMCjHBoa2zUNpcM/edit?usp=drivesdk, https://docs.google.com/spreadsheets/d/1fNhrttjbUBRSHAK1ik9S5ZjQpVA7lLmB/edit?usp=drivesdk&ouid=110477487301453789779&rtpof=true&sd=true, https://docs.google.com/spreadsheets/d/17NlCKy4VQvnD2bpBNXHGCCLf7eSD-j9c/edit?usp=drivesdk&ouid=110477487301453789779&rtpof=true&sd=true, https://docs.google.com/document/d/11m0F9mH2B3BKqKbnYlHnpGoVCrEtSjei6YBRRlFdI2o/edit?usp=drivesdk",4,"Author Data Reproduction, Push Button Reproduction",Author Data Reproduction,NA,NA,NA
9yzy,zV1O,wb524,political science,FALSE,TRUE,NA,TRUE,NA,NA,NA,brhk2,NA,0,Push Button Reproduction,Push Button Reproduction,NA,NA,NA
67539,zb3Y,pukd8,education,FALSE,TRUE,NA,TRUE,NA,NA,NA,ar952,https://docs.google.com/spreadsheets/d/1F_l6jkfQBV1TGWzR3rRht-3_hpdInUbon5tXAnSd51U/edit?usp=drivesdk,1,Source Data Reproduction,Source Data Reproduction,NA,NA,NA
50z6,zk94,54syu,covid,FALSE,TRUE,NA,TRUE,NA,NA,NA,q6mxh,NA,0,Author Data Reproduction,Author Data Reproduction,NA,NA,NA
7515,zlBL,tqpb5,psychology,FALSE,TRUE,NA,TRUE,NA,NA,NA,n2pq4,https://docs.google.com/document/d/1wJ2wdXm9sOPF15i3hr-Sz0tHPPLbzu6-GzYJNg_LA-Y/edit?usp=drivesdk,1,Source Data Reproduction,Source Data Reproduction,NA,NA,NA
675wo,zlm2,y47pr,psychology,FALSE,TRUE,NA,TRUE,NA,NA,NA,bzwce,https://docs.google.com/spreadsheets/d/1SKrXaP5AECtOXIjStGNkOUB1BQF1TJlOU_lgii65PAA/edit?usp=drivesdk,1,Author Data Reproduction,Author Data Reproduction,NA,NA,NA
zg66,zlw,yujtc,psychology,FALSE,TRUE,NA,TRUE,NA,NA,NA,dpzex,NA,0,Push Button Reproduction,Push Button Reproduction,NA,NA,NA
2w9mo,zmYY,3j7gq,criminology,FALSE,TRUE,NA,TRUE,NA,NA,NA,x7rzk,https://docs.google.com/spreadsheets/d/1ibTd3lrmbsP2MlfaHdbOczvZcbv6UFf-jb7Xu3-xmxA/edit?usp=drivesdk,1,Source Data Reproduction,Source Data Reproduction,NA,NA,NA
2w7w2,zqwm,z7sjh,education,FALSE,TRUE,NA,TRUE,NA,NA,NA,khqta,https://docs.google.com/spreadsheets/d/1HQKnNBK2aFe0mON97YeSOG_DRKXxRhFMi5THJKVf7i4/edit?usp=drivesdk,1,Source Data Reproduction,Source Data Reproduction,NA,NA,NA
241w6,OeGv,2n3c7,political science,FALSE,TRUE,NA,TRUE,NA,NA,NA,wutg6,https://docs.google.com/spreadsheets/d/16GtLY2D5_SnaDwvViW95m3vLAzKgeLs-xN4z0AsdWIw/edit?usp=drivesdk,1,Source Data Reproduction,Source Data Reproduction,NA,NA,NA
247ww,qg47,nruap,political science,FALSE,TRUE,NA,TRUE,NA,NA,NA,jub6g,https://docs.google.com/spreadsheets/d/15pYqp1aom2TwRupXclYCAy8q5THFiwb2F2No6AWCL9o/edit?usp=drivesdk,1,Source Data Reproduction,Source Data Reproduction,NA,NA,NA
21952,yypJ,mr6fs,psychology,FALSE,TRUE,NA,TRUE,NA,NA,NA,c85yj,"https://docs.google.com/spreadsheets/d/1U-NVkVJqtdXVP_YXnDcpr6pu7hFSUUNkGR5Kl2wT4Zg/edit?usp=drivesdk, https://docs.google.com/document/d/12FzxdKPB1DM-PajhjsVvzgerEXZrRwdqcKqaJ0LjXPw/edit?usp=drivesdk",2,Author Data Reproduction,Author Data Reproduction,NA,NA,NA
1012,YpZZ,vufm2,psychology,FALSE,TRUE,NA,TRUE,NA,NA,NA,p5q8h,https://docs.google.com/document/d/1n-ssW0WQoeAQ_DMfCgUV8Qeo9zC207_e7fW0iKd1UII/edit?usp=drivesdk,1,Author Data Reproduction,Author Data Reproduction,NA,NA,NA
5698,zK2,yjghe,psychology,FALSE,TRUE,NA,TRUE,NA,NA,NA,ck6bh,NA,0,Push Button Reproduction,Push Button Reproduction,NA,NA,NA
80yg,eg1q,2a3fx,marketing/org behavior,FALSE,TRUE,NA,TRUE,NA,NA,NA,va7m8,https://docs.google.com/document/d/1LMA1M9p-t1ovIUwXPHADRz87K87S4jMHG-MKKAVMbfY/edit?usp=drivesdk,1,Author Data Reproduction,Author Data Reproduction,NA,NA,NA
wz9,zlw,jcs54,psychology,FALSE,FALSE,no,TRUE,NA,NA,NA,rq6jd,"https://docs.google.com/document/d/1YzCy_xeqeYV6vR_bTolPsfFwtKD6Su8z/edit?usp=drivesdk&ouid=110477487301453789779&rtpof=true&sd=true, https://docs.google.com/document/d/1JAP-p8o4nNgUwnNQbbosyOKFZrIRulpCSpwJCvf_RlI/edit?usp=drivesdk",2,Direct Replication,Direct Replication,NA,NA,NA
8m17,mBL1,8qkrx,psychology,FALSE,FALSE,yes,TRUE,NA,NA,NA,scrpv,https://docs.google.com/document/d/1bK43QHa76OH7EFfA9kEuAbHl8evNzLZzMAUIEUDGHK4/edit?usp=drivesdk,1,Direct Replication,Direct Replication,NA,NA,NA
g9mm,9J1,rqwju,psychology,FALSE,FALSE,yes,TRUE,NA,NA,NA,4e76j,https://docs.google.com/document/d/1QjrY_zQuFEaC4lc0J4tIYYDkhQj6U-m-96yqOMPZXvQ/edit?usp=drivesdk,1,Direct Replication,Direct Replication,NA,NA,NA
20g,0qar,w8xun,psychology,FALSE,TRUE,NA,TRUE,NA,NA,NA,d9h62,"https://docs.google.com/document/d/1wJvuzihTJyTiMi3ryV_NJUI81J1vwdThOleR5OIGf9o/edit?usp=drivesdk, https://docs.google.com/document/d/1GPqrfF-HOOKcwANNBb0lpRtARr9giCvaB7ihT_RnqYg/edit?usp=drivesdk",2,Direct Replication,Direct Replication,NA,NA,NA
1y22,x2XO,bn6tj,management,FALSE,FALSE,no,TRUE,NA,NA,NA,y4p3j,https://docs.google.com/document/d/1jw8MBjxHq7s_F5iC2tF92hTb-nGgorsfuMnkYL_Qjtw/edit?usp=drivesdk,1,Direct Replication,Direct Replication,NA,NA,NA
m7k3,Peaa,nekdp,sociology,FALSE,FALSE,yes,TRUE,NA,NA,NA,fta29,"https://docs.google.com/document/d/175t4MrTuVp6z2Kg9AHepZ0_tpf68caSU_8aSozd1IEI/edit?usp=drivesdk, https://docs.google.com/document/d/1ec-SoaN4ShPU1Q2D3FM0jrxrWVgzLEhSNViJkjaBdCI/edit?usp=drivesdk",2,Source Data Reproduction,Source Data Reproduction,T,NA,NA
99m7,VjjX,9r2jw,psychology,FALSE,FALSE,yes,TRUE,NA,NA,NA,4y8mn,https://docs.google.com/document/d/1Sci7H2oc02gY9G6DuLM7bmXRPa1vF-KTPR8lEMhDARo/edit?usp=drivesdk,1,Direct Replication,Direct Replication,NA,NA,NA
g7g1,gbAY,8eaqp,psychology,FALSE,FALSE,yes,TRUE,NA,NA,NA,hpra7,https://docs.google.com/document/d/1IPYC36y6TBVTR_APH24P2xSMNG3o7TLPr0ptnFcPUmE/edit?usp=drivesdk,1,Direct Replication,Direct Replication,NA,NA,NA
zz26,Ovkm,f5b6c,psychology,FALSE,FALSE,yes,TRUE,NA,NA,NA,bj8un,https://docs.google.com/document/d/1OlBD5WwdkuYxskUVOpgUTGmyuMM6BNLN38DaF9kOUEA/edit?usp=drivesdk,1,Direct Replication,Direct Replication,NA,NA,NA
m7y9,7WjP,d8we7,psychology,FALSE,FALSE,no,TRUE,NA,NA,NA,7t9bj,https://docs.google.com/document/d/1wJaEh1TJ4BY55RwZsAUNHPa93eLfGmnlIW6mtVyug_A/edit?usp=drivesdk,1,Direct Replication,Direct Replication,NA,NA,NA
m5m7,j2yd,sxqt8,psychology,FALSE,FALSE,no,TRUE,NA,NA,NA,t6nec,https://docs.google.com/document/d/1HWq9Z10xqL5Uy2tW6IzupxKycPlO2fnvM6_P3rK_KwU/edit?usp=drivesdk,1,Direct Replication,Direct Replication,NA,NA,NA
618,lkBL,cr6zm,psychology,FALSE,TRUE,NA,TRUE,NA,NA,NA,"escpn, 3d4u8",https://docs.google.com/document/d/14puITyWzaH2eyry-5yV0IgkAFPSpE0STPovjyCIySE8/edit?usp=drivesdk,1,Direct Replication,Direct Replication,NA,NA,NA
yk20,EJpm,7tc8b,sociology,FALSE,FALSE,yes,TRUE,NA,NA,NA,85ubc,https://docs.google.com/document/d/1cOZLf2hRrVFRDhEzFOaeSNI86YeEfwsmOZxT8o2GH3M/edit?usp=drivesdk,1,Hybrid,Hybrid,NA,NA,NA
ykg6,P39Z,rkh2a,covid,FALSE,FALSE,yes,TRUE,NA,NA,NA,"rx729, nzrwu",https://docs.google.com/document/d/1z3qkzKndsKqHfcYzYPMInWw3QJAdJ0CNs7XPXw-3Ka4/edit?usp=drivesdk,1,"Author Data Reproduction, Push Button Reproduction",Author Data Reproduction,NA,NA,NA
ykg6,P39Z,wv2gh,covid,FALSE,FALSE,no,TRUE,NA,NA,NA,"rx729, nzrwu",https://docs.google.com/document/d/1z3qkzKndsKqHfcYzYPMInWw3QJAdJ0CNs7XPXw-3Ka4/edit?usp=drivesdk,1,"Author Data Reproduction, Push Button Reproduction",Author Data Reproduction,NA,NA,NA
2z3g,b3G4,8sae9,covid,FALSE,FALSE,yes,TRUE,NA,NA,NA,3juyf,https://docs.google.com/document/d/16X-JhhzFZEJDe9Z_aX2hrxXaJjJ9ZCgRKt60upwdIVw/edit?usp=drivesdk,1,Author Data Reproduction,Author Data Reproduction,NA,NA,NA
68,l22v,psmq5,political science,FALSE,FALSE,yes,TRUE,NA,NA,NA,mks67,https://docs.google.com/document/d/1FdmcWQUP6iUGTRf6D0o7AEOlOYojSwfdg4DMCkUY2hQ/edit?usp=drivesdk,1,"Hybrid, Source Data Reproduction",Hybrid,T,NA,NA
zz51,R3eV,jvwer,covid,FALSE,FALSE,yes,TRUE,NA,NA,NA,652aw,NA,0,Push Button Reproduction,Push Button Reproduction,NA,NA,NA
95my,Ryq7,jegqs,political science,FALSE,FALSE,yes,TRUE,NA,NA,NA,mqtx5,https://docs.google.com/document/d/1m1hLAypLfrzs1z9yvFqzLLn3IH-bIRDidEGMGQwmXBg/edit?usp=drivesdk,1,"Hybrid, Source Data Reproduction",Hybrid,NA,NA,NA
2y2g,5Awm,k6xm9,education,FALSE,TRUE,NA,TRUE,NA,NA,NA,fawtd,https://docs.google.com/document/d/13RlY3KCRqw4hYNRYLQg9Z1enuynJr_QyfIwiSZoJF28/edit?usp=drivesdk,1,Data Analytic Replication,Data Analytic Replication,NA,NA,NA
2g5g,1574,y5uwg,economics,FALSE,FALSE,yes,TRUE,NA,NA,NA,yutbj,https://docs.google.com/document/d/1V-VezsALBBjctwhY51aBNv2jOugs_3ZH0Ms9L0FRn9I/edit?usp=drivesdk,1,Author Data Reproduction,Author Data Reproduction,NA,NA,NA
5196,Kj9d,8btme,psychology,FALSE,FALSE,yes,TRUE,NA,NA,NA,rckg2,https://docs.google.com/document/d/1S3DIkM8iu-xJktMvt5-flxkiMZZbnjPdyKGHC1Urj5U/edit?usp=drivesdk,1,Author Data Reproduction,Author Data Reproduction,NA,NA,NA
2637,ZdgL,uyzc4,sociology,FALSE,FALSE,yes,TRUE,NA,NA,NA,dwfnv,https://docs.google.com/document/d/1qCe9gBE62peIOoEZrYxh-ERPPE09irerzqXXaLCtOag/edit?usp=drivesdk,1,Source Data Reproduction,Source Data Reproduction,NA,NA,NA
94ky,9wkl,6aynt,economics,FALSE,TRUE,NA,TRUE,NA,NA,NA,vwpnk,https://docs.google.com/document/d/1Z8cTx1Pr9F7C-G2KtbCrf5tkYSMsdGzCSglWmGFPEDI/edit?usp=drivesdk,1,Data Analytic Replication,Data Analytic Replication,NA,NA,NA
9y8y,AgO1,2vust,economics,FALSE,FALSE,yes,TRUE,NA,NA,NA,fds3n,https://docs.google.com/document/d/1wx8a2ExzfSoDJBUMlP8QbMD_Ttq4NNW7kz2SeOTIiJQ/edit?usp=drivesdk,1,Author Data Reproduction,Author Data Reproduction,NA,NA,NA
0056,z0v1,u5r47,sociology,FALSE,FALSE,yes,TRUE,NA,NA,NA,9nzu7,https://docs.google.com/document/d/16bDOTYWTVZcPGQFleE1TIdHa8OU_Mm0NDgwozAjE72g/edit?usp=drivesdk,1,"Hybrid, Source Data Reproduction",Hybrid,NA,NA,NA
g2z,G0Kb,5k8m4,political science,FALSE,FALSE,yes,TRUE,NA,NA,NA,m5cne,NA,0,Push Button Reproduction,Push Button Reproduction,NA,NA,NA
927,7WjP,p45bu,psychology,FALSE,FALSE,yes,TRUE,NA,NA,NA,ruaw8,https://docs.google.com/document/d/1AN_BwUI-l444Y0Jb0XWTsZV14S3Ekx_qZGdxtb0AYCI/edit?usp=drivesdk,1,Author Data Reproduction,Author Data Reproduction,NA,NA,NA
3g4k,YRvg,b48am,economics,FALSE,FALSE,yes,TRUE,NA,NA,NA,jrwgt,https://docs.google.com/document/d/1mgKZp6z16dCpPaz9dPFKolfDC-muiakBe7bYQLaD1Pg/edit?usp=drivesdk,1,"Hybrid, Source Data Reproduction",Hybrid,T,NA,NA
y2gz6,LmBx,p2st5,psychology,FALSE,FALSE,yes,TRUE,NA,NA,NA,wtv6f,https://docs.google.com/document/d/1Pgr_vVKQjIPXzZvoKPVRS_CWaHDMs16JWNIMwsMG-Rk/edit?usp=drivesdk,1,Direct Replication,Direct Replication,NA,NA,NA
g6936,Q1dl,3b49u,marketing/org behavior,TRUE,FALSE,no,TRUE,NA,NA,NA,48hcw,https://docs.google.com/document/d/1944-JerlPmgKcIKquks6P5KzI6g939DJPbFNtJ9RBGQ/edit?usp=drivesdk,1,Direct Replication,Direct Replication,NA,NA,NA
128g6,zlm2,s2x3c,psychology,TRUE,TRUE,NA,TRUE,NA,NA,NA,8bja9,https://docs.google.com/document/d/1uPBZiP1mjfQKbzEhL5AI4WZ2nbyiGTL9SW5ysQApxko/edit?usp=drivesdk,1,Direct Replication,Direct Replication,NA,NA,NA
86m96,7RR2,q7hpx,psychology,TRUE,TRUE,NA,TRUE,NA,NA,NA,bwt64,https://docs.google.com/document/d/1Wv0h_8gr3yiC1zRBdTwHS9C3q2yBeCgf53vZ8m_kjCU/edit?usp=drivesdk,1,Direct Replication,Direct Replication,NA,NA,NA
165m6,gbAY,8qujb,psychology,TRUE,TRUE,NA,TRUE,NA,NA,NA,4kx7t,https://docs.google.com/document/d/1USQXN-zmxSQ2zOt0qGI4YV8GubHqIF7fa4iOaZ26smY/edit?usp=drivesdk,1,Direct Replication,Direct Replication,NA,NA,NA
2y486,8wZ0,vt6ga,psychology,TRUE,TRUE,NA,TRUE,NA,NA,NA,xdhkq,https://docs.google.com/document/d/1-WfT1UuGFXuUoAn9m13DwGGZollbIbxyZsBgl4jEBGA/edit?usp=drivesdk,1,Direct Replication,Direct Replication,NA,NA,NA
2kgg2,Br0x,25mvt,psychology,TRUE,TRUE,NA,TRUE,NA,NA,NA,"63phn, fkre9",https://docs.google.com/document/d/1xybHyhpQXnzHBZeuL0huyTVsCAX3mb4-rVahed0XciY/edit?usp=drivesdk,1,Direct Replication,Direct Replication,NA,NA,NA
6m396,EQxa,7f42k,psychology,TRUE,TRUE,NA,TRUE,NA,NA,NA,8fzjx,https://docs.google.com/document/d/1ao_U5OTm8_wifPe7hvI3N-FshToGsa2OtZR615nWe6U/edit?usp=drivesdk,1,Direct Replication,Direct Replication,NA,NA,NA
288g2,J7ek,exrua,psychology,TRUE,TRUE,NA,TRUE,NA,NA,NA,n9dap,https://docs.google.com/document/d/1VmbyxBwaGVF2K14O6FM-re5IkbwvRUJswRMmUXXd9lQ/edit?usp=drivesdk,1,Direct Replication,Direct Replication,NA,NA,NA
23w12,aYyR,7k8sy,management,FALSE,TRUE,NA,TRUE,NA,NA,NA,xgy2u,https://docs.google.com/document/d/18mHMdShpnftc7WNgnSTQkww9ObNaGw7U1G57rHLoNJw/edit?usp=drivesdk,1,Direct Replication,Direct Replication,NA,NA,NA
6ow46,plLK,h7wx8,marketing/org behavior,TRUE,TRUE,NA,TRUE,NA,NA,NA,"w2ad8, zb97x",https://docs.google.com/document/d/1cWecYzesPYUT9CRXqYz7TgSQ1X-KtXUgjKkTAAOOIBs/edit?usp=drivesdk,1,Direct Replication,Direct Replication,NA,NA,NA
24316,rjb,utjhd,psychology,TRUE,TRUE,NA,TRUE,NA,NA,NA,p47n9,https://docs.google.com/document/d/16oQO7o4_DzWa5JU2MGus5BsUxN3_ZLyUrXalS_5VRw4/edit?usp=drivesdk,1,Direct Replication,Direct Replication,NA,NA,NA
23m12,AgO1,z9emg,economics,FALSE,FALSE,yes,TRUE,NA,NA,NA,w3kuz,https://docs.google.com/document/d/1ICHNhajUKxnQGzKvLOqkrFjNP0pCKgjYIMUpE16Flx0/edit?usp=drivesdk,1,Direct Replication,Direct Replication,NA,NA,NA
21752,9Gkl,vfqt8,political science,FALSE,FALSE,no,TRUE,NA,NA,NA,6uz3v,"https://docs.google.com/document/d/1UJGSSIuk37KERctsi8sTo636mLWKaGA3__EWLxpRxns/edit?usp=drivesdk, https://docs.google.com/spreadsheets/d/1xaicTdZy-Fhn71Y3Oa0f5iC1-zgfBZhtVk4PIHsIrh4/edit?usp=drivesdk, https://docs.google.com/document/d/1wUl7y-XKQdBh3R4HRiTmn7ptss3w4aRWKmzPn6hidJ0/edit?usp=drivesdk",3,Source Data Reproduction,Source Data Reproduction,T,T,"SDR has prereg and no outcomes, DAR has neither"
23312,8R9d,8kyfe,psychology,FALSE,FALSE,no,TRUE,NA,NA,NA,p4mz5,"https://docs.google.com/spreadsheets/d/1qhb9uRZ8_cR-NugGvM4_c_1nUkRJr6uSadxiarNrrAM/edit?usp=drivesdk, https://docs.google.com/document/d/1rBQqYVPOwVlPnD4JWLvE7ousngOvby8DQZzo8o8T-fo/edit?usp=drivesdk",2,Push Button Reproduction,Push Button Reproduction,NA,NA,NA
69736,LbEB,uc9ny,psychology,FALSE,FALSE,no,TRUE,NA,NA,NA,93zvc,"https://docs.google.com/spreadsheets/d/1Vbkd6M965nAX5l35XcWDdNywuFovJpLApmu3VLaDeWI/edit?usp=drivesdk, https://docs.google.com/document/d/1R8f2slCR3gr20JZQJ0P2dgAn8Q-TV6PUqf-yBhxm7G4/edit?usp=drivesdk",2,Push Button Reproduction,Push Button Reproduction,NA,NA,NA
2y4om,Wre,zsq2u,psychology,FALSE,FALSE,no,TRUE,NA,NA,NA,38p9x,https://docs.google.com/spreadsheets/d/1A-T4oPcfM_kNaJFjGtH3sNMpcXXr_2R-ZRvx6iq4jj8/edit?usp=drivesdk,1,Push Button Reproduction,Push Button Reproduction,NA,NA,NA
24773,YabW,ktx9s,psychology,FALSE,FALSE,no,TRUE,NA,NA,NA,5nc6s,"https://docs.google.com/spreadsheets/d/16z6GzxfyALO8Vhqw3HoovDLos3pdsFlyIFYmwl3e2Y4/edit?usp=drivesdk, https://docs.google.com/spreadsheets/d/17UNVLrfwgmeL4GABvoi_xkRtGBD1Uzco2M_F2xWvUfo/edit?usp=drivesdk",2,Push Button Reproduction,Push Button Reproduction,NA,NA,NA
658g7,9OK1,h8ecm,economics,FALSE,FALSE,yes,TRUE,NA,NA,NA,hj7xd,https://docs.google.com/document/d/18tqFsvt1zd1mugKDFkIyE5Dxg2hsk-hhyoyROuJeGxk/edit?usp=drivesdk,1,Data Analytic Replication,Data Analytic Replication,NA,NA,NA
2kgk8,LmA2,3axzu,economics,FALSE,FALSE,no,TRUE,NA,NA,NA,zspqd,https://docs.google.com/spreadsheets/d/1abO5wsel6dUrAoqM0sS8hTI1B4uCl04_sxT3ur7WEXY/edit?usp=drivesdk,1,Push Button Reproduction,Push Button Reproduction,T,NA,NA
658w7,d2O3,cgz3v,criminology,FALSE,FALSE,no,TRUE,NA,NA,NA,dt7j5,https://docs.google.com/spreadsheets/d/1n-SvB_RvtwANUUohEJ_IrH6mUvv9KLzM8li3g4bI2oI/edit?usp=drivesdk,1,Source Data Reproduction,Source Data Reproduction,NA,NA,NA
247z3,BrGp,h37zx,psychology,FALSE,FALSE,yes,TRUE,NA,NA,NA,ybp9f,https://docs.google.com/document/d/1lMnXWTIhgAC3Ox96PZqKGwCvnW3jfRk1u9W5VHXDZqo/edit?usp=drivesdk,1,Data Analytic Replication,Data Analytic Replication,NA,NA,NA
2y4gm,3aPw,k4suw,sociology,FALSE,FALSE,yes,TRUE,NA,NA,NA,g4avt,https://docs.google.com/document/d/1x-m39GrcjoQsy1CFe7XYW38FAe8pKvoqq5FVntH9qzw/edit?usp=drivesdk,1,Data Analytic Replication,Data Analytic Replication,NA,NA,NA
28894,BlRQ,xbvs6,education,FALSE,FALSE,no,TRUE,NA,NA,NA,xgyas,"https://docs.google.com/spreadsheets/d/1kZiESse4rCUWn7_EZyYC-kNoOFP70YDhspfNV1cps0g/edit?usp=drivesdk, https://docs.google.com/spreadsheets/d/1_lg-8bTch_cFM7_k8uVMKcuPAmY_dT0hBs1kl9nGFxU/edit?usp=drivesdk, https://docs.google.com/spreadsheets/d/1evmx_7iK0iufQchxFWH23zB7n9-UMNI0/edit?usp=drivesdk&ouid=110477487301453789779&rtpof=true&sd=true",3,Source Data Reproduction,Source Data Reproduction,NA,NA,NA
288zk,9wya,gb46p,political science,FALSE,FALSE,yes,TRUE,NA,NA,NA,uw98d,https://docs.google.com/spreadsheets/d/13ohA3VQn1iBOwWi0f6ZLRcZzYTa5TdSpn83d_OExpFo/edit?usp=drivesdk,1,Push Button Reproduction,Push Button Reproduction,NA,NA,NA
8,5Xeq,wu5pv,marketing/org behavior,FALSE,FALSE,no,FALSE,TRUE,partial,NA,NA,https://docs.google.com/document/d/19DotvV8Sw31AlH2Ri7siEABPWIXy1rsg9JB_6S_A0zM/edit?usp=drivesdk,1,Direct Replication,Direct Replication,NA,NA,NA
548,9DZl,9s4tw,marketing/org behavior,FALSE,FALSE,no,FALSE,TRUE,approve,TRUE,NA,https://docs.google.com/document/d/1PY2Mrqktsngzv9t8f7GUW2QN2_fo1mZoUHgh4wduMUY/edit?usp=drivesdk,1,Direct Replication,Direct Replication,NA,NA,NA
356,rvyb,7tr8a,psychology,FALSE,FALSE,no,FALSE,TRUE,complete,TRUE,NA,https://docs.google.com/document/d/1pMW-iG54LQ4WXLuKZ8J-igpWVJ2okcCna9meH7GPEf8/edit?usp=drivesdk,1,Direct Replication,Direct Replication,NA,NA,NA
3zz,Qk5P,7rtpw,psychology,FALSE,FALSE,no,FALSE,TRUE,approve,TRUE,NA,https://docs.google.com/document/d/1FJo-LsWiFUpCprlRasp1rZPOuK6sjAjsWL1-maaTtas/edit?usp=drivesdk,1,Direct Replication,Direct Replication,NA,NA,NA
gz7m,LbEB,ewujm,psychology,FALSE,FALSE,no,FALSE,TRUE,partial,TRUE,NA,https://docs.google.com/document/d/1I81gxFh0D70xPma0NOjFS7gvH7JjKK4PYzVyi-0e4Mo/edit?usp=drivesdk,1,Direct Replication,Direct Replication,NA,NA,NA
y01,VjYA,kdr3f,psychology,FALSE,FALSE,no,FALSE,TRUE,approve,TRUE,NA,https://docs.google.com/document/d/1O4c4TzqLDmN61Eqk5_StjsJfxZZxoRtM6CYjRbIGplY/edit?usp=drivesdk,1,Direct Replication,Direct Replication,NA,NA,NA
0m7,BaDx,4unjb,marketing/org behavior,FALSE,FALSE,no,FALSE,TRUE,approve,NA,NA,https://docs.google.com/document/d/1U5MzZ-lKey4-YOpt7GRP-r4-Dcz-mJsHJ_rcF7Apih8/edit?usp=drivesdk,1,Direct Replication,Direct Replication,NA,NA,NA
79k5,598w,kwsdr,marketing/org behavior,FALSE,FALSE,no,FALSE,TRUE,approve,TRUE,NA,"https://docs.google.com/document/d/1S7xx-rkZ1B4-3uLZKNRZQTPVLe6uaazPEH2XTfX1-4U/edit?usp=drivesdk, https://docs.google.com/document/d/1H0RwEx9Vd7ZlN_Psx-1YqmvKwDWuhdWAMnpiO8JAAAU/edit?usp=drivesdk",2,Direct Replication,Direct Replication,NA,NA,NA
7976,7WjP,md84s,psychology,FALSE,FALSE,yes,FALSE,TRUE,approve,TRUE,NA,"https://docs.google.com/document/d/1XWoQumDRkRy0XxUXEgOxk9RbhpR6pLFjiHTa5JkKjxQ/edit?usp=drivesdk, https://docs.google.com/document/d/1m4JWJNjEk4FNkQqDEUjHOp4QG6PiFAOw0Njpfj1mnL0/edit?usp=drivesdk",2,Direct Replication,Direct Replication,NA,NA,NA
y50,ld8V,2afjs,marketing/org behavior,FALSE,FALSE,no,FALSE,TRUE,complete,NA,NA,"https://docs.google.com/document/d/1Yho2p_BSwiW4XfOTCuJBq_STLwLez7bi4jpCY9y2JXQ/edit?usp=drivesdk, https://docs.google.com/document/d/14v4J3LoW-faSublrVMrFtO_RA-FiL7sj/edit?usp=drivesdk&ouid=110477487301453789779&rtpof=true&sd=true",2,Direct Replication,Direct Replication,NA,NA,NA
9k67,Njqj,96vn7,economics,FALSE,FALSE,no,FALSE,TRUE,approve,NA,NA,https://docs.google.com/document/d/17k5TpW0OMqXSgXJrRgjBu_Hk4_1fMzdANqVzAcuOSVk/edit?usp=drivesdk,1,Direct Replication,Direct Replication,NA,NA,NA
97g,25Yg,2qyfr,criminology,FALSE,FALSE,no,FALSE,TRUE,partial,NA,NA,https://docs.google.com/document/d/1lv285MTsIUweuKvKpZfxkRKpFrKrWLXgzYzZPcdfgFo/edit?usp=drivesdk,1,Direct Replication,Direct Replication,NA,NA,NA
8g91,AvWY,uyt9p,psychology,FALSE,TRUE,NA,FALSE,TRUE,approve,TRUE,NA,https://docs.google.com/document/d/1IRjI0qUkcSk8ekXl_Xz62xNREsvsP-UyqS5-hSMND54/edit?usp=drivesdk,1,Direct Replication,Direct Replication,NA,NA,NA
0y08,7RR2,evrxs,psychology,FALSE,FALSE,no,FALSE,TRUE,approve,TRUE,NA,https://docs.google.com/document/d/1UwYB06I2WpHfVwSxQE5H4Wg15tQ5J8VQr6kxuU_GAno/edit?usp=drivesdk,1,Direct Replication,Direct Replication,T,NA,NA
1994,j2yd,sxca4,psychology,FALSE,FALSE,no,FALSE,TRUE,near-complete,NA,NA,https://docs.google.com/document/d/17YDsM5F_RZdn9rF6BYDjLdrRTAA-3A0uM3D2fLxSkMA/edit?usp=drivesdk,1,Direct Replication,Direct Replication,T,NA,prereg looks like it was just awaiting a power analysis
yz66,EAa,yhtz4,psychology,FALSE,FALSE,no,FALSE,TRUE,approve,TRUE,NA,https://docs.google.com/document/d/11hMXpujkqEYMYxCVAr1LzhDI1p1ot7cRoRfKqK0UO6Y/edit?usp=drivesdk,1,Direct Replication,Direct Replication,NA,NA,NA
56z6,8qER,6ycdg,public administration,FALSE,FALSE,no,FALSE,TRUE,complete,NA,NA,https://docs.google.com/document/d/1oHiuLpQQ1LK4hA3OQMBPR_0IRa8ZxKXUV1InfnAbLus/edit?usp=drivesdk,1,Direct Replication,Direct Replication,NA,NA,NA
348,Y3jx,gsduq,covid,FALSE,FALSE,no,FALSE,TRUE,complete,NA,NA,https://docs.google.com/document/d/1Iu2cTenX1ce72KkXXl5hjai6FxtUG3FddX2cHWrqSOE/edit?usp=drivesdk,1,Direct Replication,Direct Replication,NA,NA,NA
k997,a3mO,pt7ns,covid,FALSE,FALSE,no,FALSE,TRUE,complete,TRUE,NA,https://docs.google.com/document/d/1OZUKCS1v-LPX4tV7ufWZ0JI7Y11sLytwUTZt8aWKsXM/edit?usp=drivesdk,1,Direct Replication,Direct Replication,NA,NA,NA
6g48,vy8p,b6v85,covid,FALSE,FALSE,no,FALSE,TRUE,partial,NA,NA,https://docs.google.com/document/d/1ZwzluipaZlymoVr24wqp-5MCp-azlJNa9nbCgMeaO2o/edit?usp=drivesdk,1,Direct Replication,Direct Replication,NA,NA,NA
gyg1,PyYd,gu6j8,sociology,FALSE,FALSE,no,FALSE,TRUE,near-complete,TRUE,NA,https://docs.google.com/document/d/11wgS-sJqOEXightoziPfspN6jfEjsh4ztj3HAZTvjS0/edit?usp=drivesdk,1,Hybrid,Hybrid,T,NA,prereg appears to only be missing sample size/power analysis
y71,qQ9Z,vdezq,sociology,FALSE,FALSE,no,FALSE,TRUE,partial,NA,NA,https://docs.google.com/document/d/1Ytz0ipV1XvKu2wJR8_quReWD8P9mS5Clg36iq6F5E-w/edit?usp=drivesdk,1,Data Analytic Replication,Data Analytic Replication,NA,NA,NA
6557,LJXK,z6k3c,sociology,FALSE,FALSE,no,FALSE,TRUE,near-complete,TRUE,NA,https://docs.google.com/document/d/1k8W9Qwq0KprRi_VAnwUaCqIDop6G13R0GZB7JUrbELk/edit?usp=drivesdk,1,Hybrid,Hybrid,NA,NA,"prereg looks to be missing sample size/power analysis, and a couple other small sections"
2kg39,J7Z2,rv724,sociology,FALSE,FALSE,no,FALSE,TRUE,complete,TRUE,NA,https://docs.google.com/document/d/1r0R7y079PhevQ9VRmEPjKkLMxI926BFIYhMSoOyO3pM/edit?usp=drivesdk,1,"Hybrid, Source Data Reproduction",Hybrid,NA,NA,NA
yz21,z0v1,57f2j,sociology,FALSE,FALSE,no,FALSE,TRUE,partial,TRUE,NA,https://docs.google.com/document/d/1IOnOBwS-H-9X0jqVaXHhhz8W-aNCrxcdi7UjbZhqqTM/edit?usp=drivesdk,1,Data Analytic Replication,Data Analytic Replication,NA,NA,"data finder portion complete, but data analyst portion empty"
yy01,YRvg,axds7,economics,FALSE,FALSE,no,FALSE,TRUE,partial,TRUE,NA,https://docs.google.com/document/d/1dZ4kXPPZVjfBWqqCmxAu3OdfbldC4PubxuHamH5AgFU/edit?usp=drivesdk,1,"Hybrid, Source Data Reproduction",Hybrid,NA,NA,"data finder portion complete, but data analyst portion empty"
11z,dLKV,9mb25,marketing/org behavior,FALSE,FALSE,no,FALSE,TRUE,partial,TRUE,NA,https://docs.google.com/document/d/1s_HQ_JNbsxRPL_WIYdS-SHub9LW9HQQ7H6k_t-v9O98/edit?usp=drivesdk,1,Data Analytic Replication (undefined),Data Analytic Replication,NA,NA,NA
6g08,J999,qmk7t,economics,FALSE,FALSE,no,FALSE,TRUE,complete,TRUE,NA,https://docs.google.com/document/d/1zORih5H4i9wFcpwYHfWPOcxZHBe0Ra2anyTFpbc8lEM/edit?usp=drivesdk,1,"Hybrid, Source Data Reproduction",Hybrid,NA,NA,NA
6g7k,AYQG,cfra4,political science,FALSE,FALSE,no,FALSE,TRUE,complete,TRUE,NA,https://docs.google.com/document/d/17MGd2B-QCnccocdF2D5i7VUcrOBSj9A9hHqpQ-PbbAQ/edit?usp=drivesdk,1,"Data Analytic Replication, Source Data Reproduction",Data Analytic Replication,NA,NA,NA
109z,vkYO,8weqr,education,FALSE,FALSE,no,FALSE,TRUE,complete,TRUE,NA,https://docs.google.com/document/d/1A_-8bWVicJ3Ips_dS5UKd4OyQMyQ9p9_eNk0eZk87yY/edit?usp=drivesdk,1,Data Analytic Replication,Data Analytic Replication,NA,NA,NA
ym0,km2j,kq7gz,sociology,FALSE,FALSE,no,FALSE,TRUE,partial,NA,NA,https://docs.google.com/document/d/1mRQW6Q4wpeJA0ROHiSgepMe6bP63K6z49f_NpTen9MY/edit?usp=drivesdk,1,Hybrid,Hybrid,NA,NA,NA
165z,eBRm,a5632,covid,FALSE,FALSE,no,FALSE,TRUE,partial,NA,NA,https://docs.google.com/document/d/1NAeZv62koUBLx4X6ZmpNxtk0AkFndYk7YIJs5eeRBMU/edit?usp=drivesdk,1,Hybrid,Hybrid,NA,NA,NA
zm51,dPz2,tavcj,covid,FALSE,FALSE,no,FALSE,TRUE,partial,NA,NA,https://docs.google.com/document/d/1PLu0g3emlmeM_z0myL1tgyZgVN9wfvh0aw8d1M44yNo/edit?usp=drivesdk,1,Data Analytic Replication (undefined),Data Analytic Replication,NA,NA,NA
6778,Blxd,ve9tx,education,FALSE,FALSE,yes,FALSE,TRUE,complete,TRUE,NA,https://docs.google.com/document/d/1OYhoYbUsh__894j1E5sWojhjfQpogjJv0CMK6Oty4M0/edit?usp=drivesdk,1,Source Data Reproduction,Source Data Reproduction,NA,NA,NA
2y44m,y2DG,qgvzh,political science,FALSE,FALSE,no,FALSE,TRUE,minimal,NA,NA,https://docs.google.com/spreadsheets/d/1MikNMjLBE4rO1HydZUs4F6JNElTv2SCDFTBJWt3alsc/edit?usp=drivesdk,1,Source Data Reproduction,Source Data Reproduction,NA,NA,NA
67316,Wre,edgj6,psychology,FALSE,FALSE,no,FALSE,TRUE,partial,NA,NA,https://docs.google.com/spreadsheets/d/1VLzrFfjpqI9zVWKwVnN7_nLXqo5gDLnLAu8X8IoMdIg/edit?usp=drivesdk,1,Push Button Reproduction,Push Button Reproduction,NA,NA,NA
69y8k,qYr7,vjcsa,political science,FALSE,FALSE,no,FALSE,TRUE,partial,TRUE,NA,https://docs.google.com/spreadsheets/d/1wfdIgZS-bqQO2nSq-m0tLtQycWUles3y-D8PVuNPOOA/edit?usp=drivesdk,1,Source Data Reproduction,Source Data Reproduction,NA,NA,awaiting response from COS
69yw9,EZ3x,8t3dy,education,FALSE,FALSE,no,FALSE,TRUE,minimal,NA,NA,https://docs.google.com/spreadsheets/d/1BnfjlsKGk6MdKvqxTHLRNlRFARZjKAxwWP8nCDRzFis/edit?usp=drivesdk,1,Source Data Reproduction,Source Data Reproduction,NA,NA,minimal/no real activity
69516,qNvQ,597r2,psychology,FALSE,FALSE,no,FALSE,TRUE,approve,TRUE,NA,https://docs.google.com/spreadsheets/d/1ZTqfAlN32lNOVHKNbLId_PfwFasI9z85e6OB2eltGMg/edit?usp=drivesdk,1,Source Data Reproduction,Source Data Reproduction,NA,NA,NA
2w97z,q8xv,hrmsx,economics,FALSE,FALSE,no,FALSE,TRUE,complete,NA,NA,https://docs.google.com/spreadsheets/d/1yYg4gOlBaoLRLQ3mtukMi8USIBXgm0jts3xwPhOHpVE/edit?usp=drivesdk,1,Push Button Reproduction,Push Button Reproduction,NA,NA,NA
65ym6,7X54,bxt5n,sociology,FALSE,FALSE,no,FALSE,TRUE,approve,TRUE,NA,https://docs.google.com/spreadsheets/d/17FIMf3nA_GeGxbPqDS-t6a1LYzf65x__I6esKO_WteU/edit?usp=drivesdk,1,Push Button Reproduction,Push Button Reproduction,NA,NA,NA
23w7z,ZaZK,tzbfh,management,FALSE,FALSE,no,FALSE,TRUE,minimal,NA,NA,https://docs.google.com/spreadsheets/d/1_pXQoNXcDP5uCm6vdu0zO50ekTQV4vHZkXCX9QNPl-I/edit?usp=drivesdk,1,Push Button Reproduction,Push Button Reproduction,NA,NA,minimal/no real activity
2g73y,GJe4,f3tp2,sociology,FALSE,FALSE,no,FALSE,TRUE,partial,NA,NA,https://docs.google.com/spreadsheets/d/1Ml5crntwlTMwwO08prfyTDMu6wAwvcntc2GQBVwu7Pg/edit?usp=drivesdk,1,Push Button Reproduction,Push Button Reproduction,NA,NA,NA
6m3gm,VB9K,3c84w,economics,FALSE,FALSE,no,FALSE,TRUE,complete,NA,NA,https://docs.google.com/spreadsheets/d/1X8Ep4K_xHSC9LuJ5eujaMUE_rzNItZl3B63ZvsTeaYs/edit?usp=drivesdk,1,Push Button Reproduction,Push Button Reproduction,NA,NA,NA
21yg2,q8xv,97eq4,economics,FALSE,FALSE,no,FALSE,TRUE,complete,TRUE,NA,https://docs.google.com/spreadsheets/d/1k7P5Qm7TPu1bTHjsROtuRDWjfTsGFcPrnC0fJO5ePKs/edit?usp=drivesdk,1,Push Button Reproduction,Push Button Reproduction,NA,NA,NA
214k4,WLpV,u6bea,economics,FALSE,FALSE,no,FALSE,TRUE,complete,TRUE,NA,https://docs.google.com/spreadsheets/d/1tftYBN4I-lcBuNue8x7S8bUiZZ9uEz7GZXU--WwfF0g/edit?usp=drivesdk,1,Author Data Reproduction,Author Data Reproduction,NA,NA,NA
214z4,mxyQ,9wp8d,political science,FALSE,FALSE,no,FALSE,TRUE,approve,NA,NA,https://docs.google.com/spreadsheets/d/1egd0-tqydfMy7nyDiBXzdFgJKAQZeMYq9Q2p-df5y5E/edit?usp=drivesdk,1,Push Button Reproduction,Push Button Reproduction,NA,NA,NA
214w4,xGGO,ez53u,sociology,FALSE,FALSE,no,FALSE,TRUE,partial,NA,NA,https://docs.google.com/spreadsheets/d/15Nzix68UPnwm4uJLXu5ywY05cMlbaY0Wtx4mJgR3xxk/edit?usp=drivesdk,1,Source Data Reproduction,Source Data Reproduction,NA,NA,NA
2k3w2,yypJ,smuat,psychology,FALSE,FALSE,no,FALSE,TRUE,partial,NA,NA,https://docs.google.com/spreadsheets/d/1oQuq-9Bu3PrUcekdWUOEqDkR1oBCVwJm_GSeob8GyF4/edit?usp=drivesdk,1,Author Data Reproduction,Author Data Reproduction,NA,NA,NA
2w8w6,1Zx7,my426,sociology,FALSE,FALSE,no,FALSE,TRUE,complete,NA,NA,https://docs.google.com/spreadsheets/d/1djGJOBSz7EfSniImb015g42J6w06KrCWXxnT6YXqmf0/edit?usp=drivesdk,1,Source Data Reproduction,Source Data Reproduction,NA,NA,NA
2w9go,1574,3a2r5,economics,FALSE,FALSE,no,FALSE,TRUE,minimal,NA,NA,https://docs.google.com/spreadsheets/d/1w3_A3xxwDtmJTibqjPdrw_OChK4KzaoUbGfGz7xZ720/edit?usp=drivesdk,1,Author Data Reproduction,Author Data Reproduction,T,NA,minimal activity
2k8g6,JxXe,ndfe3,criminology,FALSE,FALSE,no,FALSE,TRUE,approve,TRUE,NA,https://docs.google.com/spreadsheets/d/1KLUUqWgMn-iWOVahUP3mgLvPGkNH9TCzoqOPyI7255Q/edit?usp=drivesdk,1,Source Data Reproduction,Source Data Reproduction,NA,NA,NA
69m36,qzGw,f73z9,health,FALSE,FALSE,no,FALSE,TRUE,partial,NA,NA,https://docs.google.com/spreadsheets/d/1H-sprNS0bbvS3p_o3lq1XJorAgeVXfOC3oebqMQoO8E/edit?usp=drivesdk,1,Source Data Reproduction,Source Data Reproduction,NA,NA,NA
6m796,7R9G,tk7y4,psychology,FALSE,FALSE,no,FALSE,TRUE,partial,NA,NA,https://docs.google.com/spreadsheets/d/1Id8cnz1675ZmaZtIxnZuY9aeyUhqM8KC7vfVfAAYlrk/edit?usp=drivesdk,1,Push Button Reproduction,Push Button Reproduction,NA,NA,NA
2yk82,7R9G,kh6rp,psychology,FALSE,FALSE,no,FALSE,TRUE,partial,NA,NA,https://docs.google.com/spreadsheets/d/1v9Yw8T5IoeNGoQ0wgS1g6RQ5gdcfHKxQe47xyJ4KV6E/edit?usp=drivesdk,1,Source Data Reproduction,Source Data Reproduction,NA,NA,NA
69936,vmxO,n4v2w,political science,FALSE,FALSE,no,FALSE,TRUE,approve,TRUE,NA,https://docs.google.com/spreadsheets/d/1JMFWRETfIfyUu2sHRlU-MYiIpvY-AKuqXtMTwIyCkcY/edit?usp=drivesdk,1,Source Data Reproduction,Source Data Reproduction,NA,T,SDR has prereg with no outcomes; DAR has neither
6mw96,VRKK,d482q,economics,FALSE,FALSE,no,FALSE,TRUE,partial,NA,NA,https://docs.google.com/spreadsheets/d/1cyvMXk90eZDpEqTwMFXQNZPr1q3SpDs5S1rDBWCTYQM/edit?usp=drivesdk,1,Push Button Reproduction,Push Button Reproduction,NA,NA,NA
24z12,P9Vr,tj9hy,sociology,FALSE,FALSE,no,FALSE,TRUE,complete,TRUE,NA,https://docs.google.com/document/d/1b4eNFGqX-C17XLdLmnnWH4LqT0nE0WDJJaatzQPy1a0/edit?usp=drivesdk,1,Data Analytic Replication,Data Analytic Replication,T,NA,NA
2gy82,exBp,jdz79,sociology,FALSE,FALSE,no,FALSE,TRUE,partial,NA,NA,https://docs.google.com/document/d/1rpdzAbKhGf-SUWOFidMkU2ysFBzHJz-_7jm5rBcQUEg/edit?usp=drivesdk,1,Data Analytic Replication,Data Analytic Replication,NA,NA,NA
28gg6,2Ypg,dq4k9,sociology,FALSE,FALSE,no,FALSE,TRUE,partial,NA,NA,https://docs.google.com/document/d/1tCaVKPlszGfciVB8ZTMlyfZumfGt4Zd0ZBemtjxQCrE/edit?usp=drivesdk,1,Data Analytic Replication,Data Analytic Replication,NA,T,"DAR has prereg and no outcomes, SDR has neither"
2wmk2,P8Ab,6q87t,sociology,FALSE,FALSE,no,FALSE,TRUE,minimal,NA,NA,https://docs.google.com/document/d/19Tft13yHcfklfIbHzp8o24dAf4Y6EA4u6Hlxu1mHT8M/edit?usp=drivesdk,1,Data Analytic Replication,Data Analytic Replication,NA,T,"DAR has prereg and no outcomes, SDR has neither; note that DAR progress is minimal"
z2416,7ybJ,w2ahm,economics,FALSE,FALSE,no,FALSE,TRUE,approve,TRUE,NA,https://docs.google.com/document/d/1Aex0UjpnxpsWoK2v3Bvkmvee7aAP9mZoZuxbWdfwxU0/edit?usp=drivesdk,1,Direct Replication,Direct Replication,NA,NA,NA
y2312,J4W9,yg7d2,economics,FALSE,TRUE,NA,FALSE,TRUE,complete,TRUE,NA,https://docs.google.com/document/d/1bhdHOeX2ecs3Jxjto7kgzZ4-pX3bHXOs0qP-UjF2M5Q/edit?usp=drivesdk,1,Direct Replication,Direct Replication,NA,NA,NA
468,eRbK,qf4c2,psychology,FALSE,FALSE,no,FALSE,TRUE,complete,TRUE,NA,https://docs.google.com/document/d/1-FgWmQwrnmHlSB5IKmkfZ4z4kB2T9ahbpgboEhrZaSY/edit?usp=drivesdk,1,Direct Replication,Direct Replication,NA,NA,NA
99yg,9Yqy,xh4eq,marketing/org behavior,FALSE,FALSE,no,FALSE,TRUE,approve,NA,NA,https://docs.google.com/document/d/1zT0BCJFGvsMmdMhv2u-cms-uw1WbC0kdEuNfuujmmrY/edit?usp=drivesdk,1,Direct Replication,Direct Replication,NA,NA,NA
4968,ppz8,4cgdw,sociology,FALSE,FALSE,no,FALSE,TRUE,partial,TRUE,NA,https://docs.google.com/document/d/1eW64Xhj_NXnBW7sePfFXzlUm17lFSZeVbK5kvrNIm2c/edit?usp=drivesdk,1,Data Analytic Replication,Data Analytic Replication,NA,NA,NA
41y2,0PZl,5chvj,political science,FALSE,FALSE,no,FALSE,TRUE,partial,TRUE,NA,https://docs.google.com/document/d/15S6BxZF9TFDjIVq_6rIc2B4ZlQ7JJSOudXvcxnFaNq0/edit?usp=drivesdk,1,"Data Analytic Replication, Hybrid, Source Data Reproduction",Data Analytic Replication,NA,NA,NA
5738,EJpm,7zn4v,sociology,FALSE,FALSE,no,FALSE,TRUE,partial,TRUE,NA,https://docs.google.com/document/d/1JfhKLJ_5Icxdl0n6zAf6O-CCcO3vFsoJCKwSFiKPJxE/edit?usp=drivesdk,1,Data Analytic Replication (undefined),Data Analytic Replication,NA,NA,NA
4100,1574,k9geu,economics,FALSE,FALSE,no,FALSE,NA,NA,TRUE,NA,NA,0,Direct Replication,Direct Replication,NA,NA,NA
94yy,V3pK,na5kq,covid,FALSE,FALSE,yes,FALSE,NA,NA,TRUE,fxj62,NA,0,Push Button Reproduction,Push Button Reproduction,NA,NA,NA
994g,E32j,9c5sm,covid,FALSE,FALSE,yes,FALSE,NA,NA,TRUE,u32mx,NA,0,Push Button Reproduction,Push Button Reproduction,NA,NA,NA
50m6,2Nzk,r9bdx,covid,FALSE,FALSE,yes,FALSE,NA,NA,TRUE,z72rh,NA,0,Push Button Reproduction,Push Button Reproduction,NA,NA,NA
7226,Pxp7,u3th5,political science,FALSE,FALSE,yes,FALSE,NA,NA,TRUE,82c5n,NA,0,Push Button Reproduction,Push Button Reproduction,NA,NA,NA
2zmg,VRKK,2z6j4,economics,FALSE,FALSE,yes,FALSE,NA,NA,TRUE,ydm2b,NA,0,Push Button Reproduction,Push Button Reproduction,NA,NA,NA
5066,0P4r,ysncd,political science,FALSE,FALSE,yes,FALSE,NA,NA,TRUE,8jnz2,NA,0,Push Button Reproduction,Push Button Reproduction,NA,NA,NA
kzmz,DDj2,k9pvw,economics,FALSE,FALSE,yes,FALSE,NA,NA,TRUE,ew2ad,NA,0,Push Button Reproduction,Push Button Reproduction,NA,NA,NA
gy3z,WLkV,mjb97,economics,FALSE,FALSE,yes,FALSE,NA,NA,TRUE,g26fh,NA,0,Push Button Reproduction,Push Button Reproduction,NA,NA,NA
y486,9OK1,ka496,economics,FALSE,FALSE,yes,FALSE,NA,NA,TRUE,hr57s,NA,0,Push Button Reproduction,Push Button Reproduction,NA,NA,NA
2zk7,QYNq,8wf3h,economics,FALSE,FALSE,yes,FALSE,NA,NA,TRUE,y9mcu,NA,0,Push Button Reproduction,Push Button Reproduction,NA,NA,NA
285g,8R9d,tq2z6,psychology,FALSE,FALSE,yes,FALSE,NA,NA,TRUE,6hs3w,NA,0,Push Button Reproduction,Push Button Reproduction,NA,NA,NA
y4m6,GJe4,mkr6p,sociology,FALSE,FALSE,yes,FALSE,NA,NA,TRUE,zqsyu,NA,0,Push Button Reproduction,Push Button Reproduction,NA,NA,NA
k1yz,qXX2,ezhcs,sociology,FALSE,FALSE,yes,FALSE,NA,NA,TRUE,gfah6,NA,0,Push Button Reproduction,Push Button Reproduction,NA,NA,NA
317z,J7Z2,x9f3m,sociology,FALSE,FALSE,no,FALSE,NA,NA,TRUE,NA,NA,0,Data Analytic Replication (undefined),Data Analytic Replication,NA,NA,seems to be closely associated with rv724
y041,LbEB,jpu9q,psychology,FALSE,FALSE,yes,FALSE,NA,NA,TRUE,xvfkw,NA,0,Push Button Reproduction,Push Button Reproduction,NA,NA,NA
17y4,R0ak,6wfmz,political science,FALSE,FALSE,yes,FALSE,NA,NA,TRUE,7fsbx,NA,0,Push Button Reproduction,Push Button Reproduction,NA,NA,NA
y7g1,mJDj,u5d2y,psychology,FALSE,TRUE,NA,FALSE,NA,NA,TRUE,NA,NA,0,Data Analytic Replication,Data Analytic Replication,NA,NA,many labs aggregration
6o4o5,8wZ0,fxcey,psychology,FALSE,TRUE,NA,FALSE,NA,NA,NA,NA,NA,0,Direct Replication,Direct Replication,NA,NA,NA
6o4z5,AgO1,hfdxs,economics,FALSE,TRUE,NA,FALSE,NA,NA,NA,NA,NA,0,Direct Replication,Direct Replication,NA,NA,NA
6917o,AvOr,pbf7c,psychology,FALSE,TRUE,NA,FALSE,NA,NA,NA,NA,NA,0,Direct Replication,Direct Replication,NA,NA,NA
65k41,Br0x,5h74q,psychology,FALSE,TRUE,NA,FALSE,NA,NA,NA,NA,NA,0,Direct Replication,Direct Replication,NA,NA,NA
2kk4o,EQxa,s836p,psychology,FALSE,TRUE,NA,FALSE,NA,NA,NA,NA,NA,0,Direct Replication,Direct Replication,NA,NA,NA
6914o,J7ek,tujvk,psychology,FALSE,TRUE,NA,FALSE,NA,NA,NA,NA,NA,0,Direct Replication,Direct Replication,NA,NA,NA
2kk9o,LyLd,5kpaz,economics,FALSE,TRUE,NA,FALSE,NA,NA,NA,NA,NA,0,Data Analytic Replication,Data Analytic Replication,NA,NA,NA
243yy,plLK,d3ukm,marketing/org behavior,FALSE,TRUE,NA,FALSE,NA,NA,NA,NA,NA,0,Direct Replication,Direct Replication,NA,NA,NA
23my4,rjb,dgqtb,psychology,FALSE,TRUE,NA,FALSE,NA,NA,NA,NA,NA,0,Direct Replication,Direct Replication,NA,NA,NA
69z12,zekm,9xkuj,marketing/org behavior,FALSE,TRUE,NA,FALSE,NA,NA,NA,NA,NA,0,Direct Replication,Direct Replication,NA,NA,NA
21zyw,zlBL,q3dn5,psychology,FALSE,TRUE,NA,FALSE,NA,NA,NA,NA,NA,0,Data Analytic Replication,Data Analytic Replication,NA,NA,NA
2wgy9,zlm2,qy62r,psychology,FALSE,TRUE,NA,FALSE,NA,NA,NA,NA,NA,0,Direct Replication,Direct Replication,NA,NA,NA
67m16,7WjP,gnrvf,psychology,FALSE,FALSE,no,FALSE,NA,NA,TRUE,NA,NA,0,Push Button Reproduction,Push Button Reproduction,NA,NA,NA
6om46,Blxd,9avck,education,FALSE,FALSE,no,FALSE,NA,NA,TRUE,NA,NA,0,Push Button Reproduction,Push Button Reproduction,NA,NA,NA
21444,88xa,frwyc,psychology,FALSE,FALSE,no,FALSE,NA,NA,TRUE,NA,NA,0,Author Data Reproduction,Author Data Reproduction,T,NA,gleaned from minted sheet
281k5,9ey,253zd,marketing/org behavior,FALSE,TRUE,NA,FALSE,NA,NA,TRUE,NA,NA,0,Author Data Reproduction,Author Data Reproduction,NA,NA,NA
