session_id,Religion,Condition,ConditionNumeric,Error,TooFast,ChristJewBIAT,ChristIslamBIAT,ChristHinduBIAT,JewIslamBIAT,JewHinduBIAT,IslamHinduBIAT,ChristImp,IslamImp,JewImp,HinduImp,ChristJewExp,ChristIslamExp,ChristHinduExp,JewIslamExp,JewHinduExp,IslamHinduExp,ChristExpAgg,HinduExpAgg,JewExpAgg,IslamExpAgg,Ethnicity,Race,religionid,citizenship,residence,Age,Gender,CondxCJBIAT,CondxCHBIAT,Conservatism,PartGroup
2419813,Christian,bad,-1,.380208333333333,.114583333333333,-.47080779238593,-.448744191605394,.152287317197264,-.641611515820651,-.131368883008842,.0342482599015965,-.255754888931353,.374867989109214,-.100724202147854,-.0183888980300062,0,3,1,2,1,-1,1.33333333333333,-.333333333333333,1,-2,2,White,2,us,us,20,m,.47080779238593,-.152287317197264,-1,Christian
2419851,Muslim,bad,-1,.115183246073298,0,-.124397355616573,-.143826186081928,-.455184082297172,.00882499925836861,.46197148543723,.719281947773294,-.241135874665224,.284761044865618,.198397946770724,-.242023116971118,0,0,0,0,0,0,0,0,0,0,2,Black or African American,2,us,sm,42,m,.124397355616573,.455184082297172,2,Non-Christian
2420232,Christian,bad,-1,.15625,0,.523476176568837,1.05031450156244,-.155736285957411,.297680109878071,-.146378209388927,-.138443129636729,.472684797391288,-.495479247025746,-.124058092026565,.146852541661022,1,1,1,0,0,0,1,-.333333333333333,-.333333333333333,-.333333333333333,3,East Asian,3,pk,ca,31,m,-.523476176568837,.155736285957411,0,Christian
2420447,Christian,bad,-1,.0677083333333333,0,.826851415913095,.436426058660197,.397074591999908,-.0118827802957408,-.473538593523474,-.665071681304442,.553450688857733,-.363204986556299,-.437424263244103,.247178560942669,2,3,3,2,1,1,2.66666666666667,-1.66666666666667,.333333333333333,-1.33333333333333,2,White,3,us,us,22,f,-.826851415913095,-.397074591999908,1,Christian
2420768,Christian,good,1,.130890052356021,0,.650946467958739,.688302637651924,.174837726072471,.129194329916362,.660260408630587,.209315891090286,.504695610561045,-.202727025492667,.0461694235294033,-.348138008597781,3,3,3,2,2,-2,3,-1,.333333333333333,-2.33333333333333,2,White,1,us,sm,21,m,.650946467958739,.174837726072471,2,Christian
2420998,Muslim,good,1,.0520833333333333,0,.00599946779726993,-.0853635923632141,1.30016982946357,-.0744012483283807,-.387500988404043,.474631449738999,.406935234965876,.211465430143531,-.155967234843231,-.462433430266176,0,0,0,0,0,0,0,0,0,0,2,White,3,ch,ch,31,f,.00599946779726993,1.30016982946357,0,Non-Christian
2421116,Hindu,good,1,.347593582887701,.176470588235294,1.44238741532024,-.102082382286497,.0243472777610197,-.182129791796476,-1.66485440638066,.941670167615597,.454884103598254,.408627447232857,-1.09645720449912,.232945653668013,0,0,0,0,0,0,0,0,0,0,1,East Asian,3,in,in,31,m,1.44238741532024,.0243472777610197,0,Non-Christian
2421445,Christian,good,1,.0729166666666667,0,.325697988876852,.864517557259768,.729270172196048,-.602049590164851,.0466121012664228,-.382324141572078,.639828572777556,-.214930702888999,-.293711825925093,-.131186043963464,0,1,0,2,0,-1,.333333333333333,.333333333333333,.666666666666667,-1.33333333333333,2,White,1,us,us,48,m,.325697988876852,.729270172196048,-2,Christian
2421845,Christian,bad,-1,.125,0, , ,-.0871734728808632,.0165104558145619, , , , , , , , , , , , , , , , ,2,White,2,us,us,41,f, ,.0871734728808632,-1,Christian
2422061,Christian,bad,-1,.0989583333333333,0,.0846548828798151,.302599549436971,.246324879290132,-.162756850855062,.612353529438527,-.136323099003762,.211193103868973,-.0920552658618901,.12164726523455,-.240785103241632,0,0,0,0,0,0,0,0,0,0,2,More than one race - Other,2,us,sm,44,f,-.0846548828798151,-.246324879290132,0,Christian
2422159,Christian,good,1,.125,0,.800353577092137,1.23150608564271,.8601697030885,.27971084973388,.970976671295959,-.620877596976507,.964009788607782,-.710698177451032,.150111314645901,-.403422925802651, , , , , , , , , , ,2,Black or African American,3,lr,lr,31,f,.800353577092137,.8601697030885,-3,Christian
2422460,Jewish,good,1,.015625,0,-.524420174272378,.965033212410803,.801322984572603,.820924899959015,.741234595935808,.313253538369025,.41397867423701,-.490901524666931,.6955265567224,-.618603706292479,-2,3,2,-3,2,-1,1,-1,.333333333333333,-.333333333333333,2,Other or Unknown,3,us,sm,20,m,-.524420174272378,.801322984572603,2,Non-Christian
2422567,Muslim,good,1,.161458333333333,0,.0878388710612278,-.576404087346352,.0127094104558117,-.16935340871173,-.163478388065984,.681864972356682,-.158618601943104,.475874156138255,-.140223555946314,-.177031998248837,-3,-3,-3,-3,-2,3,-3,.666666666666667,-.666666666666667,3,2,South Asian,3,us,sm,19,f,.0878388710612278,.0127094104558117,0,Non-Christian
2422805,Christian,good,1,.03125,0,.0477379171470695,.406065396192177,.596029311527803,-.0924409218161556,.625491818059772,.641363437679149,.349944208289017,.109246321101043,.161770993032182,-.620961522422241,1,1,1,1,1,1,1,-1,.333333333333333,-.333333333333333,2,White,4,us,us,54,f,.0477379171470695,.596029311527803,-2,Christian
2423061,Muslim,good,1,.0833333333333333,0,.0513226520328786,-.293008081108212,.128133115940961,-.741824904797532,-.462363691109839,.686136110239236,-.0378507710447907,.57365636538166,-.418503749313416,-.117301845023453,2,-3,3,-3,-3,0,.666666666666667,0,-2.66666666666667,2,2,South Asian,1,us,sm,22,m,.0513226520328786,.128133115940961,-2,Non-Christian
2423306,Hindu,bad,-1,.0208333333333333,0,.571864143663115,-.543214038787643,-.628206312373899,1.22455353427215,-.908600082665697,-.647316714886334,-.199852069166142,-.442885403456948,-.0853035640188864,.728041036641977,0,0,-1,0,-1,-1,-.333333333333333,1,-.333333333333333,-.333333333333333,2,South Asian,4,us,sm,43,m,-.571864143663115,.628206312373899,-3,Non-Christian
2423455,Christian,bad,-1,.0989583333333333,0,-.604765562153945,.0810508530402894,1.14471305751114,.303541727667222,-.30073002184071,.660690405387654,.206999449465827,.0920326082267143,.202525755993485,-.501557813686026,0,0,1,0,0,0,.333333333333333,-.333333333333333,0,0,2,White,3,us,us,22,m,.604765562153945,-1.14471305751114,1,Christian
2423476,Christian,good,1,.0364583333333333,0,-.213472950666767,-.0768250681867753,.73120775086713,-.196898804823995,-.179847639048618,.709876277755348,.146969910671196,.327866716922039,-.0544244977352822,-.420412129857953,1,-1,-1,-1,-1,0,-.333333333333333,.666666666666667,-1,.666666666666667,2,White,1,uk,uk,33,f,-.213472950666767,.73120775086713,-2,Christian
2423635,Muslim,bad,-1,.0572916666666667,0,.0744793071438514,.253129282625033,-.744082353157716,-.622774383742651,.336032564243533,.137520240970766,-.138824587796277,.169055114029461,-.120407042214323,.090176515981139,0,0,0,0,0,0,0,0,0,0,2,White,2,au,au,33,m,-.0744793071438514,.744082353157716,-3,Non-Christian
2423651,Christian,bad,-1, , , , , , , , , , , , ,0,0,0,0,0,0,0,0,0,0,2,White,2,us,sm,38,m, , ,0,Christian
2423939,Christian,bad,-1,.130208333333333,0,.358160034726177,-.407471775721211,-.113645919638299,.857037594950818,.489830164332043,-.109650270547025,-.0543192202111107,-.186405363258877,.329569241518894,-.0888446580489064,0,0,0,0,0,0,0,0,0,0,2,White,1,us,us,20,f,-.358160034726177,.113645919638299,3,Christian
2423997,Hindu,good,1,.0837696335078534,.00523560209424084,.615954436299126,-.180377224894942,.112801398511556,-.0324473760598672,-1.02513940082596,-.822263520428015,.182792869971913,-.203146306491069,-.557847071061651,.578200507580806,0,0,0,0,0,-3,0,1,0,-1,2,South Asian,3,us,sm,19,f,.615954436299126,.112801398511556,0,Non-Christian
2424199,Christian,bad,-1,.03125,0,.00681872247696148,-.000777887595934454,.83083798289552,-.802097964793233,.245386845590829,.467392320327008,.278959605925516,.423422724238725,-.187843280559788,-.514539049604452,-1,1,1,1,0,0,.333333333333333,-.333333333333333,.666666666666667,-.666666666666667,2,White,1,za,au,30,f,-.00681872247696148,-.83083798289552,-3,Christian
2424667,Christian,good,1,.09375,0,-.382177756215413,.517466792242308,.583887074959623,-.537471011545451,-.284415541544443,-.726071963386891,.239725370328839,-.235355914694582,-.14656959895816,.142200143323903,3,0,1,0,0,0,1.33333333333333,-.333333333333333,-1,0,.,White,3,us,sm,20,f,-.382177756215413,.583887074959623,-1,Christian
2424743,Christian,good,1,.09375,0,.208520025488318,.874284315504678,-.0686667209532242,.627994084803324,-.502003017069958,.311463459269691,.338045873346591,-.396938313679437,-.0275096525849838,.0864020929178303,0,0,0,0,0,0,0,0,0,0,2,White,3,us,sm,22,f,.208520025488318,-.0686667209532242,-2,Christian
2424881,Jewish,bad,-1, , , , , , , , , , , , ,-1,-1,-1,0,-1,-1,-1,1,0,0,2,White,2,us,ar,27,f, , ,-3,Non-Christian
2424926,Hindu,bad,-1,.15625,0,.202789180382473,-.489315908122562,.415432836781932,-.569960306391367,.457896027615922,-.570976330592524,.0429687030139474,.162766627973801,-.104951153052639,-.10078417793511,0,0,-3,0,-2,3,-1,.666666666666667,-.666666666666667,1,.,South Asian,3,in,in,22,m,-.202789180382473,-.415432836781932,-2,Non-Christian
2425036,Muslim,good,1, , , , , , , , , , , , ,0,0,0,0,0,0,0,0,0,0,2,More than one race - Other,1,us,sm,20,m, , , ,Non-Christian
2425164,Hindu,bad,-1,.0677083333333333,0,.127942946477729,.335277653841845,-.702307026896107,.301113445993259,-.780025429825893,.140479874232293,-.0796954755255111,-.165303741867604,-.202284976770121,.447284194163236,0,0,-3,0,-3,-1,-1,2.33333333333333,-1,-.333333333333333,2,South Asian,2,in,in,23,m,-.127942946477729,.702307026896107,0,Non-Christian
2425173,Christian,good,1,.00520833333333333,0,.597075636583683,.543462945515214,-.372779110640538,-.359979665272179,.137143599409801,-.180181728422719,.255919823819453,-.121221669555251,-.273303900815354,.138605746551152,0,0,0,0,0,0,0,0,0,0,2,White,1,uk,uk,55,m,.597075636583683,-.372779110640538,-2,Christian
2425358,Christian,bad,-1, , , , , , , , , , , , ,1,2,1,0,0,0,1.33333333333333,-.333333333333333,-.333333333333333,-.666666666666667,1,White,3,pe,pe,39,m, , ,0,Christian
2425409,Hindu,good,1,.244791666666667,0,-.193070595626367,.00610642925837424,-1.04387851641537,.683299312446611,-.948709077854865,-.174140263550506,-.410280894261122,-.287848668418497,-.0241130565939627,.722242619273582,1,1,-1,0,0,0,.333333333333333,.333333333333333,-.333333333333333,-.333333333333333,3,South Asian,2,in,in,26,m,-.193070595626367,-1.04387851641537,0,Non-Christian
2425551,Hindu,bad,-1, , , , , , , , , , , , ,0,0,-1,0,-1,0,-.333333333333333,.666666666666667,-.333333333333333,0,3,More than one race - Black/White,2,us,sm,20,f, , ,-3,Non-Christian
2425567,Christian,good,1,.0104166666666667,0,.337603113626026,.786345840523269,1.02723086684137,.604233312909803,.059290565660897,-.491779298334089,.717059940330222,-.62745281725572,.108640254981558,-.19824737805606,0,0,0,0,0,0,0,0,0,0,2,White,3,us,sm,49,f,.337603113626026,1.02723086684137,-2,Christian
2425601,Jewish,bad,-1,.0416666666666667,0,-.39075060381704,.31255541223333,.492470473196735,1.07488088253043,.390058572679746,-.5506230141525,.138091760537675,-.646019769638753,.618563353009071,-.110635343907994,-2,1,-1,2,3,0,-.666666666666667,-.666666666666667,2.33333333333333,-1,2,White,2,us,sm,24,m,.39075060381704,-.492470473196735,-2,Non-Christian
2425621,Jewish,good,1,.208333333333333,.0208333333333333,.38871105075311,.686447365630512,.592162950880517,.576288840925285,.321609058369171,.24626560415009,.555773789088046,-.338823534135236,.169728949513782,-.386679204466593,0,0,0,1,1,1,0,-.666666666666667,.666666666666667,0,2,White,4,us,us,26,m,.38871105075311,.592162950880517,-3,Non-Christian
2425651,Christian,good,1,.146596858638743,.0157068062827225,.23009800967887,1.23482068765529,1.01027375606886,-.195118314550702,.460275182436364,-.840962575722069,.82506415113434,-.626888316275551,.0116862860689304,-.209862120927719,2,3,3,1,1,-1,2.66666666666667,-1,0,-1.66666666666667,2,White,3,us,sm,23,f,.23009800967887,1.01027375606886,0,Christian
2425730,Hindu,bad,-1,.135416666666667,0,1.02885102850637,.316939803159236,-.169083764093955,.787969506984288,-.291684012173774,-.239678868452803,.392235689190552,-.448196059532109,-.177521844565287,.233482214906844,1,1,1, ,-1,-1,1,.333333333333333, , ,2,South Asian,1,in,sm,19,m,-1.02885102850637,.169083764093955,0,Non-Christian
2425757,Christian,good,1,.0104166666666667,0, , ,-.142665343593612,-.0778513931149071, , , , , , , , , , , , , , , , ,2,Black or African American,4,us,us,40,f, ,-.142665343593612,0,Christian
2425766,Hindu,good,1,.230366492146597,.00523560209424084,.684503026770658,.790776854018686,.0928827891006149,-.077668532482239,-.3164196405872,.072745422868381,.522720889963319,-.213454299556022,-.359530399946699,.0502638095394012,0,0,0,0,0,0,0,0,0,0,2,White,1,us,us,29,f,.684503026770658,.0928827891006149,3,Non-Christian
2425885,Hindu,bad,-1,.0416666666666667,0,-.0306372615928798,.943069783061597,-.404370161710622,-.13426069311886,-.565361223623322,-.829505300672578,.169354119919365,-.546104796871772,-.222994885049767,.599745562002174,0,2,0,3,0,-3,.666666666666667,1,1,-2.66666666666667,3,South Asian,2,in,in,22,m,.0306372615928798,.404370161710622,0,Non-Christian
2426176,Christian,good,1,.0677083333333333,0,.886324879502453,1.28036682217934,1.18312307656985,.218511597202898,-.081421208900547,-.269320865044088,1.11660492608388,-.589399761475441,-.249744830400034,-.277460334208404,2,2,0,0,0,0,1.33333333333333,0,-.666666666666667,-.666666666666667,2,White,2,us,sm,20,f,.886324879502453,1.18312307656985,0,Christian
2426204,Christian,bad,-1,.0729166666666667,.00520833333333333,.250037735193636,-.0101872986900066,.0869245895340529,.576733167080572,-.707374789452075,.384206565946851,.108925008679227,-.0607797674812381,-.12689311918838,.0787478779903903,1,3,3,2,2,-2,2.33333333333333,-1,1,-2.33333333333333,2,White,3,us,sm,66,f,-.250037735193636,-.0869245895340529,2,Christian
2426207,Jewish,bad,-1,.411458333333333,.00520833333333333,.376171431061146,-.224461977690803,-.104193077218119,.141549883365586,.0335293383341144,.0535288390837264,.0158387920507411,.0454803111363144,-.067030736453815,.00571163326675948,-2,3,3,3,3,0,1.33333333333333,-2,2.66666666666667,-2,2,White,2,us,us,54,f,-.376171431061146,.104193077218119,0,Non-Christian
2426510,Muslim,bad,-1, , , , , , , , , , , , ,0,-2,1,-2,1,2,-.333333333333333,-1.33333333333333,-.333333333333333,2,2,Black or African American,2,tz,ca,18,f, , ,0,Non-Christian
2426782,Christian,bad,-1,.109375,0,.242417322660438,.561922538330265,.296901884530772,.596098344951938,.0149797171694688,-.406110129419387,.367080581840492,-.521377004233863,.122886913153656,.0314095092397155,0,1,0,1,0,-1,.333333333333333,.333333333333333,.333333333333333,-1,2,White,2,us,us,25,f,-.242417322660438,-.296901884530772,-1,Christian
2427221,Christian,good,1,.192708333333333,0,.68447014703346,.72257011498866,.723221156334196,-.111661945131969,.726767829605059,.17264905074958,.710087139452105,-.146086373035704,-.0231214208534569,-.540879345562945,3,2,3,1,1,0,2.66666666666667,-1.33333333333333,-.333333333333333,-1,2,White,2,us,sm,18,m,.68447014703346,.723221156334196,0,Christian
2427415,Hindu,good,1, , , , , , , , , , , , ,-1,3,-3,3,-3,-3,-.333333333333333,3,.333333333333333,-3,2,South Asian,4,us,us,44,f, , ,-3,Non-Christian
2427480,Hindu,bad,-1, , , , , , , , , , , , ,0,2,0,2,3,-2,.666666666666667,-.333333333333333,1.66666666666667,-2,3,South Asian,2,in,in,22,m, , ,-2,Non-Christian
2427744,Christian,good,1,.201388888888889,.0208333333333333,.431415305765559, ,.542697073357165,.0814469754841863, ,-.252261875041922, , , , ,0,0,1,0,0,0,.333333333333333,-.333333333333333,0,0,2,East Asian,4,us,us,20,f,.431415305765559,.542697073357165,2,Christian
2428022,Jewish,good,1,.0677083333333333,0,.0844214246009848,1.14669112694289,.296800853141574,-.267253449196566,-.226171908311467,-.115573568479813,.509304468228484,-.331670415408714,-.192615594036339,.0149815412165686,-1,0,0,1,0,0,-.333333333333333,0,.666666666666667,-.333333333333333,2,White,2,us,us,31,f,.0844214246009848,.296800853141574,-3,Non-Christian
2428451,Jewish,good,1,.0677083333333333,0,-.199431033641381,.0444901850572876,-.108556955331916,.359643512242433,.0123068630870731,-.164938778842269,-.0878326013053364,-.189690825380663,.190460469656963,.0870629570290373,0,0,0,0,0,0,0,0,0,0,2,White,3,us,us,49,f,-.199431033641381,-.108556955331916,-2,Non-Christian
2428866,Christian,bad,-1,.25,0,.715781888080192,.991112729748701,1.02063166453229,.0155815130997085,.670444843641241,-.218319068821848,.909175427453729,-.408337770556752,-.00991851044641427,-.490919146450562,0,0,0,0,0,-1,0,.333333333333333,0,-.333333333333333,1,Other or Unknown,4,us,us,34,f,-.715781888080192,-1.02063166453229,-2,Christian
2428898,Christian,good,1,.255208333333333,0,.357128718006281,.957202651259455,.562733426494703,.763262651300291,.5439418811781,-1.07204288079665,.62568826525348,-.9308360611188,.31669193815737,-.01154414229205,0,3,0,3,0,0,1,0,1,-2,2,White,2,us,us,19,m,.357128718006281,.562733426494703,-2,Christian
2429201,Christian,bad,-1,.317708333333333,0,.225647555418605,1.05764440506268,.266441255364439,.0545080422794782,-.179384874428629,-.0158671276616323,.516577738615243,-.376006525001265,-.116841462522585,-.0237297510913926,0,0,0,0,0,0,0,0,0,0,2,Black or African American,3,us,us,42,m,-.225647555418605,-.266441255364439,2,Christian
2429330,Christian,good,1,.114583333333333,0,.315130722437524,.973153487984213,.600969590089846,.110353285866377,.643611943146118,-.0188364046833282,.629751266837194,-.367447726177973,.146278168858324,-.408581709517545,0,0,0,0,0,0,0,0,0,0,2,White,1,us,sm,29,f,.315130722437524,.600969590089846,-2,Christian
2429493,Christian,bad,-1,.166666666666667,0,.87654878057451,-.00172487659155274,.107274880492407,.0329831224611833,.6302804599528,-.11090500285261,.327366261491788,-.0473877495740801,-.0710950660535091,-.208883445864199,1,2,2,0,0,0,1.66666666666667,-.666666666666667,-.333333333333333,-.666666666666667,2,White,2,us,us,19,f,-.87654878057451,-.107274880492407,0,Christian
2429585,Jewish,good,1,.109375,0,-.733738350123367,.484299743357363,.309588141098026,.35707780636555,.528421681688707,-.337141943552504,.0200498447773406,-.392839831091805,.539745946059208,-.166955959744743,0,0,0,0,0,0,0,0,0,0,2,White,3,us,sm,45,f,-.733738350123367,.309588141098026,-2,Non-Christian
2429630,Christian,bad,-1,.140625,0,.0996547075605429,.116720918169045,1.75255582018303,1.237003105378,.82422510377926,.130911235832744,.656310481970874,-.407604262571434,.653857833865572,-.902564053265012,1,3,3,3,3,-3,2.33333333333333,-1,1.66666666666667,-3,2,White,4,us,us,55,f,-.0996547075605429,-1.75255582018303,3,Christian
2429670,Jewish,good,1,.015625,0,-.348390917105346,1.10337268198926,.084468415929926,.663756760144776,.457454597683037,-.244506571346076,.279816726937947,-.670545337826704,.48986742497772,-.0991388140889623,-3, , , , , , , , , ,2,White,2,us,us,44,f,-.348390917105346,.084468415929926,-2,Non-Christian
2429810,Christian,good,1,.0885416666666667,0,1.20364157815922,.703815247512047,1.00539616292812,.818907514491829,.357578384419399,-.0766799534068867,.970950996199796,-.533134238470254,-.00905189308266337,-.428764864646878,0,0,0,0,0,0,0,0,0,0,2,Black or African American,2,us,us,38,f,1.20364157815922,1.00539616292812,-3,Christian
2429930,Christian,good,1,.21875,0,.775370649561392,.883264359274219,1.0234661500058,.38946562289004,.523986916100942,-.440142181410985,.894033719613802,-.570957387858414,.0460272964765298,-.369103628231918,0,0,0,0,0,0,0,0,0,0,2,Black or African American,4,us,us,18,f,.775370649561392,1.0234661500058,2,Christian
2430275,Hindu,bad,-1,.0625,0,.133938340816861,.195023326470055,.696097851425077,-.0288614523204837,-.102232540571322,-.221775998259125,.341686506237331,-.129312624136232,-.088344111236222,-.124029770864877,0,0,0,0,0,0,0,0,0,0,.,South Asian,3,in,in,20,m,-.133938340816861,-.696097851425077,-2,Non-Christian
2430359,Christian,good,1,.382198952879581,.298429319371728,.282162139719036,-.294081436675318,-.66503471921759,.649150272562385,.639407330160795,.850316795871393,-.225651338724624,.165082653328109,.335465154334715,-.274896468938199,0,0,0,0,0,0,0,0,0,0,1,Other or Unknown,3,us,sm,24,f,.282162139719036,-.66503471921759,0,Christian
2430380,Hindu,good,1,.0416666666666667,0,-.479622847924251,-.247019150507998,-.381077006031484,-.0569425843036635,-.292872470651533,-.572537563524187,-.369239668154578,-.0895252762375085,.043269264323018,.415495680069068,-1,1,-1,1,0,-1,-.333333333333333,.666666666666667,.666666666666667,-1,2,South Asian,2,in,us,28,f,-.479622847924251,-.381077006031484,1,Non-Christian
2430384,Christian,bad,-1,.151041666666667,0,-.173851735717417,.204629012484964,.540972563653881,-.0161300789286283,-.000535072989722892,.198975287894172,.190583280140476,.00349211811261216,.052395527933022,-.24647092618611,1,2,2,2,0,-2,1.66666666666667,0,.333333333333333,-2,3,White,3,us,us,19,f,.173851735717417,-.540972563653881,2,Christian
2430506,Jewish,good,1,.0625,0,-.39112473238147,-.676919898913536,-.610257269900126,.142690592190644,.485909300959102,.267370767832894,-.559433967065044,.267200024851929,.339908208510405,-.04767426629729,-2,0,-1,2,1,-1,-1,.333333333333333,1.66666666666667,-1,2,White,1,us,sm,47,f,-.39112473238147,-.610257269900126,-3,Non-Christian
2430627,Christian,good,1, , , , , , , , , , , , ,0,0,0,0,0,0,0,0,0,0,.,White,2,uk,sm,56,f, , ,2,Christian
2430656,Jewish,good,1,.0625,0,-.448433636311546,-.0732700781154942,.164253153790543,.235127607557384,.0832667875868833,.182904078678963,-.119150186878833,.00701551641235775,.255609343818605,-.14347467335213,-1,0,-1,1,1,0,-.666666666666667,0,1,-.333333333333333,2,White,2,us,sm,32,m,-.448433636311546,.164253153790543,-3,Non-Christian
2430673,Hindu,good,1, , , , , , , , , , , , ,2,1,-2,-1,-3,-3,.333333333333333,2.66666666666667,-2,-1,1,White,3,br,br,41,m, , ,2,Non-Christian
2430684,Muslim,good,1,.09375,0,-.259926701083804,-.858287099500022,.081185343550465,-.590893197846363,.30149637814859,.039093884687281,-.345676152344454,.496091394011222,-.0098233728713227,-.140591868795445,0,-1,1,-1,2,2,0,-1.66666666666667,.333333333333333,1.33333333333333,3,Other or Unknown,3,us,us,18,f,-.259926701083804,.081185343550465,0,Non-Christian
2430715,Jewish,good,1,.3125,.015625,.288432305156303,-.571733991947462,.34393128287479,-.00361909578953051,-.0842957387993613,-.0197133977784787,.0202098653612103,.185213229986171,-.125449046581732,-.0799740487656499,3,3,3, ,-3,-3,3,1, , ,1,More than one race - Other,2,us,sm,18,m,.288432305156303,.34393128287479,0,Non-Christian
2430768,Jewish,good,1,.0208333333333333,0,.810377605965956,.646948137528798,-.255210918671205,-.351547402731479,1.15855834899931,.0292277110668932,.40070494160785,-.0887243412434753,-.0011222198993764,-.310858380464998,-1,0,0,1,1,0,-.333333333333333,-.333333333333333,1,-.333333333333333,2,White,3,us,us,50,m,.810377605965956,-.255210918671205,-2,Non-Christian
2431191,Christian,good,1,.171875,0,.197978840775431,.818887825737722,1.08599482253248,.35634064742859,-.0209476780454837,-.610349846358834,.700953829681878,-.595192773175049,.0458047095358916,-.151565766042721,0,3,3,3,3,-3,2,-1,2,-3,2,White,2,us,us,41,f,.197978840775431,1.08599482253248,2,Christian
2431303,Hindu,good,1,.0989583333333333,0,.383363241001494,.112067661976651,-.486641323410508,-.333600593279142,-.653671718059566,-.861964864329802,.00292985985587888,-.213477311009104,-.456878517446734,.667425968599959, , , , , , , , , , ,3,Other or Unknown,1,in,in,29,m,.383363241001494,-.486641323410508,0,Non-Christian
2431312,Christian,bad,-1,.0418848167539267,0,.123247100625476,.961703268264687,.279519722986546,-.734919884509016,.427672947366667,.603745718363164,.454823363958903,.125654111535831,-.143498012589275,-.436979462905459,3,2,2,-3,-3,-1,2.33333333333333,.666666666666667,-3,0,1,Other or Unknown,2,ar,ar,39,f,-.123247100625476,-.279519722986546,0,Christian
2431567,Christian,bad,-1, , , , , , , , , , , , ,2,2,2,2,2,-1,2,-1,.666666666666667,-1.66666666666667,2,White,3,br,br,21,f, , ,0,Christian
2431661,Hindu,bad,-1,.203125,0,.572907491345247,.488594622717023,-.909093287976331,-.301262532213055,-.285368650063507,.0240023517383141,.0508029420286464,-.0544432462552179,-.38651289120727,.390153195433841,0,1,0,1,-1,-1,.333333333333333,.666666666666667,0,-1,2,South Asian,2,us,us,26,f,-.572907491345247,.909093287976331,0,Non-Christian
2431732,Christian,bad,-1,.140625,0,-.204915189093325,.0558258086061714,-.223228657565297,.497182997005047,.287611597184384,-.235120247493177,-.12410601268415,-.262709684368132,.329903261094252,.0569124359580301,0,2,0,1,0,-1,.666666666666667,.333333333333333,.333333333333333,-1.33333333333333,.,White,1,ie,ie,54,f,.204915189093325,.223228657565297,0,Christian
2431770,Christian,good,1,.18848167539267,0,.923684362762522,.585469626047201,1.02782481365212,-.323163623134838,.542662827105082,.642227453401905,.845659600820613,.126640483496514,-.234728386264093,-.737571698053034,0,3,0,3,0,-3,1,1,1,-3,2,White,3,us,us,25,m,.923684362762522,1.02782481365212,0,Christian
2431854,Christian,bad,-1,.473958333333333,.859375, ,1.17734078680477, ,-.353553390593274,-1.63271199307381, , , , , ,0,0,0,1,0,2,0,-.666666666666667,.333333333333333,.333333333333333,2,White,4,us,us,26,f, , ,2,Christian
2431868,Christian,bad,-1,.104166666666667,0,-.617383583361442,-.61759833068471,.204707260463384,-.621740634499255,-.366887167185722,.29887559698615,-.343424884527589,.512738187390038,-.123748072774512,-.0455652300879371,0,0,0,0,0,0,0,0,0,0,1,Other or Unknown,4,gt,us,19,m,.617383583361442,-.204707260463384,0,Christian
2432049,Christian,good,1,.192708333333333,.0416666666666667,1.16206827522571,-.073274309894305,1.03812928987869,.743661206268778,.282976245962957,.309301973305539,.708974418403366,-.120361641022978,-.0451436076646595,-.543469169715729, , , , , , , , , , ,.,Black or African American,2,us,us,21,f,1.16206827522571,1.03812928987869,0,Christian
2432190,Muslim,bad,-1, , , , , , , , , , , , ,0,0,0,0,0,0,0,0,0,0,2,Other or Unknown,3,in,in,25,f, , ,0,Non-Christian
2432191,Christian,bad,-1, , , , , , , , , , , , ,0,0,-1,0,-1,0,-.333333333333333,.666666666666667,-.333333333333333,0,2,White,3,au,au,19,f, , ,-3,Christian
2432260,Hindu,good,1,.046875,0,.395648717098155,.493525976376045,-.81552993613118,.53129208062972,-.568729618442505,-.250292338005435,.0245482524476736,-.425036798337067,-.144362084970313,.544850630859707,0,0,-3,-1,-3,-3,-1,3,-1.33333333333333,-.666666666666667,3,Other or Unknown,4,in,in,32,m,.395648717098155,-.81552993613118,0,Non-Christian
2432285,Hindu,bad,-1,.15625,0,.0422601181290101,-.447420297066985,.162161268555253,.345990088802795,.275347474685195,-1.177241300427,-.0809996367942406,-.358603697387603,.19302581511966,.246577519062183,0,0,0,0,0,0,0,0,0,0,3,East Asian,4,in,in,35,m,-.0422601181290101,-.162161268555253,0,Non-Christian
2432308,Hindu,bad,-1,.0677083333333333,0,-.19135339565616,.413567203041228,-.173444440999533,-.0112913187118515,-.0618826580695296,.00997143909114768,.0162564554618451,-.130768148412743,.0393931396249264,.0751185533259716,3,0,0,0,-1,0,1,.333333333333333,-1.33333333333333,0,.,South Asian,2,in,in,36,m,.19135339565616,.173444440999533,0,Non-Christian
2432448,Christian,good,1,.0989583333333333,0,.0389163229209493,.888586929756326,1.0119619334262,-.279717823823476,-.362241754906831,.383421444409034,.646488395367824,-.0751492205079388,-.226958633883752,-.344380540976133,0,0,0,0,0,0,0,0,0,0,2,White,4,us,us,63,f,.0389163229209493,1.0119619334262,-3,Christian
2432563,Muslim,good,1,.03125,0,.373006025302096,-.707139854473814,.229360349277605,.522194601754608,.0530133853845123,.601483248883698,-.0349244932980376,.262142833867635,.0674006539456748,-.294618994515272,3,0,1,-3,1,3,1.33333333333333,-1.66666666666667,-1.66666666666667,2,3,Other or Unknown,2,jo,jo,35,f,.373006025302096,.229360349277605,0,Non-Christian
2432606,Christian,good,1,.0572916666666667,0,.238039583069069,.777774474052379,.650841451454933,.748252188736665,.37253569491547,.384446668723913,.555551836192127,-.380526664688377,.294249433527689,-.469274605031439, , , , , , , , , , ,2,Black or African American,3,us,us,38,f,.238039583069069,.650841451454933,-3,Christian
2432619,Christian,bad,-1,.104712041884817,0,.552359744782682,-.0495906678524811,-.934878736591906,.538667699340611,-.0919517117387179,1.21006215714594,-.144036553220568,.240328375219269,-.0352145857269295,-.0610772362717713,0,0,2,2,2,0,.666666666666667,-1.33333333333333,1.33333333333333,-.666666666666667,2,White,1,us,sm,20,f,-.552359744782682,.934878736591906,1,Christian
2432658,Christian,bad,-1,0,0, , , , , , , , , , , , , , , , , , , , ,2,White,3,us,us,26,f, , ,1,Christian
2432774,Christian,bad,-1,.0989583333333333,0,-.696677206205186,.678960816773115,1.15086078968547,.384720953346048,.399353712441493,-.121924813220434,.377714800084466,-.395202194446532,.493583957330909,-.476096562968842,0,0,0,0,0,0,0,0,0,0,1,More than one race - Black/White,1,us,us,58,m,.696677206205186,-1.15086078968547,0,Christian
2432817,Christian,bad,-1,.15625,0,.0434861711719483,-.0111832948642699,1.05837144500534,-.44182449050182,-.26072782435216,-.515174782592111,.363558107104341,-.0207223324086735,-.248679495341976,-.0941562793536911,3,3,3,3,3, ,3, ,1, ,2,White,4,us,sm,20,f,-.0434861711719483,-1.05837144500534,3,Christian
2432859,Muslim,good,1,.135416666666667,0,.313634376255618,-.316294974612243,.229825835589213,-.612795213601699,-.0452005324539931,1.50199780832947,.0757217457441958,.810362665514472,-.323876707437103,-.562207703821564, ,-1,0,-3,0,3, ,-1, ,2.33333333333333,3,Other or Unknown,2,uk,uk,52,m,.313634376255618,.229825835589213,0,Non-Christian
2432868,Christian,bad,-1,.03125,0,.516583080966825,.564961645817594,.964857534477355,1.1193902585624,1.14010506824134,-.263511813718369,.682134087087258,-.649287906032789,.580970748612307,-.613816929666776,0,1,1,1,1,0,.666666666666667,-.666666666666667,.666666666666667,-.666666666666667,2,White,2,us,sm,27,f,-.516583080966825,-.964857534477355,-2,Christian
2432908,Christian,bad,-1,.0572916666666667,0,.533242216500457,.429963885523983,-.763647873314513,.430738087798323,-.0268889801280322,-.0316649520010849,.0665194095699756,-.297455641774464,-.043131036276722,.27406726848121,0,1,1,0,1,0,.666666666666667,-.666666666666667,.333333333333333,-.333333333333333,2,White,4,ca,ca,50,f,-.533242216500457,.763647873314513,-2,Christian
2432915,Hindu,good,1, , , , , , , , , , , , ,0,0,0,0,0,0,0,0,0,0,3,South Asian,3,np,np,24,f, , ,0,Non-Christian
2433049,Christian,good,1,.135416666666667,.00520833333333333,.393032574532695,.79988435156788,1.20904130719773,-.421657130698383,-.0589547185010566,-.0576478973786472,.800652744432767,-.145291706082715,-.291214807910712,-.364146230439341,3,3,3,0,0,0,3,-1,-1,-1,2,White,3,us,us,18,f,.393032574532695,1.20904130719773,0,Christian
2433087,Hindu,good,1,.114583333333333,0,.00639205088904679,-.226177724694297,-.798667367420441,.0827026592354466,-.0999792105314014,-1.49467811219096,-.339484347075231,-.45040101557737,-.0078895340616672,.797774896714267,0,1,0,0,0,0,.333333333333333,0,0,-.333333333333333,3,East Asian,3,in,in,34,m,.00639205088904679,-.798667367420441,0,Non-Christian
2433227,Hindu,bad,-1,.208333333333333,.00520833333333333,.373153402609448,.648532227511018,.754507153596909,.366711406790521,-.263775718711814,.119826079368496,.592064261239125,-.298472518311014,-.0900725715102472,-.203519171417864,0,0,-1,1,-1,-1,-.333333333333333,1,0,-.666666666666667,.,South Asian,2,in,us,23,m,-.373153402609448,-.754507153596909, ,Non-Christian
2433233,Hindu,bad,-1,.15625,0,.209113977516624, , , , ,.390389068671347, , , , , , , , , , , , , , ,2,South Asian,3,in,in,32,m,-.209113977516624, ,-2,Non-Christian
2433325,Hindu,good,1,.0572916666666667,0,.0858480765960853,1.32145964109929,-.215018601681164,-.430438454713051,.31680385824763,-.461525507655537,.397429705338069,-.450848898013924,-.0664942243538356,.119913417029691,0,1,0,0,-1,-1,.333333333333333,.666666666666667,-.333333333333333,-.666666666666667,2,South Asian,1,in,in,20,f,.0858480765960853,-.215018601681164,-3,Non-Christian
2433396,Hindu,bad,-1,0,0, , , , , , , , , , ,0,0,2,0,-1,-1,.666666666666667,0,-.333333333333333,-.333333333333333,3,Other or Unknown,2,in,in,32,m, , ,0,Non-Christian
2433680,Hindu,good,1, , , , , , , , , , , , ,0,0,0,0,0,0,0,0,0,0,2,South Asian,3,in,in,41,m, , ,-2,Non-Christian
2433783,Christian,bad,-1,.411458333333333,.114583333333333,.864011861672103,-.187901801331479,.529932628461521,.233099430751771,.248960753866991,1.01831101055887,.402014229600715,.324371127046192,-.127317225684447,-.59906813096246, , , , , , , , , , ,3,Black or African American,3,us,us,18,m,-.864011861672103,-.529932628461521,3,Christian
2433819,Christian,bad,-1,.140625,0,-.0981532815815318,.756329775743661,.554283171307644,.0465399718721806,-1.00121176566625,-.0587931622436626,.404153221823258,-.287220969953168,-.285506170737514,.168573918867424,0,0,0,0,0,0,0,0,0,0,2,White,3,us,sm,19,m,.0981532815815318,-.554283171307644,0,Christian
2434057,Christian,good,1,.421875,.15625,.353518849601195,-.437456935029819,.196441463884894,-.0259590340091555,.0830893895638061,.134931105877446,.0375011261520899,.19944902497214,-.0987961646821813,-.138153986442049, , , , , , , , , , ,1,More than one race - Other,2,us,sm,19,f,.353518849601195,.196441463884894,0,Christian
2434423,Christian,bad,-1,.307291666666667,.125,.19849718571024,1.23452755022063,.146306497889433,.488427431857915,-.0263091570783051,-.363914712835897,.526443744606768,-.695623231638147,.0878736963564565,.081305790674923,0,0,0,1,1,-2,0,.333333333333333,.666666666666667,-1,2,White,4,us,sm,36,f,-.19849718571024,-.146306497889433,3,Christian
2434435,Christian,good,1,.078125,.0260416666666667,-.0694771579336796,.466739348959386,-.238284519397975,.45156578281352,.340506762966492,-.0151199077459096,.0529925572092437,-.311141679839605,.287183234571231,-.0290341119408691,0,0,0,0,0,0,0,0,0,0,2,White,2,uk,sm,18,f,-.0694771579336796,-.238284519397975,-2,Christian
2434558,Christian,good,1,.15625,.00520833333333333,.315717527824056,1.30242234936539,1.3432062184965,.059023141345251,.0482169628059361,.648946848261588,.987115365228649,-.237499547483019,-.0694924745576229,-.680123343188007,-1,2,2,1,1,0,1,-1,1,-1,.,East Asian,2,kr,sm,20,f,.315717527824056,1.3432062184965,0,Christian
2434657,Muslim,good,1,.161458333333333,.00520833333333333,.640619722150018,-.282614380103022,.606619304052644,-.875152306311756,.511452244078873,.368539635162852,.32154154869988,.50876877385921,-.334773261460967,-.495537061098123,0,0,1,-3,0,0,.333333333333333,-.333333333333333,-1,1,2,Other or Unknown,2,us,us,16,f,.640619722150018,.606619304052644,0,Non-Christian
2434658,Christian,bad,-1,.130208333333333,.00520833333333333,-.218282030933791,-.0796611876851121,.284917657571517,.943933016216279,.681161200271516,-.851447301980592,-.00434185368246198,-.571906376837253,.614458749140529,-.0382105186208139,1,1,1,1,-1,-1,1,.333333333333333,-.333333333333333,-1,1,White,3,us,us,26,m,.218282030933791,-.284917657571517,-3,Christian
2434706,Muslim,good,1,.0416666666666667,0,.66832663645666,-.108991278723161,.803751722959074,.0858709429328212,.59619113800782,.407153620737437,.454362360230858,.143424652175926,.00457848149466022,-.602365493901444, , , , , , , , , , ,2,White,2,us,sm,44,m,.66832663645666,.803751722959074,0,Non-Christian
2434872,Muslim,bad,-1,.182291666666667,0,-.174110477560073,-.744644021147147,.75022322676193,.0640497549492067,.31093771588526,.211747362822158,-.0561770906484302,.297447209673366,.183032649464847,-.424302768489782,3,-3,0,3,-3,3,0,0,-1,1,.,South Asian,3,my,sm,18,f,.174110477560073,-.75022322676193,0,Non-Christian
2434881,Jewish,good,1,.171875,.00520833333333333,-.78498233772283,.501024999738914,-.183759070801502,-.0427349034406667,.577010787338726,1.06718985706764,-.155905469595139,.202966586923132,.439752740540296,-.486813857868289,-1,0,0,1,1,0,-.333333333333333,-.333333333333333,1,-.333333333333333,2,White,2,au,au,19,f,-.78498233772283,-.183759070801502,-2,Non-Christian
2435024,Muslim,bad,-1, , , , , , , , , , , , ,3,-3,1,-3,-3,3,.333333333333333,-.333333333333333,-3,3,1,White,3,iq,us,18,m, , ,0,Non-Christian
2435029,Christian,bad,-1,.302083333333333,0,.0553170780364904,.187317381613774,.454923906763217,.109625436823064,.203001349129857,-.380649949852157,.23251945547116,-.225864256096331,.0857699026388102,-.0924251020136391,0,0,1,0,0,0,.333333333333333,-.333333333333333,0,0,1,More than one race - Other,2,us,.,22,f,-.0553170780364904,-.454923906763217,-2,Christian
2435066,Muslim,good,1,.078125,0,-.0350176444789292,-.781735146000969,.758554735578311,-.38266787093615,-.489772734708008,-.328600062517289,-.0193993516338625,.27860098480661,-.279140987055076,.0199393538823284,1,-3,1,-3,0,3,-.333333333333333,-1.33333333333333,-1.33333333333333,3,.,.,4,om,us,19,m,-.0350176444789292,.758554735578311,0,Non-Christian
2435187,Christian,bad,-1, , , , , , , , , , , , ,3,3,3,0,0,0,3,-1,-1,-1,2,White,4,za,za,55,f, , ,0,Christian
2435253,Hindu,bad,-1,.130208333333333,0,-.207981080141441,.299857015111639,.884468456004668,.424700418363794,.39331813912295,-.291431487993436,.325448130324956,-.338662973822956,.341999879209395,-.328785035711394,0,-1,-3,-1,0,0,-1.33333333333333,1,-.333333333333333,.666666666666667,3,Other or Unknown,3,in,in,35,m,.207981080141441,-.884468456004668,-1,Non-Christian
2435335,Muslim,good,1,.078125,0,-.248724157119243,-.159533203483223,-.78673001844293,-.207395283455507,-.047370810818994,-.266661157195541,-.398329126348465,.0334224432477295,-.00201397905175259,.366920662152488,0,0,1,0,0,0,.333333333333333,-.333333333333333,0,0,3,American Indian/Alaska Native,3,pk,pk,41,m,-.248724157119243,-.78673001844293,0,Non-Christian
2435449,Christian,bad,-1, , , , , , , , , , , , ,0,1,1,0,0,0,.666666666666667,-.333333333333333,0,-.333333333333333,2,White,2,ca,sm,55,f, , ,-2,Christian
2435529,Hindu,bad,-1,.0789473684210526,0,.843035745375849,.853695208110093,.294004680307648,.470272132117831,-.756313062169009,-.520661625013213,.663578544597863,-.614876321747046,-.376358891809009,.327656668958192,0,1,-3,0,-3,-3,-.666666666666667,3,-1,-1.33333333333333,1,More than one race - Other,1,ar,us,30,f,-.843035745375849,-.294004680307648,-3,Non-Christian
2435538,Christian,good,1,.0677083333333333,0,.232740187030323,.868200184840012,.992156873223495,.0914648455022785,.701774012923791,-.513066682624479,.697699081697943,-.490910570988923,.186832890465249,-.393621401174269,0,1,0,0,0,0,.333333333333333,0,0,-.333333333333333,2,White,2,us,sm,50,f,.232740187030323,.992156873223495,1,Christian
2435581,Jewish,good,1,.0572916666666667,0,-.196305517390943,-.136862150898098,.18697016861389,.953010219747157,.706614757755542,.0579227378333613,-.0487324998917169,-.252741777005233,.618643498297881,-.317169221400931,-1,0,0,0,0,0,-.333333333333333,0,.333333333333333,0,2,White,2,co,co,19,f,-.196305517390943,.18697016861389,0,Non-Christian
2435608,Hindu,bad,-1,0,0,.866848386602624,-.0365701439634806,.326009813967196,.884078341758052,.527713718427345,.206543887259377,.385429352202113,-.213654770178398,.181647891194258,-.353422473217973,0,3,0,3,0,-2,1,.666666666666667,1,-2.66666666666667,2,South Asian,3,us,sm,50,f,-.866848386602624,-.326009813967196,-3,Non-Christian
2435827,Muslim,good,1,.0208333333333333,0,.662599016477109,-.815083055114911,-.25917101272746,-.390572633889087,.782666210077675,.188796666727944,-.137218350455087,.464817451910647,-.0901684800961738,-.237430621359386,0,-2,0,-2,0,1,-.666666666666667,-.333333333333333,-.666666666666667,1.66666666666667,2,More than one race - Black/White,3,us,us,26,f,.662599016477109,-.25917101272746,-2,Non-Christian
2436179,Jewish,good,1,.03125,0,.197394365782632,-.374981055637501,.296822943185217,-.158773227534565,.935541403456913,-.459836888061805,.0397454177767829,.0246391317034204,.193124603379905,-.257509152860108,0,0,0,0,0,0,0,0,0,0,2,White,2,us,sm,41,f,.197394365782632,.296822943185217,-2,Non-Christian
2436396,Hindu,good,1,.0572916666666667,0,-.455942209396442,-.201789871744482,-.267573894289514,.0544419883309443,-.606856989901621,-.280011443141714,-.308435325143479,-.0442211865760587,-.0321575973914114,.38481410911095,0,1,0,0,-1,-1,.333333333333333,.666666666666667,-.333333333333333,-.666666666666667,2,East Asian,3,in,in,20,m,-.455942209396442,-.267573894289514,-2,Non-Christian
2436413,Jewish,good,1,.0208333333333333,0,-.79738636920921,.323063786844454,.0238679247221834,.720858650490132,.752618789498728,.153834125565681,-.150151552547524,-.296696103922968,.756954603066023,-.31010694659553,0,0,0,0,0,0,0,0,0,0,1,White,3,co,co,41,f,-.79738636920921,.0238679247221834,0,Non-Christian
2436793,Christian,good,1,.208333333333333,.0104166666666667,.628714807374876,.569780241011564,1.37422024245779,.0806101639541194,-.0948851395175633,-.103532186803141,.857571763614743,-.251307530589608,-.214329927646107,-.391934305379028,1,3,2,2,1,-1,2,-.666666666666667,.666666666666667,-2,.,White,2,us,sm,18,f,.628714807374876,1.37422024245779,2,Christian
2436931,Hindu,bad,-1,.0677083333333333,0,-.29357296468875,.918098448509266,-.396245930023638,-.0932380643871238,-.25944742330705,-.590559086590251,.0760931845989593,-.471806490237464,-.0197041743351413,.415417479973646,0,1,-1,0,-1,-1,0,1,-.333333333333333,-.666666666666667,2,South Asian,2,us,us,23,m,.29357296468875,.396245930023638,-2,Non-Christian
2437321,Jewish,bad,-1,.0520833333333333,0,-.128830006728387,-.487395309300807,.766384393005728,.0914836905621873,-.389877346431575,-.187679400643291,.0500530256588444,.0694107393651095,-.0565212163803336,-.0629425486436203,-1,0,-1,1,1,1,-.666666666666667,-.333333333333333,1,0,2,White,2,us,us,40,f,.128830006728387,-.766384393005728,-3,Non-Christian
2437633,Christian,good,1,.0729166666666667,.00520833333333333,-.185251511746393,.501746749230539,.229845587031288,.293825248706972,.0108769705186694,-.162845822700811,.182113608171811,-.319472606879441,.163317910324011,-.0259589116163824,1,1,1,0,0,0,1,-.333333333333333,-.333333333333333,-.333333333333333,2,White,2,us,us,25,m,-.185251511746393,.229845587031288,-1,Christian
2437708,Muslim,good,1,.0572916666666667,0,-.145832111052602,-.719580069519859,.746448247704616,-1.4215966057015,.0655242814826074,1.1414941877424,-.0396546442892817,1.09422362098792,-.403413404388765,-.651155572309876,3,-3,0,-3,0,3,0,-1,-2,3,2,Other or Unknown,2,ae,ae,30,f,-.145832111052602,.746448247704616,0,Non-Christian
2438309,Christian,good,1,.135416666666667,0,-.36325653958052,.113451796742133,-.152231619603246,-.356896734887655,.192685866582046,.424623815903667,-.134012120813878,.222689584683063,.0663485570916368,-.155026020960822,0,0,0,0,0,0,0,0,0,0,2,White,4,us,au,25,m,-.36325653958052,-.152231619603246,0,Christian
2438333,Jewish,bad,-1,.151041666666667,0,-.961062378350997,-.656955009703109,-.12889916145183,-.510846486373905,-.0788966744529616,-.0828141640242213,-.582305516501978,.361662444017598,.123773072508043,.0968699999763376,-2,0,0,2,2,-1,-.666666666666667,-.333333333333333,2,-1,2,White,2,us,us,20,f,.961062378350997,.12889916145183,-3,Non-Christian
2438449,Hindu,bad,-1,.0364583333333333,0,.497957549963322,-.163008893998515,-.42537107866063,.0526394595959777,-.0861897075050134,.377309203889655,-.0301408075652742,.162559546097397,-.177169265957452,.0447505274253292,0,0,0,1,0,-2,0,.666666666666667,.333333333333333,-1,3,East Asian,2,in,in,42,f,-.497957549963322,.42537107866063,0,Non-Christian
2438505,Christian,good,1,.261363636363636,0,.275796865370168,.0883051410743047,.521930453235612,-.401103480571133,.18637995749399, ,.295344153226695, ,-.163506796149104, ,0,0,0,0,0,0,0,0,0,0,1,Other or Unknown,2,us,us,19,f,.275796865370168,.521930453235612,-1,Christian
2438546,Hindu,bad,-1,.078125,0,.250437735574109,-.191191617757379,.981540492975756,.696220360282327,.183080502240302,-.474134524648953,.346928870264162,-.326387755724634,.209621042316174,-.230162156855702,0,0,0,0,0,0,0,0,0,0,2,South Asian,3,in,in,21,f,-.250437735574109,-.981540492975756,-3,Non-Christian
2438657,Christian,bad,-1,.28125,0,.831506184872283,.817436746057119,.885471318624794,.587078327332161,.463013339574304,.424449486958566,.844804749851399,-.326688528810238,.0728618273447273,-.590978048385888,2,2,3,2,2,2,2.33333333333333,-2.33333333333333,.666666666666667,-.666666666666667,3,Black or African American,3,ke,ke,24,m,-.831506184872283,-.885471318624794,2,Christian
2438704,Hindu,good,1, , , , , , , , , , , , ,0,0,0,0,0,0,0,0,0,0,3,Other or Unknown,2,in,in,31,m, , ,0,Non-Christian
2438705,Muslim,good,1,.203125,.0104166666666667,.636642532865785,-.877329313113613,.995422807215119,-.241228430507939,.217060877706776,.476513603186415,.251578675655764,.531690448935989,-.22027002855565,-.562999096036103,0,0,0,0,0, ,0, ,0, ,2,Other or Unknown,3,eg,eg,48,f,.636642532865785,.995422807215119,-2,Non-Christian
2438724,Muslim,bad,-1,.21875,0,.277135190264794,-.74950969850146,.685867127448255,-.611296361847944,.233074524932659,1.5422670827495,.0711642064038631,.967691047699635,-.218452342393359,-.820402911710139,2,-3,2,-3,-2,3,.333333333333333,-1,-2.33333333333333,3,3,South Asian,2,in,in,29,m,-.277135190264794,-.685867127448255,0,Non-Christian
2438728,Hindu,bad,-1,.140625,0,-.606346714165072,.82409307728256,.420634841859566,-.328148997295845,-.432066745400377,.753300029282261,.212793734992351,.0857853164318485,-.0512896761770497,-.24728937524715,0,0,0,0,0,0,0,0,0,0,2,South Asian,1,in,in,17,m,.606346714165072,-.420634841859566,-2,Non-Christian
2438759,Muslim,bad,-1,.00520833333333333,0,-.474414294403388,.51346642313175,.591793586560381,-.256697421351154,-.229590448252112,.515854663974296,.210281905096248,.0863618873978999,-.00395785839995947,-.292685934094188,0,-1,0,-1,0,1,-.333333333333333,-.333333333333333,-.333333333333333,1,2,South Asian,3,my,ie,35,m,.474414294403388,-.591793586560381,1,Non-Christian
2438795,Christian,good,1,.109375,0,.132825254252395,.344501980512722,.269223264208073,-.490491048592327,.0445294088067592,-.29026017675239,.248850166324397,-.0480903695575954,-.192928964679321,-.00783083208748053,0,0,0,0,0,0,0,0,0,0,.,White,2,se,se,38,f,.132825254252395,.269223264208073,-1,Christian
2438915,Christian,good,1,.0885416666666667,0,.401373544761093,.876943404430731,.769975532345442,.650732678639854,.183937908387338,-.161057538178829,.682764160512422,-.562911207083138,.144432347422033,-.264285300851317,0,0,0,0,0,0,0,0,0,0,.,White,2,ie,ch,57,f,.401373544761093,.769975532345442,-2,Christian
2438965,Christian,bad,-1, , , , , , , , , , , , ,1, ,1,0,1,0, ,-.666666666666667,0, ,3,White,2,us,us,45,m, , ,1,Christian
2439020,Christian,good,1,.09375,.00520833333333333,-.0106316773701862,.517392277949282,-.0326161353240728,.342256250953097,-.341014986107523,.176243250719946,.158048155085008,-.227801759394144,.00395764740525363,.0657959569038832,0,0,0,0,0,0,0,0,0,0,2,White,1,uk,sm,46,m,-.0106316773701862,-.0326161353240728,-2,Christian
2439094,Christian,bad,-1,.09375,0,.265025018577472,.814732388063347,-.00126710933738038,1.1334224348624,.563043691984288,.159690460050286,.359496765767813,-.596154787625154,.477147036089739,-.240489014232398,0,0,0,0,0,0,0,0,0,0,2,White,4,uk,sm,30,m,-.265025018577472,.00126710933738038,-1,Christian
2439147,Muslim,bad,-1,.0340909090909091,0, ,.993235445547154,-.706838380293963,.238149507995963,-.0673116609046171,-.776924075083243, ,-.669436342875453, ,.517024705427274, , , , , , , , , , ,2,White,1,uk,sm,59,m, ,.706838380293963,-3,Non-Christian
2439312,Christian,good,1,.0989583333333333,0,.207439231890142,.827035650147416,.0945286527013675,.951633869690788,-.175516541093125,-.172326190181754,.376334511579642,-.650331903339986,.189559365569174,.0844380261911704,0,0,0,0,0,0,0,0,0,0,3,White,1,au,au,59,f,.207439231890142,.0945286527013675,0,Christian
2439427,Jewish,bad,-1,.0833333333333333,0,-.352528270106578,.368110450329714,.751432427122802,.616931999842069,.0285484816428797,-.995819116414055,.255671535781979,-.660287188861946,.332669583863842,.0719460692161245,-2,1,-1,1,1,-1,-.666666666666667,.333333333333333,1.33333333333333,-1,2,White,2,us,sm,30,m,.352528270106578,-.751432427122802,-2,Non-Christian
2439504,Jewish,good,1,.0729166666666667,0,.138299896443402,.30422233776003,.301909827503441,.573854401230239,.0956803418429484,-.0163598184172456,.248144020568958,-.298145519135838,.177078282209929,-.127076783643048,-1,1,1,1,1,-1,.333333333333333,-.333333333333333,1,-1,2,White,2,us,sm,54,m,.138299896443402,.301909827503441,0,Non-Christian
2439821,Christian,good,1,.0523560209424084,0,.155574996610557,.427488273726142,1.11575126476105,.129137309160646,-.423699219309089,.444774959148811,.566271511699251,-.0372835412459921,-.150045635586333,-.378942334866925,0,1,1,0,0,0,.666666666666667,-.333333333333333,0,-.333333333333333,3,White,2,at,at,57,f,.155574996610557,1.11575126476105,-2,Christian
2439981,Christian,good,1,.0260416666666667,0,-.386302506631244,.191478433736706,-.4141068017791,.60215958547435,-.0263336491359887,.197196346495592,-.202976958224546,-.198813890905155,.320709480989868,.0810813681398322,0,0,0,0,0,0,0,0,0,0,2,More than one race - Black/White,3,us,sm,49,f,-.386302506631244,-.4141068017791,1,Christian
2439998,Christian,good,1, , , , , , , , , , , , ,0,0,0,0,0,0,0,0,0,0,2,More than one race - Other,2,ca,sm,34,f, , ,-2,Christian
2440005,Christian,bad,-1,.0729166666666667,0,.534835415075768,.0803399315596025,-.135096975901454,.744495869154153,-.329563192845651,-.797962130956903,.160026123577972,-.54093264389022,-.0399675795890889,.420874099901336,0,0,0,0,0,0,0,0,0,0,.,White,1,us,sm,59,f,-.534835415075768,.135096975901454,0,Christian
2440064,Christian,bad,-1,.375,.09375, , , , , , , , , , ,0,0,0,0,0,0,0,0,0,0,.,White,2,ca,ca,18,f, , ,0,Christian
2440141,Hindu,good,1,.0260416666666667,0,-.194327317023452,.228976987182797,-.780438847692652,-.342813591312727,-.209767343056548,-.671966605414178,-.248596392511102,-.186043333761416,-.119417872448608,.554057598721126,0,2,-2,2,-1,-2,0,1.66666666666667,.333333333333333,-2,2,South Asian,1,in,us,26,m,-.194327317023452,-.780438847692652,-3,Non-Christian
2440244,Christian,good,1,.114583333333333,0,.801713767710037,.276936214636585,.336657531847213,-.369527621379317,-.268381046032539,-.2926861683345,.471769171397945,-.066698253863923,-.479874145040631,.0748032275066088,0,0,0,0,0,0,0,0,0,0,2,White,2,us,us,22,f,.801713767710037,.336657531847213,0,Christian
2440388,Muslim,bad,-1,.0520833333333333,0,1.06744089916386,.553555219612485,-.118651754528754,-.859073840447379,-.895750047287888,.0848468659038777,.500781454749197,.130121828912924,-.940754928966376,.309851645304255,1,0,0,0,0,1,.333333333333333,-.333333333333333,-.333333333333333,.333333333333333,1,More than one race - Other,1,us,sm,21,f,-1.06744089916386,.118651754528754,-2,Non-Christian
2440682,Christian,good,1,.0833333333333333,0,.628527653344061,1.00301102196761,.942985463932541,.583264451956178,.34200315385294,-.475498475633561,.858174713081405,-.687257983185784,.0989133174883522,-.269830047383973,0,3,0,3,0,-3,1,1,1,-3,2,White,3,us,sm,61,f,.628527653344061,.942985463932541,-1,Christian
2440686,Christian,good,1,.0677083333333333,0,.208591017864375,.583968076050012,1.04745165430521,-.988158890273841,.538775286831212,-.097907584550474,.613336916073198,.102094409891118,-.219324873769001,-.496106452195315,0,0,0,0,0,0,0,0,0,0,2,Black or African American,3,us,sm,21,f,.208591017864375,1.04745165430521,-1,Christian
2440810,Christian,good,1,.25,0, , , , , , , , , , , , , , , , , , , , ,3,Black or African American,2,ng,us,28,m, , ,-2,Christian
2441039,Jewish,bad,-1, , , , , , , , , , , , ,0,1,0,1,0,0,.333333333333333,0,.333333333333333,-.666666666666667,2,White,2,us,us,18,f, , ,0,Non-Christian
2441067,Muslim,bad,-1,.046875,0,.116603679803109,-.0692378203354911,.192734785495237,-.528045791092972,-.0872332238751749,.770658547661763,.0800335483209518,.455980719696742,-.243960898257085,-.292053369760608, , , , , , , , , , ,2,Black or African American,3,so,us,41,f,-.116603679803109,-.192734785495237,-1,Non-Christian
2441068,Jewish,good,1, , , , , , , , , , , , ,-2,1,1,2,2,-1,0,-.666666666666667,2,-1.33333333333333,2,White,2,us,sm,18,f, , ,-1,Non-Christian
2441230,Christian,good,1,.239583333333333,0,.305080863503245,.41033448407418,.485554352173482,.7747700967368,.315973453063718,-.582138908504136,.400323233250302,-.589081163105039,.261887562099091,-.0731296322443548,0,3,0,3,1,-3,1,.666666666666667,1.33333333333333,-3,2,White,2,us,us,25,f,.305080863503245,.485554352173482,3,Christian
2441497,Christian,good,1,.09375,0,.443888111349788,-.0288499350299568,.447528784156362,.42774661398991,.351440903719069,-.10427998323849,.287522320158731,-.167725554066148,.111766468786397,-.23156323487898,0,0,0,0,0,0,0,0,0,0,2,White,2,us,us,18,f,.443888111349788,.447528784156362,-2,Christian
2441575,Jewish,bad,-1, , , , , , , , , , , , ,0,1,2,-2,2,0,1,-1.33333333333333,0,.333333333333333,2,White,2,us,us,23,m, , ,1,Non-Christian
2441649,Jewish,bad,-1,.177083333333333,0,-.554908903811538,-.403046718050871,-.870513157375727,.812124578455337,.513214672201155,-.870142888363668,-.609489593079379,-.426406916256045,.626749384822677,.409147124512747,-3,-1,-1,1,3,1,-1.66666666666667,-1,2.33333333333333,.333333333333333,2,White,2,us,us,21,m,.554908903811538,.870513157375727,1,Non-Christian
2441684,Christian,good,1,.135416666666667,.00520833333333333,.680243246547262,.780099189401983,.237167879036476,.687527645562577,.732199690438774,-.240763243914102,.565836771661907,-.56946335962622,.246494696484696,-.242868108520383,0,0,0,0,0,0,0,0,0,0,.,White,2,us,sm,19,m,.680243246547262,.237167879036476,-2,Christian
2441800,Christian,bad,-1, , , , , , , , , , , , ,3,3,3,1,1,0,3,-1.33333333333333,-.333333333333333,-1.33333333333333,2,East Asian,2,us,sm,18,m, , ,2,Christian
2441819,Christian,good,1,.528795811518325,.963350785340314,.353553390593274, , ,-.353553390593274,-.703750592112738, , , ,-.470285791099762, ,0,-1,-1,1,1,0,-.666666666666667,0,.666666666666667,0,2,Black or African American,3,us,us,19,m,.353553390593274, ,0,Christian
2441821,Christian,bad,-1,.114583333333333,0,-.0298649411548929,1.04404882395554,.243870150743659,.811761779064884,-.0180319314989101,-1.20360911662634,.419351344514769,-1.01980657321559,.274531596240289,.32592363246053,0,3,0,3,0,-3,1,1,1,-3,1,More than one race - Black/White,2,us,us,47,f,.0298649411548929,-.243870150743659,0,Christian
2441857,Christian,good,1,.2875,.2125, , ,.396593278186354,1.08493917762064, , , , , , , , , , , , , , , , ,2,White,2,us,us,18,f, ,.396593278186354,0,Christian
2441943,Muslim,bad,-1,.567708333333333,.880208333333333,-.505809869602518,.781047351534774,.353553390593274, ,1.52026028197666, ,.20959695750851, , , ,3,-3,3,-1,-1,3,1,-1.66666666666667,-1.66666666666667,2.33333333333333,3,More than one race - Other,3,pk,pk,20,m,.505809869602518,-.353553390593274,0,Non-Christian
2441946,Hindu,bad,-1,.0625,0,.825216134750963,.393634044743524,.16230425682822,.92221665555183,.288608085417713,-.381813419073018,.460384812107569,-.565888039789457,.12853620207286,-.0230329743909718, , , , , ,0, , , , ,.,South Asian,2,in,in,23,f,-.825216134750963,-.16230425682822,-1,Non-Christian
2442022,Christian,bad,-1,.0885416666666667,0,.663379049313379,.696638596651284,.887152835083784,1.23891137337587,1.22116445280882,-.88882765906669,.749056827016149,-.941459209697947,.598898925623769,-.40649654294197,0,3,1,3,0,-2,1.33333333333333,.333333333333333,1,-2.66666666666667,2,White,2,us,us,45,f,-.663379049313379,-.887152835083784,-3,Christian
2442049,Hindu,bad,-1,.213541666666667,0,.845812601163304,.0750083583045949,-.292703016868756,.270594134278425,-.610252009729322,-1.03058288188628,.209372647533048,-.458728458156432,-.395156825538067,.644512636161451,1,1,0,1,0,-1,.666666666666667,.333333333333333,0,-1,3,South Asian,3,in,in,23,m,-.845812601163304,.292703016868756,0,Non-Christian
2442311,Christian,bad,-1,.0575916230366492,0,-.557583360431657,-.497019173890457,1.12765265277984,.0486973241758516,.488626741870664,-.100478706791852,.0243500394859098,.115947714307584,.364969142159391,-.505266895952885,0,0,0,0,0,0,0,0,0,0,2,White,2,us,us,22,f,.557583360431657,-1.12765265277984,-1,Christian
2442376,Muslim,bad,-1,.0795454545454545,0,.492916914747219,-1.17400738551303,1.230264995897,-1.30051630451628, ,.30530175181501,.183058175043731,.926608480614774, , ,2,-2,0,-3,-2,2,0,0,-2.33333333333333,2.33333333333333,2,South Asian,3,za,za,30,f,-.492916914747219,-1.230264995897, ,Non-Christian
2442383,Jewish,bad,-1, , , , , , , , , , , , ,-2,2,1,3,2,0,.333333333333333,-1,2.33333333333333,-1.66666666666667,.,Other or Unknown,2,us,sm,77,m, , ,0,Non-Christian
2442491,Christian,bad,-1,.109375,0,.28711025281486,.22699025398839,-.411581085497964,-.46776030184127,.0330357152914341,-.104552109793196,.0341731404350952,.045405979353228,-.240611613121565,.161032493333242,1,1,1,1,0,0,1,-.333333333333333,0,-.666666666666667,2,White,2,uk,ch,42,f,-.28711025281486,.411581085497964,2,Christian
2442728,Christian,bad,-1,.255208333333333,.015625,.153871361344774,.223891398923375,-.224053662450322,.302449139576086,.23169846271249,-.615015848004465,.0512363659392757,-.380452128834642,.126758746981267,.202457015914099,0,0,0,0,0,0,0,0,0,0,2,White,3,us,sm,26,f,-.153871361344774,.224053662450322,-2,Christian
2442729,Hindu,good,1,.125,0, , , , , , , , , , , , , , , , , , , , ,2,South Asian,3,in,in,42,f, , ,-3,Non-Christian
2442785,Christian,good,1,.015625,0,.0383562553900817,.422729607234726,-.0106238989118922,.0460950832048352,-.57481024169051,-.0475345963701858,.150153987904305,-.172119762269916,-.189023804625252,.210989578990863,0,0,0,0,0,0,0,0,0,0,2,White,3,us,us,37,f,.0383562553900817,-.0106238989118922,-2,Christian
2442814,Christian,bad,-1,.0520833333333333,0,.731852736735965,1.23409445629523,.393472266873508,.404296913819333,.534438839108373,-.736930448091855,.786473153301567,-.791773939402139,.0689610053972469,-.0636602192966751,0,1,0,1,0,0,.333333333333333,0,.333333333333333,-.666666666666667,2,White,2,us,sm,27,m,-.731852736735965,-.393472266873508,0,Christian
2442853,Muslim,good,1,1,.333333333333333, , , , , , , , , , ,1,-3,-1, ,1,3,-1,-1, , ,3,American Indian/Alaska Native,4,pk,pk,22,f, , ,0,Non-Christian
2442956,Christian,bad,-1, , , , , , , , , , , , ,0,0,1,0,0,1,.333333333333333,-.666666666666667,0,.333333333333333,1,More than one race - Other,2,us,br,26,f, , ,-2,Christian
2443131,Hindu,bad,-1, , , , , , , , , , , , ,0,1,0,0,0,-1,.333333333333333,.333333333333333,0,-.666666666666667,.,South Asian, ,in,in,17,m, , , ,Non-Christian
2443244,Hindu,good,1,0,0,.842620199640994,.110685583471254,.317188582150525,-.0440793565324311,-.435726001594531,-.572325526454892,.423498121754258,-.212977251131238,-.440808519255985,.230287648632966,0,0,0,0,0,0,0,0,0,0,3,Other or Unknown,3,in,in,40,m,.842620199640994,.317188582150525,0,Non-Christian
2443306,Christian,bad,-1,.1171875,0, ,.992322085128283,.933370145257133,.686587410097559,-.666918600452896, , , , , , , , , , , , , , , ,1,Other or Unknown,3,us,sm,33,f, ,-.933370145257133,-2,Christian
2443377,Christian,bad,-1,.130208333333333,0,.41122899704641,.951917013226934,.578005061622888,-.181698693866753,-.192910438229005,-.58677343744214,.647050357298744,-.452330585600774,-.261946043047389,.0672262713494192,2,2,2,0,0,0,2,-.666666666666667,-.666666666666667,-.666666666666667,2,White,2,br,br,31,m,-.41122899704641,-.578005061622888,-1,Christian
2443455,Christian,good,1,.0989583333333333,0,.246915586326208,.689254545371151,.747453078982716,.821304846444768,-.0220800605595755,-.413086912755975,.561207736893358,-.641215434857298,.184103066519661,-.104095368555722,2,-2,-2,0,0,0,-.666666666666667,.666666666666667,-.666666666666667,.666666666666667,2,More than one race - Other,2,us,us,21,f,.246915586326208,.747453078982716,0,Christian
2443843,Christian,good,1,.328125,.03125,-.366944825107347,.364782797430018,.711171468459963,.533146700571204,.307957960193793,-.222682682856596,.236336480260878,-.373537393619273,.402683161957448,-.265482248599053,0,0,0,0,0,0,0,0,0,0,2,Black or African American,4,vi,us,45,f,-.366944825107347,.711171468459963,-2,Christian
2443876,Christian,good,1,.117142857142857,0,.333509772731573,.560290466015441,.111170976176679,-.332673890508742,-.0953106440724108,.0567631886161038,.334990404974564,-.0569511289635317,-.253831435770909,-.0242078402401239,1, , , ,1,1, , , , ,1,More than one race - Other,3,ec,us,18,f,.333509772731573,.111170976176679,0,Christian
2443936,Jewish,good,1,.0625,0,-.39065199668736,.246570574097924,-.332553980135558,.0814402030938763,1.05352002455569,-.310598771466259,-.158878467574998,-.212869849552687,.508537408112308,-.136789090984623,-2,2,2,3,3,0,.666666666666667,-1.66666666666667,2.66666666666667,-1.66666666666667,.,White,4,us,sm,16,m,-.39065199668736,-.332553980135558,-1,Non-Christian
2443984,Christian,bad,-1,.0833333333333333,0,.223385545652158,.0879265052780411,.369386189549353,-.280897522326906,-.525045047951337,.139485218552179,.226899413493184,.110818745200348,-.343109371976801,.00539121328326858,0,1,1,1,0,0,.666666666666667,-.333333333333333,.333333333333333,-.666666666666667,1,Black or African American,3,us,sm,28,f,-.223385545652158,-.369386189549353,-2,Christian
2443992,Hindu,bad,-1, , , , , , , , , , , , ,0,0,-1,0,-1,-1,-.333333333333333,1,-.333333333333333,-.333333333333333,2,South Asian,2,in,it,24,f, , ,0,Non-Christian
2444461,Jewish,bad,-1,.395833333333333,.0208333333333333,.203282653255421,-.306201469711032,-.615370264092205,.661450596631326,-.280119780247928,.382178787983151,-.239429693515939,.008976553687619,.0593493877093257,.171103752118994,0,0,0,0,0,0,0,0,0,0,2,White,2,us,us,19,f,-.203282653255421,.615370264092205,0,Non-Christian
2444627,Jewish,good,1,.114583333333333,.015625,-.32846212523845,-.788522105781246,-1.13837613364847,.449882632142054,.385801914433915,.779860977385207,-.751786788222723,.3728334836748,.388048890604806,-.00909558605688339,-2,2,0,3,3,-2,0,-.333333333333333,2.66666666666667,-2.33333333333333,1,White,1,us,us,19,f,-.32846212523845,-1.13837613364847, ,Non-Christian
2444818,Jewish,bad,-1, , , , , , , , , , , , ,-1,0,0,1,1,0,-.333333333333333,-.333333333333333,1,-.333333333333333,2,White,1,us,sm,23,m, , ,-2,Non-Christian
2444824,Hindu,good,1,.270833333333333,.28125,.88004617386872,-.0537570017909088, ,1.04276956909268,-1.02631247373174,.175608899638897, ,-.271134555887625,-.287863026169259, , ,2,-2, ,-2,-3, ,2.33333333333333, , ,2,South Asian,2,us,sm,18,m,.88004617386872, , ,Non-Christian
2445045,Christian,bad,-1,.260416666666667,.0104166666666667,.880505865147174,.626290937537609,.521023355156194,.0987239593796606,.288396842858978,.106725474606256,.675940052613659,-.206096474103671,-.164461687636179,-.305381890873809,0,0,0,0,0,0,0,0,0,0,.,White, ,uk,uk,58,f,-.880505865147174,-.521023355156194, ,Christian
2445112,Christian,bad,-1, , , , , , , , , , , , ,0,2,2,3,0,-2,1.33333333333333,0,1,-2.33333333333333,2,White,4,us,us,55,f, , ,3,Christian
2445268,Christian,bad,-1,.260416666666667,.00520833333333333,.756621413560667,-.229976482970148,1.00437859201642,.278135371250995,-.195765149746961,-.0531228833214262,.510341174202314,-.0337605905340911,-.224750397352211,-.251830186316012,2,2,2,0,0,0,2,-.666666666666667,-.666666666666667,-.666666666666667,3,Black or African American,2,us,us,31,f,-.756621413560667,-1.00437859201642,0,Christian
2445302,Christian,good,1,.046875,0,.61024391937048,.847869415078854,.391250601060878,-.294109587722377,.13717104511756,-.309205643108069,.616454645170071,-.287655156821515,-.255727487325099,-.0730720010234562,3,3,3,3,3,0,3,-2,1,-2,2,White,3,us,us,48,f,.61024391937048,.391250601060878,3,Christian
2445505,Christian,bad,-1,.015625,0,.524128177830347,-.27236810182671,-.735450002805286,.106768876815283,-.724611465878005,-.223983125790197,-.16122997560055,-.0194613002595899,-.380656922297689,.561348198157829,0,2,0,1,0,-1,.666666666666667,.333333333333333,.333333333333333,-1.33333333333333,3,White,3,us,sm,56,f,-.524128177830347,.735450002805286,0,Christian
2445514,Christian,bad,-1,.00520833333333333,0,1.3463196458252,.544910458511809,1.13603466292676,.640124169233525,-.974218067101233,-.963242905133204,1.00908825575459,-.716092510959513,-.560137847897637,.26714210310256,0,0,0,0,0,0,0,0,0,0,2,White,3,us,us,54,f,-1.3463196458252,-1.13603466292676,2,Christian
2445862,Christian,good,1, , , , , , , , , , , , ,0,0,0,0,0,0,0,0,0,0,1,More than one race - Black/White,2,mx,co,30,m, , ,0,Christian
2445977,Christian,bad,-1,.0677083333333333,0,-.130135803323326,.738141403150319,.00121305849131242,.556730633431746,.129200391444203,-.364151455276985,.203072886106102,-.553007830619684,.272022276066425,.0779126684471566,0,1,0,1,0,-1,.333333333333333,.333333333333333,.333333333333333,-1,3,Black or African American,4,us,us,52,m,.130135803323326,-.00121305849131242, ,Christian
2446015,Christian,bad,-1,.161458333333333,.0104166666666667,.779330329747093,.776416621750044,.372909709092524,-.0707414056118373,-.301850051362203,.0177625887096669,.642885553529887,-.229304209142847,-.383973928907044,-.0296074154799959,3,3,3,3,3,0,3,-2,1,-2,2,East Asian,3,kr,us,19,f,-.779330329747093,-.372909709092524,0,Christian
2446265,Christian,good,1,.0989583333333333,0,-.273650640578177,-.741976686264833,-.647075723312136,-.0661976049729747,-.654446482211439,-.511260345363888,-.554234350051715,.0989713152913065,-.148997815535412,.604260850295821,0,0,0,0,0,0,0,0,0,0,.,White,2,us,us,22,m,-.273650640578177,-.647075723312136,0,Christian
2446435,Christian,good,1,.0104166666666667,0,.176870163077319,.987353060065506,.598607490473208,.648805768774809,-.234512461996061,-.202411418959559,.587610237872011,-.612856749266624,.0791410479004764,-.0538945365058628,0,1,0,1,0,0,.333333333333333,0,.333333333333333,-.666666666666667,2,White,4,us,sm,34,f,.176870163077319,.598607490473208,-2,Christian
2446467,Muslim,good,1, , , , , , , , , , , , ,-2,-3,0,0,-2,-2,-1.66666666666667,1.33333333333333,0,.333333333333333,2,Black or African American,3,us,us,19,m, , ,0,Non-Christian
2446550,Christian,bad,-1,.151041666666667,0,-.199248015318098,.465055984953222,.888183496917797,.529400126337531,.595015324538909,.334666037992845,.384663822184307,-.219930024432636,.441221155398179,-.60595495314985,-1,1,0,1,0,0,0,0,.666666666666667,-.666666666666667,2,White,2,us,us,51,f,.199248015318098,-.888183496917797,0,Christian
2446651,Christian,good,1,.181818181818182,0,-.0692276878443592,.307201655886685,.210161462277399,-.0909573519048281, ,1.12738426421461,.149378476773241,.303713320077583, , ,2,3,3,3,3,0,2.66666666666667,-2,1.33333333333333,-2,2,White,4,us,sm,20,f,-.0692276878443592,.210161462277399,0,Christian
2446728,Christian,good,1,.135416666666667,.00520833333333333,.377215021402931,.492802626621311,-.0699594201770316,.252920250754989,-.498751223801963,.0253711126663026,.26668607594907,-.240117254903332,-.207681998149968,.181113177104231,0,2,2,1,1,0,1.33333333333333,-1,.666666666666667,-1,2,White,4,us,sm,23,m,.377215021402931,-.0699594201770316,0,Christian
2446856,Christian,good,1,.270833333333333,.0104166666666667, , ,1.2861055890864,-.298207449721527, , , , , , , , , , , , , , , , ,2,White,2,us,us,55,f, ,1.2861055890864, ,Christian
2446884,Muslim,good,1,.161458333333333,.0416666666666667,.260516321456987,-.828057521108148,1.17778152834686,.142249732382569,-1.05657701674527,.811020540581613,.203413442898567,.498942776435731,-.391614535273229,-.310741684061068,1,-3,3,-3,0,3,.333333333333333,-2,-1.33333333333333,3,2,White,2,jo,us,22,m,.260516321456987,1.17778152834686,1,Non-Christian
2447053,Christian,bad,-1,.0364583333333333,0,.643322671304077,.783613861181297,.224558821509246,.839854241987103,-.376056031612315,-.34707043310275,.55049845133154,-.65684617875705,-.0598414869764295,.16618921440194,2,3,3,3,2,-2,2.66666666666667,-1,1,-2.66666666666667,2,White,4,us,sm,22,f,-.643322671304077,-.224558821509246,0,Christian
2447056,Christian,bad,-1,.0572916666666667,0,.42274772189388,-.285876579596329,-.0788522115590173,-.0225741912892466,-.57828265152271,.0443279792607869,.0193396435795114,.117592916715454,-.341201521568612,.204268961273647,0,0,0,0,0,0,0,0,0,0,2,White,2,us,sm,17,f,-.42274772189388,.0788522115590173,-3,Christian
2447249,Christian,bad,-1, , , , , , , , , , , , ,1,-1,1,0,0,0,.333333333333333,-.333333333333333,-.333333333333333,.333333333333333,2,White,2,us,sm,20,f, , ,-2,Christian
2447252,Christian,good,1,.0833333333333333,0,-.0261199364458458,.211894372813762,-.0225906850123855,.121181595922059,.278797650106003,.229751950616656,.0543945837851769,-.034441339373055,.142033060824636,-.161986305236758,1,1,1,0,-1,-1,1,.333333333333333,-.666666666666667,-.666666666666667,2,White,2,fr,fr,24,f,-.0261199364458458,-.0225906850123855,-2,Christian
2447262,Jewish,good,1,.015625,0,-.260566734512548,.546038108791501,.494685716120623,.977811667915772,1.21816282078741,.0515139040526378,.260052363466525,-.490778624218212,.818847074405242,-.588120813653556,-3,3,0,3,3,-3,0,0,3,-3,2,White,3,us,us,58,f,-.260566734512548,.494685716120623,-3,Non-Christian
2447310,Hindu,bad,-1,.0416666666666667,0,-.232830177427989,1.1940079114689,-.491942662491546,.0539310691128884,-.861318060269957,-1.1647366063262,.156411690516454,-.804225195635996,-.191518937909693,.839332443029235,0,0,0,0,0,0,0,0,0,0,3,South Asian,1,in,in,60,f,.232830177427989,.491942662491546,-2,Non-Christian
2447377,Christian,bad,-1, , , , , , , , , , , , ,3,2,2,2,1,-1,2.33333333333333,-.666666666666667,0,-1.66666666666667,2,White,2,za,sm,25,m, , ,-2,Christian
2447426,Hindu,good,1, , , , , , , , , , , , ,0,0,0,0,0,0,0,0,0,0,3,Other or Unknown,3,in,in,34,m, , ,0,Non-Christian
2447540,Christian,bad,-1, , , , , , , , , , , , ,0,0,0,0,0,0,0,0,0,0,2,White,3,us,us,19,f, , ,2,Christian
2447574,Christian,bad,-1,.135416666666667,0,-.0965090893195054,.359843148529408,.614464222883306,-.11147808728728,-.255349295055244,.240804853373216,.292599427364403,-.00252006928963735,-.0901060976743395,-.199973260400426,0,0,0,0,0,0,0,0,0,0,2,White,1,us,sm,34,f,.0965090893195054,-.614464222883306,0,Christian
2447680,Christian,good,1,.0677083333333333,.00520833333333333,.77387789070145,.335168713251651,.788370905780001,.648625270414903,-.794267502468637,.239765660046527,.632472503244367,-.248009441206676,-.306506707585061,-.0779563544526304,0,1,0,1,1,-1,.333333333333333,0,.666666666666667,-1,2,White,1,uk,sm,56,f,.77387789070145,.788370905780001,1,Christian
2447703,Christian,good,1,.0572916666666667,.00520833333333333,1.29393875030172,.624499436265509,.285048964527862,.167355481836826,-.40286083328921,.0120941466569102,.734495717031697,-.259920257148475,-.509814700584701,.0352392407014791,0,0,0,0,0,0,0,0,0,0,2,White,2,us,us,51,f,1.29393875030172,.285048964527862,-2,Christian
2447787,Hindu,good,1,0,.0504201680672269,.539862136859231,-1.09798271416182,1.01121307847484, ,-.275405399792034,1.15542027916116,.151030833724084, , ,-.630409319281319,0,0,0,0,0,0,0,0,0,0,3,South Asian,3,in,in,35,f,.539862136859231,1.01121307847484,0,Non-Christian
2447822,Jewish,good,1,.296875,.0989583333333333,-.292804340802731,1.03840323253351,1.5757917670716,.00303560108910085,-.093347296919829,.320250967044355,.77379688626746,-.240395955526086,.067497548324001,-.600898479065375,0,0,0,1,0,-1,0,.333333333333333,.333333333333333,-.666666666666667,2,White,2,ca,ca,19,f,-.292804340802731,1.5757917670716, ,Non-Christian
2447848,Christian,good,1,.0989583333333333,0,.0359597090932175,.57052753667221,.621220132336741,.465217744735636,-.330585410397758,.392226265873235,.409235792700723,-.214506338511537,.0328908750815533,-.227620329270739,1,1,1,0,0,0,1,-.333333333333333,-.333333333333333,-.333333333333333,.,White,1,ca,ca,34,f,.0359597090932175,.621220132336741,1,Christian
2447877,Christian,bad,-1,.234375,0,.347283737833326,.0856775304208549,.282204010396664,1.30423246770667,.488543276599716,.188951685043978,.238388426216948,-.400319437694516,.481830668824353,-.319899657346786,0, ,0,0,0, , , ,0, ,3,White,1,ca,ca,25,f,-.347283737833326,-.282204010396664,0,Christian
2447953,Christian,good,1,.0677083333333333,0,.152205833664216,-.269204592240171,.734576904240434,-.358038204232932,-.212329651362281,.0981782962168536,.20585938188816,.241807030896652,-.24085789641981,-.206808516365002,1,1,1,0,0,0,1,-.333333333333333,-.333333333333333,-.333333333333333,1,Other or Unknown,1,mx,mx,23,m,.152205833664216,.734576904240434,0,Christian
2448015,Muslim,bad,-1,.0885416666666667,0,-.201460573433622,-.717441977486475,.397886516946588,-.342814162030335,.563317853870798,.108599776858957,-.173672011324503,.389618638791922,.140654755091361,-.356601382558781,0,0,0,0,0,0,0,0,0,0,3,Other or Unknown,3,us,us,18,m,.201460573433622,-.397886516946588,0,Non-Christian
2448082,Christian,good,1,.0989583333333333,0,.345625748103848,.0152391891940866,.538639843976977,.340817389101908,-.0178403562096162,.011101804532379,.299834927091637,-.114984924587872,-.00754957173718542,-.17730043076658,1,1,1,0,0,0,1,-.333333333333333,-.333333333333333,-.333333333333333,2,White,4,us,sm,30,f,.345625748103848,.538639843976977,0,Christian
2448134,Jewish,good,1,.0260416666666667,0,-.447710770612637,.590565718635758,.874057221666327,.304065300381243,.38649355238575,-.497462414904324,.338970723229816,-.464031144640442,.37942320779321,-.254362786382584, , , , , , , , , , ,2,White,2,us,us,55,f,-.447710770612637,.874057221666327,0,Non-Christian
2448313,Christian,bad,-1,.0572916666666667,0,1.0467844636613,.798696733900948,-.443453463540497,.389152603511464,-.40230103053927,-.507581823827928,.467342578007249,-.565143720413447,-.353310963563034,.451112105969232,0,0,0,0,0,0,0,0,0,0,2,More than one race - Other,4,us,us,31,f,-1.0467844636613,.443453463540497,3,Christian
2448414,Christian,good,1,.0865384615384615,0,.504253300100868,.686010265615596,.807225041045171,-.106012402146694,-.44313255937704,.0812549280692864,.665829535587212,-.166247645133205,-.351132753874867,-.148449136579139,0,0,0,0,0,0,0,0,0,0,2,White,2,us,us,21,f,.504253300100868,.807225041045171,0,Christian
2448464,Muslim,good,1,.151041666666667,.0260416666666667,.745136850833841,-.506029584623946,.536364860561209,-.462448411987983,-.681608603658767,.899677818310983,.258490708923701,.622718604974304,-.629731288826864,-.251478025071141,1,-3,-1,-3, ,3,-1, , ,3,3,Other or Unknown,2,us,us,18,f,.745136850833841,.536364860561209,-1,Non-Christian
2448465,Christian,good,1, , , , , , , , , , , , ,0,0,0,0,0,0,0,0,0,0,2,Black or African American,4,us,us,35,f, , ,0,Christian
2448608,Christian,good,1,.0833333333333333,0,.859517006268313,.646716729760737,.334824385361826,1.02855347145092,-.357546266569134,.800805305542365,.613686040463625,-.291488298556429,-.0628366004621772,-.259361141445019,0,0,0,0,0,0,0,0,0,0,2,White,4,us,cn,63,f,.859517006268313,.334824385361826,2,Christian
2448622,Hindu,bad,-1,.0989583333333333,0,.23498593613497,-.109512243929183,-.804689549716404,.633054295634467,-.470412283655522,-.878819360649385,-.226405285836873,-.467453804118223,-.0241146413853416,.717973731340437,0,0,0,0,0,0,0,0,0,0,2,South Asian,3,.,.,39,m,-.23498593613497,.804689549716404,-2,Non-Christian
2448655,Christian,good,1,.1875,0, , , , , , , , , , , , , , , , , , , , ,2,East Asian,3,cn,hk,54,f, , ,0,Christian
2448683,Muslim,bad,-1,.046875,0,.277871562633666,.718731175022824,.463537308041686,.22821985485709,-.592083718738755,-.210839860201017,.486713348566058,-.385930296693643,-.213911808838444,.113128756966029,0,0,0,0,0,0,0,0,0,0,2,Black or African American,3,us,sm,18,f,-.277871562633666,-.463537308041686,0,Non-Christian
2448725,Christian,bad,-1,.223958333333333,.0104166666666667,1.11919104986675,.675838988710629,.806616261495001,.225901347635988,.133577488270317,.733585784153416,.867215433357459,-.0560515173977338,-.25323740465348,-.557926511306245,3,3,3,0,0,0,3,-1,-1,-1,2,More than one race - Black/White,4,us,us,30,m,-1.11919104986675,-.806616261495001,0,Christian
2448788,Hindu,good,1,.0416666666666667,0,.297595191553259,-.326489508286577,.89383772476119,-.542250830151323,-.664147531530077,-.250124610788579,.288314469342624,.206205242549773,-.501331184411553,.00681147251915541,2,-2,0,2,1,-3,0,.666666666666667,.333333333333333,-1,3,American Indian/Alaska Native,3,in,in,26,f,.297595191553259,.89383772476119,0,Non-Christian
2448792,Christian,bad,-1,.427083333333333,.427083333333333,.594297505037147,1.02314158291631,-.0479247924406981,-.406882808129884,1.28326284693459,-.333367080319761,.523171431837586,-.316541951702062,.0940275112558523,-.300656991391376,0,2,3,0,0,-1,1.66666666666667,-.666666666666667,0,-1,3,White,3,us,eg,28,f,-.594297505037147,.0479247924406981,-2,Christian
2448847,Hindu,good,1,.0833333333333333,0,.631177754078979,-.614774153556159,-.73707543363741,.351714984591764,-1.14947583450937,-.254281906705884,-.24022394437153,.0029257540861703,-.47631286799886,.71361105828422,0,-2,-3,2,-3,-3,-1.66666666666667,3,-.333333333333333,-1,.,.,2,.,in,27,m,.631177754078979,-.73707543363741,0,Non-Christian
2448903,Christian,bad,-1,.0375,0, , ,.646896803812193,.23894596417384, , , , , , , , , , , , , , , , ,2,White,3,pt,pt,19,f, ,-.646896803812193,0,Christian
2448973,Hindu,bad,-1, , , , , , , , , , , , ,0,0,0,0,0,0,0,0,0,0,3,Other or Unknown,3,in,in,39,m, , ,0,Non-Christian
2449053,Jewish,bad,-1,.5,0,.892120813672096,-.0358116579318771,-.0197395572486934,-.425460623668097,-.165040639869238,-.307951541164401,.278856532830509,.0511069134785242,-.49420735906981,.164243912760777,-3,2,2,3,3,-2,.333333333333333,-1,3,-2.33333333333333,2,White,3,uk,uk,56,m,-.892120813672096,.0197395572486934,-1,Non-Christian
2449174,Christian,bad,-1,.21875,.00520833333333333,-.190548482221317,-.429125346941739,.131657166767262,-.130741359080057,.481229923878209,.412725003758753,-.162672220798598,.324197236593517,.180345682339823,-.341870698134742,1,-1,-1,0,-1,-2,-.333333333333333,1.33333333333333,-.666666666666667,-.333333333333333,2,Black or African American,3,us,sm,21,f,.190548482221317,-.131657166767262,0,Christian
2449376,Christian,bad,-1,.291666666666667,0,.258497590089855,.0807311702487083,1.07290798954047,.542322255648843,.166437015920438,.107340830197132,.470712249959678,-.171904198566806,.150087227159809,-.44889527855268,1,0,3,0,3,-1,1.33333333333333,-1.66666666666667,.666666666666667,-.333333333333333,2,White,3,us,sm,58,f,-.258497590089855,-1.07290798954047,2,Christian
2449709,Christian,bad,-1,.0625,0, , , , , , , , , , , , , , , , , , , , ,2,Black or African American,4,us,us,21,m, , ,0,Christian
2449730,Hindu,good,1,0,0,-.663645145548073,.691092639265589,.791184812444401,.351719209379736,.452472083608861,-.293194667696856,.272877435387306,-.445335505447394,.489278812845556,-.316820742785469,0,0,0,0,0,0,0,0,0,0,3,South Asian,3,in,sm,33,m,-.663645145548073,.791184812444401,0,Non-Christian
2449764,Hindu,good,1,.0260416666666667,0,.115608943071637,.127327208058562,-.764527560637064,.0989035804980027,-.242765547740312,-.801942665324538,-.173863803168955,-.342724484627034,-.0864903034379821,.603078591233971,0,0,0,0,0,-3,0,1,0,-1,.,.,3,in,in,37,m,.115608943071637,-.764527560637064, ,Non-Christian
2449798,Hindu,good,1,.130890052356021,0,.199155936676747,.217498302931983,-.833471805652388,-.548537673621318,-.258147281464641,-.93992340378325,-.138939188681219,-.202961344364639,-.335280297254235,.677180830300093,0,-2,-2,2,1,2,-1.33333333333333,-.333333333333333,1,.666666666666667,3,South Asian,3,in,in,38,m,.199155936676747,-.833471805652388,0,Non-Christian
2449816,Hindu,bad,-1,.0157068062827225,0,-.425373702384169,.354054561900387,.330574678156005,.299458432767652,.183692426773819,-.632885654860972,.0864185125574076,-.428799549843004,.30284152064188,.0395395166437163,3,3,3,3,0,-1,3,-.666666666666667,0,-2.33333333333333,3,American Indian/Alaska Native,2,in,in,28,m,.425373702384169,-.330574678156005,0,Non-Christian
2449912,Jewish,good,1,.0208333333333333,0,.0169460646938033,.236686616738717,.251204874215432,.546024902761631,.603158184063074,-.416466725758187,.168279185215984,-.399726081752845,.377412340710301,-.14596544417344,-2,0,2,3,3,0,0,-1.66666666666667,2.66666666666667,-1,2,White,2,us,sm,64,f,.0169460646938033,.251204874215432,-2,Non-Christian
2449970,Christian,bad,-1,.229166666666667,.0104166666666667,.188120898432568,.0871805203416341,-.325395168376874,-.727189337388716,-.534901435765309,.291823723888579,-.0166979165342241,.310610846978554,-.483403890528864,.189490960084535,1,1,2,0,0,0,1.33333333333333,-.666666666666667,-.333333333333333,-.333333333333333,2,Black or African American,3,kn,us,25,f,-.188120898432568,.325395168376874,0,Christian
2449984,Christian,good,1, , , , , , , , , , , , ,0,1,2,-1,0,1,1,-1,-.333333333333333,.333333333333333,.,White,2,dk,ro,61,f, , ,-3,Christian
2450001,Hindu,bad,-1,.0208333333333333,0,.733289805989891,.239882092814105,-1.10506520739953,.613114636426624,-.22688546266347,-.447243384420013,-.0439644361985124,-.433413371220247,-.115686877408913,.593064684827672,0,0,0,0,0,0,0,0,0,0,.,South Asian,3,in,in,43,m,-.733289805989891,1.10506520739953,-2,Non-Christian
2450394,Jewish,bad,-1,.0833333333333333,0,-1.05244064984512,.696608954025542,.163609028145247,.313262118186968,.923524727308706,.973185321419783,-.0640742225581091,-.0122285835975755,.763075831780263,-.686773025624579,0,0,0,0,0,0,0,0,0,0,2,White,1,us,us,20,f,1.05244064984512,-.163609028145247,-3,Non-Christian
2450592,Christian,bad,-1,.0260416666666667,0,.443447389107784,.626181251586759,-.021246156274635,.285594871233763,-.49032143377673,.0357441711336701,.34946082813997,-.292010650562284,-.216057983883584,.158607806305898,0,0,0,0,0,0,0,0,0,0,2,White,4,us,sm,31,m,-.443447389107784,.021246156274635,3,Christian
2450699,Muslim,bad,-1,.0390625,0,-.353040741718886, ,-1.1169680797606,.680616432986429, ,.0702488539291728, , , , , , , , , , , , , , ,3,South Asian,3,ca,ca,18,f,.353040741718886,1.1169680797606,0,Non-Christian
2450786,Jewish,bad,-1, , , , , , , , , , , , ,-2,-1,-1,0,0,0,-1.33333333333333,.333333333333333,.666666666666667,.333333333333333,2,White,1,us,sm,17,m, , ,-1,Non-Christian
2450828,Christian,good,1,.0572916666666667,0,.87416563932898,-.869114777528029,.156084880213315,.0172616014112111,.168720969761512,-.367759442199013,.053711914004755,.161364577972602,-.229394356052086,.0143178640747288,0,0,0,1,0,-2,0,.666666666666667,.333333333333333,-1,1,White,2,us,us,30,f,.87416563932898,.156084880213315,-3,Christian
2450852,Christian,bad,-1, , , , , , , , , , , , ,0,0,0,0,0,0,0,0,0,0,.,Black or African American, ,us,sm,37,f, , , ,Christian
2450892,Christian,bad,-1,.140625,0,.374924334137495,.32028694632505,.428973574753909,.011698919884586,-.13700650831321,.033549559297211,.374728285072152,-.0994787689708084,-.166743974188706,-.108505541912637,0,1,1,0,0,0,.666666666666667,-.333333333333333,0,-.333333333333333,2,White,4,us,sm,18,f,-.374924334137495,-.428973574753909, ,Christian
2450896,Christian,bad,-1,.135416666666667,0,.65312883583856,-.235583590538372,.908517669193472,-.142502165714025,-.155896923653373,-.497433341659403,.442020971497887,-.0397825284690021,-.317175975068653,-.0850624679602322, , , , , , , , , , ,2,White,1,us,us,21,f,-.65312883583856,-.908517669193472,0,Christian
2451001,Christian,bad,-1,.3125,0, , , , , , , , , , , , , , , , , , , , ,2,White,4,us,us,53,f, , ,0,Christian
2451103,Hindu,good,1,.046875,0,-.0133136911190248,1.28440533144661,.656154359688325,.742151160185901,-.230077031507676,.0671858853380094,.642415333338636,-.6531235354315,.17512927326575,-.164421071172886,0,0,0,0,-1,-1,0,.666666666666667,-.333333333333333,-.333333333333333,2,South Asian,2,au,au,35,f,-.0133136911190248,.656154359688325,0,Non-Christian
2451192,Christian,good,1,.0572916666666667,0,-.563961636546591,1.27081923558643,.973553181657737,.362056884535205,.00317822463775083,-.303136068721528,.560136926899191,-.645337396281054,.309732248573182,-.22453177919132,0,0,0,0,0,0,0,0,0,0,2,White,3,us,sm,52,m,-.563961636546591,.973553181657737,3,Christian
2451200,Jewish,bad,-1,.125,0,.0258089806754929,.431826774246263,1.09569612823168,.618284270491243,.388494837719701,-.871578525978411,.51777729438448,-.640563190238639,.326990042511817,-.204204146657658,-3,2,0,3,3,-3,-.333333333333333,0,3,-2.66666666666667,2,White,2,us,us,15,m,-.0258089806754929,-1.09569612823168,2,Non-Christian
2451255,Muslim,bad,-1,.234375,0,-.459332800855459,-.101725960176902,-.432941652491895,-.389887824774717,.0907450844669742,-.345471868878875,-.331333471174752,.0487139720242478,.0533966868492387,.229222812301265,2,-2,3,-3,0,3,1,-2,-1.66666666666667,2.66666666666667,2,More than one race - Black/White,3,eg,eg,38,m,.459332800855459,.432941652491895,0,Non-Christian
2451430,Christian,bad,-1,.453125,.854166666666667, ,-.353553390593274,-1.62514465741457,.621788946280851, ,-.353553390593274, ,-.207262982093617, , ,3,3,3,0,0,0,3,-1,-1,-1,2,White,2,us,us,18,f, ,1.62514465741457,0,Christian
2451433,Jewish,good,1, , , , , , , , , , , , ,-2,0,0,-2,-2,0,-.666666666666667,.666666666666667,-.666666666666667,.666666666666667,3,American Indian/Alaska Native,2,us,us,20,m, , ,3,Non-Christian
2451590,Christian,good,1,.0677083333333333,0,-.508076688243062,.751286697280626,.499583450126594,.25024536174602,-.403022946222676,.0127958340780344,.247597819721386,-.329578741649537,.118433034588802,-.0364521126606508,0,0,0,0,0,0,0,0,0,0,2,White,3,us,sm,20,f,-.508076688243062,.499583450126594,0,Christian
2451633,Christian,good,1,.0572916666666667,0,.438066015588805,.911547858731108,.641501148191314,.752473683585721,.61188782291019,-.649770156825585,.663705007503742,-.771263899714138,.308765163635702,-.201206271425306,-2,3,2,0,0,0,1,-.666666666666667,.666666666666667,-1,2,White,4,us,us,26,m,.438066015588805,.641501148191314,1,Christian
2451899,Christian,good,1,.135416666666667,0,.8016320381549,.363461631575093,.28517062535972,.244568822679371,.100392047988048,.651895503599718,.483421431696571,.0146216831150846,-.152223722495827,-.345819392315829,2,2,2,1,1,0,2,-1,0,-1,2,White,2,us,us,19,f,.8016320381549,.28517062535972,0,Christian
2451964,Christian,bad,-1,.119791666666667,0,.81848295616717,-.200692258800914,.087354558282057,-.343033064308429,-.212985236719441,-.995624055970541,.235048418549438,-.150632910953733,-.45816708573168,.373751578135975,0,0,0,0,0,0,0,0,0,0,2,White,2,us,sm,19,f,-.81848295616717,-.087354558282057,0,Christian
2452119,Christian,bad,-1, , , , , , , , , , , , ,0,0,0,0,0,0,0,0,0,0,2,More than one race - Other,3,us,sm,30,m, , ,-3,Christian
2452142,Christian,bad,-1,.234375,.0104166666666667,.237960296756529,.425663357536128,-.713174934647873,.07180394993105,.222241843965772,-.218658583589093,-.0165170934517387,-.23870863035209,.0186951657134311,.236530558090398,0,0,0,0,0,0,0,0,0,0,1,White,4,us,us,27,m,-.237960296756529,.713174934647873,1,Christian
2452224,Christian,good,1,.0729166666666667,0,1.23690190433123,.193946999177306,.872857428521827,-.0270681391796891,.340437239701108,-.444109227534877,.767902110676789,-.203662695844165,-.307844267936605,-.256395146896019,0,1,1,0,0,0,.666666666666667,-.333333333333333,0,-.333333333333333,2,White,4,us,us,31,m,1.23690190433123,.872857428521827,0,Christian
2452337,Christian,good,1,.140625,0,.00859683466672782,.554559428276196,.640647198609357,.702242776941549,-.370544013900042,-.206986944839792,.401267820517427,-.487929716685846,.107700642791593,-.0210387466231745,1,3,2,1,1,-1,2,-.666666666666667,.333333333333333,-1.66666666666667,1,White,1,sv,us,27,f,.00859683466672782,.640647198609357,-2,Christian
2452380,Christian,good,1,.03125,0,.82054455981507,.315875863902265,.301828489071337,-.252961001070509,-.649788070968985,-.33939219986371,.479416304262891,-.134102354231822,-.574431210618188,.229117260587119,0,0,0,0,0,0,0,0,0,0,2,White,1,fr,sm,40,m,.82054455981507,.301828489071337,-2,Christian
2452382,Christian,bad,-1, , , , , , , , , , , , ,0,3,3,1,1,-1,2,-1,.666666666666667,-1.66666666666667,2,White,4,us,sm,31,f, , ,0,Christian
2452397,Muslim,bad,-1, , , , , , , , , , , , ,1,-1,2,-2,-2,2,.666666666666667,-.666666666666667,-1.66666666666667,1.66666666666667,2,Black or African American,3,us,us,48,f, , ,0,Non-Christian
2452415,Muslim,bad,-1,.0520833333333333,0,-.206951185196612,.750717933400589,.457592863113609,-.691482952925007,.650803247631263,-.114853406317889,.333786537105862,-.0580294622644902,.0554238266342892,-.331180901475661,1,-2,1,-2,-1,2,0,-.666666666666667,-1.33333333333333,2,2,South Asian,2,in,in,30,m,.206951185196612,-.457592863113609,0,Non-Christian
2452423,Christian,good,1,.0208333333333333,0,.734981145428771,.7290300038268,.928574478417638,.409209046589078,-.476843978023661,-.669462705708881,.797528542557736,-.602567252041586,-.267538692287785,.0725774017716347,2,3,2,1,0,-1,2.33333333333333,-.333333333333333,-.333333333333333,-1.66666666666667,2,More than one race - Other,3,us,sm,19,f,.734981145428771,.928574478417638,1,Christian
2452487,Hindu,bad,-1,.235602094240838,0,.758491433950747,.508507147745607,-.123769441575706,-.616615840581965,-.294578589585059,-.621377668242811,.381076380040216,-.171089658468818,-.556561954705924,.346575233134526,0,1,-1,0,-1,-1,0,1,-.333333333333333,-.666666666666667,2,South Asian,1,in,uk,36,f,-.758491433950747,.123769441575706,-2,Non-Christian
2452504,Christian,bad,-1,.307291666666667,.0208333333333333,1.12987619212175,-.201196994504652,.91002281208896,-.753352761156789,-.185208103843664,-.838271807511577,.612900669902021,.0387593160499543,-.689479019040736,.0378190330887604, ,3, ,3,3,-2, , , ,-2.66666666666667,2,White,2,us,us,18,m,-1.12987619212175,-.91002281208896,3,Christian
2452569,Hindu,good,1, , , , , , , , , , , , ,0,0,0,0,0,0,0,0,0,0,2,South Asian,4,us,us,27,m, , ,-2,Non-Christian
2452580,Jewish,good,1,.28125,.00520833333333333,-.322320332353328,.403264101456912,.931134340264331,.581782584461215,.605887982551513,.184097844753203,.337359369789305,-.266982947054975,.503330299788685,-.573706722523016,-1,1,-1,3,1,-1,-.333333333333333,.333333333333333,1.66666666666667,-1.66666666666667,1,White,3,us,sm,17,m,-.322320332353328,.931134340264331,0,Non-Christian
2452921,Christian,good,1,.192708333333333,.015625,1.16232408063058,.0644271011524301,.973736896013671,.652851103992296,.267089354477729,-.0868146590074508,.733496025932228,-.268030954717392,-.0807945407201856,-.38467053049465,3,3,3,2,2,0,3,-1.66666666666667,.333333333333333,-1.66666666666667,2,White,2,us,us,52,f,1.16232408063058,.973736896013671,-1,Christian
2452946,Christian,bad,-1,.182291666666667,0,.064877625300752,1.0526062194747,.348604918724083,.214968755686132,.280016196249094,.0167329492026462,.488696254499845,-.416947341986062,.143369108878158,-.215118021391941,1,2,2,2,2,0,1.66666666666667,-1.33333333333333,1,-1.33333333333333,2,White,3,us,us,21,m,-.064877625300752,-.348604918724083,3,Christian
2453032,Christian,good,1, , , , , , , , , , , , ,2,2,3,1,1,0,2.33333333333333,-1.33333333333333,0,-1,3,White,4,us,us,50,f, , ,1,Christian
2453497,Christian,good,1,.197916666666667,0,1.39045147000753,.856852786477079,1.16081077095301,.555003746859703,-.206339897470303,.0745173014717185,1.1360383424792,-.445779743955021,-.347262540206042,-.342996058318141, , , , , , , , , , ,2,White,2,us,us,50,m,1.39045147000753,1.16081077095301,2,Christian
2453535,Muslim,bad,-1, , , , , , , , , , , , ,0,0,0,-2,-1,0,0,.333333333333333,-1,.666666666666667,3,South Asian,3,my,my,23,f, , ,1,Non-Christian
2453538,Christian,good,1,.0989583333333333,.015625,.627005560369378,.425431048712895,1.02112515226706,-.376655815481633,.724207592627639,-.271429031098543,.69118725378311,-.106734754776602,-.0931512610744576,-.491301237932051,2,3,3,1,2,0,2.66666666666667,-1.66666666666667,.333333333333333,-1.33333333333333,2,White,4,us,us,18,f,.627005560369378,1.02112515226706,2,Christian
2453674,Hindu,good,1,.104166666666667,.046875,.0820779792883503,-.297553227793821,-1.08092872776538,.82007271485795,-.531397327260822,-.747931332640722,-.432134658756951,-.423483606568284,.0688658027695925,.786752462555642, , ,0, ,-1,-2, ,1, , ,3,Other or Unknown,2,in,in,25,f,.0820779792883503,-1.08092872776538,0,Non-Christian
2453729,Hindu,good,1,.0104712041884817,0,.218604238720724,-.395264946387748,-.584011587808691,-.807168123554459,-.660412038223398,-.76573621223017,-.253557431825239,.145565619237346,-.56206146683286,.670053279420753,0,0,0,0,0,0,0,0,0,0,2,East Asian,3,in,in,42,m,.218604238720724,-.584011587808691,0,Non-Christian
2453747,Hindu,good,1,.03125,0,.505510207863082,.208941412172011,-.90344918987018,.589801398931874,-.0111409894458588,-.552849440164517,-.0629991899450293,-.450530750422801,.0243834005409778,.489146539826852,0,1,-1,0,-1,-2,0,1.33333333333333,-.333333333333333,-1,2,South Asian,3,in,in,45,m,.505510207863082,-.90344918987018,0,Non-Christian
2453793,Jewish,bad,-1,.0208333333333333,0,-.30529004412858,.748782546601066,.576005329282628,-.646859736331267,.0940478013983489,.19671160438833,.339832610585038,.0315962647061772,-.0825072969347796,-.288921578356436,-1,0,0,1,1,0,-.333333333333333,-.333333333333333,1,-.333333333333333,2,White, ,us,sm,39,f,.30529004412858,-.576005329282628,-3,Non-Christian
2453853,Christian,good,1,.0989583333333333,0,.0822534897098505,.91005234605724,.410854951832044,.361210988407522,-.37527933019486,.228043637061784,.467720262533045,-.347739899134326,-.0321072771657296,-.0878730862329891,3,3,1,1,0,-1,2.33333333333333,0,-.666666666666667,-1.66666666666667,2,White,3,us,sm,23,f,.0822534897098505,.410854951832044,-2,Christian
2454007,Christian,good,1,.0260416666666667,0,.316232707576117,1.02390108211054,1.07491813093788,.25078978334972,-.32045698957477,.264424538327669,.805017306874846,-.33675544237753,-.128633304600389,-.339628559896926,1,2,1,2,0,-1,1.33333333333333,0,.333333333333333,-1.66666666666667,2,White,2,us,sm,22,m,.316232707576117,1.07491813093788,0,Christian
2454058,Christian,good,1,.104166666666667,0,.122257578122458,.569606298510479,.305400705411597,.561906047765974,.1353969503995,-.557876954086943,.332421527348178,-.563129766787799,.191681806681005,.0390264327586157,0,0,0,0,0,0,0,0,0,0,2,White,2,us,sm,44,f,.122257578122458,.305400705411597,0,Christian
2454202,Muslim,good,1,.0572916666666667,0,.362192289403075,-.576367810066151,.536804679955767,.347930309950669,-.483165525057951,.486073024534588,.107543053097564,.238170174883357,-.165809168170119,-.179904059810801,0,0,0,0,0,0,0,0,0,0,2,More than one race - Other,2,us,us,50,m,.362192289403075,.536804679955767,-2,Non-Christian
2454445,Hindu,bad,-1,.0578947368421053,0,.0337454446867822,.360002818061988,-.933213325531119,.0460614674914801,-.880091211650608,-.391220560046034,-.179821687594116,-.265761615199834,-.28925839628197,.734841699075921,0,2,0,2,0,-2,.666666666666667,.666666666666667,.666666666666667,-2,3,South Asian,3,in,in,24,m,-.0337454446867822,.933213325531119,0,Non-Christian
2454517,Christian,bad,-1,.171875,0, , ,-.105036392966471,-.190481743635858, , , , , , ,0,2,2,1,1,1,1.33333333333333,-1.33333333333333,.666666666666667,-.666666666666667,2,White,2,us,us,22,f, ,.105036392966471,0,Christian
2454704,Christian,good,1,.109375,0, ,1.03748681587909,.441390302838383,.0730896186700317,-.325363622771284, , , , , ,0,0,0,0,0,0,0,0,0,0,2,White,1,us,us,35,f, ,.441390302838383,-2,Christian
2454742,Muslim,good,1,.0729166666666667,0,.505132221814288,-.279563276213259,.470874970602596,-.16707812500415,.510139778927442,1.02257841736855,.232147972067875,.489739939528655,-.0540235226303319,-.667864388966198,2,-3,1,-3,-2,3,0,-.666666666666667,-2.33333333333333,3,2,South Asian,3,ca,ca,58,m,.505132221814288,.470874970602596,-2,Non-Christian
2454914,Christian,bad,-1,.09375,.00520833333333333,1.02475640324155,1.44452447844298,.820346332088149,.765279452270109,.467455491346913,-.670911924957605,1.09654240459089,-.960238618556899,.069326180125158,-.205629966159152,3,3,3,1,1,0,3,-1.33333333333333,-.333333333333333,-1.33333333333333,2,More than one race - Black/White,3,us,us,16,m,-1.02475640324155,-.820346332088149,0,Christian
2454918,Christian,bad,-1,.229166666666667,.0104166666666667,.697335277590747,1.1900205984487,.330685939657686,-.510660109127164,.148780655513323,-.427378497659142,.739347271899043,-.368912995660225,-.353071577068196,-.0173626991706224,3,3,2,3,3,-3,2.66666666666667,-.666666666666667,1,-3,2,White,3,uk,uk,20,f,-.697335277590747,-.330685939657686,3,Christian
2454929,Christian,bad,-1,.125,0,.416417230058846,.751543600715059,1.3562792127726,-.386757472040467,-.0759227224608674,.293536526928404,.841413347848835,-.0237498672487293,-.293032474853394,-.524631005746712,1,2,0,0,0,0,1,0,-.333333333333333,-.666666666666667,2,White,3,us,us,19,f,-.416417230058846,-1.3562792127726,-1,Christian
2454988,Christian,bad,-1,.387096774193548,.00537634408602151,-.137565587155805,.917016927685047,1.33320196880405,1.09305852383322,-.415801122249334,-.627692594371676,.704217769777763,-.879256015296649,.271607662913232,-.0965694173943454,0,2,3,2,2,1,1.66666666666667,-2,1.33333333333333,-1,2,White,1,us,us,62,m,.137565587155805,-1.33320196880405,-1,Christian
2455020,Christian,bad,-1,.0885416666666667,0,-.157692372138739,.552566911550421,.275994896999324,.139809272017757,.589790037281347,-.654385378386666,.223623145470335,-.448920520651615,.295763893812614,-.0704665186313351,0,0,0,0,0,0,0,0,0,0,2,Black or African American,3,us,us,18,f,.157692372138739,-.275994896999324,0,Christian
2455062,Hindu,bad,-1,.40625,.00520833333333333,.0900121713702419,.712439798483975,.0634940328215713,.0746560025692169,-.621036044687547,-.0836079141063671,.288648667558596,-.290234571719853,-.212130737829524,.213716641990781,0,2,0,2,0,-3,.666666666666667,1,.666666666666667,-2.33333333333333,3,South Asian,3,ca,sm,51,m,-.0900121713702419,-.0634940328215713,-2,Non-Christian
2455168,Christian,bad,-1,.458333333333333,.536458333333333,.539162935277286,.427905661390734,-.586624824311653,-1.33443652666488,.0896201557596272, ,.126814590785456, ,-.594659768727513, ,0,2,0,3,0,0,.666666666666667,0,1,-1.66666666666667,2,Black or African American,1,us,sm,40,m,-.539162935277286,.586624824311653,2,Christian
2455219,Christian,good,1,.427083333333333,.604166666666667,-1.25363950039164, ,.152529205064864,.616487178243919,-.353553390593274,-.883460283139851, , ,.505524429347428,.36149482288942,0,2,2,0,0,0,1.33333333333333,-.666666666666667,0,-.666666666666667,2,White,2,us,sm,21,m,-1.25363950039164,.152529205064864,2,Christian
2455242,Christian,bad,-1, , , , , , , , , , , , ,1,3,2,2,1,-2,2,-.333333333333333,.666666666666667,-2.33333333333333,2,White,3,us,us,22,f, , ,1,Christian
2455642,Jewish,good,1,.046875,.00520833333333333,.716857637906137,.85632566554099,.198318579289415,.624062347156693,.076260526518835,.0755470892851161,.590500627578847,-.468280307804189,-.00551158807686954,-.116708731697789,0,0,0,0,0,0,0,0,0,0,2,More than one race - Other,1,us,us,19,m,.716857637906137,.198318579289415,1,Non-Christian
2455663,Muslim,bad,-1,.0208333333333333,0,.398323552335098,.151465831055182,.387385830719947,-.0106155462618774,-.634563236590758,-.288284369256141,.312391738036742,-.143044884683148,-.347834111729245,.178487258375651,0,-3,1,-3,0,3,-.666666666666667,-1.33333333333333,-1,3,3,White,3,tj,tj,29,f,-.398323552335098,-.387385830719947,0,Non-Christian
2455766,Christian,good,1,.09375,0,.250153709337529,.174053495439636,1.03311596787264,-.204697587359024,.0869204013868346,1.29469543940689,.485774390883269,.441779843775427,-.122643631769906,-.804910602888789,3,1,2,-2,-1,1,2,-.666666666666667,-2,.666666666666667,2,White,2,ie,sm,23,f,.250153709337529,1.03311596787264,-2,Christian
2455932,Muslim,good,1,.135416666666667,0,.657645840145023,-.356378151893314,.760470329887403,-1.0862695905124,.562000284653077,.516286681714233,.353912672713037,.652978141373315,-.393971715334781,-.612919098751571,2,-2,2,2,0,2,.666666666666667,-1.33333333333333,0,.666666666666667,3,Other or Unknown,3,sa,sa,26,m,.657645840145023,.760470329887403,-2,Non-Christian
2456113,Christian,bad,-1, , , , , , , , , , , , ,0,0,0,2,2,-2,0,0,1.33333333333333,-1.33333333333333,2,Black or African American,4,us,us,47,m, , ,2,Christian
2456119,Muslim,good,1,.140625,0,1.11121883431885,-.713254015080556,.558011931915767,-.725512907323833,-.106012118571454,.440993093862044,.318658917051353,.626586672088811,-.647581286738045,-.297664302402119,1,0,2,-2,-2,2,1,-.666666666666667,-1.66666666666667,1.33333333333333,2,Other or Unknown,2,us,us,17,m,1.11121883431885,.558011931915767,0,Non-Christian
2456120,Jewish,good,1,.25,.00520833333333333,.109828085022592,-.515841138722573,.137603038688044,.252996802175161,.20841378992206,-.27346460529015,-.0894700050039789,-.00354008958091273,.117194169024876,-.0241840744399844,-2,0,0,-2,1,0,-.666666666666667,-.333333333333333,.333333333333333,.666666666666667,2,White,1,us,sm,37,f,.109828085022592,.137603038688044,-2,Non-Christian
2456257,Christian,good,1,.307291666666667,.328125,.604054022057639,.298606241489638, ,-.362970050988952,.0958932445901863,-.264574878301575, ,-.0667370229340868,-.290376942818802, , , , , , , , , , , ,3,White,2,us,sm,19,f,.604054022057639, , ,Christian
2456376,Muslim,good,1, , , , , , , , , , , , ,0,0,0,0,0,0,0,0,0,0,.,Black or African American,3,ci,.,18,f, , , ,Non-Christian
2456390,Hindu,good,1,.046875,0,.919648905209406,.684226241278841,-.693713064647828,.021962293390942,-.168627683816296,-.706974643298748,.303387360613473,-.471054392656177,-.35543809854492,.523105130587624,0,0,0,0,0,0,0,0,0,0,2,South Asian,3,de,us,32,m,.919648905209406,-.693713064647828,-1,Non-Christian
2456404,Hindu,good,1,.0572916666666667,0,.839613576712405,.448651224529202,.227393934368407,.84889698498538,-.750834249464573,-.590935991984042,.505219578536671,-.629494733832875,-.247183613730533,.371458769026736,0,0,0,-1,-1,-1,0,.666666666666667,-.666666666666667,0,3,South Asian,3,in,us,34,m,.839613576712405,.227393934368407,-1,Non-Christian
2456524,Christian,bad,-1, , , , , , , , , , , , ,0,0,1,0,1,0,.333333333333333,-.666666666666667,.333333333333333,0,2,White,2,us,sm,22,f, , ,-2,Christian
2456850,Hindu,bad,-1,.161458333333333,.00520833333333333,.738820296026915,.448510877279331,.988592344291407,.070525099546588,.98980078888849,-.171485277860018,.725307839199218,-.230173751561979,.107168530802721,-.60230261843996,0,0,0,0,0,0,0,0,0,0,2,South Asian,3,in,us,19,m,-.738820296026915,-.988592344291407,0,Non-Christian
2456851,Muslim,good,1,.078125,0,-.43060844114269,-.803771641082317,-.563889245322521,-.913394287457269,-.212710884964165,.107619916094491,-.599423109182509,.608261948211359,-.231832243759581,.222993404730732,0,-2,0,-2,0,2,-.666666666666667,-.666666666666667,-.666666666666667,2,2,White,2,tn,tn,19,m,-.43060844114269,-.563889245322521,0,Non-Christian
2456925,Hindu,bad,-1,.317708333333333,.296875,-.714748212062864,.0558127103183712,.703592202447211,1.22802012158724,.676383277780382,-1.36381753693014,.014885566900906,-.88255012294525,.873050537143495,-.00538598109915063,0,1,-1,1,-2,-1,0,1.33333333333333,-.333333333333333,-1,2,South Asian,3,us,sm,19,m,.714748212062864,-.703592202447211,-3,Non-Christian
2456940,Christian,good,1,.09375,0, , , , , , , , , , ,0,0,0,0,0,0,0,0,0,0,2,White,1,us,us,33,f, , ,0,Christian
2457084,Christian,good,1,.0833333333333333,0,1.1524742030262,1.00585202573148,.553722515755833,.0544977015040269,-.366615939465873,-.382489234099868,.904016248171168,-.480946320445124,-.488197480329347,.0651275526033028,2,3,3,3,1,-2,2.66666666666667,-.666666666666667,.666666666666667,-2.66666666666667,2,White,2,us,us,39,f,1.1524742030262,.553722515755833,0,Christian
2457155,Christian,good,1,.046875,0,.659104915625601,.138353206002795,.0851340412738328,.706872808735389,-.439396138578997,.198977396538303,.294197387634076,-.215416206066627,-.130542748489736,.0517615669222871,0,1,0,0,0,0,.333333333333333,0,0,-.333333333333333,2,White,1,us,sm,23,f,.659104915625601,.0851340412738328,2,Christian
2457295,Jewish,bad,-1,.0572916666666667,0,-.700554599856861,-.17137632770962,.236484231131097,.611067328194284,-.59657738102648,.120977132760907,-.211815565478461,-.106237955907919,.238348182341555,.0797053390448252,0,0,0,0,0,0,0,0,0,0,2,White,3,us,sm,42,f,.700554599856861,-.236484231131097,-1,Non-Christian
2457337,Jewish,bad,-1,.21875,0,.554086706788557,.778636682925844,-.112527879564132,.498579670958632,.386880658295803,.660080493869386,.406731836716756,-.205711953338363,.110457874155293,-.311477757533686,0,0,0,0,1,0,0,-.333333333333333,.333333333333333,0,2,White,1,us,sm,20,m,-.554086706788557,.112527879564132,-2,Non-Christian
2457367,Jewish,bad,-1,.078125,.00520833333333333,.244817537654343,-.00664300314953662,1.14232014355935,.0138567053787038,-.0429560808258067,-.629307026166225,.460164892688053,-.212173576131797,-.0913056377004819,-.156685678855774,-2,-2,-2,1,1,0,-2,.333333333333333,1.33333333333333,.333333333333333,2,White,1,us,us,32,f,-.244817537654343,-1.14232014355935,-3,Non-Christian
2457616,Muslim,bad,-1, , , , , , , , , , , , ,0,0,0,0,0,0,0,0,0,0,2,South Asian,1,us,sm,19,m, , ,-3,Non-Christian
2457639,Hindu,bad,-1,.046875,0,1.02062955845214,.403650782544443,.930285404264326,.208017351715474,.182429296282358,-.26698329416296,.784855248420303,-.292883809474292,-.210060970151436,-.281910468794575,1,2,-1,1,2,-2,.666666666666667,.333333333333333,.666666666666667,-1.66666666666667,2,South Asian,2,us,sm,25,m,-1.02062955845214,-.930285404264326,-3,Non-Christian
2457693,Christian,bad,-1,.182291666666667,0,.815849974736056,-.266226765718979,-.354161244405454,-.037872080877202,.27146083803464,.071429298406014,.0651539882038743,.125176048334065,-.194087072526206,.0037570359882669,0,0,0,0,0,0,0,0,0,0,2,White,2,us,sm,23,f,-.815849974736056,.354161244405454,0,Christian
2457796,Christian,bad,-1,.0104166666666667,0,-.173138549276226,.656394690014587,.0102694649314565,.0494762474194896,.186669931796685,.164401783679435,.164508535223272,-.180489717918214,.1364282428308,-.120447060135859,0,2,1,2,2,-1,1,-.666666666666667,1.33333333333333,-1.66666666666667,2,White,2,br,pa,66,m,.173138549276226,-.0102694649314565,-2,Christian
2458133,Christian,good,1,.0104166666666667,0,.561844795522886,.137466094687275,.904455704037375,.426193801579068,-.622924125890405,-.167502040253999,.534588864749179,-.243720645506781,-.252858373278074,-.0380098459643234,0,0,0,0,0,0,0,0,0,0,2,Other or Unknown,3,my,sm,22,f,.561844795522886,.904455704037375,1,Christian
2458155,Christian,bad,-1,.119791666666667,0,-.104428569483098,.618686396436239,.225312878676768,1.06598367290756,.184016386581809,.192748497649705,.246523568543303,-.497307190564698,.451476209657489,-.200692587636094,0,2,1,1,0,-1,1,0,.333333333333333,-1.33333333333333,2,East Asian,2,my,my,24,m,.104428569483098,-.225312878676768,-2,Christian
2458228,Jewish,bad,-1,.145833333333333,.00520833333333333,-.502627208899483,.834514518949167,-.508086381693014,1.10121216072938,.0321244042612571,.225155737514088,-.05873302388111,-.57019031405482,.545321257963374,.0836020799725562,0,0,0,0,0,0,0,0,0,0,2,White,2,ca,ca,28,m,.502627208899483,.508086381693014,-2,Non-Christian
2458352,Christian,good,1, , , , , , , , , , , , ,0,0,0,0,0,0,0,0,0,0,2,More than one race - Black/White,3,us,us,39,f, , ,0,Christian
2458570,Jewish,good,1,.075,0, ,.295761819844309, , ,.593435335765417, , , , , , , , , , , , , , , ,2,Black or African American,3,zm,us,28,f, , ,0,Non-Christian
2458642,Muslim,bad,-1,.0104166666666667,0,-.0442350645663833,-.220981494602261,.793064827356063,-.367450757968699,.320047396240581,.430875137913845,.175949422729139,.339769130161602,-.00105609905391162,-.51466245383683, ,-2,1, , ,2, , , , ,.,South Asian,4,my,my,28,f,.0442350645663833,-.793064827356063,0,Non-Christian
2458667,Christian,good,1,.0520833333333333,0,.757964136820917,.997429221726836,.882554650757524,.654998716019553,.636724697078928,-.244583749464776,.879316003101759,-.632337229070388,.177919758759188,-.424898532790559,0, , , , , , , , , ,2,White,1,us,sm,66,f,.757964136820917,.882554650757524,-3,Christian
2458677,Christian,good,1,.0729166666666667,0,.707065872673208,-.400433810270288,-.277032808451421,-.213501470540928,.101395614791681,-.0530594191410936,.00986641798383303,.186958620556708,-.273057242807485,.0762322042669445,0,1,1,0,0,0,.666666666666667,-.333333333333333,0,-.333333333333333,2,White,4,us,us,22,f,.707065872673208,-.277032808451421,1,Christian
2458709,Christian,bad,-1, , , , , , , , , , , , ,2,2,2,2,0,0,2,-.666666666666667,0,-1.33333333333333,.,White,3,us,us,36,f, , ,0,Christian
2458732,Jewish,good,1,.0208333333333333,0,-.378889776580443,-.798190470852923,-.667745941769685,.60997489655262,.0961854896424573,-.295097594856936,-.614942063067684,-.0356273401855443,.36168338759184,.288886015661388,0,0,0,0,0,0,0,0,0,0,2,White,2,us,sm,28,f,-.378889776580443,-.667745941769685,-3,Non-Christian
2458819,Christian,good,1,.401041666666667,.0416666666666667,.482904649057689,1.47144223129833,.128607167246273,-.445032318275066,.52703286003089,-.99449721875189,.69431801586743,-.673635710591717,-.133634702433955,.112952397158242,1,1,1,0,0,0,1,-.333333333333333,-.333333333333333,-.333333333333333,2,Black or African American,2,us,us,18,m,.482904649057689,.128607167246273,0,Christian
2458824,Jewish,bad,-1,.0364583333333333,0,.325652299117438,.394943840769781,.586584059266968,.60591392118071,1.05549615838551,-.355248139737533,.435726733051396,-.452035300562675,.445252593482929,-.42894402597165,-1,-1,1,1,1,-1,-.333333333333333,-.333333333333333,1,-.333333333333333,2,White,2,us,us,26,m,-.325652299117438,-.586584059266968,-3,Non-Christian
2458843,Christian,bad,-1,.114583333333333,0,.456697355154134,-.174658321611533,.846710913769414,.397936983009574,.279638676144126,-.6634519260275,.376249982437338,-.29557686247518,.0736261013331889,-.154299221295347,0,0,0,0,0,0,0,0,0,0,2,White,3,us,sm,45,f,-.456697355154134,-.846710913769414,0,Christian
2458884,Christian,good,1,.359375,.09375,.251117736682339,.278263599760228,1.06721397374119,-1.52781882256756,.559516718424643,.14957807713839,.532198436727918,.466377766648573,-.406473280275084,-.592102923101407,2,2,3,1,0,0,2.33333333333333,-1,-.333333333333333,-1,2,East Asian,2,us,us,14,f,.251117736682339,1.06721397374119,0,Christian
2458924,Christian,good,1,.00520833333333333,0,.33157626243481,.133582851276007,.740367409026219,.0663400779492896,-.332621721157981,.160017302814038,.401842174245679,-.0133018754704196,-.199285968547834,-.189254330227425,0,0,0,0,0,0,0,0,0,0,2,Black or African American,3,us,us,48,f,.33157626243481,.740367409026219,-2,Christian
2459105,Christian,good,1,.0677083333333333,0,.279382431627604,.424055641468434,.977250995296918,.321547641297815,.488862625020281,.598661410511718,.560229689464319,-.0489806240848436,.177009278230164,-.688258343609639,2,2,2,0,0,0,2,-.666666666666667,-.666666666666667,-.666666666666667,3,White,4,us,sm,52,m,.279382431627604,.977250995296918,0,Christian
2459208,Muslim,good,1,.203125,0,-.121221956526005,-.59048723736711,.262928649415619,-.450074934871925,-.0169540175317126,1.25605062693271,-.149593514825832,.765537599723914,-.115268998625878,-.500675086272205,1,-2,0,-3,-1,2,-.333333333333333,-.333333333333333,-1.66666666666667,2.33333333333333,2,White,2,us,us,23,m,-.121221956526005,.262928649415619,-3,Non-Christian
2459245,Christian,bad,-1,.151041666666667,0,.367099901324229,.646553262006231,1.01067487962022,-.35508714183272,-.232386068727295,-.429365466713296,.674776014316894,-.240277195628936,-.318191037294748,-.116307781393211,3,3,3,0,1,0,3,-1.33333333333333,-.666666666666667,-1,2,East Asian,3,ca,sm,15,m,-.367099901324229,-1.01067487962022,0,Christian
2459336,Christian,good,1,.0364583333333333,0,.340978563938157,1.03668218298394,1.2055177213875,.289282232017648,.552640173926547,-.32875383856342,.861059489436531,-.551572751188335,.16698128066868,-.476468018916876,1,2,1,1,1,0,1.33333333333333,-.666666666666667,.333333333333333,-1,1,More than one race - Black/White,2,py,cl,37,m,.340978563938157,1.2055177213875,-2,Christian
2459406,Muslim,bad,-1, , , , , , , , , , , , ,0,0,0,0,0,1,0,-.333333333333333,0,.333333333333333,2,South Asian,3,us,us,18,f, , ,0,Non-Christian
2459445,Christian,good,1,.200520833333333,.0442708333333333,.0872842635309518,-.000397480037703926,.78423880893194,.0137060475462592,.660788862504303,.0192204389805635,.290375197475063,.00197062382400275,.195736882173204,-.488082703472269,1,2, , , , , , , , ,1,More than one race - Black/White,4,us,sm,18,f,.0872842635309518,.78423880893194,2,Christian
2459607,Jewish,bad,-1,.1875,.00520833333333333,.059238297495332,.745770331236392,.140081828323922,.750569383340402,.814906458734187,-.449066908287934,.315030152351882,-.648468874288243,.502079181526419,-.168640459590058,-1,0,0,1,1,0,-.333333333333333,-.333333333333333,1,-.333333333333333,2,White,1,us,us,20,f,-.059238297495332,-.140081828323922,-2,Non-Christian
2459671,Christian,good,1, , , , , , , , , , , , ,1,1,1,0,0,0,1,-.333333333333333,-.333333333333333,-.333333333333333,2,White,4,us,us,22,m, , ,1,Christian
2459681,Christian,good,1,.109375,0,.802128446348356,.474401188201916,1.16639134808764,.217218024591284,.322261581537357,-.651967376596208,.814306994212638,-.447862196463136,-.0875496134065716,-.27889518434293,0,0,0,0,0,0,0,0,0,0,1,White,3,us,us,39,f,.802128446348356,1.16639134808764,0,Christian
2459802,Christian,bad,-1, , , , , , , , , , , , ,0,0,0,0,0,0,0,0,0,0,2,White,1,us,sm,19,f, , ,0,Christian
2459919,Christian,bad,-1,.130208333333333,0,.467994538313565,.670917101438513,-.150431395067602,.490084728707115,-.00458877330736851,-.246295794590794,.329493414894825,-.469099208245474,.00583380569539393,.133771987655255,2,3,3,1,2,0,2.66666666666667,-1.66666666666667,.333333333333333,-1.33333333333333,2,East Asian,4,us,us,42,f,-.467994538313565,.150431395067602,0,Christian
2459935,Christian,bad,-1,.0416666666666667,0,.532349168764513,-.172943492511582,-.305730027796394,.449530897356167,-.947495333471539,.220111734856104,.0178918828188458,-.0188252233294938,-.343437868293295,.344371208803943,1,1,1,0,0,0,1,-.333333333333333,-.333333333333333,-.333333333333333,3,White,3,us,us,18,m,-.532349168764513,.305730027796394,2,Christian
2459943,Christian,good,1,.0260416666666667,0,.14178538017632,.553980270741449,1.00294469908233,-.344518539846065,.747954158196041,.377827132755165,.566236783333366,.0561218006199269,.0872167460578855,-.709575330011178,0,0,0,0,0,0,0,0,0,0,3,More than one race - Black/White,3,us,us,18,f,.14178538017632,1.00294469908233,1,Christian
2460002,Christian,good,1,.109375,0,.000725489257300565,.821366983949368,.466546994151684,.212257680141578,.340993621474473,.194701952137995,.429546489119451,-.279640903984317,.18417527078625,-.334080855921384,0,0,0,0,0,0,0,0,0,0,2,White,2,us,sm,25,m,.000725489257300565,.466546994151684,0,Christian
2460018,Hindu,good,1, , , , , , , , , , , , ,0,0,0,0,0,0,0,0,0,0,2,.,3,in,in,32,m, , ,0,Non-Christian
2460031,Christian,bad,-1,.0885416666666667,0,-.380192965171893,.667516312909952,1.33110198286847,.538804263127635,.247476274091996,.343165126742032,.539475110202177,-.287718483098518,.388824500797175,-.640581127900833,0,1,1,0,0,0,.666666666666667,-.333333333333333,0,-.333333333333333,2,White,2,us,sm,25,m,.380192965171893,-1.33110198286847,-2,Christian
2460082,Hindu,bad,-1, , , , , , , , , , , , ,0,1,0,1,0,-1,.333333333333333,.333333333333333,.333333333333333,-1,2,South Asian,2,in,in,31,m, , ,0,Non-Christian
2460386,Christian,bad,-1, , , , , , , , , , , , ,0,1,0,0,0,-1,.333333333333333,.333333333333333,0,-.666666666666667,2,White,2,za,za,29,f, , ,0,Christian
2460953,Christian,good,1,.03125,0,.950270294145048,-.0889272988029573,.515441171983401,-.423390662753596,.443619378744778,-.321881475034058,.458928055775164,.0634788288408316,-.310013859384622,-.212393025231373,0,2,0,1,0,0,.666666666666667,0,.333333333333333,-1,2,White,1,us,sm,30,f,.950270294145048,.515441171983401,-2,Christian
2461082,Christian,good,1,.03125,0,.288274124835346,.733317577708384,.0821800371524107,-.608691942502195,-.0545042104433857,-.688559364833052,.367923913232047,-.271061666679747,-.317156759260309,.220294512708009,0,0,0,0,0,0,0,0,0,0,2,White,2,uk,uk,43,f,.288274124835346,.0821800371524107,-2,Christian
2461375,Jewish,bad,-1, , , , , , , , , , , , ,1,1,0,2,1,0,.666666666666667,-.333333333333333,.666666666666667,-1,2,White,2,us,sm,19,m, , ,0,Non-Christian
2461388,Christian,bad,-1, , , , , , , , , , , , ,0,0,0,0,0,0,0,0,0,0,1,Other or Unknown,2,us,us,23,f, , ,0,Christian
2461420,Christian,good,1,.239583333333333,0,.269170789732681,.946052352804412,1.00205877120193,.0330915608033791,.655309639813531,-.206567933829933,.73909397124634,-.395237282479241,.139743470294743,-.483600159061842,0,3,3,3,3,-3,2,-1,2,-3,2,White,3,us,sm,19,m,.269170789732681,1.00205877120193,-1,Christian
2461470,Jewish,bad,-1,.109375,.015625,.704943289338557,-.243531725923801,.553233771751474,-.704785237190454,-.0615092725736657,-.344981369051066,.338215111722077,.20111186468773,-.490412599700892,-.0489143767089141, , , , , , , , , , ,2,White,3,us,us,24,m,-.704943289338557,-.553233771751474,-3,Non-Christian
2461596,Christian,bad,-1,.0677083333333333,0,.28154662472902,.707664608741522,.255050579610218,-.0456934337087525,-.542178440214809,-.224944490926532,.414753937693587,-.295638555319767,-.289806166217527,.170690783843707,1,1,1,0,0,0,1,-.333333333333333,-.333333333333333,-.333333333333333,.,White,2,uk,uk,40,m,-.28154662472902,-.255050579610218,0,Christian
2461662,Christian,good,1, , , , , , , , , , , , ,0,1,0,0,0,0,.333333333333333,0,0,-.333333333333333,1,More than one race - Other,3,us,us,21,f, , ,0,Christian
2461819,Christian,bad,-1,.15625,.0104166666666667,-.212373235898159, , , , ,-.0890833243040918, , , , ,0,0,0,0,0,0,0,0,0,0,2,White,2,us,sm,17,f,.212373235898159, ,0,Christian
2462017,Christian,good,1,.229166666666667,.00520833333333333,1.0029332000095,.922041513773627,1.34876777057573,.941718990122795,.260258996783219,-.123893269086642,1.09124749478629,-.662551257661021,.066348262298837,-.495044499424101,2,2,2,0,0,0,2,-.666666666666667,-.666666666666667,-.666666666666667,2,Black or African American,3,us,us,18,f,1.0029332000095,1.34876777057573,0,Christian
2462117,Hindu,good,1,.15625,.0104166666666667,.465215064782562,.120198269061041,.189613515752707,-.331093520513728,-.343116957399196,-.151077157542395,.25834228319877,.0199393646367642,-.379808514231829,.101526866396294,0,0,0,0,0,0,0,0,0,0,2,South Asian,1,us,sm,19,f,.465215064782562,.189613515752707,0,Non-Christian
2462218,Christian,bad,-1, , , , , , , , , , , , ,1,2,2,1,1,0,1.66666666666667,-1,.333333333333333,-1,1,White,4,us,us,21,f, , ,0,Christian
2462234,Christian,bad,-1,.0729166666666667,0,-.276408908797342,-.695119875161557,.0751151283633659,-.823327694686983,-.70951945304096,.0978401906931371,-.298804551865178,.538762586847226,-.4188127463102,.178854711328152, , , , , , , , , , ,2,White,3,us,sm,20,f,.276408908797342,-.0751151283633659,0,Christian
2462239,Christian,bad,-1,.104166666666667,0,.564700847230341,-.0786472640016899,-.77438194850529,.566835572505726,-.744989810254308,.0928922670765283,-.096109455092213,-.131765347142503,-.247618361659641,.475493163894357,0,2,2,0,0,0,1.33333333333333,-.666666666666667,0,-.666666666666667,2,White,2,us,us,21,f,-.564700847230341,.77438194850529,0,Christian
2462311,Christian,good,1,.0520833333333333,0,.690297604813749,.373767274050693,.207790996602831,1.08143207884142,.208007568835959,-.336200003685064,.423951958489091,-.597133118859058,.199714014287875,-.0265328539179088,0,2,0,2,1,-1,.666666666666667,0,1,-1.66666666666667,2,White,3,.,sm,53,f,.690297604813749,.207790996602831, ,Christian
2462457,Christian,good,1,.322916666666667,.00520833333333333,.303770570436489,.704511085592145,-.139532090008105,.140174220635244,-.593494695888736,-.371045052143978,.28958318867351,-.405243452790455,-.252363681896661,.368023946013606,0,3,0,3,0,-1,1,.333333333333333,1,-2.33333333333333,3,Black or African American,4,us,us,20,m,.303770570436489,-.139532090008105,0,Christian
2462460,Christian,good,1,.03125,0,-.0969698549396766,.23426470613221,-.0615587008382364,.515078931823775,1.35021805545052,.233755865259229,.0252453834514323,-.171862590898919,.654088947404658,-.507471739957172,0,0,0,0,0,0,0,0,0,0,2,White,4,us,sm,38,f,-.0969698549396766,-.0615587008382364,-2,Christian
2462635,Jewish,good,1,.0833333333333333,0,-.93761785858922,1.07548782277734,.772972194325986,.952855264092479,1.03569813163672,-.295674192246526,.303614052838035,-.774672426372115,.97539041810614,-.50433204457206,-3,3,3,3,3,-1,1,-1.66666666666667,3,-2.33333333333333,2,White,1,ca,ca,29,f,-.93761785858922,.772972194325986,0,Non-Christian
2462776,Muslim,bad,-1,.09375,0,.265571267710456,1.03648182074625,.407562774884233,.584538259109963,-1.04665491105223,-.656255047778251,.569871954446981,-.75909170921149,-.242562639884241,.43178239464875,2,2,2,1,1,0,2,-1,0,-1,2,Other or Unknown,1,ca,ca,36,f,-.265571267710456,-.407562774884233,0,Non-Christian
2462795,Christian,good,1,.03125,0,.499626468597462,.634099399853683,.20967560344668,.581320502244331,-.374982852149735,.271624070604845,.447800490632608,-.314598610497723,-.0977629395009551,-.0354389406339299,0,2,0,1,0,-2,.666666666666667,.666666666666667,.333333333333333,-1.66666666666667,2,White,2,us,us,28,f,.499626468597462,.20967560344668,0,Christian
2462804,Hindu,bad,-1,.213541666666667,0,.344101858924062,-.531192510644819,.13089911273499,.0373810202067761,.323333892924992,-.947740776852218,-.0187305129952556,-.151309762138058,.00553768473590179,.164502590397412,0,0,0,0,0,0,0,0,0,0,3,South Asian,3,in,in,27,m,-.344101858924062,-.13089911273499,1,Non-Christian
2463136,Hindu,good,1,.208333333333333,.0104166666666667,.765733534645521,.767119412007993,.0531786840639597,.310828594625677,-.886867191297752,-.132777169974022,.528677210239158,-.403575058869231,-.447257377105865,.322155225735938,3,0,0,0,0,0,1,0,-1,0,3,East Asian,1,in,in,37,m,.765733534645521,.0531786840639597,0,Non-Christian
2463150,Christian,good,1,.119791666666667,0,1.02189406950637,.482819968465941,.681381239108465,-.191882276366294,-.181276196260384,.536282146699144,.728698425693591,.0817814848664989,-.465017514044348,-.345462396515742,2,2,2,-2,2,2,2,-2,-.666666666666667,.666666666666667,2,Black or African American,3,us,us,51,f,1.02189406950637,.681381239108465,-2,Christian
2463309,Christian,good,1,.5,.885416666666667,-.447480257475136,-1.00991087353068,.353553390593274,.440292122766806,-.353553390593274,.409481312303182,-.367945913470846,.326366687689017,.178072996549556,-.136493770767727,0,0,0,0,0,0,0,0,0,0,2,White,1,us,us,45,f,-.447480257475136,.353553390593274,0,Christian
2463394,Christian,good,1,.09375,0,1.1080538454719,.42133382227208,1.08043228262637,-.225235523124213,-.33997968315128,-.150271664185192,.869939983456784,-.115456654444353,-.557756350582465,-.196726978429966,3,3,3, , , ,3, , , ,1,Black or African American,3,us,sm,21,f,1.1080538454719,1.08043228262637,0,Christian
2463514,Christian,good,1,.0208333333333333,0,.539181055231026,.0184593610407192,.464337382184962,-.54453418291556,.0698277130430472,-.851569876995588,.340659266152235,-.108498351706916,-.337962508367846,.105801593922526,0,0,0,0,0,0,0,0,0,0,2,Black or African American,3,us,bh,38,f,.539181055231026,.464337382184962,-1,Christian
2463625,Muslim,good,1,.046875,0,.161748907592777,-.98718955892954,.574506619175166,-1.05502371775231,.753541590783165,.916182550612015,-.083644677387199,.986131942431287,-.154410344853972,-.748076920190116,0,3,0,-3,0,0,1,0,-1,0,.,White,2,al,al,20,f,.161748907592777,.574506619175166,0,Non-Christian
2463927,Muslim,bad,-1,.177083333333333,0,.0100019075037913,-.304928573758209,.138869912111763,.248631749415273,-.159767426874085,.0433867385408765,-.0520189180475517,.0332278542946041,.0262874716791322,-.00749640792618462,0,0,0,0,0,0,0,0,0,0,3,White,2,us,ge,27,f,-.0100019075037913,-.138869912111763,0,Non-Christian
2464058,Christian,good,1,.0729166666666667,0,.565738184258493,.800829378247396,.763520278202266,.0959913393393293,.0651218432780194,.429816526321796,.710029280236052,-.155668063754977,-.134875000547048,-.419486215934027,0,1,1,3,3,0,.666666666666667,-1.33333333333333,2,-1.33333333333333,2,White,1,si,yu,34,m,.565738184258493,.763520278202266,-1,Christian
2464064,Christian,bad,-1,.09375,0,-.731651429544558,.0272530400672425,-.216412291816026,-.105948156585482,.411227228791904,-.283682904838365,-.306936893764447,-.0683292627733752,.34564350058366,.0296226559541622,0,0,0,-1,0,0,0,0,-.333333333333333,.333333333333333,2,White,1,uk,au,31,f,.731651429544558,.216412291816026,-2,Christian
2464093,Muslim,good,1,.104166666666667,.00520833333333333,.158154146533199,.107792836399533,.421743177724369,-.963053861208193,-.642291871339702,-.0907419139995497,.229230053552367,.254839703603037,-.587833293027031,.103763535871628,0,0,0,0,0,0,0,0,0,0,2,White,1,se,se,41,m,.158154146533199,.421743177724369,-2,Non-Christian
2464265,Jewish,good,1,.0729166666666667,0,-.8934739406912,-.336916501020413,.290185673669713,.776721562262992,.365643015982231,-.37345674474377,-.3134015893473,-.271087268662116,.678612839645474,-.0941239816360579,-1,0,-1,1,0,-1,-.666666666666667,.666666666666667,.666666666666667,-.666666666666667,2,White,1,us,sm,26,f,-.8934739406912,.290185673669713,-2,Non-Christian
2464320,Muslim,good,1, , , , , , , , , , , , , , , ,-1, , , , , , ,3,South Asian,2,us,us,38,m, , ,0,Non-Christian
2464328,Christian,good,1,.0208333333333333,0,1.05975721392136,.364726142015066,.938299500528255,.82494173015378,-.192295984582083,-.14078643448128,.787594285488227,-.443484768883375,-.142370489449888,-.201739027154964,2,3,2,1,0,0,2.33333333333333,-.666666666666667,-.333333333333333,-1.33333333333333,2,White,3,us,us,21,f,1.05975721392136,.938299500528255,1,Christian
2464339,Muslim,good,1,.0631578947368421,0,1.29917661440164,-.689896747037891,.167558884565297,.626419099135373,.224169398668466,-.0834820268981123,.258946250643014,-.00666812633186501,-.149529372199265,-.102748752111883,0,0,0,0,0,0,0,0,0,0,2,White,3,al,sm,20,m,1.29917661440164,.167558884565297,0,Non-Christian
2464378,Hindu,bad,-1,.104166666666667,0,-.334962942732293,-.339651094062409,-1.16146293395149,-.368667958642321,-.958434291122999,-.294466989677053,-.612025656915396,.137950687675892,-.330713102344342,.804788071583846,1,-1,-1,-1,-1,-1,-.333333333333333,1,-1,.333333333333333,2,Other or Unknown,3,in,in,32,f,.334962942732293,1.16146293395149, ,Non-Christian
2464382,Christian,bad,-1,.1875,0, , , , , , , , , , ,2,2,2,2,-2,-2,2,.666666666666667,-.666666666666667,-2,3,White,4,us,us,38,f, , ,-2,Christian
2464565,Christian,bad,-1,.0677083333333333,.0416666666666667,-.62913193201973,-.527479618876717,.00559269223941503,-.183163627282321,.177217726339185,-.815831980836362,-.383672952885677,-.035062911559108,.207728677025531,.211007187419254,0,0,0,0,0,0,0,0,0,0,1,More than one race - Other,1,us,us,19,m,.62913193201973,-.00559269223941503,0,Christian
2464651,Jewish,bad,-1,.125,.00520833333333333,-.7755323616327,-.042227759648759,.207228667142107,-.560869315336727,.0861128537124152,-.117620948633744,-.203510484713117,.161825375450581,.100258633336129,-.0585735240735926,0,0,0,0,0,0,0,0,0,0,2,White,1,us,sm,24,m,.7755323616327,-.207228667142107,-2,Non-Christian
2464704,Christian,good,1,.447916666666667,.333333333333333,.414094664613027,.355935250886407,.906240327851574,.0201102607441701,.294228547197687,.228554182422541,.558756747783669,-.0491637764026787,-.0332519522237232,-.476341019157267, , , , , , , , , , ,3,East Asian,3,ph,us,41,f,.414094664613027,.906240327851574,-3,Christian
2464725,Christian,good,1,.0989583333333333,0,-.219798852914331,-.713106705876208,.709388962429913,.517035210552274,.213990445171827,-.249179590246648,-.0745055321202088,-.0177026983075712,.316941502879477,-.224733272451697,0,2,2,1,1,0,1.33333333333333,-1,.666666666666667,-1,1,White,2,us,us,38,f,-.219798852914331,.709388962429913,1,Christian
2464810,Christian,bad,-1,.505208333333333,.614583333333333,-.353553390593274,.366806652344969,1.24519843843601,.917194975008343,-1.02455858288562,.353553390593274,.419483900062569,-.310149412253346,.0820632609053318,-.191397748714554, , , , , , , , , , ,2,White,2,us,us,24,f,.353553390593274,-1.24519843843601,0,Christian
2464827,Christian,good,1,.239583333333333,.0208333333333333,.971851940088148,.335830032472736,.705104397590118,-.0100923933470117,-.0276050294399042,-.453661647202918,.670928790050334,-.259799762109547,-.336516454291688,-.0746125736490985,2,0,2,0,0,0,1.33333333333333,-.666666666666667,-.666666666666667,0,2,White,3,us,us,21,f,.971851940088148,.705104397590118,2,Christian
2464992,Hindu,bad,-1,.0104166666666667,0,-.0690339412652673,1.07010724448935,-.119373046162212,.678053571620334,.449292483408334,-.485037871998133,.293900085687289,-.744399562702604,.398793332097978,.0517061449173368,0,0,0,0,0,0,0,0,0,0,2,South Asian,3,in,.,40,f,.0690339412652673,.119373046162212,0,Non-Christian
2465021,Jewish,good,1,.0729166666666667,.0104166666666667,-1.29070370202381,1.20413682028889,.275204199877973,.910104514658802,.940774448354496,-1.31978041605164,.0628791060476825,-1.14467391699978,1.04719422167904,.034600589273058,-2,3,3,3,3,-2,1.33333333333333,-1.33333333333333,2.66666666666667,-2.66666666666667,2,White,1,us,sm,23,f,-1.29070370202381,.275204199877973,-2,Non-Christian
2465161,Hindu,good,1,.260416666666667,.0104166666666667,.351190024035242,.832890988139397,-.185665204925965,-.160226588329539,-.568698754655544,-.0432470127824957,.332805269082891,-.238637137530784,-.360038455673442,.265870324121335,0,0,-1,0,0,3,-.333333333333333,-.666666666666667,0,1,2,South Asian,2,in,in,19,f,.351190024035242,-.185665204925965,0,Non-Christian
2465318,Muslim,good,1,.223958333333333,0,.344054127667707,-1.37147793247482,.101619565554668,-.492666298414442,.587586645768318,.266338242751281,-.308601413084147,.710160824546847,-.0830445934379436,-.318514818024756,0,0,0,0,0,0,0,0,0,0,3,South Asian,4,in,in,38,m,.344054127667707,.101619565554668,0,Non-Christian
2465330,Jewish,good,1,.130208333333333,0,-.224011122155048,-.17203681476041,.319587045851704,-.454387549143797,-.309321254436369,.209741507526121,-.0254869636879179,.278721957143443,-.179899227141706,-.0733357663138185,0,0,0,0,0,0,0,0,0,0,1,White,2,us,sm,17,f,-.224011122155048,.319587045851704,0,Non-Christian
2465428,Christian,good,1,.182291666666667,0,1.34253994239551,1.10564691107818,.887184405893853,-.468439086468738,.207710003423909,.175631440742012,1.11179041978918,-.153858794622475,-.534423008480112,-.423508616686592,0,0,0,0,0,0,0,0,0,0,2,White,4,us,us,54,f,1.34253994239551,.887184405893853,0,Christian
2465492,Christian,good,1,0,0,-.0674813242618366,-.391321613019484,-.04764235583534,-.0833139633852582,-.590552208164357,.0493834314338189,-.168815097705553,.174673002612854,-.20212828242926,.19627037752196,1,0,0,0,0,0,.333333333333333,0,-.333333333333333,0,2,White,2,ch,ch,32,f,-.0674813242618366,-.04764235583534,0,Christian
2465588,Jewish,good,1,.0104166666666667,0,-.513963885520361,.696198081354908,.2420524551712,.00516554407231324,.501982191739326,.169760178093939,.141428883668582,-.177201149111094,.340370540444,-.304598275001488,-2,1,1,1,1,0,0,-.666666666666667,1.33333333333333,-.666666666666667,2,White,2,us,us,31,m,-.513963885520361,.2420524551712,-2,Non-Christian
2465727,Christian,bad,-1,.182291666666667,.0104166666666667,.912221085368685,.712017552632475,-.760168683486131,-.121924458784679,.230512838141042,.423017392677946,.288023318171676,-.0556919003899502,-.267877568670774,.0355461508890478,0,1,1,0,0,0,.666666666666667,-.333333333333333,0,-.333333333333333,2,White,2,us,sm,28,m,-.912221085368685,.760168683486131,-2,Christian
2465738,Jewish,bad,-1,.213541666666667,0,-.862880002053534,.205575547396744,.0920383721119815,-.348706229439532,.408993362411916,-.363651546671143,-.188422027514936,-.0735069548761186,.307722378341973,-.045793395950918,-2,2,-1,1,1,-1,-.333333333333333,.333333333333333,1.33333333333333,-1.33333333333333,1,White,2,us,sm,21,f,.862880002053534,-.0920383721119815,1,Non-Christian
2465904,Christian,bad,-1,.078125,0,.0585225894776863,.357889108711344,.612774659203313,.216817094057412,.219847529102947,-.357428522987855,.343062119130781,-.310711575252204,.126047344560891,-.158397888439468,0,0,0,0,0,0,0,0,0,0,2,White,3,us,sm,23,f,-.0585225894776863,-.612774659203313,0,Christian
2465957,Christian,good,1,.0364583333333333,.00520833333333333,.622068862252046,.501173474544714,.309036129522962,.387432409515953,.18534704050101,-.199206114895989,.477426155439907,-.362603999652219,-.0164298040783607,-.0983923517093279,0,0,0,0,0,0,0,0,0,0,2,White,2,se,se,34,f,.622068862252046,.309036129522962,-2,Christian
2466000,Christian,bad,-1,.078125,0,.875876831447365,.118818029560791,-.236443686118373,-.335037759166458,.000191412692535187,.195094473978128,.252750391629928,.137104734527932,-.403574392640429,.0137192664825699,1,2,1,3,1,-1,1.33333333333333,-.333333333333333,1,-2,2,White,3,us,sm,66,m,-.875876831447365,.236443686118373,2,Christian
2466153,Hindu,good,1, , , , , , , , , , , , ,0,0,0,0,0,0,0,0,0,0,3,South Asian, ,us,us,18,f, , , ,Non-Christian
2466172,Muslim,bad,-1,.0885416666666667,0,.532279444851591,.190442405236382,-.35751905308271,.21125742952362,.150004453072941,.38209008740382,.121734265668421,-.00653658245206052,-.0570058540850098,-.0581918291313506,2,-1,0,-3,-2,1,.333333333333333,.333333333333333,-2.33333333333333,1.66666666666667,1,White,2,al,al,20,m,-.532279444851591,.35751905308271, ,Non-Christian
2466238,Christian,bad,-1, , , , , , , , , , , , ,0,0,0,0,0,0,0,0,0,0,2,White,4,us,us,29,m, , ,0,Christian
2466288,Christian,bad,-1,0,0,.167201068019392,-.399186180386042,-.429083822680477,.20930885131458,.323214678755377,-.109833930439656,-.220356311682376,.0266811328772687,.121774154016855,.0719010247882519,-1,0,1,0,2,1,0,-1.33333333333333,1,.333333333333333,2,White,3,us,us,29,f,-.167201068019392,.429083822680477,-2,Christian
2466459,Christian,good,1,.0208333333333333,0, , ,.740982159487491, , , , , , , , , , , , , , , , , ,1,Other or Unknown,1,us,sm,20,f, ,.740982159487491,2,Christian
2466553,Christian,good,1,.0885416666666667,0,.657842000108075,.487975938561053,.686383813698915,.0744864821478688,.173044141619123,-.00679582614704624,.610733917456014,-.189752748951989,-.136770458780361,-.284210709723664,-1,2,1,2,2,-1,.666666666666667,-.666666666666667,1.66666666666667,-1.66666666666667,2,White,4,us,sm,54,f,.657842000108075,.686383813698915,-1,Christian
2466577,Jewish,bad,-1, , , , , , , , , , , , ,-3,3,-3,3,3,-3,-1,1,3,-3,1,White,1,us,sm,17,f, , ,3,Non-Christian
2466583,Jewish,bad,-1,.0729166666666667,.00520833333333333,.769170631363749,.287152749840059,.0742995627307714,.320899339080876,-1.14002888416304,.139715510044537,.37687431464486,-.1561121929588,-.529433392148638,.308671270462578,-3,-1,-2,2,2,-2,-2,.666666666666667,2.33333333333333,-1,2,White,1,us,sm,24,m,-.769170631363749,-.0742995627307714,-2,Non-Christian
2466909,Christian,good,1,.140625,0,1.25259636773343,.123631601538515,.80873524542464,.0537983933477878,-.357037668546354,.798472115407131,.728321071565527,.207014040173609,-.518611880977331,-.416723230761806,2,2,2,0,0,0,2,-.666666666666667,-.666666666666667,-.666666666666667,2,White,4,us,us,22,m,1.25259636773343,.80873524542464,2,Christian
2466926,Christian,bad,-1,.1875,0, , , , , , , , , , , , , , , , , , , , ,2,White,4,us,us,50,f, , ,0,Christian
2466986,Hindu,good,1,.0520833333333333,0,-.467884906042058,-.227406934212806,-.377373560373319,-.301623660952759,-1.16076198518696,-.272923533373462,-.357555133542728,.085369020597368,-.331500246699221,.603686359644581,0,-1,0,0,0,0,-.333333333333333,0,0,.333333333333333,2,South Asian,3,in,us,22,m,-.467884906042058,-.377373560373319,-1,Non-Christian
2467065,Muslim,good,1,.0677083333333333,0,-.0255774338914091,-.779493869609972,-.532697881215569,-.235671528804579,.58991322816683,.300948345455681,-.445923061572316,.438704581290077,.12660637775122,-.119387897468981, , , , , , , , , , ,2,South Asian,3,my,my,23,m,-.0255774338914091,-.532697881215569,0,Non-Christian
2467079,Christian,good,1,.078125,0,-.202311893233115,.583491489569394,.486893224639785,.397943344260559,.283880608602986,-.561669949581039,.289357606992022,-.514368261136998,.294711948698887,-.0697012945539106,3,3,3,2,2,-1,3,-1.33333333333333,.333333333333333,-2,3,Other or Unknown,3,nz,sm,22,m,-.202311893233115,.486893224639785,0,Christian
2467190,Hindu,bad,-1,.0677083333333333,0,.321195760513351,-.0647186201816675,-.0132769023861659,.382327483000164,-.49202716870522,-.141185533668206,.0810667459818393,-.152931465495568,-.143631815406136,.215496534919864,0,0,0,0,0,0,0,0,0,0,2,South Asian,3,in,in,31,m,-.321195760513351,.0132769023861659,0,Non-Christian
2467210,Christian,good,1,.135416666666667,.0104166666666667,.691327731957473,.931316673388527,1.32432817520444,.645610302572076,1.05042090218559,-.248335511956948,.982324193516813,-.60842082930585,.334901157600065,-.708804521811028,0,0,0,0,0,0,0,0,0,0,2,White,4,us,sm,30,f,.691327731957473,1.32432817520444,1,Christian
2467218,Muslim,bad,-1, , , , , , , , , , , , ,0,0,0,0,0,0,0,0,0,0,3,White,3,al,al,20,f, , ,0,Non-Christian
2467257,Christian,bad,-1,.125,0,.718537300015016,-.017764809969646,.937814641202201,.309786210464469,.683416458026466,.00913272727165216,.546195710415857,-.0942962244077235,.0915551228253061,-.54345460883344,0,0,0,0,0,0,0,0,0,0,2,White,2,us,us,40,f,-.718537300015016,-.937814641202201,0,Christian
2467329,Muslim,bad,-1, , , , , , , , , , , , ,3,-3,0,-3,-2,2,0,0,-2.66666666666667,2.66666666666667,2,White,2,us,sm,17,f, , ,-2,Non-Christian
2467355,Muslim,good,1,.135416666666667,.00520833333333333,1.15242341387211,-.806148065190608,.190059908526551,-1.0010417897199,.208769221596643,1.24569355275272,.17877841906935,1.01762780255441,-.648231993998457,-.548174227625303,2,-2,2,-2,0,2,.666666666666667,-1.33333333333333,-1.33333333333333,2,2,White,1,al,al,20,m,1.15242341387211,.190059908526551, ,Non-Christian
2467374,Muslim,bad,-1, , , , , , , , , , , , ,0,0,0,0,0,0,0,0,0,0,2,East Asian,3,uk,uk,40,m, , ,0,Non-Christian
2467394,Hindu,good,1,.0680628272251309,0,-.114453211992433,.934746380718517,-.941129223031087,-.750819311574023,-.958685150764807,-.217756772497448,-.0402786847683344,-.133894613880647,-.531683750115466,.705857048764448,0,0,0,0,0,0,0,0,0,0,3,East Asian,3,in,in,36,m,-.114453211992433,-.941129223031087,1,Non-Christian
2467527,Jewish,bad,-1,.4375,0, , , , , , , , , , ,0,0,-3,0,0,0,-1,1,0,0,2,White,1,us,sm,57,f, , ,-3,Non-Christian
2467811,Christian,good,1,.296875,.00520833333333333,.572590094868814,.718712782523492,.658594322061623,.223192457726728,.131592476760985,-.0804565468245397,.64996573315131,-.340787262358253,-.0726017201270337,-.236576750666023,0,1,0,0,0,0,.333333333333333,0,0,-.333333333333333,2,White,2,us,sm,24,f,.572590094868814,.658594322061623,-1,Christian
2467997,Christian,bad,-1,.078125,0,-.321635215381165,-.577847648921757,.425704884422909,.0173316852588433,.661043899167582,.223081845256229,-.157925993293338,.261199269639714,.333336933269197,-.436610209615573,0,0,0,0,0,0,0,0,0,0,2,White,3,us,us,22,f,.321635215381165,-.425704884422909,-2,Christian
2468041,Jewish,good,1,.03125,0,-.324814024675391,.013657830599147,-.0957423738529169,-.698247918016764,.629112083716354,-.212932064504925,-.135632855976387,.157219340970897,.0852260634583272,-.106812548452837,0,0,0,0,0,0,0,0,0,0,2,White,2,us,sm,54,m,-.324814024675391,-.0957423738529169,-3,Non-Christian
2468217,Christian,good,1,.0729166666666667,0,.139562388041254,-.254941482234008,.585990283178369,-.0989055022291164,-.0646229530172082,.345727393769567,.156870396328539,.233191459410897,-.10103028109586,-.289031574643576,0,0,0,0,0,0,0,0,0,0,3,White,2,us,us,29,f,.139562388041254,.585990283178369,-3,Christian
2468240,Jewish,bad,-1,.0208333333333333,0,1.00552801832,.131902311413824,-.130772121524375,.444998943277343,.369737988982072,-.445651684384849,.335552736069816,-.340850979692005,-.0635970286868609,.0688952723090505,-2,1,1,3,0,-1,0,0,1.66666666666667,-1.66666666666667,2,White,3,us,us,63,m,-1.00552801832,.130772121524375,-2,Non-Christian
2468259,Christian,bad,-1,.333333333333333,.0347222222222222,.371619986574286, ,.578665785738534,.335438947370091, ,-.19851286755937, , , , ,0,0,0,0,0,0,0,0,0,0,3,Black or African American,3,us,sm,48,f,-.371619986574286,-.578665785738534,0,Christian
2468292,Jewish,good,1,.0833333333333333,0,-.354918442115056,.295370360208277,.84662249673364,.810188351797878,.428407280314838,-.159640280143351,.26235813827562,-.421732997383169,.531171358075924,-.371796498968376,0,0,0,0,0,0,0,0,0,0,2,White,1,us,us,18,f,-.354918442115056,.84662249673364,-2,Non-Christian
2468330,Christian,bad,-1,.229166666666667,0,-.181923433969529,.237876299410215,-.271405149981126,.300126245280375,-.107162510064802,.153876647406503,-.0718174281801464,-.128041965761362,.124962389728367,.0748970042131415,0,1,0,0,0,0,.333333333333333,0,0,-.333333333333333,2,White,3,us,sm,20,m,.181923433969529,.271405149981126,0,Christian
2468505,Christian,good,1,.0104166666666667,0,.547655603740516,.682376851488786,.64595583039294,.817180936029546,-.0993441056116957,-.804641595744325,.625329428540747,-.768066461087552,.0567270755591115,.0860099569876935,0,-3,0,3,0,-3,-1,1,1,-1,2,Other or Unknown,1,us,sm,47,f,.547655603740516,.64595583039294,2,Christian
2468552,Jewish,good,1,.0885416666666667,.0104166666666667,-.0951445241248363,.598580334331473,-.1891698559646,.927143638322849,1.46585814858911,.535306778255069,.104755318080679,-.330139064799751,.829382103678931,-.603998356959859,-3,0,0,3,3,0,-1,-1,3,-1,1,More than one race - Other,4,us,sm,19,m,-.0951445241248363,-.1891698559646,1,Non-Christian
2468809,Jewish,bad,-1,.0397727272727273,0,.639038443307007,.175920876035848,.426788619217594, ,.986279957152058,-.580914496055271,.41391597952015, , ,-.277384693438127,-3,0,0,2,2,0,-1,-.666666666666667,2.33333333333333,-.666666666666667,2,White,2,us,sm,18,f,-.639038443307007,-.426788619217594,-1,Non-Christian
2468991,Christian,bad,-1,.09375,0,.355702181694823,-.497966387774917,-.740088934298526,-.116315967583294,.369269694364122,-.353359066274887,-.29411771345954,.0869744296944413,-.0342494849713317,.24139276873643,2,-1,0,1, ,0,.333333333333333, , ,0,2,East Asian,3,kr,us,20,f,-.355702181694823,.740088934298526,0,Christian
2469123,Christian,good,1,.140625,0, ,.663817108272554, , ,.541151674850147, , , , , , , , , , , , , , , ,.,White,4,us,us,47,m, , ,3,Christian
2469159,Christian,bad,-1,.109375,0,.0166885676668408,.51278707987203,.890177142960312,.0322724092628388,.100127108928179,-.0170757400532773,.473217596833061,-.187378409729382,.0385703168413924,-.324409503945071,0,0,0,0,0,0,0,0,0,0,2,White,2,us,sm,24,f,-.0166885676668408,-.890177142960312,0,Christian
2469205,Hindu,good,1,.12565445026178,0,.779496410037851,.806341004716918,-1.09488992173138,-.981333504275964,-.864123000672267,-.988759518267057,.163649164341129,-.27125567290267,-.87498430499536,.982590813556902,2,-1,0,2,0,-2,.333333333333333,.666666666666667,0,-1,3,South Asian,3,in,in,22,m,.779496410037851,-1.09488992173138,-2,Non-Christian
2469316,Muslim,good,1,.235602094240838,0,.00202749324785569,-.841018527744629,-.710090691950995,-.521303857683385,-.505195135847483,1.1612825771588,-.516360575482589,.841201654195604,-.342842162259575,.01800108354656,1,-2,0,-3,-1,2,-.333333333333333,-.333333333333333,-1.66666666666667,2.33333333333333,3,White,4,al,al,21,m,.00202749324785569,-.710090691950995,2,Non-Christian
2469324,Muslim,good,1,.015625,0,.21665752090026,.610737613176321,-.437108846002318,-.75747178637399,.299310876843451,.277243745244543,.130095429358088,.141325972814071,-.224939476810266,-.0464819253618919, , , , , , , , , , ,2,More than one race - Other,4,za,sm,34,f,.21665752090026,-.437108846002318,0,Non-Christian
2469339,Muslim,good,1,.166666666666667,0,.129179263385714,-.272655184425689,.241873984050847,.303739493002647,-.429016611140798,.475352326626792,.0327993543369573,.148089339349945,-.0848187938412884,-.0960698998456135,0,-3,0,-3,0,3,-1,-1,-1,3,.,White,3,al,al,21,f,.129179263385714,.241873984050847, ,Non-Christian
2469342,Christian,good,1,.0260416666666667,0,1.36113996519839,.823336632523394,.781075532294885,-.372812886899826,-.141650768000155,.0212105161276123,.988517376672222,-.143104409831985,-.625201206699456,-.220211760140781,1,1,1,0,0,0,1,-.333333333333333,-.333333333333333,-.333333333333333,2,White,3,ie,ie,17,f,1.36113996519839,.781075532294885,0,Christian
2469397,Christian,bad,-1, , , , , , , , , , , , ,3,3,3,1,1,-3,3,-.333333333333333,-.333333333333333,-2.33333333333333,2,Black or African American,4,us,sm,22,m, , ,-1,Christian
2469405,Christian,good,1,.078125,0,.0955186637933773,.198059279006116,.643177917103037,-.835763145234041,.407148705226376,.798361014194422,.312251953300843,.478688293474115,-.174711034600347,-.616229212174612,1,-3,-1,0,-1,-1,-1,1,-.666666666666667,.666666666666667,2,White,2,us,us,19,m,.0955186637933773,.643177917103037,0,Christian
2469447,Muslim,good,1, , , , , , , , , , , , ,1,0,0,-2,0,1,.333333333333333,-.333333333333333,-1,1,2,South Asian,2,us,us,29,f, , ,-2,Non-Christian
2469473,Jewish,good,1,.0520833333333333,0,-.106538703504884,.38689510209339,-.222793930670092,.550360709759323,-.337835517276289,.540663847194777,.0191874893061378,-.132197321552645,.106354631995973,.00665520025053486,0,0,0,1,1,0,0,-.333333333333333,.666666666666667,-.333333333333333,2,White,2,us,sm,44,f,-.106538703504884,-.222793930670092,-2,Non-Christian
2469481,Hindu,good,1,.0769230769230769,0,.209750093570356,.0355901202925683, , ,-.16632633775924,-.577443635892684, , , , ,0,1,0,0,0,-1,.333333333333333,.333333333333333,0,-.666666666666667,2,South Asian,2,in,sm,33,f,.209750093570356, ,0,Non-Christian
2469562,Muslim,good,1,.114583333333333,0,-.248127640442003,-.641692689395009,1.00822443780798,-.5640315389685,.630163458930281,.48586388220712,.0394680359903223,.563862703523543,.104753186801261,-.708083926315127,0,0,0,0,0,0,0,0,0,0,2,White,2,us,sm,22,m,-.248127640442003,1.00822443780798,-2,Non-Christian
2469620,Hindu,bad,-1,.15625,0,-.229836488147169,-.22221094024442,.561123838566347,.0273982771291297,.882083919759371,-.765772037821906,.036358803391586,-.190319791568872,.37977289501189,-.225811906834604,0,0,0,0,0,0,0,0,0,0,3,Other or Unknown,4,in,in,30,m,.229836488147169,-.561123838566347,0,Non-Christian
2469723,Hindu,bad,-1,.473958333333333,.0520833333333333,1.23929058013506,-.657416760412943,-.930248713011756,-.423552545267463,.201731118124432,.781615323449409,-.116124964429881,.620861543043272,-.487037335759362,-.0176992428540284,3,3,-3,3,-3,-3,1,3,-1,-3,3,South Asian,1,in,in,44,m,-1.23929058013506,.930248713011756, ,Non-Christian
2469728,Jewish,bad,-1, , , , , , , , , , , , ,0,0,0,0,0,0,0,0,0,0,1,More than one race - Other,1,us,us,22,m, , ,-3,Non-Christian
2469750,Hindu,bad,-1,.484375,.520833333333333,-.493508608493113,-.55982350755881,-.130787041918015,-.469320696713217,-.212903956080905,-.0994440596469815,-.394706385989979,.309900048208349,-.0629053481003364,.147711685881967, , , , , , , , , , ,3,South Asian,4,in,in,44,m,.493508608493113,.130787041918015,0,Non-Christian
2469781,Christian,good,1,.0989583333333333,0,-.348196707963365,.0532780116935641,.574479863852379,.595140423559892,.0110931768392639,.104351746684477,.0931870558608593,-.181355562856326,.31814343612084,-.229974929125373,0,1,1,1,1,1,.666666666666667,-1,.666666666666667,-.333333333333333,2,White,4,us,sm,18,m,-.348196707963365,.574479863852379,3,Christian
2469819,Jewish,good,1,.0625,0,-.170275129142788,-.887526987422574,-.122026688574791,.190805940679023,-.0634985774374209,.139891564775803,-.393276268380051,.278870870506451,.09919416412813,.0152112337454697,0,0,0,0,0,0,0,0,0,0,2,White,2,us,sm,32,f,-.170275129142788,-.122026688574791,-3,Non-Christian
2469898,Christian,bad,-1,.229166666666667,0,.333920374109988,-.0677246156734389,-.38224798348758,-.106521243011562,-.212056566409522,-.754260654090935,-.0386840750170104,-.193338265135311,-.217499394510357,.449521734662679,-3,3,3,0,0,0,1,-1,1,-1,2,White,3,us,us,44,f,-.333920374109988,.38224798348758,2,Christian
2469996,Hindu,good,1,.078125,0,.0268923031774269,.484117857207689,1.0885733523986,-.971624087384184,-.295929379204007,.535892144864752,.533194504261238,.341132791680416,-.431481923255206,-.442845372686449,0,0,0,0, ,0,0, , ,0,2,Other or Unknown,2,us,sm,18,f,.0268923031774269,1.0885733523986,0,Non-Christian
2470058,Jewish,good,1,.0416666666666667,.0260416666666667,-.834916993804809,.727954938054255,.719435426323412,.981001932581156,.798024532893203,-1.19694015406393,.204157790190953,-.968632341566445,.87131448642639,-.106839935050897,-2,1,1,3,2,0,0,-1,2.33333333333333,-1.33333333333333,2,White,1,us,sm,23,f,-.834916993804809,.719435426323412,-2,Non-Christian
2470114,Christian,bad,-1,.135416666666667,0,.570385959560159,.808520346460167,1.25380216081311,-.453607810910755,-.50757172223496,-.0813923346242592,.877569488944478,-.145434956724557,-.510521830901958,-.221612701317962,1,0,1,0,0,0,.666666666666667,-.333333333333333,-.333333333333333,0,2,White,4,us,sm,56,f,-.570385959560159,-1.25380216081311,3,Christian
2470164,Muslim,bad,-1,.0257352941176471,0,-.356165403351585,-.975438728806456,.186997451952457,-.186842293456834,.248554070489212,.636694443676991,-.381535560068528,.599658488646761,.139292393461321,-.357415322039554,1,-3,2,-3,0,3,0,-1.66666666666667,-1.33333333333333,3,.,White,3,al,al,21,m,.356165403351585,-.186997451952457,0,Non-Christian
2470214,Christian,good,1,.046875,0,.666605889191816,.772611988712644,-.365119215862587,.627900934239541,-.95445505802539,.450606303217467,.358032887347291,-.316635539911573,-.331053337659222,.289655990223503,1,-1,-2,0,3,-2,-.666666666666667,.333333333333333,.666666666666667,-.333333333333333,2,White,1,us,us,20,m,.666605889191816,-.365119215862587,-1,Christian
2470287,Jewish,bad,-1,.140625,0,-.0232318187079147,.401172012447396,.025978314836905,.478982206492818,-.695352995687234,-.237047544164105,.134639502858795,-.37240058770144,-.0643796568288337,.302140741671478,0,1,0,1,1,0,.333333333333333,-.333333333333333,.666666666666667,-.666666666666667,2,More than one race - Other,2,us,us,21,m,.0232318187079147,-.025978314836905,-2,Non-Christian
2470313,Christian,good,1,.0157068062827225,0,.38347221251689,.345995353416657,-.023253470054406,-.563278345294898,.614341962685871,.562235306971166,.235404698626381,.259839432949802,-.110802865041972,-.38444126653421,0,0,0,0,0,0,0,0,0,0,2,Black or African American, ,us,us, ,m,.38347221251689,-.023253470054406, ,Christian
2470314,Christian,good,1,.046875,0,.836472984972713,1.21685893384982,1.11607127090462,.094126149053038,1.04871224322361,-.203465118687794,1.05646772990905,-.504816733863551,.102121802434646,-.653772798480146,0,0,0,0,0,0,0,0,0,0,2,Black or African American,3,us,sm,26,f,.836472984972713,1.11607127090462,-2,Christian
2470406,Hindu,good,1,.0729166666666667,0,.38172701219294,.599082399825125,-.00561152601920479,-.178374607222319,-.199687839644632,-1.06442103665445,.32506596199962,-.49504294308575,-.253263153019964,.423240134106094,3,3,0,3,-3,-3,2,2,-1,-3,2,South Asian,2,in,us,33,m,.38172701219294,-.00561152601920479,0,Non-Christian
2470418,Hindu,bad,-1, , , , , , , , , , , , ,0,3,-1,3,-1,-3,.666666666666667,1.66666666666667,.666666666666667,-3,2,South Asian,4,uk,uk,43,m, , ,1,Non-Christian
2470509,Muslim,bad,-1,.0860215053763441,0,.106096729044369,-.209600677785126,.837949025217873,.258336943773688,-.693254321733867,-.270341937118696,.244815025492372,-.106359401035753,-.180338035668182,.0418824112115634,1,0,1,-1,0,1,.666666666666667,-.666666666666667,-.666666666666667,.666666666666667,2,South Asian,2,us,us,22,f,-.106096729044369,-.837949025217873,0,Non-Christian
2471171,Jewish,good,1,.00520833333333333,0,.432386098763484,.376243862871689,.431246338225463,.629195181778561,.123919669095851,-.442294472480216,.413292099953545,-.482577839043489,.106909584036976,-.0376238449470325,0,0,0,0,0,0,0,0,0,0,2,White,2,de,de,33,f,.432386098763484,.431246338225463,-2,Non-Christian
2471182,Christian,bad,-1,.0104166666666667,0,.122978019939209,.913526650422755,.74646076894749,.233049670892725,.599161864567438,-1.2825620854884,.594321813103151,-.80971280226796,.236411171840318,-.0210201826755091,1,2,0,1,-1,-1,1,.666666666666667,-.333333333333333,-1.33333333333333,.,White,2,au,sm,46,m,-.122978019939209,-.74646076894749,2,Christian
2471212,Christian,good,1,.104166666666667,.015625,.843510776569313,1.26869845680673,1.02883562525688,-.189743871960429,-.590929217044644,.901946394661974,1.04701495287764,-.0590027300614429,-.541394621858129,-.446617600958071,1,0,2,-2,-1,2,1,-1,-1.33333333333333,1.33333333333333,2,White,3,us,sm,18,f,.843510776569313,1.02883562525688,0,Christian
2471230,Christian,good,1,.0572916666666667,0,.519084366802608,1.12719859708475,.021460506405111,-.156959786331395,.105410642312517,-.343231043194387,.555914490097489,-.437823284649247,-.190211170273829,.0721199648255864,0,2,1,1,0,-1,1,0,.333333333333333,-1.33333333333333,2,White,2,us,us,25,f,.519084366802608,.021460506405111,0,Christian
2471264,Jewish,bad,-1,.015625,0,.392264351132291,.569803764081826,.450320932143175,-.027555488779738,-.648980553666093,.707080364506666,.470796349119097,.0549440297348592,-.356266797859374,-.169473580994583,-1,-1,-1,0,0,0,-1,.333333333333333,.333333333333333,.333333333333333,2,White,2,us,sm,31,f,-.392264351132291,-.450320932143175,-2,Non-Christian
2471535,Muslim,bad,-1,0,.538461538461538, , , ,.184394181928506, , , , , , ,2,-1,1,-2,-1,2,.666666666666667,-.666666666666667,-1.66666666666667,1.66666666666667,3,White,2,al,al,23,f, , ,0,Non-Christian
2471538,Muslim,bad,-1,.0846560846560847,0,-.214749853522151,.138027028783863,-.0261516534260548,-.189241485561456,.666839771829347,-.845193932474605,-.0342914927214473,-.264659825232337,.230782713263347,.0681686046904375,0,0,0,0,0,0,0,0,0,0,2,White,1,us,al,22,f,.214749853522151,.0261516534260548,-1,Non-Christian
2471541,Muslim,bad,-1, , , , , , , , , , , , ,0,0,0,0,0,0,0,0,0,0,3,White,2,de,al,22,f, , ,-1,Non-Christian
2471542,Hindu,bad,-1,.3125,.0833333333333333,.352250924829393,.808148431266656,.260623974889156,.482886909380102,-.206546929493821,-.400802920317856,.473674443661735,-.563946086988204,-.0253036483143709,.11557529164084,0,1,-2,1,-2,-2,-.333333333333333,2,-.333333333333333,-1.33333333333333,2,South Asian,2,uk,uk,39,m,-.352250924829393,-.260623974889156,0,Non-Christian
2471596,Muslim,bad,-1, , , , , , , , , , , , ,0,0,0,0,0,0,0,0,0,0,3,White,2,de,al,22,f, , ,0,Non-Christian
2471930,Christian,bad,-1,.223958333333333,0,.738240185019423,-.0314627117532678,1.43906149176711,.457406417462198,.23694449566239,.169299013069636,.71527965501109,-.0855482308797648,-.0146297572982786,-.615101666833046,0,0,0,0,0,0,0,0,0,0,2,Black or African American, ,us,us,53,f,-.738240185019423,-1.43906149176711,1,Christian
2471948,Christian,bad,-1,.151041666666667,0,.186468208658142,.204643555504834,1.33531059334918,.73049191219491,.302877344832911,.00390922453878542,.575474119170718,-.310408747720319,.28230034945656,-.547365720906958, ,0, , , , , , , , ,2,More than one race - Other,4,us,us,50,m,-.186468208658142,-1.33531059334918,2,Christian
2472017,Hindu,bad,-1,.177083333333333,0,.228905078299923,.664935819084934,-.529551284590791,.0750275816749863,.483001379496055,-.443524759273404,.121429870931355,-.394496053344441,.109707960957039,.163358221456046,0,0,0,0,0,0,0,0,0,0,2,South Asian,1,uk,us,19,f,-.228905078299923,.529551284590791,0,Non-Christian
2472022,Muslim,bad,-1, , , , , , , , , , , , ,1,0,1,-1,0,3,.666666666666667,-1.33333333333333,-.666666666666667,1.33333333333333,3,Other or Unknown,4,al,sm,20,f, , ,0,Non-Christian
2472025,Muslim,good,1,.0817307692307692,0,-.652890058060946,-.167859322851901,-.308880487652651,.190876204943831,-.350798576272671,-.376815441549827,-.376543289521833,-.133277441213919,.164322562244036,.345498168491716,0,-2, ,-2,-1,2, , ,-1,2,2,White,3,al,sm,19,f,-.652890058060946,-.308880487652651,-2,Non-Christian
2472181,Christian,bad,-1,.229166666666667,0,.357648002252546,.842358172594826,.453057687736993,.799708165012841,-.111563084579699,.990184169349141,.551021287528122,-.217294056086175,.110165692726865,-.443892924168812,0,0,0,0,0,0,0,0,0,0,1,More than one race - Other,2,us,sm,23,m,-.357648002252546,-.453057687736993,-2,Christian
2472182,Christian,good,1,.0833333333333333,.00520833333333333,.959493135742741,.571775430399667,1.16338499942441,-.583484910992694,-.434862236720992,.660104950459817,.89821785518894,.223938143684281,-.659280094485476,-.462875904387746,0,1,1,1,1,0,.666666666666667,-.666666666666667,.666666666666667,-.666666666666667,3,White,3,us,sm,21,f,.959493135742741,1.16338499942441,-1,Christian
2472212,Muslim,good,1,.0104712041884817,0,.831653524584249,-.55207596140094,.275658679012383,-.15654818510262,-.0727228136587744,-.235525037950703,.185078747398564,.157699702850952,-.353641507781881,.0108630575323649,0,-3,0,-2,0,2,-1,-.666666666666667,-.666666666666667,2.33333333333333,2,White,3,al,al,19,f,.831653524584249,.275658679012383,0,Non-Christian
2472248,Christian,good,1, , , , , , , , , , , , ,0,0,0,0,0,0,0,0,0,0,2,White,3,us,us,65,f, , ,0,Christian
2472251,Muslim,good,1,.0833333333333333,0,.124738955831011, , , , ,.216509329668829, , , , ,0,2,0,-2,0,2,.666666666666667,-.666666666666667,-.666666666666667,.666666666666667,2,White,3,al,al,22,f,.124738955831011, ,0,Non-Christian
2472318,Christian,bad,-1, , , , , , , , , , , , ,0,0,0,0,0,0,0,0,0,0,2,White,2,us,sm,28,f, , ,-1,Christian
2472367,Jewish,bad,-1, , , , , , , , , , , , ,0,0,0,0,0,0,0,0,0,0,2,White,1,us,sm,52,m, , ,-3,Non-Christian
2472448,Christian,good,1,.119791666666667,0,-.0109425926068062,.111985397812724,.315255602286964,-.126213269544365,-.295177236396173,.143455395014211,.13876613583096,.0525610889152843,-.136815971111244,-.0545112536350007,0,0,0,0,0,0,0,0,0,0,2,White,1,de,at,19,.,-.0109425926068062,.315255602286964,-1,Christian
2472469,Christian,bad,-1,.3125,0,.609360488094789,.709070030819653,.660068542291759,-.517408659195087,-.449088286324868,-.428175828395878,.659499687068734,-.206612400006814,-.525285811204915,.0723985241429959, , , , , , , , , , ,2,White,1,us,sm,54,f,-.609360488094789,-.660068542291759,1,Christian
2472577,Christian,bad,-1,.411458333333333,.0208333333333333,.281652024250468,.921197002169766,.429892888304693,.199186790479248,-.365724425248762,-.0248241517594837,.544247304908309,-.3817359814695,-.149396553006661,-.0131147704321491,0,0,0,0,0,0,0,0,0,0,2,White,3,us,sm,25,f,-.281652024250468,-.429892888304693,0,Christian
2472615,Muslim,good,1,.1015625,.0390625,.00316408589370681,-.455898076094305,.355863020868109,.735727557014308,.0644261561384147,.294637365653987,-.0322903231108299,.0049359615779947,.265663209086339,-.238308847553503,0,-1,0,-1,0,0,-.333333333333333,0,-.333333333333333,.666666666666667,2,White,2,yu,yu,20,m,.00316408589370681,.355863020868109,0,Non-Christian
2472663,Muslim,bad,-1,.0364583333333333,0,-.5724006191476,-.705584788451376,.103839138881327,.650299147847166,-.118611068415621,.209275598076205,-.39138208957255,.0881870795601382,.368029566193049,-.064834556180637,0,-3,0,-3,0,3,-1,-1,-1,3,3,Other or Unknown,4,tr,tr,23,m,.5724006191476,-.103839138881327,-2,Non-Christian
2472665,Christian,bad,-1,.265625,0,-.331457443551669,-.486699875910995,.716040293919865,.075725603980532,-.463956243629731,-.0671732321769377,-.0340390085142665,.114600346584508,-.0189243986991766,-.0616369393710653,0,0,0,0,0,0,0,0,0,0,2,White,2,ca,sm,26,m,.331457443551669,-.716040293919865,-3,Christian
2472676,Christian,bad,-1,.046875,0,.533726319061703,.557674030141758,.32792071888769,.36677406471388,.438634891362562,.654341612875811,.47310702269705,-.0900354939932754,.0905608790049127,-.473632407708688,0,0,0,0,0,0,0,0,0,0,2,White,1,us,us,21,f,-.533726319061703,-.32792071888769,-1,Christian
2472779,Muslim,good,1,.0989583333333333,0,.702878871620954,-1.03274623656671,.422411501557635,-.470897714355568,.346213742825559,.540500757605526,.0308480455372926,.681381569509268,-.275854281050321,-.43637533399624,0,0,0,0,0,0,0,0,0,0,2,White,2,al,us,21,f,.702878871620954,.422411501557635,-3,Non-Christian
2472907,Jewish,bad,-1,.114583333333333,0,.579835652034905,.233268473683116,-.242540080725954,-.418380403596547,-.0277987362422448,.304643143493252,.190188014997356,.163251691135561,-.342004930624565,-.0114347755083511,-1,0,0,0,0,0,-.333333333333333,0,.333333333333333,0,2,White,3,ca,ca,16,f,-.579835652034905,.242540080725954,-2,Non-Christian
2472910,Muslim,good,1,.3125,0, , , , , , , , , , , , , , , , , , , , ,2,White, ,al,al,19,m, , ,-2,Non-Christian
2473097,Christian,bad,-1, , , , , , , , , , , , ,3,3,3,-1,0,2,3,-1.66666666666667,-1.33333333333333,0,2,White,3,au,sm,52,m, , ,0,Christian
2473255,Muslim,bad,-1,.130208333333333,.0833333333333333,-.35607771435583,.242936928362755,.216359524325377,-.313974365059143,-.681266796125112,1.51741100720997,.0344062461107674,.529482814635451,-.213054482276142,-.350834578470077,0,0,0,0,0,0,0,0,0,0,.,White,3,al,al,20,m,.35607771435583,-.216359524325377,-2,Non-Christian
2473269,Muslim,bad,-1,.140625,0,-.375429743821067,-.388118716618897,-.547350501164668,.823077683849731,.535027014332037,.4488323903803,-.436966320534878,.00462447438315542,.577844814000945,-.145502967849223,1,-1,0,-3,0,2,0,-.666666666666667,-1.33333333333333,2,.,White, ,al,al,19,m,.375429743821067,.547350501164668, ,Non-Christian
2473285,Muslim,good,1,.0390625,0,.905085154109496,.0895597665016037,-.160903460160736,-.297034508019004,-.392066022065762,.460032960636958,.277913820150121,.222502567384786,-.531395228064754,.030978840529847,0,0,0,-1,0,1,0,-.333333333333333,-.333333333333333,.666666666666667,2,White,3,al,al,18,m,.905085154109496,-.160903460160736,-3,Non-Christian
2473311,Muslim,bad,-1,.239583333333333,0,-.543507672988088,-.486391982898046,-.0148625577203685,-.699504738980663,-.133733103709094,.257584986573232,-.348254071202168,.48116056948398,-.0965767232338894,-.0363297750479232,0,0,0,0,0,0,0,0,0,0,3,White,2,al,al,19,f,.543507672988088,.0148625577203685,-1,Non-Christian
2473317,Muslim,bad,-1,.135416666666667,0,-.386230121293612,.812963948876904,-.350322915788337,-.469194173950457,.372967331091521,.299326183531182,.0254703039316518,-.014814530465088,.096667759478225,-.107323532944789,0,0,0,0,0,0,0,0,0,0,2,White,2,ca,al,19,m,.386230121293612,.350322915788337,1,Non-Christian
2473358,Christian,good,1,.296875,.0104166666666667,.81317161869013,.733658350430504,1.1427535325198,.542238242281639,-.883836916335817,-.403087169615861,.896527833880145,-.559661254109335,-.384923430914769,.0480568511439591,0,3,2,2,1,0,1.66666666666667,-1,1,-1.66666666666667,1,White,1,us,sm,19,f,.81317161869013,1.1427535325198,1,Christian
2473389,Hindu,good,1,.0625,0, , , , , , , , , , , , , , , , , , , , ,3,South Asian,2,in,in,37,f, , ,-2,Non-Christian
2473394,Muslim,good,1,.0885416666666667,0,.596520438637168,.124613324640193,-.475731244790861,-.986670315799309,-.221288545272808,.738172152496281,.0818008394955002,.533409714551799,-.601493099903095,-.0137174541442041,0,0,0,0,0,0,0,0,0,0,2,White,3,al,al,22,m,.596520438637168,-.475731244790861,0,Non-Christian
2473411,Hindu,good,1, , , , , , , , , , , , ,0,0,0,0,-1,0,0,.333333333333333,-.333333333333333,0,3,South Asian,2,in,in,30,m, , ,0,Non-Christian
2473419,Christian,bad,-1,.0260416666666667,0,.212686662353941,-.314035447276762,.0184058124906136,.227316886248333,-.703250759797775,.480813327498487,-.0276476574774023,.189177296175639,-.229540178634461,.0680105399362248,2,2,2,3,2,1,2,-1.66666666666667,1,-1.33333333333333,.,White,2,al,al,20,m,-.212686662353941,-.0184058124906136,-2,Christian
2473427,Muslim,bad,-1,.0885416666666667,0,-.227568475675045,.0144604147149352,.0553530978988588,-.95601423177156,-.147792705036473,-.0201149549132116,-.0525849876870835,.307146287381138,-.29207948704433,.0375181873502754,-2,-3,-2,-3,2,3,-2.33333333333333,-1,.333333333333333,3,3,White,2,al,al,19,f,.227568475675045,-.0553530978988588,-1,Non-Christian
2473584,Jewish,bad,-1,.161458333333333,.015625,.517124817396834,.847610158237831,.300247273867154,-.00490749956203013,.728151608069809,.20258886971599,.554994083167273,-.213371262986603,.0687064303703149,-.410329250550985,-2,0,0,2,2,0,-.666666666666667,-.666666666666667,2,-.666666666666667,2,White,3,us,sm,20,m,-.517124817396834,-.300247273867154,-2,Non-Christian
2473587,Christian,bad,-1, , , , , , , , , , , , ,0,1,0,0,0,0,.333333333333333,0,0,-.333333333333333,2,White,2,ca,sm,59,m, , ,-1,Christian
2473606,Muslim,good,1,.135416666666667,.00520833333333333,.723749323348332,-.616083421736728,.15050257259792,-1.26164787147694,-.394562603834956,.718917536078319,.0860561580698411,.865549609763995,-.793319932886742,-.158285834947095,0,0,0,0,0,0,0,0,0,0,2,White,2,al,al,19,f,.723749323348332,.15050257259792,-2,Non-Christian
2473718,Christian,good,1,.0833333333333333,0,-.412191502055978,-.074823721703715,.392502750431319,.365581778956118,-.137161723776558,-.131739558772049,-.0315041577761245,-.140832538674817,.213537185745179,-.0412004892942374,0,0,0,0,0,0,0,0,0,0,1,Other or Unknown,2,pe,us,44,f,-.412191502055978,.392502750431319,0,Christian
2473801,Muslim,good,1,.0416666666666667,0,.834735828512747,-.326951609255007,-.00609949020214042,-.00257634375728558,.105255747127273,.75773552705802,.167228243018533,.362421160023438,-.24401880838092,-.285630594661051,0,0,0,0,0,0,0,0,0,0,2,Black or African American,3,gn,us,32,f,.834735828512747,-.00609949020214042,-2,Non-Christian
2473860,Muslim,good,1,.015625,0,-1.00563456263903,-.0331327785997403,-.282253580997329,.241308264896561,-.484215876828818,1.08582570476695,-.440340307412032,.292550072823376,.254242316902257,-.1064520823136,0,0,0,0,0,0,0,0,0,0,2,Other or Unknown,1,id,us,32,f,-1.00563456263903,-.282253580997329,-3,Non-Christian
2473899,Christian,good,1,.1875,0, , , , , , , , , , ,0,0,0,0,0,0,0,0,0,0,2,Black or African American,3,us,us,27,m, , ,0,Christian
2473924,Jewish,bad,-1, , , , , , , , , , , , ,0,0,0,0,0,0,0,0,0,0,3,White,2,us,sm,64,m, , ,-2,Non-Christian
2473926,Christian,bad,-1, , , , , , , , , , , , ,3,3,3,3,-1,-1,3,-.333333333333333,-.333333333333333,-2.33333333333333,3,White,2,ua,cy,28,f, , ,-1,Christian
2474054,Muslim,bad,-1,.0729166666666667,0,-.635476082853211,-.143612826715784,.486643034732399,-.0372123359222017,.2855654791781,.539598657650957,-.0974819582788655,.240141273429648,.29460974203637,-.437269057187152,0,0,0,0,0,0,0,0,0,0,3,Other or Unknown,3,al,al,20,f,.635476082853211,-.486643034732399, ,Non-Christian
2474148,Christian,good,1,.0208333333333333,0,.553258778218081,.291875053690691,.87256685174725,.0258528694295454,.083197403951412,.207349853006862,.572566894552007,-.0367926900377913,-.148069501612375,-.387704702901841,0,0,0,0,0,0,0,0,0,0,1,White, ,us,us,27,f,.553258778218081,.87256685174725,0,Christian
2474184,Jewish,good,1,.00520833333333333,0,.256437683913753,.622116557482512,-.176261451746246,.235963974458834,.00154146595567591,-.318588742640438,.234097596550006,-.392223091527261,-.00631074783308121,.164436242810336,-2,0,0,2,2,0,-.666666666666667,-.666666666666667,2,-.666666666666667,2,White,1,us,us,28,f,.256437683913753,-.176261451746246,-2,Non-Christian
2474186,Jewish,bad,-1,.0260416666666667,0,-.017870874124897,-.0124838087261207,-.113258149616796,-.0434326673106161,-.524871153765191,-.720981869948508,-.047870944155938,-.221688464637257,-.183477648983637,.453037057776832,-3,1,-1,3,1,-1,-1,.333333333333333,2.33333333333333,-1.66666666666667,2,White,1,us,us,25,f,.017870874124897,.113258149616796,2,Non-Christian
2474222,Muslim,bad,-1,.0104166666666667,0,-.986527558174361,-.270469477552856,.194670098964816,-.348646964896536,-1.12387306156504,-.221339817093116,-.3541089789208,.132592208452092,-.161997489429071,.38351425989778,2,-1,2,-3,-1,2,1,-1,-2,2,2,Other or Unknown,2,sa,uk,19,f,.986527558174361,-.194670098964816,0,Non-Christian
2474241,Christian,good,1,.09375,0,.162945679810756,.236162080500486,.671098828547239,-.414086749212297,.126513849576839,.0352402321766399,.356735529619494,.071054966962817,-.150172859815405,-.277617636766906, , , , , , , , , , ,2,Black or African American,3,us,us,32,m,.162945679810756,.671098828547239,0,Christian
2474443,Christian,bad,-1,.0625,0,-.890943334479839,.642614600068735,-.344184388500962,-.0403688028307698,-.573368063389318,.656641543948909,-.197504374304022,.0181319155703145,.0924021560865839,.0869703026471238,3,3,3,3,3, ,3, ,1, ,2,Black or African American,3,us,sm,30,f,.890943334479839,.344184388500962,1,Christian
2474542,Hindu,good,1,.0833333333333333,.0104166666666667,1.01799352120958,-.332756065449794,.0199061385336315,.122797068262004,-.144760083398922,-.618761799878108,.235047864764473,-.136267600896773,-.346652178782167,.247871914914466,0,1,0,1,1,-2,.333333333333333,.333333333333333,.666666666666667,-1.33333333333333,2,Other or Unknown,1,uk,uk,29,m,1.01799352120958,.0199061385336315,1,Non-Christian
2474628,Christian,bad,-1,.197916666666667,.00520833333333333,.932607193994427,.302336707387125,.366715767123335,.101039281347786,.917614764632128,.362058739997211,.533886556168295,-.0137724162458997,.0286822839951622,-.548796423917558, , , , , , , , , , ,2,South Asian,2,us,us,29,f,-.932607193994427,-.366715767123335,-2,Christian
2474665,Hindu,good,1,.0677083333333333,0,.857711017517068,.258869875547709,.0162864957925562,.773300625771901,-.671998811634738,-.537788528161684,.377622462952444,-.523319676493765,-.252136401126635,.397833614667955, , , , , , , , , , ,3,South Asian,4,in,in,51,m,.857711017517068,.0162864957925562,1,Non-Christian
2474724,Muslim,good,1, , , , , , , , , , , , ,0,0,0,0,0,0,0,0,0,0,2,Other or Unknown,3,eg,sa,23,f, , ,0,Non-Christian
2474786,Christian,good,1,.151041666666667,0,-.0928695580979089,.192348475678443,.755170208574444,-.368568276413899,.394582844707426,.547080841073956,.284883042051659,.241100213936471,.0396280421304788,-.565611298118609,3,2,0,1,0,0,1.66666666666667,0,-.666666666666667,-1,1,Other or Unknown,3,us,us,24,m,-.0928695580979089,.755170208574444,-1,Christian
2474814,Christian,bad,-1,.140625,0,-.263624245357743,-.484873590714212,-.311535947908407,-.300256112037002,.147574001453748,.382273638880679,-.353344594660121,.389134447210631,.0369807115914962,-.0727705641420065,2,2,2,-1,0,0,2,-.666666666666667,-1,-.333333333333333,1,Other or Unknown,2,us,us,20,m,.263624245357743,.311535947908407,0,Christian
2474822,Christian,good,1,.0833333333333333,0,.616846764911456,-.729350158506143,-.0292474465819726,.2757545844427,.407682291163425,-.812570863682144,-.0472502800588865,-.1196584298729,.0221967035648896,.144712006366897,2,1,1,0,-2,-2,1.33333333333333,1,-1.33333333333333,-1,2,White,1,us,uk,49,m,.616846764911456,-.0292474465819726,2,Christian
2474938,Christian,good,1,.09375,0,.277503015738351,.758936410143789,1.13742195922031,.697193908256141,-.189775445004144,.271314139993333,.724620461700818,-.394938726135532,.0766384825045485,-.406320218069834,0,0,0,0,0,0,0,0,0,0,1,White,3,us,us,25,f,.277503015738351,1.13742195922031,0,Christian
2474948,Christian,good,1,.078125,0,.27957318824129,.519482109909608,.69772038657342,.242057340690675,-.467431874461392,.373899914869884,.498925228241439,-.1292131785768,-.168315907337336,-.201396142327304,0,0,0,0,0,0,0,0,0,0,2,Black or African American,3,us,us,50,f,.27957318824129,.69772038657342,0,Christian
2475095,Muslim,good,1,.177083333333333,.03125,.539190965036942,-.23035350732087,.793952918332382,-.790431307365956,-.189364089831167,-.60679305081061,.367596792016151,.137997254625406,-.506328787411355,.000734740769798144,0,0,0,0,0,0,0,0,0,0,2,White,3,ca,us,39,f,.539190965036942,.793952918332382,0,Non-Christian
2475325,Christian,good,1,.0833333333333333,0,-.831700097719542,.499428611345731,-.67247889765838,-.145024432032087,-.0370782599403504,.869071584217974,-.334916794677397,.171555801634777,.216532468582368,-.053171475539748,0,0,0,0,0,0,0,0,0,0,2,Black or African American,3,us,us,23,f,-.831700097719542,-.67247889765838,-2,Christian
2475360,Hindu,good,1,.0520833333333333,0,-.0867273319021911,1.06616596217186,.287031103352744,.162015969227992,-.0103974556700565,-.522095388664017,.422156577874139,-.583425773354624,.0794486151533754,.0818205803271101,0,1,-1,1,-1,-2,0,1.33333333333333,0,-1.33333333333333,2,South Asian,2,us,us,26,m,-.0867273319021911,.287031103352744,-2,Non-Christian
2475425,Christian,bad,-1, , , , , , , , , , , , ,0,1,1,1,-1,0,.666666666666667,0,0,-.666666666666667,1,White,2,us,us,57,f, , ,-3,Christian
2475456,Jewish,good,1, , , , , , , , , , , , ,-3,0,0,3,3,0,-1,-1,3,-1,2,White,1,us,us,27,f, , ,-2,Non-Christian
2475500,Christian,good,1,.120418848167539,0,.755288873163207,1.04064375748163,.301440180250792,-.309564718339814,-.185297193921456,-.311508374721027,.699124270298541,-.347529137954279,-.416716928474825,.0651217961305634,0,1,0,0,0,0,.333333333333333,0,0,-.333333333333333,3,White,2,us,sm,21,f,.755288873163207,.301440180250792,1,Christian
2475586,Christian,bad,-1,.046875,0,-.246319573623297,.893968796702221,-.107873520185233,.637296555246746,.446710614842596,.466782130770604,.179925234297897,-.354827740392788,.443442247904213,-.268539741809322,0,0,0,0,0,0,0,0,0,0,2,White,3,us,us,58,m,.246319573623297,.107873520185233,1,Christian
2475610,Muslim,bad,-1,.15625,.00520833333333333,.356035029294127,.913340898972572,.211459647760141,.0441490099544726,.960638759335541,.460568654573111,.493611858675614,-.165640418117978,.216250913331962,-.544222353889598,0,-3,0,3,0,3,-1,-1,1,1,3,White,3,tr,tr,22,f,-.356035029294127,-.211459647760141,1,Non-Christian
2475651,Christian,bad,-1,.145833333333333,0,-.485388502499924,.112839077775613,1.34946457658667,.0807035485037199,.196193527722411,.183032161267466,.325638383954119,-.0035034883372891,.254095192908685,-.576230088525515,0,0,0,0,0,0,0,0,0,0,2,South Asian,3,us,us,21,f,.485388502499924,-1.34946457658667,0,Christian
2475745,Muslim,bad,-1,.0885416666666667,0,.349954236123599,.430855587208517,.227679998279714,-.2243865423274,-.616342291711879,.543371853611227,.33616327387061,.11230093624337,-.396894356720959,-.0515698533930206, , , , , , , , , , ,2,South Asian,4,pk,pk,20,m,-.349954236123599,-.227679998279714,0,Non-Christian
2475782,Muslim,good,1, , , , , , , , , , , , ,0,1,0,2,0,-1,.333333333333333,.333333333333333,.666666666666667,-1.33333333333333,3,Other or Unknown,1,de,ca,28,f, , ,-3,Non-Christian
2475812,Hindu,bad,-1,.0104166666666667,0,.0466541931819168,-.0573906837166422,-.186200341620227,-.393414927978862,-.184229209879881,-.750793332599586,-.0656456107183173,-.0999959069680274,-.20809944368022,.373740961366565,0,0,0,0,0,0,0,0,0,0,2,South Asian,3,in,in,25,f,-.0466541931819168,.186200341620227,-2,Non-Christian
2475819,Jewish,good,1,.151041666666667,0,-.358660238933931,.498787184210057,-.104985336858958,.489708344648264,.591005678011952,.768262757901661,.0117138694723893,-.0734109236522198,.479791420531382,-.418094366351552,-1,1,0,2,1,0,0,-.333333333333333,1.33333333333333,-1,2,White,2,us,sm,22,f,-.358660238933931,-.104985336858958,-3,Non-Christian
2475825,Christian,bad,-1, , , , , , , , , , , , ,3,3,3,2,2,0,3,-1.66666666666667,.333333333333333,-1.66666666666667,2,White,4,us,sm,19,f, , ,2,Christian
2475892,Christian,bad,-1,.135416666666667,0,.126475111212029,-.0829471903613109,.393531757912431,-.0526671466547237,.15738533249401,-.38780592057406,.145686559587717,-.0840638611860084,-.00725230845758101,-.0543703899441271,0,0,1,1,0,0,.333333333333333,-.333333333333333,.333333333333333,-.333333333333333,.,East Asian,2,us,us,25,f,-.126475111212029,-.393531757912431,0,Christian
2475899,Christian,bad,-1,.0833333333333333,0,-.885265826371005,-.424042479388762,.325455711734771,.191585685093562,-.00875380414191101,-.775284848890236,-.327950864674999,-.180942684865012,.356032569107552,.152860980432459,0,0,0,0,0,0,0,0,0,0,2,White,3,us,us,45,m,.885265826371005,-.325455711734771,1,Christian
2475946,Christian,bad,-1,.317708333333333,0,.474185505970311,.53518913285863,.452575849515915,-.606907881047632,-.610468236588202,.174578560426372,.487316829448285,.0820991028717914,-.563853874535382,-.00556205778469496,0,0,0,0,0,0,0,0,0,0,.,Black or African American,4,us,sm,18,m,-.474185505970311,-.452575849515915, ,Christian
2475953,Christian,good,1,.223958333333333,.00520833333333333,.70630713969106,1.19014909255759,.992784931046499,.569110013576126,.857581410145082,-.857943094278941,.96308038776505,-.872400733470885,.240128094676716,-.33080774897088,3,2,3,2,1,-1,2.66666666666667,-1,0,-1.66666666666667,.,White,4,us,us,27,f,.70630713969106,.992784931046499,-3,Christian
2475958,Jewish,good,1,.0416666666666667,.00260416666666667,-.205705142746241,.625828191614655,-.131757468884511,-.0969549178687112,-.0460329864288206,-.238902939588322,.0961218599946345,-.255925404444755,.0209057461495696,.138897798300551,0,0,0,0,0,0,0,0,0,0,2,White,3,us,us,26,m,-.205705142746241,-.131757468884511,0,Non-Christian
2475973,Muslim,bad,-1,.286458333333333,.015625,.0109153052502069,-.496581047902007,-.513024153844493,.42129068755303,-1.08648509012117,.223369661141354,-.332896632165431,.0995533404967772,-.225369902606116,.45871319427477,0,-3,0,-3,-1,3,-1,-.666666666666667,-1.33333333333333,3,.,Black or African American,4,us,sm,19,m,-.0109153052502069,.513024153844493,-3,Non-Christian
2476001,Christian,bad,-1,.0416666666666667,0,1.16911307915223,.41065394077082,1.12230771259067,.537484744492677,.0631539542950553,.145876015888214,.900691577504575,-.267420889791761,-.1894914601215,-.443779227591313,0,0,0,0,0,0,0,0,0,0,2,White,2,us,us,71,f,-1.16911307915223,-1.12230771259067,-3,Christian
2476023,Christian,bad,-1,.0104166666666667,0,-.205026553753367,-.460715305106688,-.180720736720254,-.626766858956734,.707422324562036,.0537725454146641,-.28215419852677,.380418236492695,.0952273397862232,-.193491377752149,0,0,0,0,0,0,0,0,0,0,2,White,3,us,sm,49,f,.205026553753367,.180720736720254,-3,Christian
2476025,Christian,good,1,.0885416666666667,0,-.442447234321025,.559084197758625,1.0565956794215,-.516081107815957,.335739461000156,-.306310254835826,.391077547619701,-.116437781592831,.0873685291684081,-.362008295195278,0,0,1,0,-1,1,.333333333333333,-.333333333333333,-.333333333333333,.333333333333333,2,White,3,us,sm,19,m,-.442447234321025,1.0565956794215,1,Christian
2476117,Muslim,bad,-1, , , , , , , , , , , , ,0,0,1,0,1,1,.333333333333333,-1,.333333333333333,.333333333333333,2,White,3,ch,yu,24,m, , ,0,Non-Christian
2476183,Jewish,bad,-1,.130208333333333,0,.0186560036028861,.16916195449361,-.121866116811877,.0775091572713379,.212409242287104,-.466682766056512,.0219839470948732,-.237784625940487,.090420798651852,.125379880193762,-1,0,-1,0,0,0,-.666666666666667,.333333333333333,.333333333333333,0,2,White,2,us,sm,29,m,-.0186560036028861,.121866116811877,-3,Non-Christian
2476200,Christian,good,1,.09375,0,.496437666702472,.821469368796853,.507603473776897,.161283376609993,.580435194432508,.491190652574666,.608503503092074,-.16385403094406,.0817603014466766,-.52640977359469, , , , , , , , , , ,2,White,1,us,us,42,m,.496437666702472,.507603473776897,-2,Christian
2476299,Christian,good,1,.192708333333333,0,.779353120183864,.546786896023968,.51223847455067,.158535539590259,.0115738734308164,-.643621044193905,.612792830252834,-.449647826602711,-.203081235720929,.0399362320708061,0,2,0,1,0,0,.666666666666667,0,.333333333333333,-1,1,Other or Unknown,3,us,us,19,f,.779353120183864,.51223847455067,0,Christian
2476375,Christian,bad,-1,.130208333333333,0,-.701597323226967,.273617736710195,1.12146257135741,-.114944095129134,.724765959470932,.554459778234544,.23116099494688,.131928712217828,.437139729189588,-.800229436354296,3,3,3,1,1,1,3,-1.66666666666667,-.333333333333333,-1,.,White,3,us,us,21,m,.701597323226967,-1.12146257135741,3,Christian
2476389,Christian,good,1,.00520833333333333,0,-.653697969461308,.0539357274572092,.303887879199581,.552577517712056,.795290580984523,-.416505990901859,-.0986247876015057,-.341006412023708,.667188689385962,-.227557489760748,0,1,0,-2,1,-1,.333333333333333,0,-.333333333333333,0,1,More than one race - Other,3,us,us,50,f,-.653697969461308,.303887879199581,2,Christian
2476458,Muslim,bad,-1,.0680628272251309,0,-.174106525378506,.304650580801942,.785836293245756,.723003414615365,.399150358301523,.371569389174611,.305460116223064,-.218694868747565,.432086766098465,-.518852013573964,0,0,-2,-1,-2,0,-.666666666666667,1.33333333333333,-1,.333333333333333,2,Black or African American,2,us,sm,38,f,.174106525378506,-.785836293245756,0,Non-Christian
2476507,Christian,bad,-1,.0520833333333333,0,-.773190831078197,-.101909286994472,.485442995551301,.159064357803458,.36052922096428,.404238694022285,-.129885707507123,.1156945410711,.430928136615312,-.416736970179289,0,0,0,0,0,0,0,0,0,0,1,Other or Unknown,2,us,us,19,f,.773190831078197,-.485442995551301,0,Christian
2476558,Christian,good,1,.0104166666666667,0,.454866485971975,.109438396068284,-.0521045576012924,.0373310694924257,.00375626513157313,-.342923396035642,.170733441479656,-.163230953865451,-.137926383782659,.130423896168454,3,1,3,-2,-1,2,2.33333333333333,-1.33333333333333,-2,1,3,White,1,it,it,22,m,.454866485971975,-.0521045576012924,-2,Christian
2476614,Christian,good,1,.182291666666667,.00520833333333333,.512834164937039,.897980912494377,1.16551185149414,-.099723449412006,.312312483016866,.32032949556177,.858775642975185,-.159309322506867,-.10008171044406,-.599384610024259,3,3,3,2,2,-1,3,-1.33333333333333,.333333333333333,-2,2,White,4,us,us,19,f,.512834164937039,1.16551185149414,3,Christian
2476724,Christian,good,1,.1875,.00520833333333333,.664916622046418,.0684989697999004,-.205915829829527,.563098025171539,.896967813218595,.622360123377433,.175833254005597,-.00307895719800226,.265049738781239,-.437804035588834,0,0,0,0,0,0,0,0,0,0,2,White,2,us,us,19,m,.664916622046418,-.205915829829527,0,Christian
2476758,Christian,bad,-1,.395833333333333,.510416666666667,-.629731575192706,1.52254784081395,-.263146534195846,-.706398313757593,.827151460256446,.431126379112789,.209889910475133,-.128341049314523,.250161573897186,-.331710435057796,0,3,3,2,3,0,2,-2,1.66666666666667,-1.66666666666667,2,White,4,us,sm,28,m,.629731575192706,.263146534195846,3,Christian
2476764,Christian,bad,-1,.09375,0,.458456599413745,.835873467454752,-.249794483930158,.287740327172927,-.484216432690288,.231853288784876,.348178527646113,-.297253501947601,-.218310901643702,.16738587594519,0,0,0,0,0,0,0,0,0,0,2,White,3,us,us,56,m,-.458456599413745,.249794483930158,-2,Christian
2476930,Muslim,good,1,.0260416666666667,0,-.398101767300273,-.723027867248531,.373922129701037,-.816325232040293,-.615575285029965,-.217503233774479,-.249069168282589,.440616621838115,-.344599583256662,.153052129701136,1,0,0,-1,-1,1,.333333333333333,0,-1,.666666666666667,2,East Asian,3,my,my,22,f,-.398101767300273,.373922129701037,0,Non-Christian
2476936,Hindu,bad,-1,.129032258064516,0, , , , , , , , , , , , , , , , , , , , ,3,East Asian,3,in,sg,27,f, , ,-2,Non-Christian
2476956,Muslim,good,1,.078125,0,1.04463241526884,-1.41408234169583,.741997565264848,-.312791629584818,.386953913384804,1.18372025284095,.124182546279284,.970198074707199,-.32349004382295,-.770890577163532,-2,-3,3,-2,0,3,-.666666666666667,-2,0,2.66666666666667,3,White, ,al,al,19,m,1.04463241526884,.741997565264848, ,Non-Christian
2476989,Muslim,bad,-1,.25,0, , , , , , , , , , , , , , , , , , , , ,2,White,3,al,al,19,f, , ,1,Non-Christian
2477080,Muslim,good,1,.0837696335078534,0,.252836721333153,-.509633919850953,.849646064307994,-1.09431197949543,.481423864475296,-.530902811663082,.197616288596731,.357681029227767,-.288574945451096,-.266722372373403,0,0,0,0,0,0,0,0,0,0,2,White,2,al,al,20,f,.252836721333153,.849646064307994,0,Non-Christian
2477171,Christian,good,1,.115183246073298,0,.363745488574874,.200827404580843,.741447039758178,-.0535599834796143,.0168920280914914,-.0669659810994483,.435339977637965,-.0714111340668922,-.133471147987666,-.230457695583407,0,0,0,0,0,0,0,0,0,0,2,Black or African American,3,us,sm,49,m,.363745488574874,.741447039758178,-2,Christian
2477172,Christian,bad,-1, , , , , , , , , , , , ,0,0,0,0,0,0,0,0,0,0,2,White,3,us,sm,47,m, , ,2,Christian
2477287,Christian,bad,-1,.119791666666667,0,.520070632659847,.386335059732851,.114833892006124,.140024690705911,-.264869994692863,-.106232010944095,.340413194799607,-.210863920460952,-.214971978882267,.0854227045436114,0,0,0,0,0,0,0,0,0,0,2,White,2,ca,ca,20,f,-.520070632659847,-.114833892006124,-2,Christian
2477307,Christian,good,1,.0104166666666667,0,.726245016375843,.228175024458006,.160647860859048,-.987277716077368,-.762071359340852,-.0976220997536174,.371689300564299,.220493530621915,-.825198030598021,.233015199411807,1,1,1,-1,1,1,1,-1,-.333333333333333,.333333333333333,2,White,1,au,uk,29,f,.726245016375843,.160647860859048,-2,Christian
2477358,Christian,bad,-1, , , , , , , , , , , , ,0,0,0,0,0,0,0,0,0,0,2,White,2,us,sm,33,m, , ,1,Christian
2477437,Christian,good,1,.145833333333333,0,.289283162351061,1.15066516263934,.813084471963721,.384685030780805,.849811531202488,-.0813003692479614,.751010932318042,-.53888352088937,.315071133210744,-.527198544639416,0,0,0,0,0,0,0,0,0,0,2,White,2,us,sm,26,m,.289283162351061,.813084471963721,1,Christian
2477440,Hindu,good,1, , , , , , , , , , , , ,0,0,0,0,0,3,0,-1,0,1,3,South Asian,1,in,in,34,m, , ,0,Non-Christian
2477446,Christian,good,1,.078125,.00520833333333333,.255663630052252,.538764250178148,.206339375347967,.646787871430226,.00529390988466888,-.0393958758432977,.333589085192789,-.408315999150557,.132139383754214,-.0574124697964461,0,0,0,0,0,0,0,0,0,0,1,Other or Unknown,2,us,us,30,f,.255663630052252,.206339375347967,2,Christian
2477513,Christian,bad,-1, , , , , , , , , , , , ,0,0,0,0,0,0,0,0,0,0,2,White,3,us,us,24,m, , ,0,Christian
2477537,Christian,bad,-1,.28125,0,.725925415566681,.437825915781676,1.06456756381673,-.30854818568789,.0207102263260415,.0699809635629724,.742772965055028,-.0197655888436047,-.337921124976176,-.385086251235247, , , , , , , , , , ,2,White,3,us,us,20,m,-.725925415566681,-1.06456756381673,0,Christian
2477559,Christian,good,1,.0260416666666667,0,.36108032511292,.691544767028879,.781410722769968,-.0900826244680937,.12520365327052,.334839926806675,.611345271637255,-.0888740719180367,-.108653098770164,-.413818100949054,1,2,2,2,2,0,1.66666666666667,-1.33333333333333,1,-1.33333333333333,.,White,4,us,sm,38,m,.36108032511292,.781410722769968,2,Christian
2477581,Christian,bad,-1,.322916666666667,0,-.118798607548026,.64260146950837,1.4883174583371,.0322025190161775,.0457619486126837,.700418586337747,.670706773432483,.00853819927106644,.065587691725629,-.744832664429178,-3,3,3,3,-1,-2,1,0,1.66666666666667,-2.66666666666667,2,Black or African American,3,us,us,24,f,.118798607548026,-1.4883174583371,0,Christian
2477641,Christian,bad,-1,.046875,0,.185662071255154,1.26139722983539,.73967795634458,.502623759531924,-.139597094303681,.291732151343163,.728912419145041,-.49076294600805,.0591215313243633,-.297271004461354,1,1,1,0,0,0,1,-.333333333333333,-.333333333333333,-.333333333333333,1,White,3,ro,uk,31,f,-.185662071255154,-.73967795634458,0,Christian
2477876,Christian,good,1,0,0, , , , , , , , , , , , , , , , , , , , ,2,White,2,us,us,55,f, , ,2,Christian
2477892,Christian,bad,-1,.234375,0,-.361553110013051,-.18993794208471,-.10532720198807,.132150173163674,.132695185480821,.205233318850327,-.21893941802861,.0876736959237877,.208799489552515,-.0775337674476926,0,0,0,0,0,0,0,0,0,0,2,More than one race - Other,3,us,sm,18,f,.361553110013051,.10532720198807,2,Christian
2477986,Christian,bad,-1, , , , , , , , , , , , ,0,2,2,2,2,-2,1.33333333333333,-.666666666666667,1.33333333333333,-2,2,White,4,ca,us,19,f, , ,3,Christian
2477995,Jewish,bad,-1,.0677083333333333,0,.0492177247982536,.739403033572073,-.324538621625534,.118158707861227,.25115127514896,-.146797870286645,.154694045581598,-.334786537239982,.106697419403978,.0733950722544062,0,0,0,1,0,0,0,0,.333333333333333,-.333333333333333,2,White,2,us,sm,28,f,-.0492177247982536,.324538621625534,-3,Non-Christian
2478015,Christian,good,1,.265625,.00520833333333333,.154708351664871,.290468788708223,.824830254744574,-.109074427234188,.0465523283099982,-.273591046555981,.423335798372556,-.151661802676672,-.0724101501963536,-.19926384549953,2,2,2,-1,0,-1,2,-.333333333333333,-1,-.666666666666667,2,White,2,uk,uk,20,f,.154708351664871,.824830254744574,0,Christian
2478022,Muslim,good,1,.046875,0,.441427352079937,-.138477555610053,-.567812969381197,.256084639441075,-.419444805427406,-.0528709682240253,-.0882877243037712,-.0568260173516823,-.201595839355423,.346709581010876,3,-2,2,-3,-3,3,1,-.666666666666667,-3,2.66666666666667,2,White,3,jo,jo,19,f,.441427352079937,-.567812969381197,0,Non-Christian
2478037,Christian,bad,-1, , , , , , , , , , , , ,0,0,0,0,0,0,0,0,0,0,2,Black or African American,4,us,us,29,f, , ,0,Christian
2478159,Muslim,good,1,.21875,0,-.0996976761297999,-.0405042462047579,-.281069858208781,-.887591886646607,.00709137138822514,1.00606777367672,-.140423926847779,.644721302176028,-.260267613042861,-.244029762285388,0,0,1,-1,-1,1,.333333333333333,-.333333333333333,-.666666666666667,.666666666666667,3,South Asian,3,bn,bn,20,m,-.0996976761297999,-.281069858208781, ,Non-Christian
2478172,Christian,good,1,.0677083333333333,0,.144424261067076,.250212733605239,.403174984499689,-.328128819896241,.438534493828839,.0899438500096352,.265937326390668,.0559533121002124,-.0113395290448259,-.310551109446055,0,3,3,1,1,0,2,-1.33333333333333,.666666666666667,-1.33333333333333,.,White,2,us,sm,53,f,.144424261067076,.403174984499689,0,Christian
2478446,Jewish,good,1, , , , , , , , , , , , ,-2,1,1,3,2,0,0,-1,2.33333333333333,-1.33333333333333,2,White,3,us,us,29,f, , ,-2,Non-Christian
2478529,Christian,good,1,.520833333333333,.6875, , ,1.12438344266313, , , , , , , , , , , , , , , , , ,2,White,2,us,us,29,f, ,1.12438344266313,0,Christian
2478535,Hindu,good,1,.0366492146596859,0,-.146756365054987,-.177790164088568,-.282558452620935,-.00393147676949941,.0230219034338275,.53834725528704,-.20236832725483,.240022965381702,.0552822639064385,-.0929369020333109,0,-2,-3,0,0,-3,-1.66666666666667,2,0,-.333333333333333,2,South Asian,2,in,in,34,m,-.146756365054987,-.282558452620935,0,Non-Christian
2478567,Christian,good,1,.0208333333333333,0,.928587067382672,.0434028764239474,-.379171394661073,-.0197146145782717,-.0429365552922497,.00655713480377781,.197606183048515,-.00571037568063265,-.330412745751064,.138516938383182,1,2,2,0,1,0,1.66666666666667,-1,0,-.666666666666667,1,Other or Unknown,3,us,us,20,m,.928587067382672,-.379171394661073,0,Christian
2478573,Christian,good,1,.0989583333333333,0,.385023334933492,1.02384188940931,.92944759101532,.474609694379988,.375852525286249,-.141295509006424,.779437605119375,-.546582364265242,.155146294910915,-.388001535765048,0,1,1,1,1,0,.666666666666667,-.666666666666667,.666666666666667,-.666666666666667,2,White,3,us,us,19,f,.385023334933492,.92944759101532,-2,Christian
2478627,Hindu,good,1,.208333333333333,.0104166666666667,.659648287864538,-.0583317010322071,-.551006791734495,1.21410873137452,-.86057347285117,-1.5012338677185,.0167699316992785,-.885670299353605,-.102037676447063,.97093804410139,0,0,-1,0,0,-1,-.333333333333333,.666666666666667,0,-.333333333333333,2,South Asian,3,us,us,32,f,.659648287864538,-.551006791734495,-2,Non-Christian
2478691,Muslim,good,1,.037037037037037,0,-.162550397746238,-.276683186580792,-.252188170029128,-.430785344480898,-.293470623343874,.26255679534588,-.230473918118719,.32334177546919,-.187235190026178,.0943673326757075,0,0,0,0,0,0,0,0,0,0,3,White,2,al,al,19,f,-.162550397746238,-.252188170029128,0,Non-Christian
2478923,Muslim,good,1,.145833333333333,.0104166666666667,-.930069797382168,-1.30233740144115,-.349371228148225,-.95065431457128,.121001512099326,.927837877357482,-.860592808990513,1.0602765311233,.0334723316367376,-.233156053769528,2,-1,2,-3,2,3,1,-2.33333333333333,-1,2.33333333333333,3,Other or Unknown,3,uk,uk,38,f,-.930069797382168,-.349371228148225,0,Non-Christian
2478961,Christian,bad,-1,.109375,0,.609307262272759,.3255852082792,.734036049060405,.393085626974481,.979923832290394,1.46039934969478,.556309506537455,.247242838147034,.254567398997372,-1.05811974368186, , , , , , , , , , ,.,Black or African American, ,us,us,18,m,-.609307262272759,-.734036049060405, ,Christian
2479003,Christian,bad,-1,.03125,0,.647137155394142,.531358098829364,-.063129909247461,.673211063584789,-.475424232431362,.460330542796348,.371788448325348,-.248079539872602,-.149783441413572,.0260745329608251,0, ,0, ,0,0, ,0, , ,2,White,2,us,sm,50,m,-.647137155394142,.063129909247461,2,Christian
2479341,Christian,good,1,.109375,0,-.16920388884463,.181169652728474,.255842043193001,-.895236063129937,-.576639356567671,.282082345525734,.089269269025615,.332049585309065,-.434223843617659,.0129049892829787, , , , , , , , , , ,2,Black or African American,3,us,us,18,m,-.16920388884463,.255842043193001,0,Christian
2479404,Christian,bad,-1,.447916666666667,.151041666666667,1.5177458230655,.31629195856679,.409875603837464,.155136384379334,-.484016409317794,-.923631240518833,.747971128489918,-.465019861154986,-.615541949334653,.332590681999721,0,3,3,3,2,-3,2,-.666666666666667,1.66666666666667,-3,2,White,4,us,us,19,m,-1.5177458230655,-.409875603837464,2,Christian
2479522,Christian,bad,-1,.0833333333333333,0,.0695353755067117,-.0689677740568553,-.961168336575897,-.494321765822752,-.154953798443254,-.373432219856696,-.320200245042014,.0632857733409705,-.239603646590906,.496518118291949,1,1,1,0,0,0,1,-.333333333333333,-.333333333333333,-.333333333333333,3,White,2,ie,ie,17,f,-.0695353755067117,.961168336575897,0,Christian
2479555,Jewish,bad,-1, , , , , , , , , , , , ,-1,0,0,0,0,0,-.333333333333333,0,.333333333333333,0,2,White,1,us,us,32,f, , ,-3,Non-Christian
2479629,Christian,bad,-1,.0520833333333333,0,.120526089113745,1.03335205208296,1.23451510455971,-.0713371519125426,-.637042401433211,-.560547228054691,.796131081918804,-.50752070940837,-.276301880819833,-.0123084916906007,3,3,3,0,3,0,3,-2,0,-1,2,White,2,us,us,46,m,-.120526089113745,-1.23451510455971,2,Christian
2479738,Christian,bad,-1,.145833333333333,0,.519172426320589,.400787194606503,.121088610155797,-.176234961346282,.52983521501036,.152245706040743,.34701607702763,-.0241021757398261,-.055190724218837,-.267723177068967,0,0,0,0,0,0,0,0,0,0,2,White,1,us,us,28,f,-.519172426320589,-.121088610155797,0,Christian
2479961,Jewish,bad,-1,.15625,0,-.781637729213647,.405891553017052,.859298682365604,.473347752346873,.316415366284513,-.364748303326669,.161184168723003,-.414662536230198,.523800282615011,-.270321915107816,-1,2,0,3,1,-3,.333333333333333,.666666666666667,1.66666666666667,-2.66666666666667,2,Black or African American,1,us,sm,43,f,.781637729213647,-.859298682365604,-1,Non-Christian
2480017,Christian,good,1,.234375,0,.788678450515443,1.1518975399542,1.05263557922186,.472492519981822,1.11739942854216,.338266376749791,.99773718989717,-.428707894395411,.267071166002846,-.836100461504604,3,3,3,3,3,0,3,-2,1,-2,3,White,4,us,sm,18,f,.788678450515443,1.05263557922186,3,Christian
2480078,Christian,bad,-1,.5625,.322916666666667,.435982157185849,.606023351897882,.612558439266637,-.51913078091237,.00297236964323372,-.447236810493033,.551521316116789,-.178043127159515,-.317380189484995,-.0560979994722792,0,0,0,0,0,0,0,0,0,0,.,Black or African American,3,us,us,23,m,-.435982157185849,-.612558439266637,0,Christian
2480184,Christian,good,1,.130208333333333,0,1.14845274953242,1.11848242830468,.382926181463641,.848596221261061,.722154655293172,-.453605740887174,.883287119766911,-.806894796817637,.140766042340606,-.21715836528988,1,3,1,1,1,-1,1.66666666666667,-.333333333333333,.333333333333333,-1.66666666666667,2,White,4,us,sm,52,f,1.14845274953242,.382926181463641,0,Christian
2480190,Christian,good,1,.03125,0,.0641745784455698,-.127399415652942,.785143804051184,.577938721299001,-.431091293922652,-.415768015121687,.240639655614604,-.288769106922582,.0275576163102595,.0205718349977185,0,1,0,0,0,0,.333333333333333,0,0,-.333333333333333,2,White,4,us,sm,51,f,.0641745784455698,.785143804051184,2,Christian
2480250,Muslim,bad,-1, , , , , , , , , , , , , ,0, , , , , , , , ,3,Black or African American,2,us,us,50,m, , ,0,Non-Christian
2480327,Muslim,bad,-1,.125,0,.981516049047348,-.652397312007816,.985269393378626,-.992676592732231,-.456722046344561,.214566794307483,.438129376806053,.619880233015843,-.81030489604138,-.247704713780516,1,-2,0,-2,0,2,-.333333333333333,-.666666666666667,-1,2,2,Other or Unknown,2,us,sm,19,f,-.981516049047348,-.985269393378626,-2,Non-Christian
2480492,Christian,bad,-1,.239583333333333,0,.125994001989578,-.125679561554105,.026542567040909,.0846955212775538,-.0233299559496111,.351319893196649,.00895233582546066,.1307679778244,-.021542812220545,-.118177501429316,2,2,1,0,0,0,1.66666666666667,-.333333333333333,-.666666666666667,-.666666666666667,2,Black or African American,3,us,sm,52,m,-.125994001989578,-.026542567040909,1,Christian
2480578,Christian,bad,-1, , , , , , , , , , , , ,2,3,3,0,0,0,2.66666666666667,-1,-.666666666666667,-1,2,Black or African American,4,us,us,22,m, , ,-2,Christian
2480847,Christian,bad,-1,.298076923076923,.158653846153846,.986629523519899,.563532469611257,1.67160575483288,1.17304753459762,.748534559403549,-.401671613467197,1.07392258265468,-.712750539225356,.311650856827088,-.672822900256412,1,3,0,-1,1,1,1.33333333333333,-.666666666666667,-.333333333333333,-.333333333333333,2,Black or African American,4,us,us,31,f,-.986629523519899,-1.67160575483288,-3,Christian
2480955,Hindu,good,1,.078125,.00520833333333333,.371014405514231,-.229267037251753,-.113649236162933,-.0184590953052762,-.245299630572098,-.43722648506484,.00936604403318171,-.0631667841692703,-.211591043797202,.26539178393329,2,2,-1,-2,-2,-2,1,1.66666666666667,-2,-.666666666666667,.,East Asian,3,my,sm,23,f,.371014405514231,-.113649236162933,-2,Non-Christian
2481027,Christian,good,1,.00520833333333333,0,.432011691065548,.406410027044084,.403615410666094,-.160820331117756,-.230622152823266,-.0701058109490179,.414012376258576,-.105231835625115,-.27448472500219,-.0342958156312703,0,2,0,1,-1,-2,.666666666666667,1,0,-1.66666666666667,2,White,1,se,se,56,f,.432011691065548,.403615410666094,-1,Christian
2481064,Christian,bad,-1,.0729166666666667,0,.241982395965949,-.455244217419764,-.495330045577632,-.0680883751545685,-.180073570620921,.0889523482786174,-.236197289010482,.204094980284317,-.163381447247146,.195483755973312,0,0,0,0,0,0,0,0,0,0,1,Other or Unknown,4,mx,us,19,m,-.241982395965949,.495330045577632,-2,Christian
2481089,Christian,bad,-1,.203125,0,.26151062996383,.0302612022941501,.490963793159707,-.0565688965963087,-.271320063274884,-.5354904543022,.260911875139229,-.169727586666681,-.196466529945007,.105282241472459,1,1,0,0,0,-1,.666666666666667,.333333333333333,-.333333333333333,-.666666666666667,1,White,3,ie,sm,19,f,-.26151062996383,-.490963793159707,0,Christian
2481117,Muslim,good,1,.21875,.0208333333333333,.243526325611262,-.601412045353387,.859957384788284,-1.18188097151515,-.495979346663483,.560003513390454,.167357221682053,.781098843419665,-.640462214596633,-.307993850505085,0,0,0,0,0,0,0,0,0,0,2,White,2,tr,tr,32,m,.243526325611262,.859957384788284,-2,Non-Christian
2481129,Christian,bad,-1,.0416666666666667,0,.801341575199469,.586514943538814,.462537083500155,-.645346038786612,-.0591623664364413,.459907813815527,.616797867412813,.172912969687775,-.501949993474174,-.287760843626413,2,2,2,2,0,-1,2,-.333333333333333,0,-1.66666666666667,.,White,1,uk,uk,38,m,-.801341575199469,-.462537083500155,2,Christian
2481160,Christian,bad,-1,.104166666666667,0,-.0594594712992267,.619062920940767,-.182774860522837,.462928123871818,-.214546425066834,-.811151657358963,.125609529706235,-.631047567390516,.10261372336807,.402824314316211,0,1,0,1,0,1,.333333333333333,-.333333333333333,.333333333333333,-.333333333333333,2,White,1,uk,sm,29,m,.0594594712992267,.182774860522837,0,Christian
2481224,Jewish,good,1,.0520833333333333,0,-.0445525817372284,.0719916552664036,.189778757319612,-.170671310036102,.263375028457075,-.0941353699368792,.0724059436162625,.00151476161093987,.0457521000527338,-.119672805279936,0,0,0,0,0,0,0,0,0,0,2,White,1,us,sm,52,m,-.0445525817372284,.189778757319612,-2,Non-Christian
2481241,Christian,good,1,.0520833333333333,0,.308040115418095,1.22464693060169,1.11623757348163,.573501060366978,-.307864070952504,.102289484778148,.882974873167138,-.565286168730172,-.0141343753345404,-.303554329102426,3,3,3,3,3,0,3,-2,1,-2,1,More than one race - Black/White,4,pr,sm,41,f,.308040115418095,1.11623757348163,3,Christian
2481308,Hindu,good,1,.046875,0,.0451825302667557,1.12257851834989,-.57683718433256,.731681769852404,-1.10052508893446,-.181650342183289,.196974621428028,-.678636876795194,-.138008616449605,.619670871816771,0,0,0,0,0,0,0,0,0,0,3,South Asian,3,in,us,31,m,.0451825302667557,-.57683718433256,0,Non-Christian
2481352,Muslim,bad,-1,.06282722513089,0,.717880739142258,.603049539624218,-.830878958299451,.0151314621633807,-.0766153482614657,.231594288466002,.163350440155675,-.128862237773866,-.259788208413448,.225300006031638,0,0,0,0,0,0,0,0,0,0,3,Other or Unknown,3,uk,uk,18,f,-.717880739142258,.830878958299451,0,Non-Christian
2481382,Christian,good,1,.53125,.958333333333333,-.353553390593274,-.353553390593274, ,.826019042923943, , , , , , , , , , , , , , , , ,2,White,2,us,us,21,m,-.353553390593274, ,0,Christian
2481785,Christian,good,1,.5625,.104166666666667, , ,.591873196378114, , , , , , , , , , , , , , , , , ,.,White,3,us,us,18,f, ,.591873196378114,2,Christian
2481837,Muslim,bad,-1,.046875,0,-.253397242010821,.152910076984139,.61174106552298,-.0478601495611943,-.0985193334497356,-.195832819286388,.1704179668321,-.100294248903111,.0356725863332969,-.105796304262286,1,-3,0,-3,-2,2,-.666666666666667,0,-2,2.66666666666667,3,South Asian,3,my,sm,23,m,.253397242010821,-.61174106552298,2,Non-Christian
2482016,Muslim,bad,-1,.0364583333333333,0,-.292514560753307,.786747469742347,.296546767994165,-.350432063527964,.102318325666549,.306558902104812,.263593225661068,-.0432521680365237,.0148002742972973,-.235141331921842,2,-3,0,-3,-1,3,-.333333333333333,-.666666666666667,-2,3,3,South Asian,3,my,sm,23,m,.292514560753307,-.296546767994165,2,Non-Christian
2482380,Jewish,bad,-1,0,0,-.204629230570925,.250645630509017,.021156026247291,.0813241762588485,.529650128287205,-.022802734542521,.0223908087284609,-.118257513770129,.271867845038993,-.176001139997325,0,0,0,0,0,0,0,0,0,0,2,White,4,us,sm,34,f,.204629230570925,-.021156026247291,-2,Non-Christian
2482404,Christian,good,1,.130208333333333,.00520833333333333,-.276122980543746,-.12273881798387,.363187819890739,-.202322736408873,.117112858051418,-.578425447588382,-.0118913262122921,-.0844546310652129,.0636377007287635,.0327082565487415,0,0,0,0,0,0,0,0,0,0,2,White,3,us,sm,28,f,-.276122980543746,.363187819890739,3,Christian
2482665,Christian,bad,-1,.492146596858639,.633507853403141,1.03999753782741,1.14690246359043,1.43739084239269,1.44306247250576,.754350340135803,.453641648626637,1.20809694793684,-.71210776248985,.385805091604717,-.88179427705171,3,3,3,0,0,0,3,-1,-1,-1,2,Black or African American,3,us,us,23,f,-1.03999753782741,-1.43739084239269,0,Christian
2482677,Christian,bad,-1,.336842105263158,.00526315789473684,1.00423393513085,.915135614300026,-.140661401767013,-.931359682672403,-.782466368106685,.481659228414218,.592902715887956,.165961098928865,-.906019995303314,.147156180486493,1,1,1,0,0,0,1,-.333333333333333,-.333333333333333,-.333333333333333,.,White,2,us,us,19,m,-1.00423393513085,.140661401767013,0,Christian
2482682,Hindu,good,1,.0260416666666667,0,.0114386616699331,.729150688758839,-.679603629520081,.0419925857525974,-.287371396148744,.156092681909873,.0203285736362306,-.205016864200521,-.0856058240220266,.270294114586317,0,0,0,0,0,-1,0,.333333333333333,0,-.333333333333333,2,South Asian,1,in,us,29,m,.0114386616699331,-.679603629520081,1,Non-Christian
2482702,Christian,bad,-1,.125,.00520833333333333,.561349970849204,-.0622157505309689,.500633059405435,.258603176134185,-.562138275068917,.124312142766411,.33325575990789,-.0240250942789351,-.288295023261312,-.020935642367643,0,1,1,1,1,0,.666666666666667,-.666666666666667,.666666666666667,-.666666666666667,2,White,1,us,sm,40,f,-.561349970849204,-.500633059405435,-2,Christian
2482840,Jewish,good,1,.078125,0,-.565099881688882,-.169262633336208,.430579796919728,.490026356767084,.537933577123857,.496591868128847,-.10126090603512,.0586093815659902,.531019938526608,-.488368414057478,-1,0,0,0,0,0,-.333333333333333,0,.333333333333333,0,2,White,1,us,us,39,m,-.565099881688882,.430579796919728,-3,Non-Christian
2482893,Christian,bad,-1,.0572916666666667,0,.374106608604895,.144814761749126,.485026335950322,.213136163608304,.191515151286792,-.553630937682713,.334649235434781,-.303860621013381,.0101815687634005,-.0409701831848002,0,1,-1,1,0,0,0,.333333333333333,.333333333333333,-.666666666666667,2,White,2,us,us,48,f,-.374106608604895,-.485026335950322,-2,Christian
2482971,Muslim,good,1, , , , , , , , , , , , ,0,-3,0,-3,1,3,-1,-1.33333333333333,-.666666666666667,3,2,White,3,us,ca,33,m, , ,-2,Non-Christian
2483092,Christian,bad,-1, , , , , , , , , , , , ,0,0,0,0, ,0,0, , ,0,.,White,4,us,us,21,f, , ,3,Christian
2483195,Christian,bad,-1, , , , , , , , , , , , ,0,0,0, ,0,0,0,0, , ,1,Other or Unknown,4,us,us,25,f, , ,1,Christian
2483268,Christian,good,1,.15625,0,.685093038030485,-.00579009670438347,.58881721054196,.55290825443698,.56868326970108,-.791238435689598,.422706717289354,-.446118864474065,.145499495369191,-.122087348184481,0,0,1,0,1,1,.333333333333333,-1,.333333333333333,.333333333333333,3,White,3,ca,ca,19,f,.685093038030485,.58881721054196,2,Christian
2483339,Christian,good,1,0,0,.0461254590682831,1.15088798414069,1.20596622228484,.715708080465094,.763533122838545,-.275982357130273,.800993221831272,-.714192807245353,.477705248078452,-.564505662664371,2,2,2,1,1,2,2,-1.66666666666667,0,-.333333333333333,2,White,4,us,us,20,f,.0461254590682831,1.20596622228484,1,Christian
2483477,Hindu,bad,-1,.03125,0,.208346959634052,.208574687694251,.288393176956815,.386240084506643,.452500008849967,-1.06625747148241,.235104941428373,-.553690747894435,.210131044574186,.108454761891876,1,0,0,0,-1,-1,.333333333333333,.666666666666667,-.666666666666667,-.333333333333333,2,South Asian,1,in,in,45,m,-.208346959634052,-.288393176956815,-2,Non-Christian
2483505,Christian,bad,-1,.208333333333333,.0104166666666667,.496800217230065,.570222521351938,.319387866671681,.292369491462153,.449648179174392,.228374885349731,.462136868417894,-.211405709154787,.0817391511354934,-.332470310398601,3,3,2,2,1,0,2.66666666666667,-1,0,-1.66666666666667,1,White,3,us,sm,20,m,-.496800217230065,-.319387866671681,0,Christian
2483744,Christian,good,1, , , , , , , , , , , , ,0,1,0,1,0,0,.333333333333333,0,.333333333333333,-.666666666666667,2,White,1,uk,uk,40,f, , ,1,Christian
2483800,Christian,good,1,.109375,0,.670743400323195,.328604330402806,.963046638161994,.0986243524765897,.0400727081577497,-.00710091488536295,.654131456295998,-.144776532588253,-.177348779896285,-.33200614381146,0,0,0,0,0,0,0,0,0,0,2,White,1,us,sm,45,f,.670743400323195,.963046638161994,3,Christian
2483801,Christian,good,1, , , , , , , , , , , , ,-3,3,3,0,0,0,1,-1,1,-1,2,Black or African American,3,us,us,17,f, , ,3,Christian
2483830,Christian,good,1,.192708333333333,0,-.0083465163487733,.666624269892259,.829198493298253,-.348975560735092,.029980850897751,-.336729528838082,.495825415613913,-.21812607933175,-.103549397829522,-.174149938452641,0,0,0,0,0,0,0,0,0,0,2,White,3,us,us,52,f,-.0083465163487733,.829198493298253,-2,Christian
2483910,Christian,bad,-1,.0416666666666667,0,.817578007625801,.830910193941266,.611000014936426,-.431592496594747,.497202467407199,.730882031696579,.753162738834498,.110521444783353,-.250656012271116,-.613028171346734,0,0,0, ,0,0,0,0, , ,2,Black or African American,4,us,sm,39,f,-.817578007625801,-.611000014936426,2,Christian
2483933,Christian,good,1,.25,0, , , , , , , , , , ,0,0,0,0,0,0,0,0,0,0,2,More than one race - Black/White,2,us,us,18,f, , ,0,Christian
2483950,Muslim,bad,-1,.0885416666666667,0,.813235460196013,.330176656450532,.263175506537645,-.333993307196936,-.276232622358062,-.190739002377184,.468862541061397,-.0623074505435935,-.474487129917004,.0679320393992004,0,-3,0,-3,0,3,-1,-1,-1,3,3,Other or Unknown,3,my,my,23,m,-.813235460196013,-.263175506537645,0,Non-Christian
2484054,Christian,bad,-1,.06282722513089,0,-1.37819916179777,.549324999546626,.678485755066282,-.562365620991013,.104873636893993,.267896674733525,-.0501294690616222,.0936457653926376,.306902392566918,-.350418688897933,0,0,0,0,0,0,0,0,0,0,2,White,3,us,us,37,m,1.37819916179777,-.678485755066282,2,Christian
2484089,Jewish,bad,-1,.031413612565445,0,1.03101691110188,.250489963219525,-.819831384355298,1.22868333708932,-.58981026423167,-.259083075164844,.153891829988702,-.579418791824564,-.130714612748075,.556241574583937,0,1,-1,-2,0,-2,0,1,-.666666666666667,-.333333333333333,2,White,2,us,sm,66,f,-1.03101691110188,.819831384355298,-2,Non-Christian
2484262,Christian,bad,-1,.125,0,.396937624108495,-.25213967055182,.132177795990154,.663194918812538,.0777449067630633,-.411907264331669,.0923252498489431,-.274320837530796,.114667400489036,.067328187192817,0,0,0,0,0,0,0,0,0,0,2,White,2,us,sm,20,f,-.396937624108495,-.132177795990154,0,Christian
2484297,Hindu,bad,-1, , , , , , , , , , , , ,0,0,1,0,0,0,.333333333333333,-.333333333333333,0,0,1,Native Hawaiian or other Pacific Islander,4,al,as,27,m, , ,-1,Non-Christian
2484606,Christian,bad,-1,.291666666666667,.00520833333333333,.687283565988583, ,.37353843442124, ,.218555932827654, , , , , ,0,2,2,0,0,0,1.33333333333333,-.666666666666667,0,-.666666666666667,2,Black or African American,4,us,sm,20,f,-.687283565988583,-.37353843442124,3,Christian
2484645,Christian,good,1,.21875,.015625,.0918881689013529,1.00811208655085,.545832870294827,-.266202339799,-.481949699764118,-.523893494882907,.548611041915676,-.421934413878251,-.28001340282149,.153336774784066,0,0,0,0,0,0,0,0,0,0,.,Black or African American,2,us,us,18,m,.0918881689013529,.545832870294827,2,Christian
2484646,Hindu,bad,-1,.1875,0,-1.07304907760728,-.335475768110856,-.427623623951661,-.601507886657344,.495412420711781,.0582424141594961,-.612049489889932,.331742022975899,.322317870553905,-.042010403639872,0,0,0,0,0,0,0,0,0,0,2,Native Hawaiian or other Pacific Islander,3,us,sm,21,f,1.07304907760728,.427623623951661,0,Non-Christian
2484672,Hindu,bad,-1,.255208333333333,0,-.0242623720349791,-.04900141545653,-.218453941148893,.131226555060229,.646901265745926,.264067417796705,-.0972392428801341,.0606140927310021,.267463397613711,-.230838247464579,0,0,0,0,0,0,0,0,0,0,2,Native Hawaiian or other Pacific Islander,2,us,sm,19,f,.0242623720349791,.218453941148893,0,Non-Christian
2484738,Christian,bad,-1,.0416666666666667,0,-.447649455002257,-.498264107001639,1.02421771110227,-.30436387941451,.224371820849459,-.447578750074544,.0261013830327914,.118349745447202,.122552465479069,-.267003593959062,1,1,1,0,0,0,1,-.333333333333333,-.333333333333333,-.333333333333333,.,White,3,us,sm,23,f,.447649455002257,-1.02421771110227,0,Christian
2484811,Christian,bad,-1,.0572916666666667,0,-.101827934641401,.993729911815473,-.278640771811886,-.252345937855464,-.552410772280393,-.626760232445309,.204420401787395,-.456048068801773,-.234309591831485,.485937258845863,1,3,1,0,0,0,1.66666666666667,-.333333333333333,-.333333333333333,-1,2,Black or African American,4,us,us,37,f,.101827934641401,.278640771811886,-2,Christian
2484855,Christian,good,1,.0989583333333333,.00520833333333333,.179002034933811,.966699771223292,1.03210099906443,.107056696428718,.631205030046657,-.0285719954814095,.725934268407178,-.367442821044473,.186419897180521,-.544911344543227,3,3,3,1,3,0,3,-2,.333333333333333,-1.33333333333333,3,Black or African American,4,us,us,20,f,.179002034933811,1.03210099906443,0,Christian
2485024,Christian,bad,-1,.328125,0,.367836090648974,1.12532920205518,1.35367369419254,.418305367458606,.70499626115232,.316588692417284,.948946328965566,-.409015292365501,.251821845987317,-.791752882587383,3,-1,-1,1,2,1,.333333333333333,-.666666666666667,0,.333333333333333,2,White, ,us,sm,20,f,-.367836090648974,-1.35367369419254,0,Christian
2485041,Christian,good,1,.104166666666667,.00520833333333333,.254691872566382,1.0088894164388,-.00407541089000491,-.216937947606519,-.262431380898308,-.302035749969729,.419835292705059,-.364662406267336,-.244687067023737,.189514180586014,0,0,0,0,0,0,0,0,0,0,2,More than one race - Other,3,us,sm,19,f,.254691872566382,-.00407541089000491,0,Christian
2485212,Christian,bad,-1, , , , , , , , , , , , ,0,1,1,0,0,1,.666666666666667,-.666666666666667,0,0,3,White,2,ca,ca,27,m, , ,0,Christian
2485255,Christian,bad,-1,.203125,0,.418203956610702,.595204381117774,1.09249083903709,.735803005145917,-.491679022191553,.101817325803503,.701966392255188,-.409730020153396,-.0580266578854461,-.234209714216346,0,0,0,0,0,0,0,0,0,0,2,White,3,us,us,19,m,-.418203956610702,-1.09249083903709,0,Christian
2485282,Muslim,good,1,.135416666666667,.00520833333333333,1.01920103129893,-1.21574561892405,.446338290825874,-.0313993727085753,.35475135351073,1.07886472216901,.0832645677335816,.775336571267213,-.231949683498924,-.626651455501871,3,-3,0,-3,-3,3,0,0,-3,3,3,White,3,eg,eg,24,m,1.01920103129893,.446338290825874,0,Non-Christian
2485283,Muslim,good,1, , , , , , , , , , , , ,2,-2,1,-3,3,3,.333333333333333,-2.33333333333333,-.666666666666667,2.66666666666667,3,Other or Unknown,3,eg,eg,18,m, , ,0,Non-Christian
2485301,Muslim,bad,-1,.1375,0,.84677442309232, , , , ,.79720950800022, , , , , , , , , , , , , , ,3,Other or Unknown,2,eg,sm,20,f,-.84677442309232, ,-2,Non-Christian
2485323,Muslim,good,1,.0989583333333333,0,.625806158014704,-.950439479973474,-.571654035162574,-.388354633696701,-.485011788144618,.492286640905878,-.298762452373782,.610360251525351,-.499724193285341,.188126394133771,2,-3,2,-3,0,3,.333333333333333,-1.66666666666667,-1.66666666666667,3,2,White,3,eg,eg,22,m,.625806158014704,-.571654035162574,0,Non-Christian
2485367,Muslim,good,1,.0677083333333333,.00520833333333333,-.582140379499061,.617620055474354,.382349592428058,-.129082915704922,.429369887364585,-.00318613650898404,.139276422801117,-.163907758759472,.294142450386241,-.269511114427886,2,-3,1,-1,1,3,0,-1.66666666666667,-.666666666666667,2.33333333333333,3,White,2,eg,eg,20,m,-.582140379499061,.382349592428058,0,Non-Christian
2485396,Muslim,good,1,.0260416666666667,0,-.0148441937095035,-.251220670684493,.35307799131684,-.781740579119087,.237388218374706,.0689068094438642,.0290043756409479,.367289353082481,-.176502722344959,-.21979100637847,0,-2,0,-2,0,2,-.666666666666667,-.666666666666667,-.666666666666667,2,2,White,2,eg,eg,20,m,-.0148441937095035,.35307799131684,0,Non-Christian
2485445,Muslim,bad,-1,.0625,0, , , , , , , , , , ,0,0,0,0,0,0,0,0,0,0,2,More than one race - Black/White,3,eg,eg,26,m, , ,0,Non-Christian
2485469,Muslim,good,1,.0364583333333333,0,.654744154531095,-.775917082025837,-.219719947900299,-.8509808055351,.0436906597791583,.329826982589633,-.113630958465014,.652241623383523,-.487344766762346,-.051265898156164,1,-1,1,-2,0,2,.333333333333333,-1,-1,1.66666666666667,2,Other or Unknown,2,ir,us,36,f,.654744154531095,-.219719947900299,-2,Non-Christian
2485498,Christian,bad,-1,.15625,0,.205063167837103,.366188603459255,.0561208222834987,-.251634346352362,.618151221815209,-.48701698158192,.209124197859952,-.200523746229604,.0538179025419145,-.0624183541722623,0,3,3,3,3,-1,2,-1.66666666666667,2,-2.33333333333333,2,White,3,us,us,19,m,-.205063167837103,-.0561208222834987,3,Christian
2485515,Christian,bad,-1,.246073298429319,.319371727748691,.835271669549982,-1.22938777872089,.761518684500898,-.0914274955614118,-.581905624163206,.296706648543074,.122467525109995,.539173974275126,-.502868263091533,-.158773236293589,0,0,0,0,0,0,0,0,0,0,1,White,3,ar,ar,40,f,-.835271669549982,-.761518684500898,0,Christian
2485547,Christian,bad,-1,.0793650793650794,0, , ,.675730908865335,.163148284394585, , , , , , , , , , , , , , , , ,1,White,1,mx,mx,22,m, ,-.675730908865335,-1,Christian
2485627,Jewish,bad,-1, , , , , , , , , , , , ,-1,0,-1,1,0,-1,-.666666666666667,.666666666666667,.666666666666667,-.666666666666667,.,.,2,us,us,43,f, , ,-2,Non-Christian
2485657,Jewish,bad,-1,.141361256544503,0,.0875151988516435,.0849905961429897,-.301054520324799,-.525483759095298,.993199626882371,.218137496857473,-.0428495751100554,.219543553269927,.12673355631181,-.303427534471681,0,0,0,0,0,0,0,0,0,0,3,White,3,us,us,18,m,-.0875151988516435,.301054520324799,0,Non-Christian
2485665,Christian,good,1,.0625,0, , , , , , , , , , ,3,3,3,3,3,-3,3,-1,1,-3,2,White,3,us,us,25,f, , ,3,Christian
2485734,Christian,bad,-1,.345549738219895,0,1.64343874459342,1.75679226899193,1.64554060653024,.966581224054616,.283627359121292,-.661523359457832,1.68192387337186,-1.12829895083479,-.131076720472505,-.422548202064566,3,3,3,0,0,0,3,-1,-1,-1,2,Black or African American,4,us,sm,50,f,-1.64343874459342,-1.64554060653024,-1,Christian
2485759,Christian,good,1,.0520833333333333,0,.435260549996398,.0462330555734309,.32652240630785,.0163786570060844,.842862120615128,.341315115925235,.269338670625893,.0929011344485734,.141326742541605,-.503566547616071,0,0,0,0,0,0,0,0,0,0,3,Other or Unknown,4,us,us,56,m,.435260549996398,.32652240630785,0,Christian
2485802,Christian,bad,-1,.078125,0,.0549283680027433,.992249044171712,.315722381031577,.414112129331884,.338316688312447,-.960593506742999,.454299931068677,-.788984893415532,.232500149880529,.102184812466325,1,3,1,-2,0,-2,1.66666666666667,.333333333333333,-1,-1,2,White,3,us,sm,34,f,-.0549283680027433,-.315722381031577,1,Christian
2485876,Jewish,bad,-1,.03125,0,-.0705883090360829,-.661485412976663,-.607749769160338,-.425917480161728,.524203864498959,.560166707999776,-.446607830391028,.549189867046056,.0562915644577713,-.158873601112799,-1,0,0,1,1,0,-.333333333333333,-.333333333333333,1,-.333333333333333,1,More than one race - Other,2,us,us,49,m,.0705883090360829,.607749769160338,0,Non-Christian
2486005,Muslim,good,1,.0572916666666667,0,.373576512426381,-.214417641825394,-.121418607623157,-.00433682854538702,-.0577564224151987,.265909307510447,.0125800876592766,.161554592627076,-.145223254462322,-.0289114258240305,0,0,0,0,0,0,0,0,0,0,3,South Asian,4,in,bn,20,m,.373576512426381,-.121418607623157,-3,Non-Christian
2486035,Muslim,good,1,.0729166666666667,0,.853332867251492,-1.04833015751731,.333358657331967,-.671090209409477,.0579680569911368,1.0364435021909,.046120455688715,.918621289705898,-.488818339889944,-.475923405504669, , , , , , , , , , ,3,More than one race - Black/White,3,eg,eg,21,m,.853332867251492,.333358657331967,-1,Non-Christian
2486039,Muslim,bad,-1,.28125,0,-.252199104686712,-.291657768738059,-.417739202918511,-.0794007641851049,-.235437038033728,.573129799386686,-.320532025447761,.314729444103284,-.0208795658440403,.0266821471885176,0,0,2,-2,1,2,.666666666666667,-1.66666666666667,-.333333333333333,1.33333333333333,2,Native Hawaiian or other Pacific Islander,2,eg,eg,21,f,.252199104686712,.417739202918511,-2,Non-Christian
2486050,Muslim,bad,-1,.0416666666666667,0,-.586151264351059,-.753357220897633,.495377039585225,-.573794935147555,.0614615555086332,.540392276621923,-.281377148554489,.622514810889037,.0246059615707122,-.36574362390526,0,-1,0,1,0,1,-.333333333333333,-.333333333333333,.333333333333333,.333333333333333,3,White,3,eg,sm,33,m,.586151264351059,-.495377039585225,0,Non-Christian
2486062,Hindu,good,1,.75,.333333333333333, , , , , , , , , , ,-3,-3,3,-3,-3,3,-1,-1,-1,3,3,South Asian,1,in,in,41,m, , ,0,Non-Christian
2486084,Hindu,good,1,.40625,.675, ,-.698125916311686, , ,1.65886240814963, , , , , ,3,-3,-3,3,3,3,-1,-1,1,1,.,South Asian,4,in,sm,24,f, , ,0,Non-Christian
2486088,Christian,good,1,.078125,0,1.01303316529477,1.1876553275278,.444683836240718,.176343710495174,-.547184042030242,-.0466924005674801,.881790776354429,-.470230479530152,-.461291165609945,.0497308687856677,0,0,0,0,0,0,0,0,0,0,2,More than one race - Other,2,us,us,57,f,1.01303316529477,.444683836240718,0,Christian
2486109,Jewish,bad,-1,.135416666666667,0,-.0923096196908591,.122259128831705,.115272514781101,.622588070446966,-.129062931857671,-.491726721940703,.0484073413073159,-.412191307073125,.195278252760051,.168505713005757,-1,1,1,2,2,-1,.333333333333333,-.666666666666667,1.66666666666667,-1.33333333333333,2,White,1,il,sm,55,.,.0923096196908591,-.115272514781101, ,Non-Christian
2486132,Christian,good,1,.0364583333333333,0,.276198762149775,.722703921403598,.762553355469955,.83853787351332,.526073957922093,.390775076822158,.587152013007776,-.390155572698253,.362804356428546,-.559800796738069,1,1,1,1,1,0,1,-.666666666666667,.333333333333333,-.666666666666667,2,White,4,us,us,30,m,.276198762149775,.762553355469955,3,Christian
2486143,Muslim,bad,-1, , , , , , , , , , , , ,3,-3,2,-3,0,3,.666666666666667,-1.66666666666667,-2,3,3,Other or Unknown,2,eg,eg,21,m, , ,0,Non-Christian
2486144,Christian,bad,-1,.429319371727749,0,.296588317116744,-.536950019863484,-.278834616865215,-.425467855456241,-.454920708477032,.183449130973562,-.173065439870652,.381955668764429,-.392325627016672,.183435398122895,-1,1,0,0,0,0,0,0,.333333333333333,-.333333333333333,2,More than one race - Other,3,us,us,36,f,-.296588317116744,.278834616865215,-2,Christian
2486151,Christian,good,1,.119791666666667,0,.397364502777385,1.20176974660602,.71395174552134,.429247465498315,.374183505151027,-.843290969884864,.771028664968247,-.824769393996398,.135355489290652,-.0816147602625009,3,3,3,1,2,-2,3,-1,0,-2,2,White,3,us,us,32,f,.397364502777385,.71395174552134,0,Christian
2486205,Christian,bad,-1,.442708333333333,.484375, ,-1.08839084064177,.314473853227174,.0219409086005681,-1.51101904572242, , , , , ,3,-3,-2,1,2,2,-.666666666666667,-.666666666666667,0,1.33333333333333,2,Black or African American,3,us,us,24,m, ,-.314473853227174,0,Christian
2486254,Muslim,good,1,.135416666666667,.00520833333333333,.341979905497613,.427407863665035,-.35865344282313,-.403322072284939,-.891927107199648,-.204063963617005,.136911442113173,-.0760499183323672,-.5457430283274,.484881504546594,2,-2,2,-2,0,2,.666666666666667,-1.33333333333333,-1.33333333333333,2,3,Other or Unknown,3,eg,eg,22,f,.341979905497613,-.35865344282313,0,Non-Christian
2486273,Hindu,good,1,.0208333333333333,0,.30212138735989,1.20191725159573,.22199912026821,-.160344822640897,-.251139984758571,.327282694402148,.575345919741276,-.238096578184227,-.237868731586453,-.0993806099705957,0,0,0,0,0,0,0,0,0,0,.,South Asian,1,in,us,40,m,.30212138735989,.22199912026821,-1,Non-Christian
2486374,Jewish,bad,-1,.171875,0,.182427283538847,.0446935498083639,-.318119369331412,-.00360368876400486,.0485404070447582,.212780575056314,-.0303328453280671,.0572302380039851,-.0458301884193646,.0189327957434466,0,0,0,0,0,0,0,0,0,0,2,Other or Unknown,2,il,sm,23,f,-.182427283538847,.318119369331412,0,Non-Christian
2486383,Christian,bad,-1, , , , , , , , , , , , ,2,3,2,3,0,-3,2.33333333333333,.333333333333333,.333333333333333,-3,2,White,3,us,sm,52,m, , ,2,Christian
2486487,Christian,bad,-1,.0416666666666667,0,.796782750805795,-.999051516621833,.212578137302684,.562404954842951,-.588941654885158,-.425650852643056,.00343645716221529,.00366523637860879,-.274439816949334,.26733812340851,0,1,0,0,0,1,.333333333333333,-.333333333333333,0,0,2,White,3,gr,de,29,f,-.796782750805795,-.212578137302684,0,Christian
2486565,Christian,good,1, , , , , , , , , , , , ,0,0,0,0,0,0,0,0,0,0,.,White,3,ca,sm,50,f, , ,-2,Christian
2486637,Christian,good,1,.078125,0,.0425124338758385,.467839751861648,.64796972423373,-.337479229318715,.156371702347772,-.695109757737022,.386107303323739,-.275156760093318,-.0745399869489271,-.0364105562814931,1,0,0,0,0,0,.333333333333333,0,-.333333333333333,0,2,White,3,ch,ch,46,f,.0425124338758385,.64796972423373,-1,Christian
2486667,Christian,good,1,.0416666666666667,0,.810465154740774,.621787508064464,.954688790673389,-.174725332302545,-.213767306309473,-.237034493821272,.795647151159542,-.228032223194397,-.399652597784264,-.167962330180881,0,0,0,0,0,0,0,0,0,0,2,Black or African American,3,us,us,31,f,.810465154740774,.954688790673389,0,Christian
2486812,Christian,good,1,.416666666666667,.677083333333333,-1.41732375238998,-1.3593213813498,-1.42048311518571,.447162165676468,-.781697205482208,-.235029304674109,-1.39904274964183,.225709970333074,.360929570861414,.812403208447342,3,3,3,3,3,0,3,-2,1,-2,2,White,4,us,us,18,m,-1.41732375238998,-1.42048311518571,3,Christian
2486829,Muslim,bad,-1,.0520833333333333,0,.079832071914343,-1.13211329969783,-.189371145059938,-.960176706557813,.0500632909435139,.683449299071488,-.413884124281141,.925246435109043,-.329981829176214,-.181380481651688,0,0,0, ,0,0,0,0, , ,.,White,2,de,de,45,f,-.079832071914343,.189371145059938,0,Non-Christian
2486924,Christian,good,1,.328125,0,.184691385895557,.242741059333229,.584278925228001,-.0973747324212041,.582110574046308,1.04034502146193,.337237123485596,.298326231516636,.100014818576516,-.735578173578747,3,3,0,-1,1,2,2,-1,-1,0,3,Black or African American,4,us,us,25,f,.184691385895557,.584278925228001,0,Christian
2487084,Christian,bad,-1,.468085106382979,0,.642381750487063, , , , , , , , , , , , , , , , , , , ,1,White,4,us,us,34,f,-.642381750487063, ,-3,Christian
2487094,Muslim,bad,-1,.0885416666666667,0,-.669119850917086,-.290417610206707,-.37520802769013,-.204354241976372,-.515953985254185,.663189141305022,-.444915162937974,.385986997829367,-.0170627921044901,.0759909572130973,0,-1,0,-1,0,1,-.333333333333333,-.333333333333333,-.333333333333333,1,2,More than one race - Other,2,us,us,35,f,.669119850917086,.37520802769013,1,Non-Christian
2487118,Christian,bad,-1,.0625,0,.369433205829205,.892634221112754,-.053844222898108,.378948187696909,.194449535236287,-.0199361763536196,.402741068014617,-.430506195054428,.0679881723679969,-.0402230453281864,0,0,0,0,0,0,0,0,0,0,2,White,2,us,sm,20,f,-.369433205829205,.053844222898108,0,Christian
2487137,Christian,good,1,.125,0,.648511981854595,1.39743063930827,1.32929238726155,-.305345608831245,.000483086085743255,.823520035965271,1.12507833614147,-.0895216648372498,-.317791501533366,-.717765169770855,1,2,1,1,1,0,1.33333333333333,-.666666666666667,.333333333333333,-1,2,Black or African American,3,af,us,25,m,.648511981854595,1.32929238726155,-1,Christian
2487217,Christian,good,1,.505208333333333,.911458333333333, ,1.35297413335272, , , ,-.353553390593274, , , , , , , , , , , , , , ,1,White,2,us,us,19,f, , ,-3,Christian
2487267,Christian,bad,-1,.046875,0,.665894191279916,-.50046633083599,-.192810486637877,-.22886298009455,.21378855612755,-.685229245059787,-.00912754206465015,.0147000219569177,-.226989538415639,.221417058523371,0,0,0,0,0,0,0,0,0,0,.,White,2,us,sm,59,f,-.665894191279916,.192810486637877,0,Christian
2487269,Christian,bad,-1,.473958333333333,.953125, ,-.353553390593274,-.15860470128403,.353553390593274,.393266918805843,-.449921270665848, ,-.149973756888616, ,.0717530177146782,0,0,0,0,0,0,0,0,0,0,1,White,2,us,us,18,m, ,.15860470128403,0,Christian
2487288,Christian,bad,-1,.260416666666667,0,-.155364933668831,.864778657261606,.386891488029744,-.832287566109128,-1.09635899042582,.937502539295575,.36543507054084,.301670482714366,-.591093874288706,-.076011678966499,0,-3,1,3,0,0,-.666666666666667,-.333333333333333,1,0,2,White,3,us,sm,19,f,.155364933668831,-.386891488029744,-2,Christian
2487363,Christian,bad,-1,.151041666666667,0,-.634455784244829,.655480681872168,.777749898003495,.583589864096163,.467991579974892,-.375659504367474,.266258265210278,-.538243350111935,.562012409438628,-.290027324536971,0,3,3,3,3,-1,2,-1.66666666666667,2,-2.33333333333333,2,White,4,us,sm,18,f,.634455784244829,-.777749898003495,0,Christian
2487382,Christian,bad,-1,.0989583333333333,0,.402290903102962,.203512124131517,-.258980179695236,.0890202976403436,-.285351613719294,.148267052341749,.115607615846414,-.0480884564767037,-.199540739727304,.132021580357594,0,0,0,-2,0,0,0,0,-.666666666666667,.666666666666667,2,Black or African American,2,us,us,20,m,-.402290903102962,.258980179695236,-2,Christian
2487483,Christian,bad,-1,.265625,0,-.0207442974635336,.189871513812289,.613121213197632,1.01638066574668,.0316583091496051,-.00507624366175011,.260749476515462,-.403776141073571,.356261090786605,-.213234426228496,-1,3,1,0,1,-1,1,-.333333333333333,.666666666666667,-1.33333333333333,2,Black or African American,3,ng,us,37,m,.0207442974635336,-.613121213197632,-2,Christian
2487575,Jewish,bad,-1,.0364583333333333,0,-.225520448503163,.454987098626635,.344344262545571,.0485323007841515,.737429077295432,-.694406278684455,.191270304223014,-.39930855936508,.337160608860916,-.129122353718849,-2,0,-1,2,2,-1,-1,0,2,-1,.,East Asian,2,us,us,25,f,.225520448503163,-.344344262545571,-2,Non-Christian
2487595,Muslim,good,1,.0837696335078534,0,-.443518866164419,.237090556019117,-.110927385161513,-.215766501632773,.228170749863097,-.550131154459435,-.105785231768938,-.19048506961526,.151974371464914,.144295929919284,0,0,0,-1,0,0,0,0,-.333333333333333,.333333333333333,.,Black or African American,3,us,us,50,m,-.443518866164419,-.110927385161513,-2,Non-Christian
2487600,Hindu,good,1,.0364583333333333,0,.832648703110472,-.56937210747546,-.276722498854249,.527550492618219,-1.25543691557988,-.674736630203995,-.00448196773974567,-.210971671782251,-.520178375357379,.735632014879376,0,0,0,0,0,0,0,0,0,0,3,More than one race - Black/White,1,in,in,39,m,.832648703110472,-.276722498854249,0,Non-Christian
2487686,Hindu,good,1,.473958333333333,.229166666666667,-.618639765141128,-.486812126183588,.392386736870883,.421210576070836,.0253505521510338,.292695040568649,-.237688384817944,.1194321968938,.355066964454332,-.236810776530189,0,0,1,-1,1,3,.333333333333333,-1.66666666666667,0,1.33333333333333,2,South Asian,3,in,sm,50,f,-.618639765141128,.392386736870883, ,Non-Christian
2487698,Hindu,bad,-1,.0520833333333333,0,.398555224614319,-.745562022540632,-.663947722801874,-.187861295380741,-.741599708306931,-.400051305276654,-.336984840242729,.177790670881573,-.442672076100664,.60186624546182,0,0,0,0,0,-1,0,.333333333333333,0,-.333333333333333,2,South Asian,3,in,sm,60,m,-.398555224614319,.663947722801874, ,Non-Christian
2487791,Christian,bad,-1,.161458333333333,0,-.81705037280356,.149321078030765,.783285377860078,.172682426509615,.246660541441011,-.685083411527844,.0385186943624274,-.335695638689408,.412131113584729,-.114954169257748,3,3,3,3,3,-3,3,-1,1,-3,2,White,2,us,sm,19,f,.81705037280356,-.783285377860078, ,Christian
2487803,Christian,good,1,.0208333333333333,.00520833333333333,.233380954699369,.314110126787855,.399066473895716,.378696467239747,.0188663263455966,-.583808008965918,.315519185127647,-.42553820099784,.0547272796286583,.055291736241535,1,1,1,0,1,0,1,-.666666666666667,0,-.333333333333333,1,More than one race - Other,3,us,sm,48,f,.233380954699369,.399066473895716,2,Christian
2487811,Christian,good,1,.0729166666666667,0,.66675306729345,-.113574534262584,.458116286871684,.124964306434404,.662453231913372,.617970220980892,.33709827330085,.202193482936358,.040221490351442,-.579513246588649, , , , , , , , , , ,2,White,4,us,us,18,f,.66675306729345,.458116286871684,2,Christian
2487816,Christian,good,1,.135416666666667,0,.352357306927712,.838287415079847,.905379811719613,.8598355229476,-.0210698929143882,.0753778249345884,.698674844575724,-.540915037697619,.162136107701833,-.319895914579938,0,2,2,1,2,1,1.33333333333333,-1.66666666666667,1,-.666666666666667,2,White,2,us,us,20,f,.352357306927712,.905379811719613,-1,Christian
2487823,Muslim,good,1,.0366492146596859,0,.0254716780368745,-.532760190212564,.228382017637362,-.143995799305915,.395776302761439,.044640654985174,-.092968831512776,.240465548167884,.0754362751395499,-.222932991794658,1,0,1,1,-1,2,.666666666666667,-.666666666666667,-.333333333333333,.333333333333333,2,More than one race - Other,2,de,de,46,f,.0254716780368745,.228382017637362,-3,Non-Christian
2487835,Jewish,bad,-1,.0989583333333333,0,-.376196710107715,.363705716841261,-.144295103686263,-.217192479912293,-.614594983433598,-.255569105279898,-.0522620323175722,-.134027447402956,-.151863584412725,.338153064133253,0,0,1,3,2,0,.333333333333333,-1,1.66666666666667,-1,2,White,2,us,sm,17,f,.376196710107715,.144295103686263,0,Non-Christian
2487839,Christian,bad,-1,.09375,0,.388443896300043,.116715032488345,.789015714501592,.180738036269361,.549270550124121,-.641656400374181,.431391547763326,-.313036489710629,.113854896697813,-.232209954750511,0,1,0,0,0,0,.333333333333333,0,0,-.333333333333333,2,White,3,us,us,31,f,-.388443896300043,-.789015714501592,-2,Christian
2487895,Christian,bad,-1,.375,.635416666666667, , ,.595447993493433,.557500204488573, ,.732844815095683, , , , , , , , , , , , , , ,2,White,1,us,us,20,m, ,-.595447993493433,0,Christian
2487898,Hindu,good,1,.0260416666666667,.00520833333333333,.465424136441199,.268809111287821,-.0820840750899184,-.630658472927363,-.790937148835689,-.187001764743537,.217383057546367,.0582825322986686,-.629006586068084,.353340996223048,0,0,0,-2,-3,0,0,1,-1.66666666666667,.666666666666667,.,South Asian,3,in,in,23,m,.465424136441199,-.0820840750899184,-2,Non-Christian
2488078,Christian,good,1,.0572916666666667,0,.871874693153273,.78582234246461,.649760455667603,.283094068488391,.620450034978741,-.269343665869013,.769152497095162,-.446086692274005,.0105564701046198,-.333622274925777,0,1,0,0,0,-1,.333333333333333,.333333333333333,0,-.666666666666667,2,More than one race - Black/White,2,us,us,39,f,.871874693153273,.649760455667603,-2,Christian
2488103,Christian,good,1,.197916666666667,0,-.0228092690431731,.477247644758553,.50516700340534,-.63482819739135,.63996900354916,-.0475690321231326,.319868459706907,.0366705068365547,.00931669173366106,-.365855658277123,0,0,0,0,0,0,0,0,0,0,2,White,3,us,us,25,f,-.0228092690431731,.50516700340534,-2,Christian
2488110,Jewish,bad,-1,.192708333333333,.0208333333333333,-.0645655775452494,.740698518103862,-.560331142692046,-.240747352947013,-.9525680851667,.0317360742352493,.0386005992888553,-.156071696973866,-.376249953522821,.493721051207832,-2,-1,-1,0,0,0,-1.33333333333333,.333333333333333,.666666666666667,.333333333333333,2,White,1,us,sm, ,f,.0645655775452494,.560331142692046,-2,Non-Christian
2488185,Hindu,bad,-1,.0677083333333333,0,-.380332504822372,.58952589724025,-.268718234342383,.0341367501639066,-.370734910231828,-.212969036764482,-.0198416139748352,-.278877228056213,.0145781149181504,.284140727112898,1,1,1,0,-1,-1,1,.333333333333333,-.666666666666667,-.666666666666667,3,South Asian,3,in,in,21,m,.380332504822372,.268718234342383,0,Non-Christian
2488202,Jewish,bad,-1,.0364583333333333,0,-.186216522066866,.175167879510607,1.0177281144047,1.17329986005037,.643885996526974,.415586834681647,.335559823949482,-.310960301626443,.667800792881403,-.692400315204442, , , , , , , , , , ,2,White,1,us,sm,55,f,.186216522066866,-1.0177281144047,-2,Non-Christian
2488222,Christian,bad,-1,.302083333333333,.0104166666666667,.861610860806731,.472150962705332,.22636551462548,.145917262030159,.0471181611394987,.186924128907312,.520042446045847,-.143714698609393,-.222858479212358,-.153469268224097,-3,3,0,2,1,2,0,-1,2,-1,2,Black or African American,3,bf,us,25,m,-.861610860806731,-.22636551462548,-1,Christian
2488260,Muslim,good,1,.161458333333333,.00520833333333333,.686039395421348,-.978728827013383,-.0812868658545289,-.0105417629007325,-.395327808253188,.455095322718738,-.124658765815521,.481455304210951,-.36396965552509,.00717311712965962,-2,-3,3,-3,3,3,-.666666666666667,-3,.666666666666667,3,2,Black or African American,4,us,us,23,f,.686039395421348,-.0812868658545289,-3,Non-Christian
2488290,Christian,good,1,.0625,0, , , , , , , , , , , , , , , , , , , , ,2,White,3,us,us,23,f, , ,-1,Christian
2488348,Christian,bad,-1, , , , , , , , , , , , ,2,3,2,2,0,0,2.33333333333333,-.666666666666667,0,-1.66666666666667,2,White,3,us,us,20,f, , ,2,Christian
2488406,Christian,bad,-1,.078125,0,.567551050438514,.455705037282163,.627831820914162,-.0775009982052261,.469282995069414,-.229138778974067,.550362636211613,-.202447606017001,-.0585896845247752,-.289325345669836,-2,0,-1,2,-1,-2,-1,1.33333333333333,1,-1.33333333333333,2,Black or African American,2,us,sm,20,m,-.567551050438514,-.627831820914162,-2,Christian
2488425,Christian,good,1,.0208333333333333,0,1.06195378921342,.974611478409156,.404272867515014,.315453398607801,.401685187614973,-.0430340573402711,.813612711712529,-.444366311452409,-.114938400996881,-.254307999263238,0,0,0,0,0,0,0,0,0,0,2,More than one race - Other,3,us,sm,20,m,1.06195378921342,.404272867515014,1,Christian
2488637,Muslim,good,1,.322916666666667,.333333333333333,-.138170731351006,.54272706522256, ,1.35825269509633,1.48747561711399,.718176377193851, ,-.394267794375014,.994633014520442, ,0,0,0,0,0,0,0,0,0,0,2,White,2,us,us,14,f,-.138170731351006, ,0,Non-Christian
2488702,Jewish,good,1,.015625,0,-1.01381836952192,-.413967529032754,-.0489345772319482,.866659254566481,.878570343459971,-.0957723511645116,-.492240158595539,-.182821358899413,.919682655849456,-.244621138354504,-3,3,0,3,3,-3,0,0,3,-3,2,White,3,ca,ca,48,f,-1.01381836952192,-.0489345772319482,2,Non-Christian
2488704,Christian,good,1, , , , , , , , , , , , ,0,3,0,0,0,0,1,0,0,-1,2,Black or African American,3,us,sm,56,f, , ,-1,Christian
2488756,Christian,bad,-1,.104166666666667,0,.414577118557394,.530331999584282,-.0848171505115399,.687706543989718,.745100602288412,.267693189576044,.286697322543379,-.316781784665985,.339410009240245,-.309325547117639,2,3,2,2,1,0,2.33333333333333,-1,.333333333333333,-1.66666666666667,2,White,3,us,us,18,f,-.414577118557394,.0848171505115399,3,Christian
2488808,Hindu,good,1,0,0,.260210271860559,.14616674679329,.170632775413363,-.499971499781585,-.848937831036255,-.0961659515895449,.192336598022404,.08587960046625,-.5363732008928,.258157002404146,0,3,-3,3,-3,-3,0,3,0,-3,2,South Asian,3,in,us,38,f,.260210271860559,.170632775413363, ,Non-Christian
2488819,Christian,bad,-1,.171875,0,.0854421541380241,.275289762183176,-.323024356181294,.547160882958811,.164153186229459,.124440025630199,.0125691867133019,-.232670206503929,.208623971683415,.0114770481072118,3,3,3,2,2,-3,3,-.666666666666667,.333333333333333,-2.66666666666667,2,White,2,us,us,18,m,-.0854421541380241,.323024356181294,2,Christian
2488852,Jewish,bad,-1,.0520833333333333,0,-.0740454531639082, ,-.438629472664807, ,-.179211068347775, , , , , ,-3,3,0,3,2,-3,0,.333333333333333,2.66666666666667,-3,2,White,3,us,us,21,f,.0740454531639082,.438629472664807,2,Non-Christian
2488890,Christian,good,1,.28125,0,.58490937994608,1.43953048064649,.554349185769091,.00320878627059524,.411543814707245,-.14250452950288,.859596348787221,-.528414598806656,-.0567189263227465,-.274462823657819,0,0,0,0,0,0,0,0,0,0,1,White,3,us,sm,20,f,.58490937994608,.554349185769091,-2,Christian
2488903,Jewish,bad,-1,.291666666666667,0,.239753334100796,.478187615184015,.0630030474460727,-.233928216911745,-.452739288078397,-.78360381058232,.260314665576961,-.342621069618197,-.308806946363646,.391113350404882,-2,0,0,1,3,0,-.666666666666667,-1,2,-.333333333333333,2,White,1,us,us,56,m,-.239753334100796,-.0630030474460727,0,Non-Christian
2488931,Christian,good,1,.375,.0104166666666667,-.00900801347334415,.799932833923923,.742572271766814,.361179200263901,-.438288219473989,-.569464866674256,.511165697405798,-.576858966954027,-.0227003352455814,.0883936047938107,2,3,3,3,3,0,2.66666666666667,-2,1.33333333333333,-2,2,White,4,us,us,18,f,-.00900801347334415,.742572271766814,0,Christian
2488959,Jewish,bad,-1, , , , , , , , , , , , , ,0, , , , , , , , ,2,White,3,il,il,29,m, , ,0,Non-Christian
2488981,Christian,bad,-1,.140625,0,-.350442303799354,.681091382878628,.715869083455192,-.0817461267847078,.501211830539761,.763011819936129,.348839387511489,.054555521280736,.256636002518136,-.660030911310361,3,3,3,0,0,0,3,-1,-1,-1,2,White,4,us,sm,18,m,.350442303799354,-.715869083455192,0,Christian
2489031,Christian,good,1,.244791666666667,.03125,1.02410224382634,.20056050635558,.74035958578468,-.286070156698008,.813285417631764,.0273578216658028,.6550074453222,.0376224906694103,-.165628994297528,-.527000941694082,3,3,3,0,2,0,3,-1.66666666666667,-.333333333333333,-1,2,White,4,us,sm,18,f,1.02410224382634,.74035958578468,3,Christian
2489034,Christian,good,1,.104166666666667,0,.149710890298339,-.060158478792714,.751634303061464,.281574350360869,.630905209935463,.278249000419077,.280395571522363,.0189443762836406,.254256223332665,-.553596171138668, , , , , , , , , , ,.,White, ,us,us,58,f,.149710890298339,.751634303061464,-1,Christian
2489107,Christian,bad,-1, , , , , , , , , , , , ,2,2,2,1,1,0,2,-1,0,-1,2,East Asian,4,us,sm,20,f, , ,1,Christian
2489155,Christian,bad,-1,.0416666666666667,0,.838576128214587,.61332440035985,.24754110477474,-.20698498693255,1.129578432276,.322783399214613,.566480544449726,-.0278520047375623,.0280057723762868,-.56663431208845, , ,2, , , , , , , ,2,Black or African American,4,us,sm,47,m,-.838576128214587,-.24754110477474,0,Christian
2489163,Christian,bad,-1,.0416666666666667,0,.144297441448734,-.0393851414704761,-.208807476737852,-.248996204045733,-.321803333696417,-.0211995094999878,-.0346317255865314,.0890606120054072,-.238365659730295,.183936773311419,3,3,3,0,0,0,3,-1,-1,-1,1,Other or Unknown,3,us,sm,20,f,-.144297441448734,.208807476737852,0,Christian
2489189,Christian,good,1,.015625,0,.449113799898569,.285690451847997,1.02409787867389,.174638646558412,-.049691719408043,.494168107764192,.586300710140151,.0112796697859278,-.1080556242494,-.489524755676679,0,1,1,0,1,0,.666666666666667,-.666666666666667,.333333333333333,-.333333333333333,2,White,3,us,sm,66,f,.449113799898569,1.02409787867389,-2,Christian
2489273,Christian,bad,-1,.208333333333333,0,.569639210331815,-.277532127369154,.687536543401165,.408544898949444,.500871996561576,-.314240594079372,.326547875454609,-.148417788553221,.113259228393068,-.291389315294456,3,2,2,0,0,0,2.33333333333333,-.666666666666667,-1,-.666666666666667,2,White,3,us,us,19,f,-.569639210331815,-.687536543401165,2,Christian
2489282,Christian,good,1,.145833333333333,0,.583037526380633,.180607341861409,.38590438471636,.350701172997851,-.277925020616697,.10185464086342,.383183084319467,-.143151291331947,-.170087124666493,-.0699446683210275,0,0,0,0,0,0,0,0,0,0,2,White,3,us,sm,17,f,.583037526380633,.38590438471636,0,Christian
2489326,Christian,bad,-1,.130208333333333,0,-.215146742765879,-.319582318613418,.184332988417194,-.735648531945597,-.477334147222328,-.156288554957568,-.116798690987367,.299647431867149,-.332611978800682,.149763237920901,2,2,2,1,0,0,2,-.666666666666667,-.333333333333333,-1,2,White,2,us,sm,46,m,.215146742765879,-.184332988417194,2,Christian
2489338,Muslim,bad,-1,.0572916666666667,0,.34864380860365,.634219655613734,-.452680693500952,.572512277373981,.497912996762941,.00660947096815805,.176727590238811,-.400040820673185,.240593821844424,-.0172805914100492,2,-2,3,-3,2,3,1,-2.66666666666667,-1,2.66666666666667,3,Other or Unknown,3,ae,us,18,m,-.34864380860365,.452680693500952,0,Non-Christian
2489376,Christian,bad,-1,.239583333333333,0,.543748608317359,.325520506655764,1.02914688152223,.602119154607803,.0992316186334659,-.0245386797605304,.632805332165117,-.317392780341366,.0525340549746366,-.367946606798388,1,1,2,1,1,0,1.33333333333333,-1,.333333333333333,-.666666666666667,2,White,4,us,sm,22,f,-.543748608317359,-1.02914688152223,0,Christian
2489405,Christian,good,1,.302083333333333,.00520833333333333,.436546023219181,.840611153587293,1.59520342847995,.590877322958596,-.0550201372415667,-.00963147027666414,.957453535095474,-.480373315607518,.033103720832616,-.510183940320572,3,1,1,3,2,-1,1.66666666666667,-.666666666666667,.666666666666667,-1.66666666666667,2,Other or Unknown,3,ph,us,34,f,.436546023219181,1.59520342847995,0,Christian
2489540,Christian,bad,-1, , , , , , , , , , , , ,0,0,0,0,0,0,0,0,0,0,2,More than one race - Other,1,uk,us,46,f, , ,1,Christian
2489637,Christian,bad,-1, , , , , , , , , , , , ,3,3,3, , , ,3, , , ,2,White,2,us,us,16,m, , ,3,Christian
2489741,Christian,bad,-1,.520833333333333,.25,.627981639763805,-.429737321797518,.651309784566717,.265341142797627,-.796544601943248,.193493046188828,.283184700844335,.11929640839624,-.386395032969809,-.0160860762707658, , , , , , , , , , ,2,Black or African American,2,tt,us,50,f,-.627981639763805,-.651309784566717,0,Christian
2489755,Muslim,bad,-1,.0833333333333333,0,.449899582645277,.505620697616581,.414898291778817,-.616900847199505,.185333995203375,1.05678738105995,.456806190680225,.389355843547625,-.293822144880469,-.552339889347381,3,-2,2,-3,1,3,1,-2,-1.66666666666667,2.66666666666667,2,South Asian,3,pk,pk,18,m,-.449899582645277,-.414898291778817,-2,Non-Christian
2489837,Hindu,bad,-1,.0677083333333333,0,-.679466568972538,-.802971358229811,-.531869323740343,.736581141815532,.57236510445739,.352900824375813,-.671435750314231,.139763680263364,.662804271748487,-.13113220169762,0,0,0,0,0,0,0,0,0,0,.,Other or Unknown,3,in,in,45,m,.679466568972538,.531869323740343,0,Non-Christian
2489895,Hindu,good,1,.0729166666666667,.00520833333333333,.353458300816578,-.520171214386572,.459907654695891,-.334658247325457,-.95987748587505,-.692113523481743,.0977315803752992,.0542386460767618,-.549331344672362,.397361118220301,0,0,0,0,0,0,0,0,0,0,2,South Asian,3,in,in,34,m,.353458300816578,.459907654695891,-1,Non-Christian
2489999,Hindu,good,1,.1875,.0572916666666667,-1.06296896236021,.555707919984548,-.673127564056742,.411765390302443,-.407715554157218,-.842739167360958,-.393462868810803,-.603404159215983,.355672932835146,.641194095191639,0,0,1,0,-2,-2,.333333333333333,1,-.666666666666667,-.666666666666667,2,South Asian,3,uk,sm,31,f,-1.06296896236021,-.673127564056742,0,Non-Christian
2490188,Christian,bad,-1,.0520833333333333,0,.486300928878988,.263818475077314,-1.12481138319123,.0159057811368088,.0593070149619038,.0355587423743453,-.124897326411643,-.0813885046132592,-.137029377593425,.343315208618327,0,0,0,0,0,0,0,0,0,0,2,White,3,us,us,24,f,-.486300928878988,1.12481138319123,0,Christian
2490220,Christian,bad,-1, , , , , , , , , , , , ,-1,0,0,1,0,0,-.333333333333333,0,.666666666666667,-.333333333333333,2,White,2,uk,uk,24,f, , ,-2,Christian
2490222,Christian,bad,-1,.239583333333333,0,.286739495462563,-.0662745195713567,-.0462344226363011,-.473891946961612,-.23191830054368,.0122567495325028,.0580768510849685,.184141072021824,-.330849914322618,.088631991215826,1,1,0,0,0,0,.666666666666667,0,-.333333333333333,-.333333333333333,2,White,3,us,us,18,f,-.286739495462563,.0462344226363011,0,Christian
2490254,Christian,good,1,.481675392670157,.031413612565445,.251421735306019,.265246067589673,-.171019120583242,.620322954263581,-1.14800458950997,1.14770018715764,.115216227437483,.0873770551014621,-.259701123517471,.0571078409785254,3,3,3,3,3,3,3,-3,1,-1,3,Black or African American,3,us,us,26,m,.251421735306019,-.171019120583242, ,Christian
2490360,Christian,good,1,.0885416666666667,0,.607009624611178,.388409140643513,1.15837584618865,.843930378698726,.207513321342727,.357121735906939,.717931537147782,-.2917392611451,.148144691810092,-.574336967812773,0,3,3,1,1,-1,2,-1,.666666666666667,-1.66666666666667,2,White,4,us,us,52,f,.607009624611178,1.15837584618865,2,Christian
2490510,Christian,good,1,.015625,0,.420757163545774,1.02113956931263,.0568832467664777,.156837207982007,.361872750058128,.763294582506393,.499593326541627,-.138227398262747,.0326509314981201,-.394016859777,1,1,0,1,0,0,.666666666666667,0,0,-.666666666666667,2,East Asian,4,us,us,40,m,.420757163545774,.0568832467664777,0,Christian
2490560,Christian,bad,-1,.0364583333333333,0,.25357710172648,.299267988621187,.665381782411002,.674128764695202,.0759637433481231,.0173748370225416,.40607562425289,-.318673972097949,.165505135438948,-.252906787593889,0,0,0,0,0,0,0,0,0,0,2,White,1,us,sm,43,f,-.25357710172648,-.665381782411002,-2,Christian
2490562,Muslim,bad,-1,.03125,0, , , , , , , , , , , , , , , , , , , , ,2,More than one race - Other,3,nl,nl,28,m, , ,0,Non-Christian
2490602,Christian,bad,-1,.270833333333333,.00520833333333333,1.25028716007424,.599025904685238,.235940899459659,.217566896834488,-.488035288446879,.167059872007537,.695084654739713,-.216510976504063,-.506918517228877,.0283448389932277,0,0,0,1,0,-1,0,.333333333333333,.333333333333333,-.666666666666667,2,White,2,us,sm,23,f,-1.25028716007424,-.235940899459659,-2,Christian
2490626,Christian,good,1,.3125,0, , , , , , , , , , ,3,3,2,3,3,-3,2.66666666666667,-.666666666666667,1,-3,2,White,2,us,us,21,m, , ,0,Christian
2490633,Christian,bad,-1,.239583333333333,0,1.02978259637883, ,.739636808168368, ,.671330378695063, , , , , ,0,0,-1,0,0,0,-.333333333333333,.333333333333333,0,0,3,South Asian,2,us,sm,19,m,-1.02978259637883,-.739636808168368,-2,Christian
2490792,Jewish,good,1,.0885416666666667,0,-.107131207307014,-.713261470712392,.189253553686199,.845966539162979,.119072174027755,.63290558907195,-.210379708111069,.166733506873787,.357389973499249,-.313743772261968,0,1,1,2,1,-1,.666666666666667,-.333333333333333,1,-1.33333333333333,2,White,2,us,us,18,m,-.107131207307014,.189253553686199,-1,Non-Christian
2490796,Jewish,bad,-1,.104166666666667,0,1.12180058491457,.61414341728006,.343632306941219,.927520833315302,-.125889444627474,.437715142313829,.693192103045283,-.367983036093845,-.106723065408914,-.218486001542525,-1,-1,1,0,2,1,-.333333333333333,-1.33333333333333,1,.666666666666667,2,White,3,il,il,51,f,-1.12180058491457,-.343632306941219,-3,Non-Christian
2490800,Muslim,bad,-1,.03125,0,-.15147101717593,-.288167881275902,.722462046223433,-.599788959047277,-.173222226211315,.583352463667546,.0942743825905339,.490436434663575,-.207180056027554,-.377530761226555,0,0,0,0,0,0,0,0,0,0,2,Other or Unknown,3,sa,ca,20,f,.15147101717593,-.722462046223433,-1,Non-Christian
2490852,Christian,good,1,.296875,0,.234192710148709,.625024880736618,.515969045829954,.359120335470346,.0339645633141795,-.105781892286259,.45839554557176,-.363309036164408,.0529640628786054,-.148050572285958, , , , , , , , , , ,1,More than one race - Other,4,us,us,64,f,.234192710148709,.515969045829954,3,Christian
2490897,Christian,good,1,.0885416666666667,0,.379286838840627,-1.09586740622692,.855359663237447,-.337737970339051,.882272902744014,.754504365989792,.0462596986170503,.729369914185255,.0550826978547787,-.830712310657084,1,0,-2,0,0,0,-.333333333333333,.666666666666667,-.333333333333333,0,1,More than one race - Other,2,us,us,25,m,.379286838840627,.855359663237447,2,Christian
2490902,Christian,good,1,.078125,.00520833333333333,.227303555738682,.429763979588916,.715379466937916,.128242598852705,.150715645280987,-.0296718397380946,.457482334088505,-.195892806059905,.0172182294650031,-.278807757493603,1,1,1,0,0,0,1,-.333333333333333,-.333333333333333,-.333333333333333,3,White,2,ch,ch,47,f,.227303555738682,.715379466937916,0,Christian
2490908,Christian,bad,-1,.53125,.864583333333333,-1.27884856237973, ,-.353553390593274, , ,1.25452653679052, , , , ,3,1,1,0,0,2,1.66666666666667,-1,-1,.333333333333333,2,White,4,us,us,18,m,1.27884856237973,.353553390593274,0,Christian
2490999,Christian,good,1,.0833333333333333,0,.141359691727071,.559790537293488,.366183263842858,.607655589938235,.220416691705928,.931282200373401,.355777830954473,-.078721308952774,.228904196639031,-.505960718640729,0,1,1,0,0,0,.666666666666667,-.333333333333333,0,-.333333333333333,2,White,3,us,us,45,f,.141359691727071,.366183263842858,0,Christian
2491017,Christian,good,1, , , , , , , , , , , , ,3,3,3,0,0,0,3,-1,-1,-1,2,White,3,us,us,18,f, , ,2,Christian
2491030,Christian,good,1,.0729166666666667,0,.875123729688284,-.0971627861157448,-.115403725385234,1.05998557422362,-.45163215025738,.219487596434808,.220852406062435,-.247778397224355,-.0889234352406824,.115849426402602,1,2,2,2,0,-1,1.66666666666667,-.333333333333333,.333333333333333,-1.66666666666667,3,White,2,us,us,49,m,.875123729688284,-.115403725385234,0,Christian
2491066,Christian,bad,-1,.125,.00520833333333333,.662020109522284, ,-.762159001668085, ,-.298757446438663, , , , , ,3,3,3,1,0,0,3,-1,-.666666666666667,-1.33333333333333,2,Black or African American,3,us,us,18,f,-.662020109522284,.762159001668085,-2,Christian
2491246,Christian,good,1,.175,0,.727195571267453, , , , ,.0138225566273167, , , , , , , , , , , , , , ,2,White,4,us,us,18,f,.727195571267453, ,0,Christian
2491265,Christian,bad,-1,.182291666666667,0,.769183285054352,.821284025826078,.544360055137217,-.0282278613665914,-.153654192407521,.097681753475801,.711609122005882,-.231791470327895,-.317021779609488,-.162795872068499,2,2,2, , , ,2, , , ,2,Black or African American,2,us,sm,18,m,-.769183285054352,-.544360055137217,0,Christian
2491273,Jewish,good,1,.166666666666667,.00520833333333333,.102381087635828,.199514871792891,.267458639311914,.525021891069667,-.771458592930826,-.39331560694882,.189784866246878,-.372617456603793,-.116272596498996,.29910518685591,-2,0,-2,0,0,-1,-1.33333333333333,1,.666666666666667,-.333333333333333,.,White,1,us,us,18,f,.102381087635828,.267458639311914,-2,Non-Christian
2491373,Christian,bad,-1,.125,0, , , , , , , , , , ,0,0,0,0,0,0,0,0,0,0,2,Black or African American,4,us,sm,18,f, , ,-1,Christian
2491432,Christian,good,1,.0416666666666667,0,.640274561985626,1.3754031252375,-.143219073836533,.0104367506235603,-.448451734510713,.354740942938689,.624152871128865,-.343699644307458,-.35942984862426,.0789766218028527,2,2,0,-1,-2,-2,1.33333333333333,1.33333333333333,-1.66666666666667,-1,2,Black or African American,2,us,us,19,f,.640274561985626,-.143219073836533,0,Christian
2491536,Christian,good,1,.0260416666666667,0,.725563394429074,.483425619101641,-.00653705159792769,.716983326781693,-.598500187829232,-.00830406151770993,.400817320644263,-.402904335800348,-.202360085158871,.204447100314956,0,0,0,0,0,0,0,0,0,0,2,White,1,us,us,47,m,.725563394429074,-.00653705159792769,-2,Christian
2491552,Christian,bad,-1,.130208333333333,0,.38392888664886,-.0659723661242768,.807875712153608,-.100993183435243,.233941519761447,-.0285177698062443,.37527741089273,.0461492599177586,-.0836601834408854,-.337766487369604,0,0,0,0,0,0,0,0,0,0,2,Black or African American,3,us,us,48,f,-.38392888664886,-.807875712153608,0,Christian
2491601,Hindu,bad,-1,0,0, ,.652950054512074, , , , , , , , , , , , , , , , , , ,3,South Asian,3,in,in,36,m, , ,0,Non-Christian
2491636,Christian,good,1,.03125,.00520833333333333,.233752352610188,-.667043761772572,-.132866896125169,-.579912691089429,-.197221602301225,.902403850191327,-.188719435095851,.716453434351109,-.336962215333614,-.190771783921644,0,1,0,0,0,0,.333333333333333,0,0,-.333333333333333,2,White,2,de,ch,40,m,.233752352610188,-.132866896125169,1,Christian
2491706,Hindu,bad,-1,.0105263157894737,0,.0514271579941223,-.192514488329165,-.525756115709612,.544490797875306,-.0808949498152624,-.816409032101812,-.222281148681551,-.389461780549317,.137389563355307,.474353365875562,0, , , , ,0, , , , ,.,South Asian,2,in,in,31,m,-.0514271579941223,.525756115709612, ,Non-Christian
2491722,Christian,good,1,.078125,0,.414158168086756,1.37115285187324,.754026010400179,.811470313282044,.707128191101225,-.764971721236412,.846445676786724,-.982531628797231,.368146778765505,-.232060826754997,0,0,0,0,0,0,0,0,0,0,2,White,3,za,za,65,f,.414158168086756,.754026010400179,-3,Christian
2491748,Christian,good,1,.125,0,.233436703938838,.706998808696222,.48391889462684,.102910810120988,1.17670659199555,.143455105008128,.474784802420633,-.222151504603027,.348726899392568,-.601360197210174,0,0,0,0,0,0,0,0,0,0,2,White,3,au,au,41,m,.233436703938838,.48391889462684,1,Christian
2491787,Christian,bad,-1,.411458333333333,.838541666666667,-.377232182771875, ,.542112949575407, ,-.346234997894007, , , , , ,0,0,0,0,0,0,0,0,0,0,.,White,2,ca,sm,28,m,.377232182771875,-.542112949575407,0,Christian
2491934,Christian,bad,-1,.09375,0,-.0340153928604975,.641853495088896,.342393857641907,.248530527266237,-.0768629973330448,.224166124145503,.316743986623435,-.222072632736543,.068560974264563,-.163232328151455,0,0,0,0,0,0,0,0,0,0,2,White,3,us,us,39,f,.0340153928604975,-.342393857641907,0,Christian
2491936,Christian,bad,-1,.114583333333333,0,.00974471277166014, ,.218487674738963, ,-.15024011399787, , , , , ,1,0,0,0,0,0,.333333333333333,0,-.333333333333333,0,.,Black or African American,2,us,sm,60,f,-.00974471277166014,-.218487674738963,-2,Christian
2492065,Christian,good,1,.03125,0,.140789543830016,-.126454946554111,.861961767330468,-.197427421774202,-.494424156638264,.867957084344887,.292098788202124,.397279817557733,-.277547040747494,-.411831565012364,3,3,3,3,3,3,3,-3,1,-1,2,Black or African American,4,us,us,39,m,.140789543830016,.861961767330468,2,Christian
2492086,Christian,good,1,.0208333333333333,0,1.16428315900223,-.176411136397377,.505039223286243,.3206536716964,-.41468798105853,.497537877315492,.4976370819637,.11776511400549,-.419439156121454,-.195963039847735,0,2,0,2,0,-2,.666666666666667,.666666666666667,.666666666666667,-2,1,More than one race - Black/White,2,us,sm,44,m,1.16428315900223,.505039223286243,1,Christian
2492104,Christian,good,1,.0625,0,.572030259093784,-.282839003608379,-.0601166458235342,.321561549910043,-.0763886604656516,-.0394817367690283,.0763582032206239,-.0260680943568975,-.108952456549798,.0586623476860714,2,3,1,0,-2,-3,2,1.33333333333333,-1.33333333333333,-2,2,White,1,se,se,19,m,.572030259093784,-.0601166458235342,-3,Christian
2492163,Christian,good,1,.411458333333333,.140625,.466715231497932,.629144722797955,-.279588542862425,.64424432042986,-.54161989003204,.00493573415619703,.27209047047782,-.422817769690539,-.121363600366704,.272090899579423,3,3,3,0,1,1,3,-1.66666666666667,-.666666666666667,-.666666666666667,2,White,3,us,us,20,f,.466715231497932,-.279588542862425,-1,Christian
2492200,Christian,bad,-1,.0833333333333333,0,.118927140120393,-.186249086705698,1.03196303199984,.361726437579833,1.26026570939629,-.140670402512945,.321547028471512,-.10538258446236,.501021668951911,-.717186112961063,1,1,1,1,1,-1,1,-.333333333333333,.333333333333333,-1,2,White,3,ru,uk,40,m,-.118927140120393,-1.03196303199984,0,Christian
2492287,Christian,good,1,.0520833333333333,0,-.817474922830156,-.00861452312567157,.340612764261447,.273576006489756,.387306277026228,-.16152831806531,-.161825560564793,-.142163267143132,.492785735448713,-.188796907740788,0,0,0,0,0,0,0,0,0,0,.,White,4,uk,sm,44,f,-.817474922830156,.340612764261447,0,Christian
2492402,Christian,bad,-1,.378378378378378,0, ,.928976562400717,.77368846869124, ,.198880513461708, , , , , , , , , , , , , , , ,.,Black or African American,3,us,us,59,f, ,-.77368846869124,0,Christian
2492552,Christian,bad,-1,.15625,0,.557527127620511,.626013769220365,-.0638752203938268,.0102761893552099,.258600480299122,-.137768809361946,.373221892149017,-.258019589312507,-.0962168193220599,-.0189854835144495,0,0,0,0,0,0,0,0,0,0,2,White,2,us,sm,20,m,-.557527127620511,.0638752203938268,-1,Christian
2492579,Christian,bad,-1, , , , , , , , , , , , ,0,0,0,0,1,-1,0,0,.333333333333333,-.333333333333333,2,White,2,us,sm,18,f, , ,-2,Christian
2492640,Christian,good,1,.109375,0,-.127126504284737,.261305338627932,-.676645177623539,1.29297953098456,.744998161208009,.537506122480171,-.180822114426781,-.338926249044109,.72170139882577,-.20195303535488,0,0,0,0,0,0,0,0,0,0,2,South Asian,2,us,sm,18,f,-.127126504284737,-.676645177623539,0,Christian
2492748,Christian,good,1,.390625,.380208333333333,-1.0286906920764,-1.56471743270174,.822982753595185,-.857030616866076,-.736807837053003,.315281165470511,-.59014179039432,.912343071679444,-.188382587280893,-.133818694004231,0,3,3, , , ,2, , , ,2,White,2,us,sm,52,m,-1.0286906920764,.822982753595185,-2,Christian
2492877,Christian,bad,-1,.0833333333333333,0,-.398169957429552,.494223476036735,.438179563249015,-.28983526124618,-.49817702764809,.131823870470093,.178077693952066,-.0241881147734874,-.129947443821573,-.0239421353570061,0,3,2,1,1,-1,1.66666666666667,-.666666666666667,.666666666666667,-1.66666666666667,1,More than one race - Other,2,ve,es,30,m,.398169957429552,-.438179563249015,1,Christian
2492892,Christian,bad,-1,.125,0,-.169924823963635, ,-.116058166989104, ,-.166996445685904, , , , , ,0,0,0,0,0,0,0,0,0,0,2,Black or African American,4,us,sm,20,f,.169924823963635,.116058166989104,-3,Christian
2492952,Jewish,good,1,.214285714285714,.0267857142857143, ,.81488562344914,.228173430262951, ,.812178892115692, , , , , , , , , , , , , , , ,2,White,2,us,us,21,m, ,.228173430262951, ,Non-Christian
2493050,Christian,bad,-1,.0729166666666667,0,.724042223093633,.128989052773627,.280994312204125,.74608263415763,-.0217207736336861,-.0571303067535099,.378008529357129,-.310733997894922,.000106545810103646,-.0673810772723097,0,0,0,0,0,0,0,0,0,0,2,White,3,ca,ca,50,f,-.724042223093633,-.280994312204125,0,Christian
2493054,Christian,good,1,.166666666666667,0,.725808699772095,.281759922873578,.0899744932571623,.845083835145477,-.408603146130319,-.137220684362433,.365847705300945,-.421354814127163,-.0964426702523125,.15194977907853,3,3,3,3,-3,-3,3,1,-1,-3,2,White,3,us,us,18,m,.725808699772095,.0899744932571623,3,Christian
2493096,Christian,good,1,.130208333333333,0,.627674647547703,1.36098963167066,1.03529693015407,.530899508297157,-.160157538544416,.522457452098295,1.00798706979081,-.45647722928984,-.0856442259316541,-.465865614569317,3,3,3,0,0,0,3,-1,-1,-1,2,White,3,us,sm,20,f,.627674647547703,1.03529693015407,1,Christian
2493098,Christian,good,1,.109375,0,-.424916756781179,.490936496515629,.236247810003733,-.456817508473439,.941797447830366,.246668770168389,.100755849912728,.0708499273753996,.303298898712702,-.47490467600083,3,3,3,2,-1,-1,3,-.333333333333333,-.666666666666667,-2,1,Other or Unknown,2,sv,us,28,m,-.424916756781179,.236247810003733,0,Christian
2493108,Hindu,bad,-1,.447916666666667,.901041666666667, , ,-.353553390593274, ,-.477660437004661,-1.58490103083447, , , ,.805371619477468,0,0,0,0,0,0,0,0,0,0,2,South Asian,1,us,sm,24,m, ,.353553390593274,-1,Non-Christian
2493121,Muslim,bad,-1,.0572916666666667,0,-.0520754957148381,-1.05084363013856,-.208158484404377,-.0971180463875261,-.133587974787835,-.150164279905976,-.437025870085925,.332599132206703,-.0595435084868411,.163970246366063,3,-2,1,-3,-3,1,.666666666666667,.333333333333333,-3,2,3,White,3,eg,eg,22,f,.0520754957148381,.208158484404377,-1,Non-Christian
2493166,Christian,good,1,.494791666666667,.916666666666667, , , , ,1.38356193057407, , , , , , , , , , , , , , , ,2,White,3,us,us,21,m, , ,0,Christian
2493274,Jewish,bad,-1, , , , , , , , , , , , ,-1,1,0,2,1,0,0,-.333333333333333,1.33333333333333,-1,2,White,3,us,us,25,f, , ,1,Non-Christian
2493318,Christian,bad,-1, , , , , , , , , , , , ,0,0,0,0,0,0,0,0,0,0,2,East Asian,3,kr,us,22,m, , ,-1,Christian
2493439,Christian,good,1,.00520833333333333,0,.366052909056214,.567851811159244,.577907257905684,.586433202060457,.909090381527283,.0353818620972761,.503937326040381,-.372967717040808,.376490224843842,-.507459833843414,0,1,0,1,0,-1,.333333333333333,.333333333333333,.333333333333333,-1,2,White,2,gr,gr,45,f,.366052909056214,.577907257905684,-2,Christian
2493466,Christian,bad,-1,.0833333333333333,0,-.123124143223804,1.22287357781618,-.685713314052979,.212730126133673,.840980313991198,.167895017564804,.138012040179798,-.422569562128349,.392278194449559,-.107720672501008,0,2,1,2,1,-1,1,-.333333333333333,1,-1.66666666666667,2,White,2,de,de,23,f,.123124143223804,.685713314052979,-2,Christian
2493470,Christian,good,1,.0364583333333333,0,.18057554054226,.40420386466865,.151361604633337,.0396934493877956,-.0286508050255466,.454075737742028,.245380336614749,.0033928078951941,-.056510965393337,-.192262179116606,0,0,0,0,0,0,0,0,0,0,2,East Asian,4,my,my,25,f,.18057554054226,.151361604633337,0,Christian
2493472,Muslim,bad,-1,.125,0,.630386694868622,-.596094353927499,.0470812830757126,-.453947546250776,.547211580883689,-.0861424239986035,.0271245413389452,.321299825393224,-.179040886745236,-.169383479986933,0,-1,0,-2,0,1,-.333333333333333,-.333333333333333,-.666666666666667,1.33333333333333,2,White,2,eg,eg,26,m,-.630386694868622,-.0470812830757126,-1,Non-Christian
2493476,Muslim,bad,-1, , , , , , , , , , , , ,3,0,0,-1,-3,3,1,0,-2.33333333333333,1.33333333333333,3,White,2,eg,eg,23,m, , ,0,Non-Christian
2493498,Christian,bad,-1,.109375,0,-.459622605537414,.515841916789503,1.07065832193502,.950738941134663,.573986747116879,.0011252131051433,.375625877729038,-.488485214939674,.661449431262985,-.548590094052349, , , , , , , , , , ,2,White,2,au,sm,21,f,.459622605537414,-1.07065832193502,-1,Christian
2493576,Muslim,good,1,.208333333333333,0,-.111073634813733,-.937479420483889,1.03242842559702,-.42901320988355,-.851785832085686,.117202042475684,-.00537487656686612,.494564890947708,-.389908469051834,-.0992815453290072,0,-1,0,-1,-1,0,-.333333333333333,.333333333333333,-.666666666666667,.666666666666667,2,Other or Unknown,3,eg,eg,28,m,-.111073634813733,1.03242842559702,-2,Non-Christian
2493594,Christian,good,1,.104166666666667,0,-.000920767576429335,.355774696181529,.438605469557168,1.04105693407551,-.839005020194469,-.725436043652701,.264486466054089,-.707422557969913,.0676575604858228,.37527853143,2,2,2,1,0,-1,2,-.333333333333333,-.333333333333333,-1.33333333333333,2,White,3,us,sm,20,m,-.000920767576429335,.438605469557168,3,Christian
2493651,Christian,good,1,.151041666666667,0,.379769750888779,.58390039772849,1.17803879173716,.667376343464961,.563441623706531,-.0855699156857601,.713902980118142,-.44561555229307,.283682738760904,-.551970166585976,0,0,0,0,0,0,0,0,0,0,2,White,2,us,us,34,f,.379769750888779,1.17803879173716,0,Christian
2493675,Christian,bad,-1,.0572916666666667,0,-.346460598501456,.0226436287972358,-.114369248595472,-.140509920418669,-.337670033839412,.324202864414666,-.146062072766564,.147356385345366,-.0439064519188751,.0426121393400726,0,0,0,0,0,0,0,0,0,0,2,White,1,us,us,23,m,.346460598501456,.114369248595472,1,Christian
2493691,Muslim,good,1,.161458333333333,.015625,-.0895351604810385,-.745271049756368,.706486303770077,-1.34471268957744,.503648162820719,.351978317209136,-.0427733021557762,.813987352180982,-.250509788758562,-.520704261266644,0,0,0,0,0,0,0,0,0,0,2,Black or African American,2,sd,at,23,m,-.0895351604810385,.706486303770077,-3,Non-Christian
2493760,Christian,bad,-1,.0520833333333333,0,1.07332369955163,.312747975743342,-.181399145606064,.336725587685419,-.0627727529580742,-.442386060757207,.401557509896303,-.363953208061989,-.266456954941429,.228852653107115,0,1,0,1,0,-1,.333333333333333,.333333333333333,.333333333333333,-1,.,White,3,it,it,34,f,-1.07332369955163,.181399145606064,-2,Christian
2493789,Christian,bad,-1, , , , , , , , , , , , ,0,0,0,0,0,0,0,0,0,0,2,White,2,ca,ca,37,f, , ,-2,Christian
2493822,Christian,good,1,.161458333333333,0,-.0153352530051786,-.863472873441127,-.424976095012784,.354879012069324,-.118259581818143,.143585044131219,-.434594740486363,.217392968501008,.0839848944187864,.133216877566569,0,0,0,0,0,0,0,0,0,0,2,White,1,ca,ca,46,m,-.0153352530051786,-.424976095012784,0,Christian
2493852,Christian,bad,-1,.0852272727272727,0,.575613835557081,.624562989944571,.808443830857221, ,.458787771243429,-.391688128425135,.669540218786291, , ,-.291847824558505,1,1,1,0,0,0,1,-.333333333333333,-.333333333333333,-.333333333333333,2,White,2,us,sm,18,m,-.575613835557081,-.808443830857221,-1,Christian
2493865,Christian,bad,-1,.255208333333333,0,.951900460995707,1.15564043281139,.743174541009124,.397276191691794,.208517895104249,.446923979881045,.950238478272073,-.368664214874046,-.115368791399888,-.466205471998139,1,3,3,-3,-3,-3,2.33333333333333,1,-2.33333333333333,-1,2,Black or African American,2,us,us,22,f,-.951900460995707,-.743174541009124,0,Christian
2493874,Christian,bad,-1,.536458333333333,.177083333333333,.280698822511543,-.753816277040121,.960588207250302,.0696449931607366,.72245059132673,.904727848879146,.162490250907241,.529633044252844,.170465587325308,-.862588882485392, , , , , , , , , , ,2,White,2,us,us,51,m,-.280698822511543,-.960588207250302,-1,Christian
2493941,Christian,good,1,.0471204188481675,.109947643979058,.713477391865102,.965571222643821,.719403764606859,1.0617029402403,.518926278829978,-.717724645549487,.799484126371927,-.914999602811204,.289050609068393,-.173535132629117,0,0,0,0,0,0,0,0,0,0,2,Black or African American,1,us,sm,57,f,.713477391865102,.719403764606859,0,Christian
2493951,Christian,good,1,.203125,0,.286393357178153,.655863603147755,.970853022624903,-.0506739758724723,.271624066262507,.428088348645645,.63770332765027,-.0590337595432125,-.0218144222627062,-.556855145844352,0,0,0,0,0,0,0,0,0,0,3,White,2,us,us,16,m,.286393357178153,.970853022624903,0,Christian
2493954,Christian,good,1,.0416666666666667,0,.154028773497965,.81698230367031,.0782178249893119,-.528265384724658,-.039354152943771,.512127446794511,.349742967385862,.0744701759496198,-.240549437055465,-.183663706280017,0,0,0,0,0,0,0,0,0,0,2,White,2,us,us,61,m,.154028773497965,.0782178249893119,-2,Christian
2494057,Muslim,bad,-1,.03125,0,.814580535171734,.0121264243362485,.116501302216086,-.562410258537301,.971073019179591,-.728003318447035,.314402753908023,-.0592398280819944,-.135305924843148,-.119857000982881,0,0,0,0,0,0,0,0,0,0,2,Other or Unknown,3,sa,sa,21,m,-.814580535171734,-.116501302216086,0,Non-Christian
2494173,Christian,good,1,.2109375,.0390625,.730165194248559, ,.713370471716739,.232410646839862, ,.625359322998577, , , , ,1,1,1,0,0,0,1,-.333333333333333,-.333333333333333,-.333333333333333,2,White,2,us,us,18,f,.730165194248559,.713370471716739,0,Christian
2494324,Christian,bad,-1,.00520833333333333,0,-.109207078058623,-.193524001125492,-.497145098410371,.205098532205626,-.472739766414487,-.678086755862306,-.266625392531495,-.22988709564748,-.0528113853834129,.549323873562388,0,0,0,0,0,0,0,0,0,0,2,White,2,us,sm,67,m,.109207078058623,.497145098410371,-2,Christian
2494345,Christian,good,1,.078125,0,-.960091607474569,.481992956615084,-.0106400516577103,-.0867139642738662,.46451797043176,.908747687228406,-.162912900839065,.171156231629063,.445965204544155,-.454208535334152,0,0,0,0,0,0,0,0,0,0,2,White,3,us,sm,37,m,-.960091607474569,-.0106400516577103,-3,Christian
2494372,Christian,good,1,.208333333333333,.00520833333333333,.31726364644102,.686208825276371,.613029122107448,.575958948124586,.648698185895159,-.15137607472724,.53883386460828,-.471181282709399,.302464495859575,-.370117077758456,0,2,2,1,1,0,1.33333333333333,-1,.666666666666667,-1,2,White,2,us,us,19,m,.31726364644102,.613029122107448,2,Christian
2494381,Christian,good,1,.0833333333333333,.00520833333333333,-.073471335990714,.580677481153427,.225012499212637,.559566655266541,-.542661785895411,-.057531889232925,.24407288145845,-.399258675217631,.0301254017872814,.1250603919719,1,0,0,0,0,0,.333333333333333,0,-.333333333333333,0,2,White,3,ie,ie,19,m,-.073471335990714,.225012499212637,0,Christian
2494383,Jewish,bad,-1,.0885416666666667,0,.144877899781752,.553080623489517,.490258298480967,.741276388936998,.909821049164996,-.227720843438113,.396072273917412,-.50735928528821,.502073179440081,-.390786168069283,-1,1,1,2,2,0,.333333333333333,-1,1.66666666666667,-1,.,White,1,us,sm,20,m,-.144877899781752,-.490258298480967,-2,Non-Christian
2494437,Muslim,good,1,.135416666666667,.00520833333333333,-.476128207183011,.164995440023663,-.0123243004213786,-.636258105075353,-.79525216846176,.791045279732329,-.107819022526909,.420769314928007,-.318460688784701,.0055103963836031,1,-3,0,-3,0,3,-.666666666666667,-1,-1.33333333333333,3,3,South Asian,3,pk,ca,18,f,-.476128207183011,-.0123243004213786,0,Non-Christian
2494532,Christian,good,1,.166666666666667,0,.568157555143866,-.362236882354508,.0986237171578603,.545218721296593,-.43618923545274,.626753551076306,.101514796649073,.147923904044741,-.153042689766671,-.0963960109271424,0,1,0,0,0,0,.333333333333333,0,0,-.333333333333333,2,White,1,us,us,21,f,.568157555143866,.0986237171578603,1,Christian
2494552,Jewish,good,1,.0364583333333333,0,-1.01860422714667,.297778775145282,-.135971614728641,.670569298189007,.60568822258527,.0897987263211331,-.285599022243343,-.292849782337719,.764953915973649,-.186505111392587,0,0,0,0,0,0,0,0,0,0,2,White,1,us,sm,21,f,-1.01860422714667,-.135971614728641,-3,Non-Christian
2494588,Christian,bad,-1,.140625,0,-.245780817172471,.29017215210006,-.608300401513873,.159217464689101,-.265858186304371,-.658423018109633,-.187969688862095,-.369270878299598,.0463800318524004,.510860535309292,0,0,0,0,0,0,0,0,0,0,2,White,2,us,us,63,f,.245780817172471,.608300401513873,0,Christian
2494612,Christian,good,1, , , , , , , , , , , , ,0,0,0,0,0,0,0,0,0,0,2,White,2,us,us,18,f, , ,0,Christian
2494628,Christian,bad,-1,.479166666666667,.989583333333333, , , ,-.353553390593274,-.353553390593274, , , , , ,3,3,3,0,0,0,3,-1,-1,-1,3,White,2,us,us,18,m, , ,0,Christian
2494660,Christian,bad,-1,.260416666666667,.00520833333333333,-.338838548548712,.146401245503286,.500884224104777,-1.03486645216876,.588774077982021,-.00247668770281629,.102815640353117,.295329506320887,-.0357512752126771,-.362393871461327,0,1,0,1,0,0,.333333333333333,0,.333333333333333,-.666666666666667,2,White,2,us,us,18,m,.338838548548712,-.500884224104777,0,Christian
2494770,Christian,good,1,.0520833333333333,0,.452003109546432,.784661032629021,.289083893615623,.16759494075227,.686899676776727,.677084107461781,.508582678597025,-.0917239553065031,.134163835994188,-.551022559284711,0,1,1,0,0,0,.666666666666667,-.333333333333333,0,-.333333333333333,2,White,2,us,us,22,f,.452003109546432,.289083893615623,-2,Christian
2494819,Christian,good,1,.0729166666666667,0,.0552723926278802,.751789956521755,1.14039476115231,-.447211363173529,-.640896428410015,-.176651053210177,.649152370100649,-.160409882186134,-.381126728070475,-.10761575984404,0,0,0,0,0,-1,0,.333333333333333,0,-.333333333333333,2,White,2,us,us,22,f,.0552723926278802,1.14039476115231,1,Christian
2494846,Christian,good,1,.0729166666666667,0,.507585383062129,.388725674617707,-.396045744075495,.536896649402549,-.483076131371854,-.110571401045186,.16675510453478,-.345397908355148,-.151254955010478,.329897758830845,0,0,0,0,0,0,0,0,0,0,2,White,2,us,us,31,f,.507585383062129,-.396045744075495,0,Christian
2494905,Jewish,good,1,.0729166666666667,0,.619864911104,.0976782811080021,.332164106251924,-.075192794483112,-.149708201380671,-.772769333593121,.349902432821309,-.26508494007267,-.281588635655928,.196771142907289,0,1,1,1,1,-1,.666666666666667,-.333333333333333,.666666666666667,-1,2,White,1,au,au,28,m,.619864911104,.332164106251924,0,Non-Christian
2494927,Muslim,bad,-1,.557471264367816,0,.437673859611345,-.646190520521815,.442261791832339,.529266557242442,.50438069841782, ,.0779150436406232, ,.198657798682972, , , , , , , , , , , ,2,East Asian,3,us,us,42,f,-.437673859611345,-.442261791832339,0,Non-Christian
2494984,Christian,bad,-1,.375,0, , , , , , , , , , ,3,3,2,2,3,-2,2.66666666666667,-1,.666666666666667,-2.33333333333333,2,White,3,us,sm,20,f, , ,1,Christian
2494996,Christian,bad,-1,.479166666666667,1, , , , , , , , , , ,0,0,0,0,0,0,0,0,0,0,2,White,3,us,sm,19,f, , , ,Christian
2495025,Christian,bad,-1,.0416666666666667,0,-.199096290188817,1.15467189722568,.933685128248794,-.265529802192674,-1.38005837996679,.294503281267239,.629753578428551,-.198212937921921,-.482163963990216,.0506233234835864,2,3,2,2,1,0,2.33333333333333,-1,.333333333333333,-1.66666666666667,2,White,3,us,us,27,f,.199096290188817,-.933685128248794,2,Christian
2495060,Hindu,bad,-1,.109375,0,-.0371895097860297,1.16889721012926,-.481637118667352,.282199239015765,.0147839512468856,-.557417272679047,.216690193891958,-.669504573941356,.111390900016227,.341423480033171,0,3,0,3,0,-3,1,1,1,-3,2,South Asian,2,us,us,25,f,.0371895097860297,.481637118667352,0,Non-Christian
2495132,Christian,bad,-1,.1875,.00520833333333333,-.0117225735916452,1.01939649791133,.645745358220122,1.13491662692228,-.168622043155864,-.692370269689432,.551139760846601,-.948894464841013,.326005719119354,.071748984875058,0,0,0,0,0,0,0,0,0,0,3,White,3,us,us,20,f,.0117225735916452,-.645745358220122,0,Christian
2495203,Christian,good,1,.159090909090909,.0227272727272727,-.122401057716685,.681443509996154,.774030832616331,-.0384434986494536,.799060006005862, ,.444357761631934, ,.294339188357698, ,0,2,2,1,1,0,1.33333333333333,-1,.666666666666667,-1,.,White,2,au,sm,31,f,-.122401057716685,.774030832616331, ,Christian
2495257,Hindu,bad,-1,.348214285714286,.642857142857143, ,-.300594518242877, , ,-1.43710009409944, , , , , , , , , , , , , , , ,3,South Asian,2,in,sm,22,m, , ,0,Non-Christian
2495286,Christian,bad,-1,.125,0, , , , , , , , , , ,0,1,1,0,0,0,.666666666666667,-.333333333333333,0,-.333333333333333,1,White, ,us,sm,19,m, , , ,Christian
2495339,Christian,good,1,.046875,0,.0436776944506422,.955470525643794,1.13557688893735,.104140799700419,-.317252694394202,.417548601398834,.71157503634393,-.214020907981793,-.0855965297148084,-.411957598647329,1,1,0,0,0,0,.666666666666667,0,-.333333333333333,-.333333333333333,2,White,2,fi,fi,26,f,.0436776944506422,1.13557688893735,-2,Christian
2495529,Christian,bad,-1,.192708333333333,0,.103901701137857,.557101268291505,-.171886194809718,-.29123108666618,-.101968212136797,-.48644622717396,.163038924873215,-.250772136266429,-.165700333313611,.253433544706825,0,0,0,0,0,0,0,0,0,0,2,White,1,us,sm,19,m,-.103901701137857,.171886194809718,0,Christian
2495563,Hindu,bad,-1,.0625,0,.812877594222476,.458071308846725,-.0858898237081749,.167069337381833,.201200922109511,-.634033321485191,.395019693120342,-.419724655904583,-.148202444910378,.172907407694618,0,2,0,-2,0,-2,.666666666666667,.666666666666667,-.666666666666667,-.666666666666667,2,South Asian,2,us,us,51,f,-.812877594222476,.0858898237081749,2,Non-Christian
2495598,Muslim,bad,-1,.0208333333333333,0,-.0713791335411672,.72860083242856,-.329231564119926,-.353260093042555,-.615671780338445,.775685530379306,.109330044922489,.133448263664434,-.299184246613278,.0564059380263553,0,0,1,-3,1,3,.333333333333333,-1.66666666666667,-.666666666666667,2,2,Other or Unknown,3,my,my,26,m,.0713791335411672,.329231564119926,-1,Non-Christian
2495650,Christian,bad,-1,.536458333333333,.338541666666667,-.21570839771042,.401874379919974,.518959568971317,-.152226749349999,.187960266526358,-.303022596189278,.235041850393624,-.184223408919751,.0838139716289262,-.134632413102799, , , , , , , , , , ,2,Black or African American,1,us,sm,19,m,.21570839771042,-.518959568971317,-3,Christian
2495707,Christian,bad,-1, , , , , , , , , , , , ,0,0,0,0,0,0,0,0,0,0,2,White,2,us,sm,22,f, , ,0,Christian
2495719,Christian,bad,-1,.0572916666666667,0,.315697464503509,.327654081710378,.0374469320492441,.0703474364394414,.090341276777762,-.242289114467212,.226932826087711,-.213430210872344,-.051669583762102,.0381669685467351,2,2,2,1,0,0,2,-.666666666666667,-.333333333333333,-1,2,White,2,us,sm,41,f,-.315697464503509,-.0374469320492441,-2,Christian
2495734,Christian,bad,-1,.0260416666666667,0,.895124787130973,.767044255028366,.26817138340057,-.250685695287304,.44213805413038,.0329295859370135,.64344680851997,-.161142991268016,-.234557476095966,-.247746341155988,2,2,2,1,0,0,2,-.666666666666667,-.333333333333333,-1,2,White,4,us,sm,38,f,-.895124787130973,-.26817138340057,3,Christian
2495801,Christian,bad,-1,.161458333333333,0,.0382071025933277,.238705885933395,.888362121782696,.716959980384804,1.13731400298059,.336424970331666,.388425036769806,-.206413631995511,.605355626924021,-.787367031698316,0,0,0,0,0,0,0,0,0,0,.,More than one race - Black/White,4,us,us,22,m,-.0382071025933277,-.888362121782696,0,Christian
2495859,Jewish,good,1,.0885416666666667,0,-.587617054966106,-.357124913966633,.0255334195093387,.71110418326628,.679427945216714,.331528534403122,-.3064028498078,-.00748357829884172,.6593830611497,-.345496633043058,-3,0,0,2,2,0,-1,-.666666666666667,2.33333333333333,-.666666666666667,2,White,3,fr,fr,24,m,-.587617054966106,.0255334195093387,-3,Non-Christian
2495867,Muslim,bad,-1,.015625,0,.1648697754289,-.308908339062271,.204134992220369,-.597100128425489,-.0215229200493732,.0434604089042909,.0200321428623327,.316489625464017,-.261164274634587,-.0753574936917622,1,-1,2,-1,0,2,.666666666666667,-1.33333333333333,-.666666666666667,1.33333333333333,3,More than one race - Black/White,3,eg,eg,25,f,-.1648697754289,-.204134992220369,0,Non-Christian
2495926,Muslim,bad,-1,.130208333333333,0,.495370139852576,.807742375537475,-.279056477293683,.414330192130684,.32677154986749,.764530275311704,.341352012698789,-.152514097452152,.0819105340485328,-.27074844929517, , , , , , , , , , ,1,White,3,us,sm,48,f,-.495370139852576,.279056477293683,0,Non-Christian
2496047,Jewish,bad,-1,.104166666666667,.00520833333333333,-.399661323185288,-.733332062042527,-.788791968244267,.210351522313086,-.559758119195516,.218028502410795,-.640595117824027,.247003014046745,.016751575434286,.376840528342996,-2,-1,0,2,2,0,-1,-.666666666666667,2,-.333333333333333,2,White,3,us,sm,18,f,.399661323185288,.788791968244267,-3,Non-Christian
2496068,Christian,bad,-1,.125,0,.438616094050682,.60778871703674,.0510621951675817,.0793378759466788,.44644070846067,.130068391418746,.365822335418335,-.185686067188224,.0290541634522225,-.209190431682333,0,3,2,3,2,-2,1.66666666666667,-.666666666666667,1.66666666666667,-2.66666666666667,1,More than one race - Other,2,us,us,22,f,-.438616094050682,-.0510621951675817,0,Christian
2496073,Muslim,good,1,.046875,0,-.493345903456986,-.0183990258590758,-.415684122302687,-.989976674625364,.3762106784023,.277064191577015,-.30914301720625,.428479964020485,-.0401400309220259,-.0791969158922091,0,0,0,0,0,0,0,0,0,0,2,South Asian,2,in,in,22,m,-.493345903456986,-.415684122302687,0,Non-Christian
2496112,Jewish,good,1,.0833333333333333,0,-.292802338499921,-.314003091138564,.807987061773072,.439374613222063,1.22051726153973,.10225120749062,.067060544044862,-.00770677153095933,.650898071087237,-.71025184360114,0,0,0,0,0,0,0,0,0,0,2,White,2,fr,uk,18,f,-.292802338499921,.807987061773072,-1,Non-Christian
2496265,Christian,good,1, , , , , , , , , , , , ,2,2,2,0,0,0,2,-.666666666666667,-.666666666666667,-.666666666666667,.,Black or African American,2,us,us,18,m, , ,0,Christian
2496324,Christian,bad,-1, , , , , , , , , , , , ,1,1,1,0,0,0,1,-.333333333333333,-.333333333333333,-.333333333333333,2,White,3,us,us,53,f, , ,-2,Christian
2496367,Hindu,good,1,.104166666666667,.0104166666666667,-.335138107360606,-.200369626456661,.0242705173132313,.212576254524196,-.490303025362986,-.891864209905252,-.170412405501345,-.301356945990929,.0191371121739384,.452632239318336,0,-3,-3,-1,-3,-1,-2,2.33333333333333,-1.33333333333333,1,2,South Asian,3,ca,ca,58,f,-.335138107360606,.0242705173132313,-2,Non-Christian
2496476,Christian,good,1,.0833333333333333,0,.731954183022305,.448556300285756,.0707461777383341,-.416190475663577,.326482543360875,.467421955621705,.417085553682132,.145018710333176,-.273887371775002,-.288216892240305,2,3,2,2,2,0,2.33333333333333,-1.33333333333333,.666666666666667,-1.66666666666667,2,White,4,us,sm,18,m,.731954183022305,.0707461777383341,3,Christian
2496480,Christian,good,1,.507853403141361,.727748691099476,-.374551610491912,-.312645483004348,.554133527083206,.373451545456278,.850158046122413,.829040829307355,-.0443545221376846,.256078255618475,.532720400690201,-.744444134170991, , , , , , , , , , ,2,White,3,ie,ie,20,m,-.374551610491912,.554133527083206,0,Christian
2496566,Christian,good,1,.0572916666666667,0,.666463867993803,.170578514355091,.648792611288658,-.772258432704752,.0263410908985441,.197267922521232,.495278331212517,.266315946956964,-.470793736600003,-.290800541569478,1,0,0,-1,0,0,.333333333333333,0,-.666666666666667,.333333333333333,2,White,2,us,sm,20,f,.666463867993803,.648792611288658,-1,Christian
2496596,Christian,bad,-1,.104166666666667,0,.266143362894123,.756578061202273,.694263422981394,.609759467430188,-.274008377625717,-.866829352026138,.572328282359263,-.744388960219533,.0232025756367829,.148858102223487,1,2,1,2,0,-1,1.33333333333333,0,.333333333333333,-1.66666666666667,2,White,3,us,us,26,f,-.266143362894123,-.694263422981394,-1,Christian
2496719,Christian,good,1,.0885416666666667,0,-.021133858848823,.187722740411801,-.00795889767479355,-.577333156247372,.819739743623449,.735880900877469,.0528766612960616,.37516377223768,.0878468154082998,-.515887248942042,0,0,0,0,0,0,0,0,0,0,2,Black or African American,3,us,sm,53,f,-.021133858848823,-.00795889767479355,0,Christian
2496941,Christian,good,1,.234375,.0364583333333333,.661087963744901,.848506263555543,.440948278423838,-.0497125843289925,.303178307116341,-.725221361541605,.650180835241427,-.508005013589385,-.135874080319184,-.00630174133285795,2,3,3,1,1,0,2.66666666666667,-1.33333333333333,0,-1.33333333333333,2,White,2,us,us,19,f,.661087963744901,.440948278423838,0,Christian
2497053,Christian,good,1,.0625,0,-.266862523836632,.371625976029628, ,.0621086062418219,.261848880635618,.55158016603056, ,.0392818612530366,.196940003571357, , , , , , , , , , , ,2,White,1,us,sm,29,m,-.266862523836632, ,-2,Christian
2497072,Christian,bad,-1,.1875,0,.234221079576301,-.0424655322218936,-.00881316836956466,-.268750333867084,-.677329824385598,-.677328590516634,.0609807929949477,-.122037574809219,-.393433745942994,.454490527757265,0,1,1,1,1,0,.666666666666667,-.666666666666667,.666666666666667,-.666666666666667,2,White,2,us,sm,23,f,-.234221079576301,.00881316836956466,0,Christian
2497092,Christian,good,1, , , , , , , , , , , , ,0, , , , , , , , , ,2,Black or African American,4,us,us,21,f, , ,1,Christian
2497107,Christian,good,1,.0364583333333333,0,.964005441649316,.85090279021857,.730749742199581,-.386761403200001,.432005278800984,-.0359335361031831,.848552658022489,-.166691641040584,-.306253855349444,-.375607161632461,0,0,0,0,0,0,0,0,0,0,.,White,1,us,sm,55,f,.964005441649316,.730749742199581,1,Christian
2497157,Christian,good,1,.0416666666666667,0,.452491912973308,.522466016010482,.676935433506752,1.05515598945397,.363664139275132,-.322763361812644,.550631120830181,-.633461789092365,.32210940525193,-.239278736989746,0,0,0,0,0,0,0,0,0,0,2,White,3,ca,ca,62,m,.452491912973308,.676935433506752,1,Christian
2497169,Christian,good,1,.109375,0,-.594196488057845,.0188264319625306,-.306375377635183,.598385956221108,.515990102125809,.222869473738277,-.293915144576832,-.131447638148454,.569524182134921,-.144161399409634,1,1,1,0,1,1,1,-1,0,0,.,White,3,au,sm,21,m,-.594196488057845,-.306375377635183,-2,Christian
2497329,Hindu,good,1,.03125,0, , ,-.0274547309766119,-.521307658936151, , , , , , , , ,0, , ,0, , , , ,3,South Asian,1,in,in,59,f, ,-.0274547309766119,-3,Non-Christian
2497628,Christian,bad,-1,.0572916666666667,.0104166666666667,-.0576886643083682, ,.474210160569031, ,.264566235253888, , , , , ,0,0,2,0,0,1,.666666666666667,-1,0,.333333333333333,2,East Asian,1,my,sm,22,m,.0576886643083682,-.474210160569031,-2,Christian
2497678,Christian,bad,-1,.0416666666666667,0,.388792599048534,.366110512129923,.856181663295232,-.040818107750447,-.013101078693217,.661017713479072,.537028258157897,.111908436366532,-.147570595164066,-.501366099360362, , , , , , , , , , ,.,White,2,ca,us,40,f,-.388792599048534,-.856181663295232,-2,Christian
2497839,Christian,good,1,.09375,0,-.0799900730357185,.66186207004456,-.454978919798574,.43765326229797,.204745209992057,.0655541591031723,.0422976924034225,-.344653724413119,.240796181775248,.0615598502344484,0,0,0,0,0,0,0,0,0,0,1,More than one race - Other,2,us,sm,24,f,-.0799900730357185,-.454978919798574,-2,Christian
2498075,Christian,bad,-1,.0738636363636364,0,.345383693752336, ,-.490673829107101, ,-.699631230068571, , , , , ,2,2,2,1,0,-1,2,-.333333333333333,-.333333333333333,-1.33333333333333,2,White,1,be,mx,43,m,-.345383693752336,.490673829107101,0,Christian
2498173,Christian,good,1,.109375,.00520833333333333,.442230842551581,.526345392463726,.0486265350130751,-.683624587636646,-.00114458091400914,.135230481726303,.339067590009461,.0975032256330743,-.375666670367412,-.060904145275123,1,2,1,1,-1,-1,1.33333333333333,.333333333333333,-.333333333333333,-1.33333333333333,2,White,2,us,us,35,m,.442230842551581,.0486265350130751,-3,Christian
2498176,Jewish,bad,-1,.0208333333333333,0,.478920065722873,.78695275232108,.0536319130171467,.768671520839851,-.410915878559759,-.617257042601401,.4398349103537,-.724293771920777,-.0403881411475936,.324847002714671,-1,3,0,3,1,-2,.666666666666667,.333333333333333,1.66666666666667,-2.66666666666667,1,White,1,br,br,40,f,-.478920065722873,-.0536319130171467,0,Non-Christian
2498279,Christian,bad,-1,.520833333333333,.994791666666667, , , , ,-.353553390593273, , , , , ,0,0,0,0,0,0,0,0,0,0,2,White,2,us,us,42,f, , ,0,Christian
2498340,Christian,good,1,.354166666666667,.0520833333333333,1.21851959569822,.909728672014545,.790119341567228,-.597159715929968,-.324347701438818,.216085025591229,.972789203093331,-.0321613101644493,-.713342337689002,-.22728555523988,0,1,0,0,0,0,.333333333333333,0,0,-.333333333333333,1,Other or Unknown,2,us,us,25,m,1.21851959569822,.790119341567228,-2,Christian
2498376,Christian,good,1,.0338541666666667,.00260416666666667,.719659442373817,.256175446404723,.591105712830466,.452138646502272,.240467019946176,.0385583666327135,.522313533869669,-.223251908758094,-.00901792530845643,-.290043699803119,0,2,0,1,0,0,.666666666666667,0,.333333333333333,-1,2,White,4,us,sm,52,f,.719659442373817,.591105712830466,0,Christian
2498381,Christian,bad,-1,.3125,0,.0463914364120152,.355228877596594,.554568509738925,1.18529753663705,.125973963406644,-.118713111355013,.318729607915845,-.553079841862884,.421626687877225,-.187276453930185,0,1,3,3,3,0,1.33333333333333,-2,2,-1.33333333333333,2,Black or African American,1,us,us,64,f,-.0463914364120152,-.554568509738925,2,Christian
2498389,Hindu,good,1, , , , , , , , , , , , ,0,0,0,0,0,0,0,0,0,0,3,South Asian,4,np,us,20,f, , ,0,Non-Christian
2498414,Christian,good,1,.046875,0,.581598096384083,-.274472949638084,.242686520489641,.469449588035434,.430420068863672,.580471081006863,.183270555745213,.128498147536505,.106090520171674,-.417859223453392,0,0,0,0,0,0,0,0,0,0,2,East Asian, ,kr,kr,39,m,.581598096384083,.242686520489641, ,Christian
2498493,Hindu,good,1,.0416666666666667,0, ,.675973914117441, , , , , , , , , , , , , , , , , , ,2,South Asian,3,in,au,20,f, , , ,Non-Christian
2498565,Hindu,bad,-1,.0208333333333333,0,-.215928795520685,-.0495221752975953,.0533003189537704,1.42247865806181,-.0893757117728759,-.164339949366326,-.0707168839548365,-.512432144043513,.516343913936539,.0668051140618106,0,0,-1,0,-1,-1,-.333333333333333,1,-.333333333333333,-.333333333333333,2,South Asian,2,in,in,34,m,.215928795520685,-.0533003189537704,0,Non-Christian
2498574,Muslim,bad,-1,.109375,0,-.685140403552271,-.416741495654725,.323500148164454,-.437062536170344,.332931515786901,.897688235993988,-.259460583680847,.583830755939686,.193669794389609,-.518039966648448, , , , , , , , , , ,.,White,3,tr,tr,22,f,.685140403552271,-.323500148164454,0,Non-Christian
2498589,Christian,bad,-1, , , , , , , , , , , , ,0,0,0,0,0,0,0,0,0,0,2,White,3,us,us,47,m, , ,-2,Christian
2498674,Christian,good,1,.114583333333333,0,1.1030106125985,.621559546841375,.191440472582954,.206932272223703,-.311179597316845,-.148402583388033,.638670210674277,-.32563146748437,-.402419312563882,.0893805693739748,1,1,1,0,0,-1,1,0,-.333333333333333,-.666666666666667,2,White,3,us,sm,20,f,1.1030106125985,.191440472582954,-1,Christian
2498785,Hindu,bad,-1,.484375,.526041666666667,.363093264422349,-.385765374829254,1.78560963340861,1.11831242000688,-1.02129186381903,-1.24423110855494,.587645841000569,-.658926051244189,-.0886909027448328,.159971112988452,-2,3,-3,3,-1,-3,-.666666666666667,2.33333333333333,1.33333333333333,-3,2,South Asian,2,us,us,19,m,-.363093264422349,-1.78560963340861,-2,Non-Christian
2498814,Hindu,good,1,.0833333333333333,0,1.05355439223439, , , ,-.0190064027760163, , , , , ,0,0,0,0,0,0,0,0,0,0,3,South Asian,2,in,in,30,m,1.05355439223439, ,0,Non-Christian
2498865,Christian,bad,-1,.194444444444444,.229166666666667,-.384393064007404,.049849705347346,-.481589125356677,.450838875676587,-.452437109125008,.60728141861783,-.272044161338912,.0355309458646321,.127598276852994,.108914938621285,1,-2,1,0,2,1,0,-1.33333333333333,.333333333333333,1,2,White,4,us,us,34,f,.384393064007404,.481589125356677,-2,Christian
2499016,Christian,good,1,.0208333333333333,0,.747655401067335,.688568587818286,.835910711105689,.452744066287663,.186863241648329,-.194910165294719,.757378233330437,-.445407606466889,-.0360160310437813,-.275954595819766,0,1,0,1,0,-1,.333333333333333,.333333333333333,.333333333333333,-1,.,White,4,us,sm,66,f,.747655401067335,.835910711105689,-2,Christian
2499062,Christian,bad,-1,.28125,0,.551160705429768,.523971266620468,.388821824962237,.295191446358718,.163723843253284,-.945421905738554,.487984599004158,-.588194872905914,-.0307484719392553,.130958745841011,1,2,2,0,0,0,1.66666666666667,-.666666666666667,-.333333333333333,-.666666666666667,2,Black or African American,4,us,us,49,m,-.551160705429768,-.388821824962237,-1,Christian
2499243,Christian,good,1,.0260416666666667,0,-.185797265793951,.41094095523905,.60366590790505,.403657514510828,.603091755045803,.110744207974171,.276269865783383,-.234618087258569,.397515511783527,-.439167290308341,1,0,1,0,0,0,.666666666666667,-.333333333333333,-.333333333333333,0,2,White,3,us,us,55,m,-.185797265793951,.60366590790505,0,Christian
2499276,Christian,bad,-1,.265625,0,-.316348559595424,-.103587761145997,1.00213773404712,.478696495710447,-.344854375352592,.47402791258802,.194067137768566,.0329730593411898,.150063559984426,-.377103757094182,0,0,0,0,0,0,0,0,0,0,2,White,2,us,sm,27,f,.316348559595424,-1.00213773404712,-2,Christian
2499309,Muslim,good,1,.0942408376963351,0,.476554704178556,-.744858981605419,-.0754025859530946,-.876643914277587,.524702121753366,1.00492556006392,-.114568954459986,.87547615198231,-.276165498900926,-.484741698621398,3,-3,3,-3,3,3,1,-3,-1,3,2,Black or African American,3,us,us,23,f,.476554704178556,-.0754025859530946,-2,Non-Christian
2499334,Muslim,good,1,.276041666666667,0,.749527838842859,.633713961924856,-.600444989421944,-.183931656465451,.412448189932521,.671520581385174,.26093227044859,.0739127586419227,-.173670435125263,-.16117459396525,0,0,0,0,0,0,0,0,0,0,2,Black or African American,2,us,us,19,f,.749527838842859,-.600444989421944,0,Non-Christian
2499426,Christian,good,1,.0729166666666667,0,.850074137537283,.984665068708636,.477734433121484,.661702765828922,.687860103731712,.737575185566569,.770824546455801,-.30293088299033,.166496244007783,-.634389907473255,0,2,3,1,3,1,1.66666666666667,-2.33333333333333,1.33333333333333,-.666666666666667,3,Other or Unknown,3,in,in,22,m,.850074137537283,.477734433121484,0,Christian
2499514,Hindu,bad,-1,.0416666666666667,0,.0101116471717313,.263630913094166,-.618782179147491,.52645162558464,.0622795648679922,-.751225071707495,-.115013206293865,-.5137692034621,.192873181093634,.435909228662331,0,2,0,-1,0,-2,.666666666666667,.666666666666667,-.333333333333333,-1,3,South Asian,2,in,in,22,m,-.0101116471717313,.618782179147491,-2,Non-Christian
2499568,Christian,bad,-1,.0833333333333333,0,-.616381581972896, ,.121500657140831, ,.707852146880437, , , , , ,0,0,0,0,0,0,0,0,0,0,2,White,2,ie,ie,20,f,.616381581972896,-.121500657140831,0,Christian
2499654,Christian,bad,-1,.125,0,-.132686267027402,.658181934080174,.102350623000503,.4710721016031,.497690405754961,.222642595877217,.209282096684425,-.302203813268686,.367149591461821,-.27422787487756,1,1,0,0,1,0,.666666666666667,-.333333333333333,0,-.333333333333333,2,White,3,us,sm,55,f,.132686267027402,-.102350623000503,0,Christian
2499693,Christian,bad,-1, , , , , , , , , , , , ,-2,3,3,2,3,0,1.33333333333333,-2,2.33333333333333,-1.66666666666667,2,More than one race - Black/White,2,us,sm,21,f, , ,-2,Christian
2499749,Christian,good,1,.130890052356021,0,.890208483713968,.817563915454832,.430538912514027,.192590240366475,.235060483779238,.216697519373978,.712770437227609,-.264485545482443,-.154185919856085,-.294098971889081, , ,1, , ,-1, , , , ,2,White,3,us,sm,51,f,.890208483713968,.430538912514027,1,Christian
2499784,Jewish,good,1,.161458333333333,0,-.227151985561577,.12933260621184,.468683778070225,.949339408455687,.939558202906093,.20222556516987,.123621466240163,-.292148816499219,.705349865641119,-.536822515382063,0,0,0,0,0,0,0,0,0,0,2,White,1,us,us,46,f,-.227151985561577,.468683778070225,-2,Non-Christian
2499838,Hindu,bad,-1, , , , , , , , , , , , ,0,0,0,0,0,0,0,0,0,0,2,South Asian,2,in,in,23,f, , ,2,Non-Christian
2499839,Christian,bad,-1,.5625,.604166666666667,.557358448197951,-1.73476629021813,.230923739204632,.265462381988882,-.753211758814873,.448405828039887,-.315494700938516,.639236578756378,-.348369275007981,.024627397190118, , , , , , , , , , ,2,Black or African American,3,um,um,46,f,-.557358448197951,-.230923739204632,0,Christian
2499908,Muslim,good,1,.046875,0,-.586754109723584,-.252056199010638,.201389305728225,-.257011128786025,-.0259503007895882,.614097212050555,-.212473667668666,.374388179949073,.10126422671599,-.263178738996397,2,-2,3,-2,2,3,1,-2.66666666666667,-.666666666666667,2.33333333333333,2,White,3,sy,us,20,m,-.586754109723584,.201389305728225,0,Non-Christian
2499915,Christian,good,1, , , , , , , , , , , , ,3,3,3,0,0,0,3,-1,-1,-1,2,More than one race - Black/White,3,us,us,18,f, , ,0,Christian
2499945,Christian,good,1, , , , , , , , , , , , ,1,2,0,0,0,0,1,0,-.333333333333333,-.666666666666667,2,White,2,us,us,35,f, , ,-1,Christian
2499966,Christian,good,1,.1625,0,-.0536882002749635, ,.50407950576927,.861857809544397, ,-.432722767668288, , , , ,0,1,1,0,0,0,.666666666666667,-.333333333333333,0,-.333333333333333,1,White,2,us,sm,18,m,-.0536882002749635,.50407950576927,-2,Christian
2499982,Christian,good,1,.166666666666667,.00520833333333333,.555443720457614,1.03720345120634,1.26136045640865,1.31429984465614,.286892493686087,-.509117596479396,.9513358760242,-.953540297447291,.348582872628205,-.346378451205114,3,3,3,3,-3,-3,3,1,-1,-3,2,Black or African American,2,us,sm,66,m,.555443720457614,1.26136045640865,1,Christian
2500058,Christian,bad,-1,.114583333333333,0,.867138142300193,-.953209150034889,-.300459604850482,.481241929699204,-.0600219180495756,.123661140364361,-.128843537528393,.198542786900015,-.148639376883522,.0789401275118989,0,0,0,0,0,0,0,0,0,0,2,White,3,ca,ca,25,m,-.867138142300193,.300459604850482,-2,Christian
2500067,Christian,bad,-1,.265625,.015625,-.0946789987693647,.0494584850260402,.574129920233882,-.767297088665107,-.0616479593088968,-.262839644902577,.176303135496853,.15166631957883,-.24475534973488,-.0832141053408029,0,0,0,0,0,0,0,0,0,0,2,Black or African American,2,us,sm,19,m,.0946789987693647,-.574129920233882,-2,Christian
2500116,Christian,bad,-1, , , , , , , , , , , , , , , , ,1, , , , , ,2,More than one race - Black/White,1,us,us,20,m, , ,0,Christian
2500124,Muslim,good,1,.109375,0,.306040254687937,-.308077850284775,.612083244385186,-.321761156745742,-.493697734539756,-.327997887333308,.203348549596116,.100613706565736,-.373833048657812,.0698707924959594,0,1,0,-1,0,0,.333333333333333,0,-.333333333333333,0,2,White,1,ca,ca,35,m,.306040254687937,.612083244385186,-2,Non-Christian
2500178,Christian,bad,-1,.078125,0,.254439540857332,.591442426982762,.880204597700148,.0145136497811392,.296511653919,-.25178467663947,.575362188513414,-.28591358446779,.0188619209476024,-.308310524993226,0,0,0,0,0,0,0,0,0,0,2,White,1,ca,sm,30,f,-.254439540857332,-.880204597700148,-2,Christian
2500184,Muslim,good,1,.03125,0,-.626038611909067,-.68184625485741,-.252296455780094,-.300556505995656,.136349489448681,.779875478509895,-.520060440848857,.587426079787654,.153943865120697,-.221309504059494,1,-2,0,-2,-1,1,-.333333333333333,0,-1.33333333333333,1.66666666666667,2,Other or Unknown,1,eg,us,42,f,-.626038611909067,-.252296455780094,-3,Non-Christian
2500236,Christian,good,1,0,0, , , , , , , , , , , , , , , , , , , , ,2,White,3,us,sm,18,f, , ,0,Christian
2500237,Muslim,bad,-1,.0729166666666667,0,.0436080517190207,.243515701668995,.802969362338898,-.132580682774142,-.28343785870631,.27053238017953,.363364371908971,.0531991204282257,-.153208864399825,-.263354627937373,0,-3,0,-3,0,3,-1,-1,-1,3,2,Black or African American,4,cm,us,20,f,-.0436080517190207,-.802969362338898,0,Non-Christian
2500327,Christian,good,1,.0572916666666667,0,-.439628883530735,.150056560900898,1.42199131472704,.541602057090923,-.414190453835352,1.01411035688342,.377472997365735,.107483912963865,.189013495595435,-.673970405925036,3,3,3,2,1,0,3,-1.33333333333333,0,-1.66666666666667,2,Black or African American,3,us,sm,32,m,-.439628883530735,1.42199131472704,0,Christian
2500380,Jewish,bad,-1, , , , , , , , , , , , ,-1,2,-3,3,-3,-3,-.666666666666667,3,.333333333333333,-2.66666666666667,3,White,1,ar,ar,45,f, , ,0,Non-Christian
2500424,Christian,bad,-1,.178947368421053,0,-.159808920821626,.522029064633525,-.405772959973751,.173363761563647,-.714976116010298,-.248789828481061,-.0145176053872842,-.314727551559411,-.127267811208342,.456512968155037,2,2,2,0,0,0,2,-.666666666666667,-.666666666666667,-.666666666666667,2,White,2,us,us,18,m,.159808920821626,.405772959973751,0,Christian
2500485,Hindu,good,1,.03125,0,-.263565392547366,-.12064633036969,-.58002987070396,.0759605808058523,.39899096797197,-.0636866478544172,-.321413864540338,-.00633363276352656,.246172313775063,.0815751835288022, , , , , , , , , , ,.,East Asian,1,in,sm,25,f,-.263565392547366,-.58002987070396,-3,Non-Christian
2500490,Hindu,bad,-1,.09375,0,.195872694996293,.721900539337157,1.458944876226,.735043648005056,.0880361774973119,-.579111575364922,.792239370186483,-.678685254235712,.209069043502025,-.322623159452797, , , , , , , , , , ,2,Other or Unknown,2,in,in,27,m,-.195872694996293,-1.458944876226,-2,Non-Christian
2500493,Muslim,good,1, , , , , , , , , , , , ,-3,-3,3,-3,3,3,-1,-3,1,3,2,More than one race - Other,2,us,us,26,f, , ,3,Non-Christian
2500512,Christian,good,1,.0833333333333333,0,.515544700052435,.189470820816694,1.02861639107585,.14140517935979,-.148836112603379,-.39658610646784,.57787730398166,-.242487368881442,-.174325211098675,-.161064724001544, , , , , , , , , , ,2,Black or African American,2,us,us,23,m,.515544700052435,1.02861639107585,0,Christian
2500540,Christian,good,1,.109375,0,.664690782302119,1.09910481668586,.519306442197708,-.0288054762091054,-.0707108419475612,.373389529164333,.761034013728562,-.232303270437474,-.254735700152928,-.27399504313816,0,0,0,0,0,0,0,0,0,0,1,.,1,us,sm,25,f,.664690782302119,.519306442197708,0,Christian
2500562,Hindu,bad,-1, , , , , , , , , , , , ,0,1,0,1,0,-1,.333333333333333,.333333333333333,.333333333333333,-1,2,South Asian,3,in,in,33,f, , ,-2,Non-Christian
2500591,Muslim,bad,-1,.333333333333333,.0104166666666667,-.133611240874434,.540357219693289,.473207890715104,-.985305315886114,-.149805670112987,-.0652213940608969,.29331795651132,.126575567377309,-.333833248374889,-.08606027551374,1,-3,1,-3,-2,3,-.333333333333333,-.666666666666667,-2,3,3,South Asian,3,id,sm,33,m,.133611240874434,-.473207890715104,-1,Non-Christian
2500600,Christian,good,1,.458333333333333,.916666666666667,.601633018986165,.287289201959727,-.498638243309658,-.296195479128157,.347384687144838,-.469757364792468,.130094659212078,-.153617029208013,-.183481270323161,.207003640319096,3,3,3,3,3,-3,3,-1,1,-3,2,Black or African American,3,us,us,18,m,.601633018986165,-.498638243309658,1,Christian
2500636,Muslim,bad,-1,.203125,0,.817438420803664,.903970147520411,.410889105429539,-.0609703205716145,-.411190209681345,.420856462567362,.710765891251205,-.140714454793811,-.429866317018875,-.140185119438519,0,-3,0,-3,0,3,-1,-1,-1,3,1,Other or Unknown,1,us,us,28,m,-.817438420803664,-.410889105429539,0,Non-Christian
2500723,Hindu,bad,-1,.119791666666667,0,-.617845018279604,.17151776358941,.456309793279209,.492858087158095,-.449999629389751,-.64577703295526,.003327512863005,-.436717627900922,.220234492015983,.213155623021934,0,1,0,1,0,-1,.333333333333333,.333333333333333,.333333333333333,-1,2,South Asian,3,in,in,40,m,.617845018279604,-.456309793279209,0,Non-Christian
2500803,Christian,bad,-1,0,.733333333333333,-.971323728514365, , ,-1.04446593573419, , , , , , ,0,0,0,0,0,0,0,0,0,0,2,White,1,us,sm,34,m,.971323728514365, ,0,Christian
2500830,Muslim,good,1,.104166666666667,0,.17004027248846,-.661565656689771,.229679202300277,-1.13251960538935,-.471240964724576,.677737859664772,-.0872820606336778,.823941040581297,-.591266947534129,-.145392032413491,2,-2,0,-3,-2,2,0,0,-2.33333333333333,2.33333333333333,2,South Asian,3,pk,uk,19,m,.17004027248846,.229679202300277,0,Non-Christian
2500868,Christian,good,1,.255208333333333,.00520833333333333,.00935099650312926,1.02034398442723,1.17429217510827,.715335801138001,-.162425628695347,-.516592248379526,.73466238534621,-.750757344648252,.181186391979842,-.165091432677799,2,2,2,0,0,0,2,-.666666666666667,-.666666666666667,-.666666666666667,.,Black or African American,3,us,sm,19,m,.00935099650312926,1.17429217510827,0,Christian
2500881,Muslim,bad,-1,.302083333333333,.0260416666666667,.0604253325382674,.429564866233599,-.812722308230311,-.165091371519789,1.35048555331641,.504440482504476,-.107577369819482,.0799889959302221,.374989616419452,-.347401242530193,0,0,0,0,0,0,0,0,0,0,2,White,3,ma,ma,41,m,-.0604253325382674,.812722308230311,0,Non-Christian
2500970,Jewish,bad,-1,.234375,0,-.0267779673208311,.684874519454824,-.645672055893141,.835084211581484,-.387115711959231,-.43381619321127,.00414149874695076,-.651258308082526,.158248822314361,.488867987021214,0,1,0,1,1,0,.333333333333333,-.333333333333333,.666666666666667,-.666666666666667,2,White,1,fr,uk,17,f,.0267779673208311,.645672055893141,-2,Non-Christian
2500972,Muslim,bad,-1,.0729166666666667,0,.101023033816195,.0257294421133201,.248477514355251,-.0733112589978119,.324309614383651,.730651528726013,.125076663428255,.259411115203502,.049991773856548,-.434479552488305,0,1,0,0,0,0,.333333333333333,0,0,-.333333333333333,.,South Asian,2,ca,ca,34,f,-.101023033816195,-.248477514355251,-2,Non-Christian
2500995,Jewish,good,1,.0520833333333333,0,-.430953480803869,-.277327086484434,-.236641287277356,.614101400281143,.0483300102885912,-.0564094055679268,-.314973951521886,-.131061239788212,.364461630457868,.0815735608522306,-1,0,-1,1,1,0,-.666666666666667,0,1,-.333333333333333,2,White,1,us,sm,35,f,-.430953480803869,-.236641287277356,-3,Non-Christian
2501021,Christian,bad,-1, , , , , , , , , , , , ,0,0,0,0,0,0,0,0,0,0,2,White,3,us,us,19,f, , ,0,Christian
2501076,Christian,bad,-1,.458333333333333,.625,.0671672913643277,-.687784348477876,-.409615394476626,.227301151026157,-.466022136357062,1.44006214176258,-.343410817196725,.633515113071434,-.101962758898411,-.188141536976298,1,3,0,-3,0,-3,1.33333333333333,1,-1.33333333333333,-1,2,White,1,uk,uk,53,m,-.0671672913643277,.409615394476626,-2,Christian
2501183,Christian,bad,-1,.0989583333333333,0,-.587305103343008,.290242455049721,-.290286732396823,.706226708796789,-.297585744887213,.203835579982506,-.195783126896703,-.264211194621335,.331982022417528,.12801229910051,0,0,0,0,0,0,0,0,0,0,.,Black or African American,2,us,sm,19,m,.587305103343008,.290286732396823,0,Christian
2501367,Christian,good,1, , , , , , , , , , , , ,0,0,0,0,0,0,0,0,0,0,1,White,2,us,us,18,f, , ,2,Christian
2501497,Christian,good,1,.0677083333333333,0,.482283597704903,.605921669470314,-.277223523247171,.0409671986460525,-.487083384331533,.234989587601175,.270327247976015,-.13729976017173,-.309466594463461,.176439106659176,0,0,0,0,0,-1,0,.333333333333333,0,-.333333333333333,2,More than one race - Black/White,3,us,us,18,f,.482283597704903,-.277223523247171,0,Christian
2501511,Christian,good,1,.0572916666666667,0,.839595877806161,.740623057999923,-.200506159139871,.253599549737225,-.195628040706406,-.869835100182973,.459904258888737,-.621352569306707,-.260541456258447,.421989766676417,-1,1,-1,1,-1,-1,-.333333333333333,1,.333333333333333,-1,2,White,3,ca,sm,56,m,.839595877806161,-.200506159139871,-2,Christian
2501525,Jewish,bad,-1,.0416666666666667,0,.347092784940927,.0712533034032659,.360566052249744,.559917761257138,-.247188493273789,-.541910393602941,.259637380197979,-.391027152754448,-.0114545056525261,.142844278208995,0,0,0,0,0,0,0,0,0,0,2,White,1,us,sm,29,f,-.347092784940927,-.360566052249744,-3,Non-Christian
2501702,Christian,bad,-1,.21875,.0260416666666667,.272028997008207,-.316481999625456,-.391922520030213,1.00206797151932,-.171986628154844,-.494735504052054,-.145458507549154,-.393440491981974,.186017448785424,.352881550745703,1,1,0,0,0,-1,.666666666666667,.333333333333333,-.333333333333333,-.666666666666667,2,White,2,us,sm,24,f,-.272028997008207,.391922520030213,-1,Christian
2501730,Christian,bad,-1,.25,0, , , ,-.420554870422655, , , , , , ,2,2,2,0,0,0,2,-.666666666666667,-.666666666666667,-.666666666666667,2,White,1,ro,uk,28,f, , ,0,Christian
2501750,Christian,bad,-1, , , , , , , , , , , , ,0,0,0,0,0,0,0,0,0,0,.,Black or African American,2,us,sm,50,m, , ,0,Christian
2501768,Christian,good,1,.0625,0,.772224701670761,.0940374933558046,.421828058065603,.0598704013703897,-.479358684647984,-.339254471220736,.429363417697389,-.164387455315643,-.397237661649452,.132261699267706,0,1,0,1,1,-1,.333333333333333,0,.666666666666667,-1,1,White,2,br,br,18,f,.772224701670761,.421828058065603,-2,Christian
2501783,Christian,good,1,.152631578947368,0,.0176009298409775,.764330355243951,.354052140730228,-.118102754348024,-.681615982300199,.0673419819856414,.378661141938385,-.192961872970095,-.272439888829733,.0867406198614433,1,1,1,0,0,0,1,-.333333333333333,-.333333333333333,-.333333333333333,2,White,2,us,sm,20,f,.0176009298409775,.354052140730228,-1,Christian
2501822,Christian,bad,-1,.0885416666666667,0,.626970229441866,1.14210852537091,.245757008297281,.659436153037843,.603980010252308,-.0554182339423066,.671611921036686,-.618987637450353,.212148644616095,-.264772928202428,3,3,3,3,0,-1,3,-.666666666666667,0,-2.33333333333333,2,White,4,us,sm,40,f,-.626970229441866,-.245757008297281,0,Christian
2501883,Christian,bad,-1,.0625,0,.460411656635819, ,.0854825247799825, ,-.573910690724764, , , , , ,1,1,1,0,0,0,1,-.333333333333333,-.333333333333333,-.333333333333333,2,More than one race - Other,4,us,us,18,m,-.460411656635819,-.0854825247799825,0,Christian
2501925,Christian,good,1,.171875,0,.515963551981221,.600231785012243,.76637554444386,-.575476489725027,-.787648751645967,-.0875848460664095,.627523627145775,-.0374467137845416,-.626362931117405,.0362860177561722,0,0,0,0,0,0,0,0,0,0,1,.,2,us,sm,40,f,.515963551981221,.76637554444386,-2,Christian
2501937,Christian,bad,-1,.09375,0,.760039813519534,1.32714901843884,.642781987192352,1.02994107519047,-.412109281687585,-1.65060980796121,.909990273050244,-1.33589996719684,-.0474026733388814,.47331236748548,2,3,2,2,1,-1,2.33333333333333,-.666666666666667,.333333333333333,-2,1,White,2,us,us,46,m,-.760039813519534,-.642781987192352,-1,Christian
2501963,Hindu,bad,-1,.536458333333333,.921875,.235358959851377,-.353553390593274,-.681875691081574,.24935380334201, ,-.326559481606865,-.266690040607823,-.0741199647852005, , ,0,0,0,0,0,0,0,0,0,0,2,Native Hawaiian or other Pacific Islander, ,us,us,19,f,-.235358959851377,.681875691081574, ,Non-Christian
2502017,Christian,bad,-1,.145833333333333,0,-.289907822760541,-.200495710128041,.182470706719703,.57960351164215,.24327337549644,-.0495981736947983,-.102644275389626,-.142901991736302,.370928236633043,-.125381969507115, , , , , , , , , , ,2,White,2,us,us,22,f,.289907822760541,-.182470706719703,0,Christian
2502169,Christian,bad,-1,.302083333333333,.015625,-.0790896909646977,.6664663897357,.595337387930472,-.251989723947317,.0968234450257013,.0484012437969991,.394238028900491,-.122025140663795,-.0253588626523061,-.246854025584391,1,1,0,0,0,0,.666666666666667,0,-.333333333333333,-.333333333333333,3,Other or Unknown,3,id,uk,18,f,.0790896909646977,-.595337387930472,-1,Christian
2502213,Christian,good,1,.0572916666666667,0,.775701668181996,1.43269133032635,1.29671989244179,.647912360912941,.769128386605534,-.614046837247618,1.16837096365004,-.898216842828969,.21377969311216,-.483933813933234,3,3,3,0,0,0,3,-1,-1,-1,2,Black or African American,4,us,sm,40,f,.775701668181996,1.29671989244179,0,Christian
2502254,Christian,good,1,.140625,0,.634933066822872,1.06410323634019,-.0306419052770422,-.22187379360304,-.393376972317467,-.290460273241079,.556131465962008,-.377563238659411,-.416727944247793,.238159716945196,-2,2,2,1,1,2,.666666666666667,-1.66666666666667,1.33333333333333,-.333333333333333,2,White,2,us,sm,17,f,.634933066822872,-.0306419052770422,0,Christian
2502266,Christian,good,1,.0885416666666667,0,.646634310129753,.507873786798782,.909733893351502,1.04484648457962,.322338289241004,.426850526630437,.688080663426679,-.375289914915989,.240183487896958,-.552974236407648,3,3,0,3,1,0,2,-.333333333333333,.333333333333333,-2,2,White,4,us,us,20,f,.646634310129753,.909733893351502,2,Christian
2502274,Christian,good,1,.0989583333333333,0,.617381823111998,.742367030284465,.655008583956104,.211706088737454,-.144793659169076,-.983553743187627,.671585812450856,-.645875620736515,-.183489797847873,.157779606133533,1,1,2,1,1,0,1.33333333333333,-1,.333333333333333,-.666666666666667,2,White,2,us,us,48,f,.617381823111998,.655008583956104,-1,Christian
2502287,Christian,good,1,.078125,0,.925819696333098,.817076558409694,.978990892634871,.0861264399815567,-.464459418303652,-.617878979762293,.907295715792554,-.507027326051181,-.434717558218398,.0344491684770247,0,0,0,0,0,0,0,0,0,0,2,More than one race - Black/White,2,us,us,21,f,.925819696333098,.978990892634871,0,Christian
2502381,Jewish,good,1,.078125,0,.212514172543841,.706261772651831,-.340239749807124,1.1583154742601,.412079610688166,-1.10463090830901,.19284539846285,-.989736051740315,.452626970801476,.344263682475989,-1,1,2,3,1,-2,.666666666666667,-.333333333333333,1.66666666666667,-2,2,White,1,fr,uk,17,f,.212514172543841,-.340239749807124,0,Non-Christian
2502401,Hindu,good,1,.244791666666667,.0260416666666667,-.642560318400045,-.28206155783284,-.959130670700097,-.611088435198942,-.737855602670697,-.337420730158061,-.627917515644327,.185243087624574,-.235461239823198,.678135667842952,-1,2,0,0,-1,-1,.333333333333333,.666666666666667,0,-1,2,East Asian,4,np,us,25,f,-.642560318400045,-.959130670700097,0,Non-Christian
2502464,Christian,bad,-1,.0989583333333333,0,.0307431734511449,.342775251082935,.416659846977664,.112006787903882,-.170183125784233,-.334154243798501,.263392757170581,-.262978760928439,-.0296398371104986,.0292258408683567,0,0,0,-1,-1,-1,0,.666666666666667,-.666666666666667,0,.,White,2,us,sm,18,m,-.0307431734511449,-.416659846977664,0,Christian
2502465,Christian,bad,-1,.301136363636364,0,.813554205126678,.0141893789500902,.0533850927424601,-.290633738060275, ,-.0121474531114601,.293709558939743,.0880989686662416, , ,3,3,3,2,-2,-1,3,0,-1,-2,1,Other or Unknown,3,us,us,26,m,-.813554205126678,-.0533850927424601,-2,Christian
2502472,Christian,good,1,.0572916666666667,0,.728130650913168,.252990338215701,1.39801379475489,.358782675637167,.467867976665829,.271225329576748,.793044927961254,-.113515894758706,.0328400004632762,-.712369033665824,0,1,1,0,1,1,.666666666666667,-1,.333333333333333,0,2,White,4,us,us,48,f,.728130650913168,1.39801379475489,2,Christian
2502479,Jewish,good,1,.0885416666666667,0,.261095072677127,.386259507363288,-.0073834267076292,.0542750379976172,.261979774651601,-.127514332532777,.213323717777595,-.189349625964561,.0183865799906972,-.0423606718037317,-1,0,0,1,0,-1,-.333333333333333,.333333333333333,.666666666666667,-.666666666666667,2,White,1,us,sm,18,m,.261095072677127,-.0073834267076292,-2,Non-Christian
2502513,Christian,good,1,.151041666666667,0,.347139172341313,.654394359165757,.666235234438463,.506941465222981,.0266043051937199,-.329606853075546,.555922921981844,-.496980892488095,.0621355326917962,-.121077562185546,0,1,1,1,0,-1,.666666666666667,0,.333333333333333,-1,2,White,2,us,sm,19,m,.347139172341313,.666235234438463,1,Christian
2502528,Christian,good,1,.046875,0,.302068685077911,-.212687539866741,.218118152394551,.415104192621791,.955820354273437,.0215075007939919,.102499765868574,-.0603030506536861,.356285287272439,-.398482002487327,0,0,0,0,0,0,0,0,0,0,2,White,4,us,us,73,f,.302068685077911,.218118152394551,-3,Christian
2502554,Muslim,bad,-1,0,0, , ,-.0991630112264708,.103394379946092, , , , , , , , , , , , , , , , ,2,White,1,us,us,19,m, ,.0991630112264708,-2,Non-Christian
2502568,Hindu,good,1,.14375,.0124223602484472,.132609158621,-.341503433650505,-.550779397861561, ,-.143529552026009,-.46670156210706,-.253224557630355, , ,.38700350399821,0,0,0,0,0,0,0,0,0,0,2,South Asian,2,us,sm,22,f,.132609158621,-.550779397861561,-3,Non-Christian
2502584,Christian,good,1,.40625,.725,1.44457857674124, ,.496729616512574, , ,-.856627570096658, , , , ,0,3,3,3,3,0,2,-2,2,-2,2,White,2,us,us,30,m,1.44457857674124,.496729616512574,0,Christian
2502595,Christian,good,1,.0364583333333333,0,.16088644455214,.483326236481846,.190844772235994,.448588641886617,.400253366149752,.196808681533462,.278352484423326,-.245035398945,.22931852116141,-.262635606639736,1,-1,2,1,1,1,.666666666666667,-1.33333333333333,.333333333333333,.333333333333333,2,East Asian,2,au,au,19,m,.16088644455214,.190844772235994,0,Christian
2502599,Christian,good,1,.494791666666667,1, , , , , , , , , , ,2,1,1,0,0,0,1.33333333333333,-.333333333333333,-.666666666666667,-.333333333333333,.,White,3,us,sm,19,f, , ,1,Christian
2502678,Jewish,good,1, , , , , , , , , , , , ,0,0,0,0,1,0,0,-.333333333333333,.333333333333333,0,1,East Asian,4,us,us,24,m, , ,0,Non-Christian
2502684,Christian,bad,-1, , , , , , , , , , , , ,3,3,3,1,2,2,3,-2.33333333333333,0,-.666666666666667,2,More than one race - Black/White,4,us,us,44,f, , ,2,Christian
2502744,Christian,bad,-1,.260416666666667,.0260416666666667,.891244036761193,1.06721899878321,1.10598463490824,.553089668772703,.20671399620184,.0903332945903677,1.02148255681755,-.509991790988515,-.0438134572622165,-.467677308566815,1,3,2,1,1,-2,2,-.333333333333333,.333333333333333,-2,2,Black or African American,3,us,us,19,f,-.891244036761193,-1.10598463490824,-3,Christian
2502835,Christian,good,1, , , , , , , , , , , , ,1,1,1,0,0,0,1,-.333333333333333,-.333333333333333,-.333333333333333,1,Other or Unknown,2,us,sm,20,m, , ,-1,Christian
2502838,Christian,good,1,.484375,.994791666666667, , , ,.353553390593274, , , , , , ,0,2,3,0,0,0,1.66666666666667,-1,0,-.666666666666667,2,Black or African American,2,us,sm,19,f, , ,0,Christian
2502867,Christian,bad,-1,0,.833333333333333, , ,-1.15470053837925, , , , , , , ,0,0,0,0,0,0,0,0,0,0,.,Black or African American, ,za,za,32,f, ,1.15470053837925,1,Christian
2502883,Muslim,bad,-1, , , , , , , , , , , , ,0,0,0,0,0,0,0,0,0,0,2,Other or Unknown,1,jo,ae,44,f, , ,-3,Non-Christian
2502910,Christian,bad,-1, , , , , , , , , , , , ,0,0,0,0,0,0,0,0,0,0,2,Black or African American,4,us,us,31,f, , ,0,Christian
2502930,Christian,good,1,.114583333333333,0,-.103173864552051,.407078973861212,.973594960138585,-.185858525452232,.00136761182992778,.438183688772853,.425833356482582,.0723210801212912,-.0271056830234177,-.471048753580455,1,1,1,1,0,-1,1,0,0,-1,1,White,2,pt,pt,20,f,-.103173864552051,.973594960138585,0,Christian
2502944,Christian,good,1,.0104166666666667,0,.00866167215348768,.653259857656815,.515187743497986,.431025754212987,-.654626600883776,-.616786275559467,.39236975776943,-.567023962476423,-.0774208396080922,.252075044315086,2,1,1,2,2,-2,1.33333333333333,-.333333333333333,.666666666666667,-1.66666666666667,2,White,3,us,us,29,f,.00866167215348768,.515187743497986,3,Christian
2503022,Christian,good,1,.0729166666666667,0,.402379161150235,.435536589889699,.921648293273563,-.284321440789742,.500521657543335,.288521291248947,.586521348104499,.0457687140496635,-.062059648132214,-.570230414021948,0,1,0,0,0,0,.333333333333333,0,0,-.333333333333333,2,White,3,uk,uk,42,f,.402379161150235,.921648293273563,-2,Christian
2503073,Hindu,bad,-1,.19620253164557,0, ,-.182147476402288,.302945150375796,-.417017725043598,-.665794642306887, , , , , ,0,0,0,0,0,0,0,0,0,0,2,South Asian,2,in,in,27,f, ,-.302945150375796,0,Non-Christian
2503102,Christian,good,1,.0989583333333333,0,.206100292321213,.69648736640256,.72728464665527,.120547756614165,.00894879585931953,-.630948299230551,.543290768459681,-.482661140749092,-.0255345799492429,-.0350950477613461,1,2,0,2,0,-1,1,.333333333333333,.333333333333333,-1.66666666666667,2,White, ,uk,uk,46,f,.206100292321213,.72728464665527, ,Christian
2503166,Hindu,good,1,.182291666666667,.0260416666666667,.747756570953511,.15407021659992,.00432239975853841,-.153904946777151,-1.29118168895296,-.394536290916236,.30204972910399,-.131567186913002,-.730947735561207,.560465193370218, , , , , , , , , , ,3,South Asian,2,in,in,17,f,.747756570953511,.00432239975853841,0,Non-Christian
2503196,Christian,good,1,.182291666666667,0,.111599334141099,-.0938204952224341,-.699890209219157,-.152242556102582,.406840184278492,.28623584139588,-.227370456766831,.177432964240299,.0476660980116035,.00227139451492834,0,1,1,0,0,0,.666666666666667,-.333333333333333,0,-.333333333333333,2,White,2,us,us,22,f,.111599334141099,-.699890209219157,1,Christian
2503210,Christian,bad,-1,.015625,0,.379672433471166,.137857473671828,-.264673542768628,.0499128226093488,.26004173593427,.301455661971272,.0842854547914553,.0378951218966985,-.0232392916425158,-.098941285045638,1,0,0,0,0,0,.333333333333333,0,-.333333333333333,0,3,White,4,us,us,56,m,-.379672433471166,.264673542768628,3,Christian
2503218,Hindu,bad,-1,.1875,0, , , , , , , , , , , , , , , , , , , , ,2,South Asian,1,us,us,22,m, , ,-2,Non-Christian
2503219,Christian,bad,-1,.00520833333333333,0,.567973765526295,.0280250384484356,.860803830093475,.400051502096981,.0772712821116734,.186378863316974,.485600878022735,-.080565892409481,-.0302169937725467,-.374817991840707,0,0,0,0,0,0,0,0,0,0,2,White,2,be,sm,37,m,-.567973765526295,-.860803830093475,-2,Christian
2503306,Christian,bad,-1,.109375,0,.235786070630327,.386032599295681,-.106562761025811,.73519136060347,.962416107113016,.595500524613822,.171751969633399,-.17524114509511,.48727379902872,-.483784623567009,0,1,0,1,0,-1,.333333333333333,.333333333333333,.333333333333333,-1,2,White,4,us,us,49,f,-.235786070630327,.106562761025811,2,Christian
2503338,Christian,good,1,.1875,0,1.04124078211876,.843943155507228,.540614840098824,.35751778044074,.011083375517276,.446680514969818,.808599592574937,-.251593473659383,-.224213208720247,-.332792910195306,0,0,0,0,0,0,0,0,0,0,.,White,2,us,sm,55,f,1.04124078211876,.540614840098824,2,Christian
2503371,Christian,bad,-1,.0625,0,-.0958001870010685,.313090780724425,-.676273153172942,.932584904747986,.720843348427079,-.514944330150013,-.152994186483195,-.586873338540808,.583076146725378,.156791378298625,1,1,0,0,0,0,.666666666666667,0,-.333333333333333,-.333333333333333,3,White,3,us,us,23,f,.0958001870010685,.676273153172942,0,Christian
2503390,Christian,bad,-1,.447916666666667,.828125,.770686557734147,.449685852712118, , ,.53069962680959,-.314486273570789, , , , , , , , , , , , , , ,3,More than one race - Other,3,us,sm,44,m,-.770686557734147, ,2,Christian
2503393,Christian,bad,-1,.348958333333333,.0729166666666667,.369705700881338,.0736959137476604,.363691737743829,-.424107293591602,.238144265997281,-.177728678964884,.269031117457609,.0575609002930192,-.185222909491886,-.141369108258742,3,3,3,0,0,0,3,-1,-1,-1,2,White,3,us,sm,21,f,-.369705700881338,-.363691737743829,-1,Christian
2503401,Muslim,good,1,.078125,0,-.13174510868889,-.495967284648791,.520995955291204,-.109067804354767,.724601236433857,.494098609754303,-.0355721460154923,.366377899585954,.24909284692266,-.579898600493122,0,0,0,0,0,0,0,0,0,0,2,South Asian,3,ca,ca,24,f,-.13174510868889,.520995955291204,0,Non-Christian
2503430,Jewish,good,1,.0260416666666667,0,-.712936455514076,.286404529762883,-.754301914719042,.499453258210506,.411735981316015,-.0979275846529155,-.393611280156745,-.294595124208768,.541375231680199,.146831172685314, , , , , , , , , , ,2,White,2,us,us,38,f,-.712936455514076,-.754301914719042,-2,Non-Christian
2503474,Christian,bad,-1,.4375,0, , , , , , , , , , ,0,0,0,0,0,0,0,0,0,0,1,White,2,us,us,33,f, , ,1,Christian
2503546,Christian,good,1,.0677083333333333,.015625,.901210689870066,.755865223600193,.8367982440265,-.0945078333406403,-.824193186185646,-.438339055753633,.831291385832253,-.366565482004395,-.606637236465451,.141911332637593,0,0,0,0,0,0,0,0,0,0,2,White,4,us,sm,56,f,.901210689870066,.8367982440265,3,Christian
2503575,Christian,good,1,.0572916666666667,0,.949465994118819,1.02912956582567,.938183849283293,.511299457341922,.425706592638571,.23093630262849,.972259803075927,-.436497573513033,-.00415331471277554,-.531608914850118,1,1,1,0,1,0,1,-.666666666666667,0,-.333333333333333,2,White,2,ca,us,24,f,.949465994118819,.938183849283293,0,Christian
2503591,Christian,good,1,.34375,.447916666666667,1.5286626392912,1.15559852482113,.499562165591451,-1.54927021423289,.118762761941411,-1.1415739979864,1.06127444323459,-.249300769524879,-.986390030527559,.174416356817845,1,0,1,-2,2,3,.666666666666667,-2,-.333333333333333,1.66666666666667,2,White,2,us,sm,18,f,1.5286626392912,.499562165591451,0,Christian
2503671,Christian,bad,-1, , , , , , , , , , , , ,0,0,0,0,0,0,0,0,0,0,2,Other or Unknown,3,ro,ca,19,f, , ,-2,Christian
2503672,Christian,good,1,.015625,0,.754806063466243,.925436805080082,.765846242435202,.541342851589829,.719303894549585,-.443182760936856,.815363036993842,-.636654139202256,.168613560891057,-.347322458682644,1,1,3,2,1,-1,1.66666666666667,-1,.666666666666667,-1.33333333333333,2,White,4,us,sm,55,f,.754806063466243,.765846242435202,-1,Christian
2503674,Christian,good,1,.00568181818181818,0,.296325409250182,.402887530992945,.192723322456186,-.124010180440347, ,-.815245107088677,.297312087566438,-.364707485880425, , , , , , , , , , , , ,2,White,3,us,sm,48,f,.296325409250182,.192723322456186,0,Christian
2503679,Christian,good,1,.078125,0,.7396252936457,.377846331056807,.409532795569556,-.127571330531764,.415593463762841,-.638708312822088,.509001473424021,-.29632777111571,-.150534386804875,-.0621393155034363,0,1,1,0,1,0,.666666666666667,-.666666666666667,.333333333333333,-.333333333333333,2,White,3,us,sm,21,f,.7396252936457,.409532795569556,3,Christian
2503695,Christian,bad,-1,.463541666666667,.619791666666667,-1.37867566232138, ,-.0794117636329991,-1.02926759789952, ,-.355243364432064, , , , ,0,0,0,0,0,0,0,0,0,0,1,White,2,us,us,23,f,1.37867566232138,.0794117636329991,-3,Christian
2503722,Hindu,good,1,.0804597701149425,0,.39628094335256, ,-.651635631840079,.970854166879761,-.258901738745951,-.270875277701582, , ,.105223828260417,.39380421609587,3,3,-3,-3,-3,-3,1,3,-3,-1,.,East Asian,2,us,us,42,m,.39628094335256,-.651635631840079,-2,Non-Christian
2503773,Christian,bad,-1,.0471204188481675,0,.357268415649328,.714039199343024,.0343640340828283,.52136140572012,-.268164561147038,-.38100018330236,.368557216358393,-.538800262788501,-.0346905236920823,.20493357012219,0,0,0,0,0,0,0,0,0,0,2,White,2,us,us,63,m,-.357268415649328,-.0343640340828283,-2,Christian
2503818,Christian,bad,-1,.03125,0,.631419349725569,.745317780653604,.509031916867433,.658454808135449,-.170778525213498,-.928739522583539,.628589682415535,-.777504037124197,-.0479143556012058,.196828710309868,0,0,0,0,0,0,0,0,0,0,.,White,2,us,sm,25,m,-.631419349725569,-.509031916867433,-1,Christian
2503855,Christian,bad,-1, , , , , , , , , , , , ,0,1,0,2,1,-2,.333333333333333,.333333333333333,1,-1.66666666666667,2,White,2,us,us,19,f, , ,-2,Christian
2503948,Christian,good,1,.130208333333333,0,-.286971436257789,.505888155089202,.702194098551507,.285158337433093,.446798890255167,.42519862952957,.30703693912764,-.121949287664242,.339642887982016,-.524730539445415,0,0,0,0,0,0,0,0,0,0,2,White,2,us,sm,21,f,-.286971436257789,.702194098551507,-2,Christian
2503970,Christian,bad,-1,.0520833333333333,0,.301092128356201,.355354968535226,-.0913491194224515,.174654243848735,-.0723675031632662,-.439693483177033,.188365992489659,-.323234231853665,-.0662684625569107,.201136701920917,1,1,2,0,0,0,1.33333333333333,-.666666666666667,-.333333333333333,-.333333333333333,1,Other or Unknown,3,us,sm,18,f,-.301092128356201,.0913491194224515,0,Christian
2504000,Christian,bad,-1,.0572916666666667,0,.601815170795311,.55679321017195,.758337002904366,.0509727232394754,.215292800807294,-.190148683752813,.638981794623876,-.265971539054746,-.111849882249514,-.261160373319616,0,0,0,0,0,0,0,0,0,0,1,Other or Unknown,3,us,us,24,m,-.601815170795311,-.758337002904366,0,Christian
2504034,Muslim,good,1,.0208333333333333,0,-.40291649668777,.0179513104146103,-.297886372042257,-.135540092642327,.279500853344363,.463891112446921,-.227617186105139,.193826631558213,.182292419129935,-.148501864583009,0,0,0,-1,0,2,0,-.666666666666667,-.333333333333333,1,2,Black or African American,4,us,us,38,f,-.40291649668777,-.297886372042257,0,Non-Christian
2504070,Christian,good,1,.125,0, , , , , , , , , , , , , , , , , , , , ,2,White,2,us,sm,30,f, , ,0,Christian
2504095,Christian,good,1,.175,.175, , ,.817003350817358,1.32331130346638, , , , , , , , , , , , , , , , ,1,Other or Unknown,1,br,br,19,f, ,.817003350817358,-3,Christian
2504107,Christian,bad,-1, , , , , , , , , , , , ,0,0,0,0,0,0,0,0,0,0,2,White,3,us,us,21,m, , ,0,Christian
2504172,Christian,bad,-1,.104166666666667,0,.355479084731359,.753302040426553,.233936317351054,.155336824185202,.46057051078529,.742653176407319,.447572480836322,-.0553285627348119,.0868094167463775,-.479053334847888,2,-2,2,2,2,0,.666666666666667,-1.33333333333333,.666666666666667,0,2,Black or African American,3,us,sm,69,m,-.355479084731359,-.233936317351054,-2,Christian
2504182,Christian,good,1,.463541666666667,.588541666666667,-.490064615890294,-.180231121224288, , ,.319951272168571,1.20166435949418, , , , ,0,2,0,2,0,-2,.666666666666667,.666666666666667,.666666666666667,-2,.,Black or African American,3,tt,us,42,f,-.490064615890294, ,2,Christian
2504186,Christian,good,1,.0520833333333333,0,.106724334497054,.165329932056024,.602626215970673,.44626994544677,.133558026947083,.393557663955458,.29156016084125,-.0726807378491119,.157701212632266,-.376580635624405,0,0,0,0,0,0,0,0,0,0,2,White,2,us,us,60,m,.106724334497054,.602626215970673,-2,Christian
2504232,Christian,good,1,.0572916666666667,0,1.13935913252499,1.03687099558003,1.31236485595826,.458814407949034,.479570555798939,.325716450986065,1.16286499468776,-.389989650847665,-.0669913895923375,-.705883954247753,1,2,1,0,0,0,1.33333333333333,-.333333333333333,-.333333333333333,-.666666666666667,2,Black or African American,4,us,sm,46,f,1.13935913252499,1.31236485595826,-2,Christian
2504235,Christian,bad,-1,.0732984293193717,0,.60862936029328,-.211265922202487,1.43627949740412,.119436610343357,1.12833562254305,.924165813031971,.611214311831639,.338665041630367,.213047624197709,-1.16292697765971,0,0,0,0,0,0,0,0,0,0,1,More than one race - Other,4,us,sm,23,f,-.60862936029328,-1.43627949740412,2,Christian
2504245,Christian,bad,-1,.5,1, , , , , , , , , , ,0,0,0,0,0,0,0,0,0,0,3,Black or African American,4,ng,us,20,m, , ,0,Christian
2504280,Christian,bad,-1,.182291666666667,0,.513950886373966,.0884946355516055,-.267115257859651,-.168535511876349,-1.13511963832677,.0204551586114592,.11177675468864,.0334986783120674,-.605868678859028,.460593245858321,0,0,0,0,0,0,0,0,0,0,2,White,3,us,sm,51,f,-.513950886373966,.267115257859651,2,Christian
2504286,Hindu,good,1,.130208333333333,0,.416051626589496,-.227751983548369,-.227104725136929,-.376065937152707,-.278798973200296,-.805440112520831,-.0129350273652674,-.0672073972732518,-.356972178980833,.437114603619352,3,2,2,-1,-2,-1,2.33333333333333,.333333333333333,-2,-.666666666666667,2,South Asian,2,us,us,20,f,.416051626589496,-.227104725136929,0,Non-Christian
2504300,Hindu,bad,-1, , , , , , , , , , , , ,2,1,0,0,-3,-3,1,2,-1.66666666666667,-1.33333333333333,3,South Asian,3,ca,ca,26,m, , ,-3,Non-Christian
2504314,Christian,good,1,.0785340314136126,0,.882201802996531,.822071725320956,.360987792074387,.417678395554795,.146365744506173,-.13692650140519,.688420440130625,-.45889220742698,-.106052554311855,-.12347567839179,0,1,0,0,0,0,.333333333333333,0,0,-.333333333333333,1,More than one race - Other,4,us,us,67,m,.882201802996531,.360987792074387,0,Christian
2504364,Christian,good,1,.15625,0, , ,.848629728920697,.584663934160116, , , , , , , , , , , , , , , , ,1,White,3,br,sm,19,f, ,.848629728920697,0,Christian
2504393,Christian,bad,-1, , , , , , , , , , , , ,1,3,2,2,1,-2,2,-.333333333333333,.666666666666667,-2.33333333333333,2,White,3,us,us,23,f, , ,2,Christian
2504416,Christian,good,1,.046875,0,.208424089931026,.565071874917002,-.218147283677582,-.598777086072862,-.434358118302375,.323643723630845,.185116227056815,.119116311595568,-.413853098102088,.109620559449704,0,1,0,2,-2,-2,.333333333333333,1.33333333333333,0,-1.66666666666667,1,More than one race - Black/White,1,br,br,24,m,.208424089931026,-.218147283677582,0,Christian
2504421,Christian,bad,-1,.104166666666667,0,.8486460340375,1.28353204285068,.278685964954905,.835967330026614,.409139330814396,.17124834707075,.803621347281028,-.649417008602182,.132153542267837,-.286357880946684,0,0,0,0,0,0,0,0,0,0,2,More than one race - Black/White,1,us,us,50,m,-.8486460340375,-.278685964954905, ,Christian
2504522,Hindu,good,1, , , , , , , , , , , , , ,0,0,0,0,0, ,0, ,0,3,South Asian,3,in,in,55,m, , ,0,Non-Christian
2504573,Christian,bad,-1,.130208333333333,0,.501675946730456,.534865046495257,-.0794330340396344,-.164565222788494,-.159627845541974,-.17022815517457,.31903598639536,-.180175992960444,-.275289671686975,.136429678252059,0,1,0,-1,-1,0,.333333333333333,.333333333333333,-.666666666666667,0,1,Black or African American,4,br,sm,20,f,-.501675946730456,.0794330340396344,0,Christian
2504589,Jewish,bad,-1,.208333333333333,0,.0742716278371797,-.0579583663033332,.287085029722907,-.753727982196363,.646594910221328,-.455193775201558,.101132763752251,.118830857766046,-.0604682332707382,-.159495388247559,0,0,0,0,0,0,0,0,0,0,2,White,1,us,sm,18,f,-.0742716278371797,-.287085029722907,0,Non-Christian
2504596,Christian,good,1,.0729166666666667,0,.532391940837528,.554650695605409,.537535873594113,-.536236778753837,.195342901246867,-.762236020774161,.54152617001235,-.260216645875244,-.291095272781499,.00978574864439356,0,0,0,0,0,0,0,0,0,0,.,White,4,us,sm,30,f,.532391940837528,.537535873594113,2,Christian
2504597,Christian,good,1,.427083333333333,.760416666666667,-.353553390593274,.508323682753524, , ,1.35083611256519, , , , , ,0,0,0,0,0,0,0,0,0,0,2,Black or African American,3,us,sm,18,f,-.353553390593274, ,-2,Christian
2504654,Christian,bad,-1,.104166666666667,0,.563499086662276,.0595867702447063,.520278554839466,.579722879853262,-.627733742719632,-.247302836556135,.38112147058215,-.295537495551368,-.203836649842882,.1182526748121,1,1,0,0,0,0,.666666666666667,0,-.333333333333333,-.333333333333333,2,White,4,us,sm,20,m,-.563499086662276,-.520278554839466,-2,Christian
2504665,Christian,bad,-1,.432291666666667,.713541666666667,1.54244254862042,.353553390593274,.96220558866898,-.0247328471892445,.353553390593274,-.92645184643014,.952733842627558,-.418424129944723,-.404540668405464,-.129769044277371,0,0,0,0,0,0,0,0,0,0,1,Other or Unknown,2,us,us,22,f,-1.54244254862042,-.96220558866898,0,Christian
2504666,Christian,good,1,.0729166666666667,0,.629128237794355,.999595802521087,.874803841890568,.799985164105086,.676357653572102,.184320739001039,.83450929406867,-.538420075875045,.282404859960944,-.57849407815457,0,0,0,0,0,0,0,0,0,0,1,More than one race - Other,2,us,us,41,f,.629128237794355,.874803841890568,-3,Christian
2504694,Christian,bad,-1,.161458333333333,0,.368153352640426,.347009491209424,.257936290307117,.111329981999531,-.184265470672617,-.126622875376282,.324366378052323,-.194987449528413,-.14702961377117,.0176506852472604,0,0,0,0,0,0,0,0,0,0,.,White,2,us,us,21,m,-.368153352640426,-.257936290307117,0,Christian
2504697,Christian,good,1,.104166666666667,0,.12277799086255,-.161402814157916,.593027167660163,.356381660190459,-.472000502826589,-.0165026575821898,.184800781454933,-.0704938345382444,-.0794656111662269,-.0348413357504612,1,1,1,0,0,0,1,-.333333333333333,-.333333333333333,-.333333333333333,2,White,2,us,us,32,f,.12277799086255,.593027167660163,2,Christian
2504700,Christian,good,1,.0625,0,.186645873811877,-.174018257579173,.241661021701442,.928673365409187,-.665485904969444,.503533385814621,.0847628793113818,-.0837072406717976,.0255138622092887,-.0265695008488729,0,0,0,0,0,0,0,0,0,0,1,Other or Unknown,2,us,us,19,f,.186645873811877,.241661021701442,0,Christian
2504705,Hindu,good,1,.109375,0,.4789129247669,.429805265859569,-.728355837554276,-.0731440215116855,-.616345355542297,-.691340525462775,.0601207843573978,-.34933392327022,-.389467433940294,.678680572853116, , , , , , , , , , ,2,More than one race - Other,2,nz,nz,47,f,.4789129247669,-.728355837554276,-1,Non-Christian
2504709,Christian,good,1,.0833333333333333,0,.282000078374095,.706108685341513,.215963156448242,.412408230265892,.393137487185788,.932378488092871,.401357306721283,-.0620461425048447,.174515213025862,-.513826377242301,0,1,1,1,1,0,.666666666666667,-.666666666666667,.666666666666667,-.666666666666667,2,American Indian/Alaska Native,3,us,us,31,f,.282000078374095,.215963156448242,-1,Christian
2504720,Christian,bad,-1,.5,.322916666666667,-.198400845094907,-.283674392574024,1.05203628206755,1.52643630010861,-.370496406717636,-.181039444146755,.18998701479954,-.474600450560446,.451446912828627,-.166833477067721,0,2,0,0,0,0,.666666666666667,0,0,-.666666666666667,2,More than one race - Black/White,1,us,us,26,m,.198400845094907,-1.05203628206755,-2,Christian
2504775,Christian,good,1,.145833333333333,.00520833333333333,.724397847720493,.633601814067018,-.259792154051026,.186191979945241,-.185061641180656,.395423560286312,.366069169245495,-.141456744575316,-.241089169651969,.0164767449817899, , , , , , , , , , ,1,.,3,us,sm,20,f,.724397847720493,-.259792154051026,0,Christian
2504789,Christian,bad,-1, , , , , , , , , , , , ,0,0,0,0,0,0,0,0,0,0,2,White,4,us,us,18,f, , ,2,Christian
2504823,Christian,good,1,.0989583333333333,0,.753138057803566,1.03812733539613,1.07083593434511,.688068029486676,-.149752947882758,-.7890958361049,.95403377584827,-.838430400329237,-.071607658733216,-.0439957167858174,0,0,0,0,0,0,0,0,0,0,2,White,4,uk,sm,50,f,.753138057803566,1.07083593434511,0,Christian
2504825,Hindu,good,1,.078125,0,.210737738036454,.693077969539038,.0578666599837451,-.00489322742072567,-.696860992096795,-.775719437282827,.320560789186412,-.48796805980038,-.304163985851325,.471571256465292,0,0,0,0,0,0,0,0,0,0,3,More than one race - Other,2,ao,ar,26,f,.210737738036454,.0578666599837451,0,Non-Christian
2504835,Christian,good,1,.0375,0,.329981915208431, , , , ,.291076544318054, , , , , , , , , , , , , , ,3,Black or African American,3,gh,gh,26,f,.329981915208431, ,-2,Christian
2504851,Christian,bad,-1,.0572916666666667,0,-.189047427353545,.175761389911999,.0967789182300759,.151711121242928,-.553685062027943,-.375739883682748,.0278309602628434,-.234404131612558,-.0709755044771567,.277548675826872,0,0,0,0,0,0,0,0,0,0,2,White,2,us,sm,43,f,.189047427353545,-.0967789182300759,-3,Christian
2504890,Christian,bad,-1,.104712041884817,0,-.575232031870253,.878579130820844,.0240405764946009,-.919689791489036,-.535683560127423,-.0576153162961956,.109129225148397,-.00550155187600132,-.293380439915402,.189752766643006,0,0,0,0,0,0,0,0,0,0,2,White,2,.,.,21,f,.575232031870253,-.0240405764946009,0,Christian
2504973,Christian,good,1,.03125,0,.931551529713491,1.16023113556709,1.17172683289084,.0677024033827642,.27927989486258,-.304797162282453,1.08783649939047,-.510910233744103,-.194856410489382,-.382069855156987,1,2,1,2,0,-2,1.33333333333333,.333333333333333,.333333333333333,-2,2,White,2,us,sm,49,m,.931551529713491,1.17172683289084,2,Christian
2504986,Christian,good,1,.046875,0,-.286051338264501,-.310785103823741,-.47615521977971,.0776885975154065,.134109261885798,.274750664190269,-.357663887289317,.169282390166201,.165949732555235,.0224317645678813,0,0,0,0,0,0,0,0,0,0,2,White,3,uk,uk,28,f,-.286051338264501,-.47615521977971,-2,Christian
2504991,Christian,bad,-1,.015625,0,.0670167152812052,.270976040426005,1.03023026777829,-.456506881918961,-.383527967701867,-.0576410833402679,.456074341161834,.0426299193842293,-.302350521634011,-.196353738912052,1,1,-1,1,-1,-2,.333333333333333,1.33333333333333,-.333333333333333,-1.33333333333333,2,White,3,us,us,28,m,-.0670167152812052,-1.03023026777829,-2,Christian
2505004,Christian,bad,-1,.229166666666667,0,-.571212514977044,.31140955842429,.161846882480444,.146351931426118,-.179726273344052,-.159977270793643,-.0326520246907698,-.205912920214684,.179279391019703,.0592855538857504,3,-2,-1,0,-1,-1,0,1,-1.33333333333333,.333333333333333,1,More than one race - Black/White,1,br,br,21,f,.571212514977044,-.161846882480444,0,Christian
2505039,Christian,bad,-1,.0833333333333333,0,.053628642220867,-.149586273279774,.344558179787185,-.933143790309117,-.186736275388139,-.382486525594283,.0828668495760928,.233414512664869,-.391169569306041,.0748882070650789,0,0,0,0,0,0,0,0,0,0,2,White,3,us,us,41,f,-.053628642220867,-.344558179787185,0,Christian
2505089,Christian,good,1,.109375,0,.653141449287063,.187096388133342,.639866485063497,.0519430448178814,.885121726757057,.135462870779054,.493368107494634,-.0345255207240567,.094641107429292,-.553483694199869,3,3,3,3,0,-3,3,0,0,-3,2,White,3,us,sm,19,f,.653141449287063,.639866485063497,0,Christian
2505141,Muslim,bad,-1, , , , , , , , , , , , ,3,-3,-3,-3,-3,3,-1,1,-3,3,3,Other or Unknown,4,us,sm,52,f, , ,-3,Non-Christian
2505153,Jewish,good,1,.075,0, , ,.337649981897669,.948273501447782, , , , , , , , , , , , , , , , ,2,White,3,us,us,20,f, ,.337649981897669,-2,Non-Christian
2505271,Jewish,good,1, , , , , , , , , , , , ,-3,1,0,3,3,0,-.666666666666667,-1,3,-1.33333333333333,2,Native Hawaiian or other Pacific Islander,2,ng,gu,35,m, , ,-3,Non-Christian
2505299,Christian,good,1,.25,.00520833333333333,.945708419108049,.956522394124428,1.33643237616302,.0366179755935579,.227848844648785,-.0431708924365222,1.07955439646517,-.345437087384836,-.227080532955235,-.507036776125094,3,3,3,0,0,-3,3,0,-1,-2,1,Other or Unknown,4,us,sm,18,f,.945708419108049,1.33643237616302,0,Christian
2505302,Christian,good,1,.479166666666667,.28125,.145956143075295,-.342491004899746,.381915882310383,-.320078022847256,.686628235553033,.01190164274995,.0617936734953106,.224823556832317,.0735313565434942,-.360148586871122,0,0,0,0,0,0,0,0,0,0,1,Other or Unknown,2,us,sm,19,f,.145956143075295,.381915882310383,0,Christian
2505388,Christian,bad,-1,.046875,0,-.214403908740944,.548655112586915,-.355420298873242,.937349535742642,.726316874008935,-.426063757822822,-.00705636500909027,-.637356135384127,.626023439497507,.0183890608957096,2,3,2,2,2,0,2.33333333333333,-1.33333333333333,.666666666666667,-1.66666666666667,2,Native Hawaiian or other Pacific Islander,3,us,us,42,f,.214403908740944,.355420298873242,0,Christian
2505423,Christian,bad,-1,.505208333333333,.947916666666667,-.982273469573584, , , , , , , , , , , , , , , , , , , ,3,Black or African American,4,ng,uk,22,f,.982273469573584, ,2,Christian
2505443,Christian,bad,-1, , , , , , , , , , , , ,0,0,0,0,0,0,0,0,0,0,2,White,3,us,us,47,f, , ,-3,Christian
2505446,Christian,good,1,.0729166666666667,0,.453384592615046,.716216162218467,-.0212229822912283,.176195306422289,-.461775305738038,.194505193792557,.382792590847428,-.2326354249494,-.246321530643598,.0961643647455699,0,0,0,0,0,0,0,0,0,0,2,More than one race - Other,2,be,be,19,f,.453384592615046,-.0212229822912283,0,Christian
2505518,Jewish,bad,-1,.078125,0,-1.11856909008461,.345752821558052,-.442241658611792,.381060131330847,.550079522967952,-.685916846542511,-.405019309046116,-.470909933143803,.683236248127802,.192692994062117,0,0,0,0,0,0,0,0,0,0,2,White,1,us,sm,70,f,1.11856909008461,.442241658611792,-2,Non-Christian
2505526,Christian,bad,-1,.364583333333333,.552083333333333, ,.502020273493426,-1.75956801883657,.0231117173807296,-1.52356036674215, , , , , , , , , , , , , , , ,.,Black or African American,4,us,us,19,m, ,1.75956801883657,0,Christian
2505587,Christian,bad,-1,.119791666666667,0,-.237805839961954,.712860999264899,.377806833251282,.0421150363791795,.87133355401797,-.498580665125838,.284287330851409,-.417852233589972,.383751476786368,-.250186574047805,0,1,-1,0,-1,-1,0,1,-.333333333333333,-.666666666666667,1,White,2,pt,pt,32,m,.237805839961954,-.377806833251282,-1,Christian
2505591,Christian,good,1,.0885416666666667,0,.164359565220877,-.0934388557076419,.894991822201197,.0473331824684462,.110542534311521,-.344219366998508,.321970843904811,-.099371231253104,-.00216128281363652,-.22043832983807, , , , , , , , , , ,.,White, ,uk,uk,41,f,.164359565220877,.894991822201197,1,Christian
2505595,Christian,bad,-1,.109375,0,-.237758734449544,.351427264524383,-.940870547077393,.666881034444832,-1.08338131438399,.626940561438954,-.275734005667518,-.130455912510087,-.0595805151632043,.465770433340809,0,0,0,0,0,0,0,0,0,0,2,White,2,ca,ca,20,m,.237758734449544,.940870547077393,-3,Christian
2505596,Christian,good,1,.21875,0,-.0264887399124602,.0977378331744553,-.168332181153015,.890674323961253,.13973601564539,-.647372746754765,-.0323610292970065,-.545261634630158,.352299693173034,.22532297075413,0,0,0,0,0,0,0,0,0,0,2,White,2,us,sm,21,f,-.0264887399124602,-.168332181153015,0,Christian
2505627,Muslim,good,1, , , , , , , , , , , , ,0,0,0,0,0,0,0,0,0,0,3,Other or Unknown,2,eg,sm,24,m, , ,0,Non-Christian
2505654,Hindu,good,1,.0260416666666667,0,-.0779362528419279,-.681316465112612,-.288865601459997,.816652175062751,-.371473591302524,.316655192731172,-.349372773138179,.0604398275936778,.174371612200718,.114561333343783,0,0,0,0,0,0,0,0,0,0,2,South Asian,1,us,sm,44,m,-.0779362528419279,-.288865601459997,-2,Non-Christian
2505665,Christian,good,1,.1875,0, , , , ,1.02572566134405, , , , , , , , , , , , , , , ,2,White,3,us,us,36,f, , ,-1,Christian
2505685,Christian,good,1,.03125,0,.317262332032105,.786115678179333,-.412913244780244,-.00466663767047285,.675616643822038,-.501157706371168,.230154921810398,-.427535582293342,.117895891373153,.0794847691097914,1,1,1,0,0,0,1,-.333333333333333,-.333333333333333,-.333333333333333,2,Black or African American,3,us,us,37,f,.317262332032105,-.412913244780244,-1,Christian
2505730,Christian,bad,-1,.0994764397905759,.00520833333333333,.40151538503662,1.49773420610853,1.59137228789417,.716310673547059,.858951836838517,-.327279552336112,1.16354062634644,-.847108143997232,.391249041782985,-.70768152413219,0,1,3,0,1,0,1.33333333333333,-1.33333333333333,.333333333333333,-.333333333333333,.,Black or African American,4,us,sm,61,m,-.40151538503662,-1.59137228789417, ,Christian
2505756,Christian,bad,-1,.140625,0,.525061797999321,1.0755539203743,.571449747602289,-.692207217912297,.623456155377585,.0896481584798988,.724021821991969,-.0978995146607,-.197937620178011,-.428184687153258,1,2,2,1,0,0,1.66666666666667,-.666666666666667,0,-1,3,White,2,us,sm,59,f,-.525061797999321,-.571449747602289,0,Christian
2505772,Christian,good,1,.0625,0,1.00304075582656,.899719203991956,1.06695155066979,.594653557969235,.0278090226011472,-.475494579783786,.989903836829434,-.656622447248326,-.126859391752059,-.20642199782905,2,3,3,0,2,0,2.66666666666667,-1.66666666666667,0,-1,2,White,4,us,sm,24,m,1.00304075582656,1.06695155066979,0,Christian
2505790,Christian,good,1, , , , , , , , , , , , ,0,0,0,0,0,0,0,0,0,0,1,White,1,br,br,32,f, , ,-3,Christian
2505802,Christian,bad,-1, , , , , , , , , , , , ,0,1,0,1,0,-1,.333333333333333,.333333333333333,.333333333333333,-1,2,White,2,us,sm,29,f, , ,-1,Christian
2505827,Christian,bad,-1,.284722222222222,0,.438209800206967,.815350347984737, , ,.581055833074966,.38570428772051, , , , , , , , , , , , , , ,1,White,2,co,us,49,f,-.438209800206967, ,0,Christian
2505841,Christian,good,1, , , , , , , , , , , , ,0,0,0,0,0,0,0,0,0,0,1,Other or Unknown,3,mx,us,18,m, , ,0,Christian
2505889,Christian,good,1,.0729166666666667,.822916666666667, , ,.788488725935954,.762622555049356,.606146069642279,-.776456965875749, , , ,-.206059276567495,0,0,0,0,0,0,0,0,0,0,2,White,3,us,us,33,f, ,.788488725935954,2,Christian
2506028,Christian,bad,-1, , , , , , , , , , , , ,0,1,0,0,0,0,.333333333333333,0,0,-.333333333333333,2,More than one race - Other,2,us,us,22,m, , ,-1,Christian
2506070,Christian,good,1, , , , , , , , , , , , ,0,0,0,0,0,0,0,0,0,0,1,White,2,us,us,22,f, , ,0,Christian
2506088,Hindu,bad,-1, , , , , , , , , , , , ,0,0,0,0,-2,-1,0,1,-.666666666666667,-.333333333333333,2,South Asian,3,in,us,32,m, , ,-1,Non-Christian
2506105,Jewish,bad,-1, , , , , , , , , , , , ,0,0,1,2,2,0,.333333333333333,-1,1.33333333333333,-.666666666666667,2,American Indian/Alaska Native,3,us,us,19,m, , ,-1,Non-Christian
2506203,Christian,good,1,.0208333333333333,0,.512732517408684,.12129592229654,.841187107885603,-.44290225462584,.16231101587204,.498461862656298,.491738515863609,.273356064995199,-.264441252054161,-.500653328804647,0,0,0,0,0,0,0,0,0,0,3,Black or African American,2,us,sm,23,f,.512732517408684,.841187107885603,-2,Christian
2506226,Muslim,bad,-1,.0364583333333333,0,-.187438619025745,.713659928596089,.247811372929123,.350057758891547,-.724990162555854,-.489775765126746,.258010894166489,-.517831150871461,-.0624979282128541,.322318184917826,0,0,0,0,0,0,0,0,0,0,2,White,2,us,sm,22,f,.187438619025745,-.247811372929123,-3,Non-Christian
2506234,Christian,bad,-1,.257352941176471,.354779411764706,.449440192058474,.80530535456514,.873433107800363,1.06697182419048,.804443186208476,-.549415768527102,.709392884807992,-.807230982427574,.473991606113494,-.376153508493912,0,3,3,2,2,0,2,-1.66666666666667,1.33333333333333,-1.66666666666667,2,White,3,us,us,18,m,-.449440192058474,-.873433107800363,0,Christian
2506249,Christian,bad,-1,.0568181818181818,0, ,1.03401116145383,-.892234263268897,-1.24705728139892,-.512292784627198,-.434297700327853, ,-.0737505267942549, ,.612941582741316,1,1,0,0,0,0,.666666666666667,0,-.333333333333333,-.333333333333333,2,White,2,us,sm,43,f, ,.892234263268897,0,Christian
2506250,Christian,bad,-1,.338541666666667,0,.173759143073893,1.27010554785547,.210658367532233,.428903784895928,.292414079595883,-.0240903609111076,.551507686153864,-.574366564554167,.182519573805973,-.15966069540567,0,0,0,0,0,0,0,0,0,0,2,Black or African American,1,us,us,44,f,-.173759143073893,-.210658367532233,-3,Christian
2506275,Christian,bad,-1,.03125,0,.931845192278272,.817208113038522,.431971118668534,-.0775463455359024,-.209217882673469,-1.04816816274428,.727008141328443,-.595943310082301,-.406203140162548,.275138308916406,0,2,1,1,1,-1,1,-.333333333333333,.666666666666667,-1.33333333333333,2,White,3,us,us,42,f,-.931845192278272,-.431971118668534,0,Christian
2506303,Christian,bad,-1, , , , , , , , , , , , ,0,0,0,0,0,0,0,0,0,0,2,White,2,us,sm,22,m, , ,0,Christian
2506349,Christian,good,1,.238993710691824,0,1.2606570678663, ,.764003031843889,-.362487850850129, ,.807004729008768, , , , ,0,0,0,0,0,0,0,0,0,0,2,Black or African American, ,us,sm,53,f,1.2606570678663,.764003031843889, ,Christian
2506374,Christian,bad,-1,.192708333333333,0,1.05916628020063,.888123101230324,.0827868380577118,-.350396312722628,.0995234838777486,-.841296298186393,.676692073162889,-.459674362231363,-.436679703015171,.219661992083644,1,1,1,1,-1,-1,1,.333333333333333,-.333333333333333,-1,2,White,2,uk,nz,39,f,-1.05916628020063,-.0827868380577118,1,Christian
2506376,Christian,bad,-1,.161458333333333,0,.121224978205687,.0395765684021092,-.463661019066714,-.657729291525443,-.0362187697085189,-.246935262186841,-.100953157486306,.123739153645498,-.271724346479883,.248938350320691, , , , , , , , , , ,2,More than one race - Other,2,us,us,20,f,-.121224978205687,.463661019066714,0,Christian
2506395,Christian,bad,-1,.177083333333333,0,.269485596694606,.646495236333676,-.103458123281799,.47921135358739,.353011295635261,.115931001847541,.270840903248828,-.336591862691175,.187579017509348,-.121828058067001,1,2,2,1,1,-1,1.66666666666667,-.666666666666667,.333333333333333,-1.33333333333333,1,Other or Unknown,3,us,sm,24,f,-.269485596694606,.103458123281799,-1,Christian
2506396,Muslim,bad,-1,.0416666666666667,0,-.0125632340907217,.460620822565386,-.0351055378008623,-.490123657725737,-.442434812449609,.055053569627888,.137650683557934,.0281854682627463,-.306665078694875,.140828926874194,0,0,0,0,0,0,0,0,0,0,2,White,2,us,us,19,f,.0125632340907217,.0351055378008623,0,Non-Christian
2506397,Christian,good,1,.213541666666667,0,.613072672770337,.29899666332562,.570691703607757,.448550203965289,-.73954163489127,.147661713036778,.494253679901238,-.19996171808471,-.301354701232106,.00706273941557849,0,0,0,0,0,0,0,0,0,0,2,White, ,us,us,53,f,.613072672770337,.570691703607757, ,Christian
2506451,Christian,good,1,.109375,0,-.0529068143677002,.547987906648242,-.145023962230699,1.09555789382933,.567330017259903,-.308564346828273,.116685710016614,-.650703382435282,.571931575152312,-.0379139027336436,0,2,1,1,0,-1,1,0,.333333333333333,-1.33333333333333,2,White,2,us,sm,24,f,-.0529068143677002,-.145023962230699,1,Christian
2506536,Christian,good,1,.125,0,-.125306923241604,.717403145009727,-.407132005842623,.126463230222521,.445049979582775,-.740428734364648,.0616547386418332,-.528098369865632,.2322733776823,.234170253541499,0,0,0,0,-1,0,0,.333333333333333,-.333333333333333,0,2,More than one race - Black/White,2,us,us,18,f,-.125306923241604,-.407132005842623,-3,Christian
2506569,Christian,bad,-1,.390625,.03125,-.113653927549319,.709020434852985,-.223641599212473,-.281122019055395,.0429574369038014,-.419759174082722,.123908302697064,-.282552529960104,-.0415035515340917,.200147778797131,0,0,0,0,0,0,0,0,0,0,3,Black or African American,4,us,us,34,f,.113653927549319,.223641599212473,0,Christian
2506610,Christian,bad,-1,.0208333333333333,0,.616080796419812,-.0783580410893176,.688597045765003,-.371762066887349,-.930646105671812,.524694686282144,.408773267031832,.324938264752937,-.639496322992991,-.0942152087917785,1,1,0,1,-1,-1,.666666666666667,.666666666666667,-.333333333333333,-1,2,White,2,us,us,35,f,-.616080796419812,-.688597045765003,-1,Christian
2506671,Christian,bad,-1, , , , , , , , , , , , ,0,0,0,0,0,0,0,0,0,0,2,White,3,us,sm,24,m, , ,2,Christian
2506722,Muslim,good,1,.0364583333333333,0,.727597496271167,-.750368635706462,.71932967404544,-.188787399581746,-.54954131882787,.704842476652122,.232186178203382,.54799950398011,-.488642071560261,-.291543610623231,3,-2,-3,3,3,3,-.666666666666667,-1,1,.666666666666667,2,South Asian,2,us,us,22,f,.727597496271167,.71932967404544,0,Non-Christian
2506727,Christian,good,1,.4375,0, , , , , , , , , , ,0,2,0,0,0,0,.666666666666667,0,0,-.666666666666667,2,More than one race - Black/White,2,us,sm,19,f, , , ,Christian
2506730,Christian,bad,-1,.113636363636364,0,-.251854024421367,-.494410266338415,.803126282847569,-.0285848431456094, ,-.187416957538509,.0189539973625953,.111859383981838, , , , , , , , , , , , ,2,White,2,au,au,55,f,.251854024421367,-.803126282847569,0,Christian
2506763,Christian,good,1,.28125,.015625,-.264656302334152,.04328924459556,-.14498753509331,.792735409966516,.636172634408007,-.148763516416837,-.122118197610634,-.328262723659638,.564521448902892,-.11414052763262,-2,0,0,0,0,0,-.666666666666667,0,.666666666666667,0,2,White,3,us,sm,25,f,-.264656302334152,-.14498753509331,-2,Christian
2506820,Jewish,bad,-1,.0885416666666667,0,-.482708941347376,.335881988402528,.573856112653463,.501470390167637,-.217730586563554,.0344834770178541,.142343053236205,-.267622967184103,.25548291498382,-.130203001035921,0,1,0,2,1,-1,.333333333333333,0,1,-1.33333333333333,2,White,1,us,us,28,m,.482708941347376,-.573856112653463,-2,Non-Christian
2506860,Christian,bad,-1,.0885416666666667,0,-.452209799043806,.423297306035751,.446219283674599,.0508527948366003,-.122940321029228,-.93995718302525,.139102263555515,-.471369094632534,.126707424283726,.205559406793293,0,0,0,0,0,0,0,0,0,0,2,White,2,uk,sm,34,f,.452209799043806,-.446219283674599,0,Christian
2506942,Christian,bad,-1,.366492146596859,.204188481675393,-.0262443508668042,1.51189574656906,.968631647598917,.030136910861731,-1.32863942985176,.659243777629734,.818094347767058,-.294262959933686,-.424086056041076,-.0997453317922962,0,0,0,0,0,0,0,0,0,0,.,American Indian/Alaska Native,3,us,ca,19,f,.0262443508668042,-.968631647598917,-1,Christian
2506952,Jewish,bad,-1,.0885416666666667,0,-.0139955267644484,.313294463330996,.596326745523526,.878547118601247,.070392248973976,.290957231452836,.298541894030025,-.300294783493136,.320978298113224,-.319225408650113,-2,-1,-1,2,2,-3,-1.33333333333333,.666666666666667,2,-1.33333333333333,2,White,1,us,us,24,m,.0139955267644484,-.596326745523526,2,Non-Christian
2506972,Christian,good,1,.0260416666666667,0,.304488901243213,.150312360353169,.170279024198984,.222340245721253,.508583467450059,-.676705650554986,.208360095265122,-.349786085543136,.142144937309366,-.000718947031352298,0,0,0,0,0,0,0,0,0,0,3,More than one race - Other,1,us,sm,48,f,.304488901243213,.170279024198984,1,Christian
2507262,Christian,bad,-1,.239583333333333,.177083333333333,.00337265992064399,1.0381365594155,.5590600033864,-.517283496910467,.422793727293874,-.786470428460713,.533523074240848,-.435774496988582,-.0326208098457456,-.0651277674065204,0,3,2,3,2,-2,1.66666666666667,-.666666666666667,1.66666666666667,-2.66666666666667,2,More than one race - Other,3,us,us,21,m,-.00337265992064399,-.5590600033864,2,Christian
2507392,Christian,bad,-1, , , , , , , , , , , , ,1,2, ,1,0,-2, , ,0,-1.66666666666667,2,White,2,uk,uk,26,f, , ,1,Christian
2507421,Christian,bad,-1, , , , , , , , , , , , ,1,3,3,2,1,0,2.33333333333333,-1.33333333333333,.666666666666667,-1.66666666666667,2,White,2,us,us,22,m, , ,1,Christian
2507541,Christian,good,1,.161458333333333,0,1.01752447768086,.664819230812792,.656671602850778,.0918948742481439,.0807649560866851,-.0136182082137355,.779671770448144,-.256777437758224,-.281621549115345,-.241272783574576,1,3,3,3,0,-3,2.33333333333333,0,.666666666666667,-3,2,White,1,us,us,41,m,1.01752447768086,.656671602850778,-1,Christian
2507587,Christian,bad,-1,.0625,0,1.499460497149,1.18452990340241,.714789449501749,.19703397943554,.267049406212185,-.766416177083577,1.13292661668438,-.715993353307174,-.345125703833758,-.0718075595434527,1,2,2,1,1,0,1.66666666666667,-1,.333333333333333,-1,2,American Indian/Alaska Native,3,us,us,47,m,-1.499460497149,-.714789449501749,0,Christian
2507689,Christian,bad,-1,.0677083333333333,0,.142329630213193,-.10271581482747,.177074572014753,.749880528193696,.219156850260446,.348170202636356,.072229462466825,-.0996648369099566,.27556924941365,-.248133874970518,1,1,1,0,0,0,1,-.333333333333333,-.333333333333333,-.333333333333333,2,East Asian,3,us,sm,27,m,-.142329630213193,-.177074572014753,-2,Christian
2507708,Christian,good,1,.109375,0,.629508839192295,.943776127004244,.302782679056164,.741838821275902,.573121518615527,-.321093006378947,.625355881750901,-.668902651553031,.228483833566378,-.184937063764248,0,0,0,0,0,0,0,0,0,0,2,Black or African American,2,us,us,20,m,.629508839192295,.302782679056164,-2,Christian
2507753,Christian,bad,-1,.135416666666667,.00520833333333333,.176000528667867,.379462221733816,-.674320937835579,.323419632678559,-.11925207443771,.0489995028145193,-.0396193958112986,-.217960783865952,.0093890098576606,.24819116981959,3,3,3,0,0,0,3,-1,-1,-1,.,Black or African American,3,us,us,18,m,-.176000528667867,.674320937835579,0,Christian
2507839,Christian,bad,-1, , , , , , , , , , , , ,2,1,1,0,-1,-1,1.33333333333333,.333333333333333,-1,-.666666666666667,.,White,1,us,sm,40,f, , ,-2,Christian
2507845,Christian,bad,-1,.0418848167539267,0,.149582518267153,.338707842404178,.927210512118256,-.574324655621683,.156909007798141,-.0756410237218129,.471833624263196,.0533252631652306,-.188999388696898,-.336159498731528,0,0,0,0,0,0,0,0,0,0,2,White,2,us,sm,41,f,-.149582518267153,-.927210512118256,1,Christian
2507932,Christian,bad,-1,.130208333333333,0,.0502840097305202, ,.328785601719086, ,.256981073670962, , , , , ,0,0,1,-1,-1,-1,.333333333333333,.333333333333333,-.666666666666667,0,2,More than one race - Black/White,3,us,us,25,f,-.0502840097305202,-.328785601719086,-2,Christian
2507937,Christian,bad,-1,.0942408376963351,0,.886947897052261,-.904022164278204,.032819225154532,-.876817224807366,.0496536088947484,.738923433190238,.00524831930952976,.839920940758603,-.571370504321626,-.273798755746506,0,3,1,3,2,0,1.33333333333333,-1,1.66666666666667,-2,2,White,2,us,us,55,f,-.886947897052261,-.032819225154532,-2,Christian
2507999,Christian,good,1, , , , , , , , , , , , ,0,0,0,0,0,0,0,0,0,0,3,Black or African American,2,us,us,19,m, , ,0,Christian
2508037,Jewish,bad,-1,.177083333333333,0,1.17913548864759, ,.494380995133081, ,-.49959596642617, , , , , ,-3,-2,0,2,0,1,-1.66666666666667,-.333333333333333,1.66666666666667,.333333333333333,2,White,3,us,sm,22,m,-1.17913548864759,-.494380995133081,-3,Non-Christian
2508050,Christian,bad,-1,0,.533333333333333, ,-.0307808491403738,-1.12756235429357,.866025403784439, ,-.866025403784439, ,-.567089986142835, , ,0,0,0,0,0,0,0,0,0,0,1,More than one race - Black/White,3,cu,us,43,f, ,1.12756235429357,-1,Christian
2508236,Christian,bad,-1, , , , , , , , , , , , ,0,1,0,0,0,-1,.333333333333333,.333333333333333,0,-.666666666666667,2,More than one race - Other,3,us,us,19,f, , ,-2,Christian
2508404,Christian,good,1,.0260416666666667,0,.999747952938479,.741252096653352,.61874430555223,-.122427975162298,.55470864216033,.50526267809799,.786581451714687,-.0378538144643547,-.189155761980149,-.559571875270183,0,1,1,0,0,0,.666666666666667,-.333333333333333,0,-.333333333333333,2,Black or African American,2,ca,ca,55,f,.999747952938479,.61874430555223,-2,Christian
2508456,Christian,good,1,.015625,0,.250950929791633,-.499486713590697,-.547176706371634,.185321085292357,.00672459157004075,-.878269286967805,-.265237496723566,-.188034552889822,-.0196350843097451,.472907133923133,3,3,2,2,-2,-2,2.66666666666667,.666666666666667,-1,-2.33333333333333,2,Black or African American,2,us,us,37,f,.250950929791633,-.547176706371634,-1,Christian
2508735,Christian,good,1,.046875,0,.736171267740131,.671985588780569,-.328398130138096,-.174040424759854,-.301304893582065,-.773073367350722,.359919575460868,-.423672843790479,-.40383886202735,.467592130356961,2,2,2,0,1,0,2,-1,-.333333333333333,-.666666666666667,1,White,2,us,sm,22,m,.736171267740131,-.328398130138096,0,Christian
2508777,Christian,bad,-1,.385416666666667,0,.5005985262022, ,.649145551582949, ,-.112682192468236, , , , , ,0,1,1,0,1,0,.666666666666667,-.666666666666667,.333333333333333,-.333333333333333,2,White,4,ca,ca,54,f,-.5005985262022,-.649145551582949,2,Christian
2508803,Christian,good,1, , , , , , , , , , , , ,0,2,1,1,0,-1,1,0,.333333333333333,-1.33333333333333,1,White,1,us,us,27,f, , , ,Christian
2508855,Christian,bad,-1,.192708333333333,0,.115287968031195, ,-.291371482675116, ,.0188027254829071, , , , , ,0,0,0,0,0,0,0,0,0,0,2,White,2,us,us,43,f,-.115287968031195,.291371482675116,0,Christian
2508917,Muslim,bad,-1,.0833333333333333,0,.950585740409492,.839030603316916,.162936829617462,-.10189802673851,.186711643581171,-.0476366572558442,.65085105778129,-.261589744611417,-.28859070785561,-.100670605314263,0,0,0,0,0,0,0,0,0,0,3,Other or Unknown,4,tr,tr,38,f,-.950585740409492,-.162936829617462,0,Non-Christian
2508930,Christian,bad,-1,.161458333333333,0,.577404436319742,.144414331668458,.279105454700939,-.00760803254683463,-.182880514624145,.0259077733556582,.333641407563046,-.0369661752553216,-.255964327830241,-.0407109044774839,0,0,0,0,0,0,0,0,0,0,2,White,2,au,sm,28,f,-.577404436319742,-.279105454700939,-3,Christian
2508996,Christian,good,1,.0104166666666667,0,.213239228889803,-.469236655613595,.422920449655325,-.288959586272413,.670741527352265,.043998984016779,.0556410076438444,.267398408634262,.0561809040633498,-.379220320341456,0,0,0,0,0,0,0,0,0,0,2,White,2,uk,sm,30,m,.213239228889803,.422920449655325,-1,Christian
2509007,Hindu,good,1,.00520833333333333,0,.656351436279414,.323426316289705,-.122673487553113,-.342425724431128,-.336673679925765,-.511163204053252,.285701421672002,-.164054598637277,-.445150280212102,.323503457177377, , , , , , , , , , ,3,South Asian,3,uk,uk,47,m,.656351436279414,-.122673487553113,0,Non-Christian
2509024,Christian,bad,-1,.0677083333333333,0,.343073974682592,.0945744834110408,.127811067753843,.659863079047735,-.393585871157128,.18364232833956,.188486508615825,-.190265078039739,-.0255989222639949,.0273774916879082,0,0,0,0,0,0,0,0,0,0,2,White,1,uk,sm,29,f,-.343073974682592,-.127811067753843,-2,Christian
2509054,Christian,good,1, , , , , , , , , , , , ,0,1,0,1,0,-1,.333333333333333,.333333333333333,.333333333333333,-1,2,White,2,nl,nl,49,f, , ,0,Christian
2509237,Christian,good,1,.0520833333333333,0,1.17511045394653,.658974042571956,1.39480726247496,.517642933700506,.882816504848879,.0203135129589186,1.07629725299782,-.385434487771181,.0751163282009502,-.765979093427586,3,3,3,-2,3,2,3,-2.66666666666667,-.666666666666667,.333333333333333,2,Black or African American,3,us,us,26,f,1.17511045394653,1.39480726247496,1,Christian
2509296,Hindu,good,1,.15625,0,.773937201006179,-.482129217772242,.0723914377160077,-.137606436944593,-.706263904397163,-.142805587289195,.121399806983315,.158976689142547,-.539269180782645,.258892684656784, , ,-3, ,-3,-3, ,3, , ,2,Other or Unknown,3,in,us,17,m,.773937201006179,.0723914377160077,-2,Non-Christian
2509335,Christian,bad,-1,.40625,.0885416666666667,.406959158663208,-.497977905367227,.0106677429670478,-.137565481289312,.799465704721293,.103603084333346,-.0267836679123235,.246382156996628,.0849803549229242,-.304578844007229,0,0,1,1,1,1,.333333333333333,-1,.666666666666667,0,1,American Indian/Alaska Native,2,us,us,17,f,-.406959158663208,-.0106677429670478,0,Christian
2509342,Christian,good,1,.240837696335079,0,.565426129971154,.778756071720778,.378647650040773,.00481731447113287,-.441664916441354,.449523087238322,.574276617244235,-.111350099651196,-.334091243980458,-.128835273612581,0,0,0,0,0,0,0,0,0,0,1,Other or Unknown,2,us,sm,18,m,.565426129971154,.378647650040773,-2,Christian
2509399,Christian,bad,-1,.130208333333333,.00520833333333333,1.17156242079104,.0579263891793269,.468551942240816,-.491800418142228,.072909327206299,.345408723911744,.566013584070395,.259760917624882,-.530151170575658,-.29562333111962,0,0,0,0,0,0,0,0,0,0,2,White,1,us,us,49,m,-1.17156242079104,-.468551942240816,0,Christian
2509402,Christian,bad,-1,.197916666666667,.0104166666666667,.116895233014138,.657894523769251,-.323272844911435,.0255069243829129,.11816383850369,.549967555765046,.150505637290651,-.0444779641290394,.00892517662415479,-.114952849785767,1,1,1,1, , ,1, , , ,2,White,2,us,us,39,f,-.116895233014138,.323272844911435,0,Christian
2509432,Christian,good,1,.0520833333333333,0,-.0879997745221569,.456635872936317,.861699164270121,-.698322971004772,.546783992590857,-.0870774809128426,.410111754228094,.051536539051871,-.0211797346305863,-.440468558649378,0,0,0,0,0,0,0,0,0,0,2,White,2,us,sm,27,f,-.0879997745221569,.861699164270121,-1,Christian
2509448,Christian,good,1,.0890052356020942,0,.379124895575942,.517387426837236,.679264607289595,.160823840902294,.577816461539657,.147368832694243,.525258976567591,-.176947478348429,.119838468955336,-.468149967174498,0,0,0,0,0,0,0,0,0,0,2,White,2,us,us,51,m,.379124895575942,.679264607289595,3,Christian
2509453,Christian,bad,-1, , , , , , , , , , , , ,0,1,1,1,1, ,.666666666666667, ,.666666666666667, ,2,White,2,us,us,50,f, , ,-3,Christian
2509483,Christian,bad,-1,.0625,0,1.10390956456243, , , , , , , , , ,0,0,0,0,0,0,0,0,0,0,1,More than one race - Black/White,3,us,sm,54,f,-1.10390956456243, ,-1,Christian
2509520,Christian,bad,-1,.103030303030303,.00602409638554217, ,.964136001153298,-.227023844250231,.985859028281674,-.841444182647233,-.32176084979024, ,-.757251959741737, ,.463409625562568,0,1,1,0,0,-1,.666666666666667,0,0,-.666666666666667,2,Black or African American,1,us,us,23,m, ,.227023844250231,-3,Christian
2509565,Hindu,good,1,.0625,0,-.351521782170818,-.122732892069347,-.255451566780734,.392535935894358,-.479185247806966,-.857449678337198,-.243235413673633,-.375750907387403,.0882908234194035,.530695497641633,-1,3,-3,3,-3,-3,-.333333333333333,3,.333333333333333,-3,3,East Asian,2,us,us,34,f,-.351521782170818,-.255451566780734,-2,Non-Christian
2509726,Muslim,bad,-1,.125,0,-.301222999903042, ,.250523298161186,-.911119160555754,1.03139194103284, , , ,.140498593460043, ,0,0,0,0,0,0,0,0,0,0,.,., ,eg,eg,28,f,.301222999903042,-.250523298161186, ,Non-Christian
2509730,Christian,bad,-1,.161458333333333,0,.254130358783537,.0500156001294263,-.150975229828146,.0523608831440278,-.156700403935228,.0613629398125636,.051056909694939,-.0136711811536302,-.119489959858246,.0821042313169371,0,1,0,0,0,0,.333333333333333,0,0,-.333333333333333,2,White,2,us,sm,24,f,-.254130358783537,.150975229828146,0,Christian
2509763,Hindu,good,1,.109375,0,-.25217560229905,.322762897245588,-.357250968405099,.268641079800964,-1.00750224408031,-.569049567931446,-.0955545578195201,-.386817848325999,-.162228520660098,.644600926805617,1,2,0,1,0,-3,1,1,0,-2,2,East Asian,1,id,th,19,m,-.25217560229905,-.357250968405099,0,Non-Christian
2509818,Christian,good,1,.09375,0,-.119118265462596,.557282722621817,-.0387332512428043,.713156038766723,.296651274308132,.0346471994682852,.133143735305472,-.411930520640085,.37630852617915,-.0975217408445378,1,1,1,0,0,0,1,-.333333333333333,-.333333333333333,-.333333333333333,2,White,3,us,us,30,m,-.119118265462596,-.0387332512428043,-1,Christian
2509939,Christian,good,1,.0833333333333333,0,.805093018335807,.718665320294841,.47903158017153,.26177132044527,-.205344939414276,-.0359072059357361,.667596639600726,-.338781282225282,-.249555545768271,-.0792598116071728,1,2,2,2,0,-1,1.66666666666667,-.333333333333333,.333333333333333,-1.66666666666667,2,White,2,us,us,47,f,.805093018335807,.47903158017153,1,Christian
2509988,Christian,good,1, , , , , , , , , , , , ,3,1, ,3,3, , , ,1, ,.,White,1,us,us,28,f, , ,0,Christian
2510012,Christian,good,1, , , , , , , , , , , , ,0,1,1,1,1,0,.666666666666667,-.666666666666667,.666666666666667,-.666666666666667,2,White,2,us,us,24,f, , ,0,Christian
2510022,Christian,good,1,.0681818181818182,.00568181818181818,-.027588646119385,1.41730026553448,.830491487641241, ,-.229750011246426,.232342652499377,.740067702352112, , ,-.277694709631397,0,2,1,1,1,-1,1,-.333333333333333,.666666666666667,-1.33333333333333,2,White,2,us,sm,54,m,-.027588646119385,.830491487641241,0,Christian
2510030,Christian,good,1,0,.0625, , , , , , , , , , , , , , , , , , , , ,1,White,4,us,us,23,f, , ,3,Christian
2510116,Christian,bad,-1,.260416666666667,.0416666666666667,.823569064996951,1.07593616641503,.606841800277031,.636598258164731,.0467234678208977,.812459435008903,.835449010563003,-.300024996523619,-.0467491130037739,-.488674901035611,0,0,0,0,0,0,0,0,0,0,2,Black or African American,3,us,sm,17,f,-.823569064996951,-.606841800277031, ,Christian
2510139,Jewish,bad,-1,.0833333333333333,0,.0873715223953831,-.809050768004102,.119789055233978,-.809624481324013,.410384862590891,-.304397513929208,-.200630063458247,.438092578466302,-.162203713709502,-.0752588012985537,-3,0,0,3,3,0,-1,-1,3,-1,2,White,3,us,sm,19,f,-.0873715223953831,-.119789055233978,1,Non-Christian
2510188,Jewish,good,1,.0989583333333333,0,-.53116802085949,.766533071593042,.603887521016702,.185812014057466,.800978067653103,-.331263368988812,.279750857250085,-.427869484879773,.505986034190019,-.357867406560331,-3,2,2,3,3,-2,.333333333333333,-1,3,-2.33333333333333,2,White,3,us,us,58,f,-.53116802085949,.603887521016702,0,Non-Christian
2510215,Christian,bad,-1,.161458333333333,0,.0494593092875294,-.235632474735394,.0664384187116385,.586536029824096,-.532358119374687,-.230029670590535,-.0399115822454086,-.193644408559746,.00157286705395976,.231983123751195,0,0,0,0,0,0,0,0,0,0,3,Black or African American,3,us,us,24,f,-.0494593092875294,-.0664384187116385,-2,Christian
2510237,Christian,bad,-1,.213541666666667,.0104166666666667,-.500231349723528,.217982946854372,.451196110706115,-.231874523587171,-.867623256680563,.734161220140197,.0563159026123195,.249350932290999,-.199755476848069,-.10591135805525,1,0,0,0,0,0,.333333333333333,0,-.333333333333333,0,2,White,2,us,us,22,f,.500231349723528,-.451196110706115,-2,Christian
2510274,Christian,bad,-1,.0416666666666667,0,.305758377701324,-.143716662000245,.163309759985497,-.328477708137277,-.229190819440725,-.493811973429395,.108450491895526,-.00720586776395778,-.287808968426442,.186564344294874,0,0,0,0,0,0,0,0,0,0,2,White,2,us,sm,54,f,-.305758377701324,-.163309759985497,-3,Christian
2510276,Christian,good,1,.0416666666666667,0,.738608647193903,.888011572919064,1.06088205967316,-.881923105347253,-.0943836704909556,1.29053518578812,.895834093262044,.428148906072103,-.571638474344037,-.75234452499011,1,1,0,0,1,1,.666666666666667,-.666666666666667,0,0,2,White,2,us,us,34,f,.738608647193903,1.06088205967316,-2,Christian
2510280,Jewish,bad,-1,.140625,0,.172998998302209,-.370983413680402,.407279531026214,.344355948437325,.0171940145671785,-.410541122038083,.0697650385493404,-.127971218931669,.0628503215674315,-.0046441411851032,-2,0,-1,2,2,-1,-1,0,2,-1,2,White,2,us,sm,18,m,-.172998998302209,-.407279531026214,-3,Non-Christian
2510460,Christian,good,1,.0677083333333333,0,.758320506895874,1.11555822102344,.757837956219868,.687863243857569,.107410310335045,-.123353499066948,.877238894713062,-.642258321315987,.0123176824322467,-.247298255829322,2,2,2,0,0,0,2,-.666666666666667,-.666666666666667,-.666666666666667,2,White,2,uk,uk,51,f,.758320506895874,.757837956219868, ,Christian
2510462,Hindu,good,1,.0260416666666667,0,.062506456129557,.0943883157219342,-.896186671819358,-.425379863364859,-.549266696082058,-1.38747500981281,-.246430633322622,-.352161154056628,-.345717671858825,.944309459238074,0,1,0,0,0,0,.333333333333333,0,0,-.333333333333333,3,White,3,in,in,20,m,.062506456129557,-.896186671819358,0,Non-Christian
2510537,Christian,good,1,.135416666666667,0,.541143970509171,.831271399862386,.789729804607913,.36540051071592,.230625489602427,.408645238014907,.72071505832649,-.262675557521133,.018294009936392,-.476333510741749,3,2,3,0,0,0,2.66666666666667,-1,-1,-.666666666666667,2,Black or African American,3,us,us,23,f,.541143970509171,.789729804607913,-1,Christian
2510661,Christian,bad,-1,.192708333333333,0,.387392763601204,-.185312316819083,-.369945732790107,-.264627660936943,-.609503751976007,.0951094539203071,-.0559550953359954,.181683143892111,-.420508058838051,.294780010281936,2,2,2,0,0,0,2,-.666666666666667,-.666666666666667,-.666666666666667,2,Black or African American,2,us,us,21,f,-.387392763601204,.369945732790107,-2,Christian
2510700,Hindu,good,1,.0729166666666667,0,.140969499345321,.78311556534013,.169354911684731,.0623451640542258,-.803664914603388,-.858698506573952,.364479992123394,-.568053078656103,-.294096416631494,.497669503164203,0,1,0,0,0,-2,.333333333333333,.666666666666667,0,-1,.,South Asian,2,in,in,37,f,.140969499345321,.169354911684731,-1,Non-Christian
2510748,Christian,bad,-1,.291666666666667,.0260416666666667,-.83270186945297,.0149095303638798,-.407150784174932,.0412681700039291,.280196145510091,-1.02253608230234,-.408314374421341,-.35957126089005,.384722061655664,.383163573655727,1,1,1,0,0,0,1,-.333333333333333,-.333333333333333,-.333333333333333,2,White,2,us,sm,15,f,.83270186945297,.407150784174932,0,Christian
2510760,Christian,bad,-1,.411458333333333,0,-.295938197147113,1.35370982942338,.566489146092814,1.11361853531158,.54918491969391,.0397994233290212,.541420259456359,-.809176313801978,.652913884050867,-.385157829705249,1,3,2,3,2,-1,2,-1,1.33333333333333,-2.33333333333333,1,White,3,us,sm,20,f,.295938197147113,-.566489146092814,1,Christian
2510824,Hindu,bad,-1,.15625,0,-.674108597448452,.679248962033208,-.210644143216661,.0104110168203363,.810631297043678,.0176104910399927,-.0685012595439685,-.22401649593785,.498383637104156,-.205865881622337,0,1,0,0,0,-3,.333333333333333,1,0,-1.33333333333333,2,East Asian,1,my,us,22,m,.674108597448452,.210644143216661,2,Non-Christian
2510833,Christian,bad,-1, , , , , , , , , , , , ,0,1,0,1,0,0,.333333333333333,0,.333333333333333,-.666666666666667,2,White,1,ca,ca,22,m, , ,0,Christian
2510911,Jewish,bad,-1,.25,.0416666666666667,-1.07156332289399,-.364208914766117,.536366878283819,-.312841706019388,-.313663328446888,.533575787857185,-.299801786458764,.40354213621423,.148352762809239,-.252093112564705,0,1,1,1,1,-1,.666666666666667,-.333333333333333,.666666666666667,-1,2,White,1,us,us,25,m,1.07156332289399,-.536366878283819,-2,Non-Christian
2510931,Christian,good,1,.0208333333333333,0,.941229388602382,.0852180233611207,.551616512773168,.213906313893059,.191783634815662,-.426668026377669,.526021308245557,-.241930787877283,-.17851314663122,-.105577373737054,2,2,2,1,2,0,2,-1.33333333333333,.333333333333333,-1,2,Black or African American,2,us,us,42,m,.941229388602382,.551616512773168,-2,Christian
2510947,Christian,good,1, , , , , , , , , , , , ,0,0,0,0,0,0,0,0,0,0,2,White,3,us,us,45,m, , ,0,Christian
2511029,Muslim,good,1,.0625,0,-.430642098809934,-.344534264036783,.323358121015145,-.595505360394373,-.127251685196643,.14716031134271,-.150606080610524,.362399978591289,-.0973716489270277,-.114422249053737,0,0,0,0,0,0,0,0,0,0,2,White,1,us,us,55,f,-.430642098809934,.323358121015145,2,Non-Christian
2511035,Jewish,bad,-1, , , , , , , , , , , , ,-2,1,0,3,1,0,-.333333333333333,-.333333333333333,2,-1.33333333333333,2,White,2,us,sm,72,f, , ,-2,Non-Christian
2511082,Jewish,bad,-1,.223958333333333,0,-.373916336061017,.573588009217646,-.439220566708204,-.459199778317351,-.184710210105441,-.893345717437714,-.0798496311838585,-.33591131611267,-.0899978841205916,.50575883141712,-1,-1,-1,0,0,0,-1,.333333333333333,.333333333333333,.333333333333333,2,More than one race - Other,2,us,sm,18,f,.373916336061017,.439220566708204,-3,Non-Christian
2511089,Christian,bad,-1, , , , , , , , , , , , ,0,0,0,0,0,0,0,0,0,0,3,More than one race - Other,3,us,us,29,f, , ,0,Christian
2511106,Christian,bad,-1,.09375,0,-.566353965119359,.915606153819058,-.697490158533985,-.759420790728958,-.278259913862226,-.143179902683395,-.116079323278095,-.0997884219244984,-.157108913157275,.372976658359869,0,0,0,0,0,0,0,0,0,0,2,White,3,us,us,34,m,.566353965119359,.697490158533985,-2,Christian
2511123,Christian,good,1,.1875,0, , , , , , , , , , , , , , , , , , , , ,1,Other or Unknown,2,us,sm,17,f, , , ,Christian
2511220,Christian,good,1,.119791666666667,0,.403343200440986,.619284890916075,1.227234498691,-.215596888580899,.299321386843111,-.678374144450066,.749954196682688,-.360687382261747,-.106539567392925,-.282727247028016,3,3,3,0,0,0,3,-1,-1,-1,2,Black or African American,4,us,us,19,f,.403343200440986,1.227234498691,0,Christian
2511250,Christian,good,1,.197916666666667,0,-.38561268670579,-.119276879992051,.340547792024662,.546003216817681,1.01457118730224,.232515681443961,-.0547805915577266,-.064736885127223,.648729030275238,-.529211553590289,2,3,3,2,3,0,2.66666666666667,-2,1,-1.66666666666667,2,White,4,us,sm,27,f,-.38561268670579,.340547792024662,2,Christian
2511338,Hindu,good,1,.015625,0,.746337210914761,.562691373289529,-.906654140160699,.190770722578969,.575749164601605,-.294446232974973,.134124814681197,-.349302776281157,.00672755875527113,.208450402844689,0,1,-1,0,-1,-1,0,1,-.333333333333333,-.666666666666667,.,South Asian,2,uk,uk,50,m,.746337210914761,-.906654140160699,-1,Non-Christian
2511353,Christian,bad,-1,.171875,0,-.130158036676751,.716038878235784,.13023580051242,.00785657736713522,.37171238202352,-1.16597155645072,.238705547357151,-.629955670684545,.169908998689136,.221341124638258,0,1,1,1,0,-1,.666666666666667,0,.333333333333333,-1,2,White,2,de,de,33,f,.130158036676751,-.13023580051242,-2,Christian
2511363,Muslim,good,1,.0985915492957746,0,-.0319383902584766, ,.803615440766145,-.730767052590632, ,.301935747834639, , , , ,0,0,0,0,0,0,0,0,0,0,2,Other or Unknown,3,us,us,60,m,-.0319383902584766,.803615440766145,0,Non-Christian
2511399,Hindu,good,1,.0260416666666667,0,.70962008594276,.948286989263995,-.370065316567704,.346670720769936,-1.09567467956572,-.307551026668264,.429280586213017,-.534169578900732,-.486208014912848,.591097007600562, , , , , , , , , , ,2,South Asian,3,uk,uk,64,m,.70962008594276,-.370065316567704,0,Non-Christian
2511416,Hindu,bad,-1, , , , , , , , , , , , ,0,0,0, ,0, ,0, , , ,3,South Asian,3,us,us,23,m, , ,0,Non-Christian
2511568,Muslim,bad,-1, , , , , , , , , , , , , ,0,0,-1,-1,1, ,0, ,.666666666666667,3,South Asian,2,in,in,22,m, , ,1,Non-Christian
2511727,Christian,bad,-1,.15625,0,.310884340699154,1.19212095330071,1.3539909848322,-.0867608961655332,1.34487014352704,-.781224878818605,.952332092944024,-.628861645317928,.315741635554116,-.639212083180212,0,0,0,1,0,1,0,-.333333333333333,.333333333333333,0,.,White,4,us,us,62,f,-.310884340699154,-1.3539909848322,3,Christian
2511736,Hindu,bad,-1,.046875,0,-.953203536604978,-.593365573915059,.599139169065027,-.605154824925622,-.232180222254813,-.765184517760886,-.315809980485003,.144445293693265,.038622829808181,.132741856983557,-1,1,0,0,-2,0,0,.666666666666667,-.333333333333333,-.333333333333333,3,South Asian,1,uk,uk,57,m,.953203536604978,-.599139169065027,0,Non-Christian
2511781,Hindu,bad,-1, , , , , , , , , , , , ,0,3,0,3,0,-3,1,1,1,-3,2,South Asian,1,uk,uk,50,m, , ,1,Non-Christian
2511803,Christian,bad,-1,.0364583333333333,0,-1.16516114862202,.299515244223305,-.814733656860602,.0382099092767434,.997378227663299,-.0743552879264413,-.560126520419771,-.137360147142163,.733583095187353,-.0360964276254187,0,0,0,0,0,0,0,0,0,0,2,White,2,us,us,26,f,1.16516114862202,.814733656860602,2,Christian
2511828,Hindu,good,1,.015625,0,.764425810157719,.466033138416776,-.0932700556534943,-.574021549030291,-.106121687589736,-.710136654859252,.379062964307,-.200716081415245,-.481523015592582,.303176132700827, , , , , , , , , , ,2,South Asian,2,us,us,39,m,.764425810157719,-.0932700556534943,-2,Non-Christian
2512051,Christian,bad,-1,.109375,0,.495297584782097,.988918389676985,.357291726329559,.336630955619524,-.134169321632045,.145125113535142,.61383590026288,-.393474743920456,-.097611983598206,-.122749172744219,0,0,0,0,0,0,0,0,0,0,1,White,3,us,us,44,m,-.495297584782097,-.357291726329559,0,Christian
2512138,Christian,good,1,.235602094240838,.00523560209424084,.422043557856196,.743711212291444,1.56112451782036,.615973378333859,.0392720435821897,-.232934310077129,.908959762656001,-.530872966900811,.0777339546866178,-.455820750441808,2,3,3,0,1,1,2.66666666666667,-1.66666666666667,-.333333333333333,-.666666666666667,2,Black or African American,4,ng,uk,21,f,.422043557856196,1.56112451782036,1,Christian
2512147,Muslim,bad,-1,.171875,0,.227459708776102,.480306586013543,.066554686273678,-.204077752436095,-.0719911369907409,.141135010860075,.258106993687774,-.0450312742391243,-.167842866067646,-.0452328533810039,-1,-1,-1,0,0,0,-1,.333333333333333,.333333333333333,.333333333333333,2,More than one race - Black/White,1,us,sm,18,f,-.227459708776102,-.066554686273678,-2,Non-Christian
2512180,Hindu,good,1,.0572916666666667,0,.379612595678449,.484578479794005,.0752994987462114,-1.18577717293115,-.178647230619727,.419860272196926,.313163524739555,.373686321778022,-.581345666409774,-.105504180107803,0,0,0,0,0,0,0,0,0,0,2,South Asian,2,in,us,22,m,.379612595678449,.0752994987462114, ,Non-Christian
2512183,Christian,bad,-1,.286458333333333,0,1.14941718100671,.934521198030717,1.54524214224588,.151841216063567,-.259541084289846,.753876150203379,1.20972684042777,-.110828754630302,-.419039016410997,-.679859069386472,1,1,1,0,0,0,1,-.333333333333333,-.333333333333333,-.333333333333333,2,White,2,us,sm,25,m,-1.14941718100671,-1.54524214224588,0,Christian
2512201,Christian,bad,-1,.109375,0,.367841433593608,.274022236378592,.642015843051139,-.239396498954777,-.455114219126978,.132642080367436,.427959837674446,.0326721143145406,-.354117383891788,-.106514568097199,0,1,1,1,1,0,.666666666666667,-.666666666666667,.666666666666667,-.666666666666667,2,White,2,us,sm,22,f,-.367841433593608,-.642015843051139,0,Christian
2512206,Muslim,bad,-1,.18125,0,-.120837510732558,.22986317969815, ,.262909934046219, ,-.506289381256802, ,-.333020831667057, , ,0,0,0,0,0,0,0,0,0,0,2,More than one race - Other,1,us,us,18,f,.120837510732558, ,0,Non-Christian
2512237,Muslim,good,1, , , , , , , , , , , , ,3,-3,3,-3,3,3,1,-3,-1,3,2,South Asian,3,bd,us,34,f, , ,-1,Non-Christian
2512335,Christian,good,1,.109375,0,1.08102413886033,1.17725769202562,1.14695086830904,.644350442273308,-.154567944305224,-.195042332864961,1.13507756639833,-.672216822387962,-.197080546964083,-.265780197046286,1,3,1,2,1,-2,1.66666666666667,0,.666666666666667,-2.33333333333333,2,White,3,us,sm,18,f,1.08102413886033,1.14695086830904,1,Christian
2512373,Jewish,good,1,.0520833333333333,0,.330683137994388,.47155331838534,-.235460029783418,-.0139206613162616,-.629525221187247,-.750737453167589,.188925475532103,-.402790036745556,-.324709673499299,.538574234712751,0,0,0,1,0,0,0,0,.333333333333333,-.333333333333333,2,White,2,us,sm,19,f,.330683137994388,-.235460029783418,-3,Non-Christian
2512421,Hindu,bad,-1,.145833333333333,0,.266086406708873,-.649816336399141,.0834549724735392,-1.26426062455782,-.504815065304344,.157050974673506,-.100091652405576,.69037597854349,-.67838736552368,.0881030393857664,3,0,0,0,-3,-3,1,2,-2,-1,3,Other or Unknown,3,au,au, ,f,-.266086406708873,-.0834549724735392, ,Non-Christian
2512431,Christian,bad,-1,.046875,0,.316360584677968,.816109108929688,-.102650754186237,.383095173721981,.636127346955554,.353300983655952,.34327297980714,-.281967766331906,.234287311999856,-.29559252547509,0,0,0,0,0,0,0,0,0,0,2,White,3,us,sm,40,f,-.316360584677968,.102650754186237,0,Christian
2512440,Hindu,bad,-1, , , , , , , , , , , , ,0,0,0,0,0,0,0,0,0,0,3,South Asian,2,np,np,18,m, , ,-2,Non-Christian
2512590,Christian,good,1,.177083333333333,0,.889819928775263,.665892506847274,.31256149358703,.223828386929672,-.419466154192164,-.396208319595494,.622757976403189,-.428643071124147,-.361819232012585,.167704326733543,0,0,0,0,0,0,0,0,0,0,1,Other or Unknown,3,mx,us,42,f,.889819928775263,.31256149358703,0,Christian
2512613,Christian,bad,-1,.114583333333333,0,.78504504486661,.278097921853835,.196630155914319,.071099102902198,.703069684604049,.453841595493402,.419924374211588,.0348815235791232,-.00362541912012115,-.45118047867059,0,0,0,0,0,0,0,0,0,0,2,White,3,us,us,28,f,-.78504504486661,-.196630155914319,0,Christian
2512619,Christian,bad,-1,.152777777777778,0, , ,.363196715854472,-.595283762679077,-.502516476060298, , , , , ,0,0,1,0,1,1,.333333333333333,-1,.333333333333333,.333333333333333,2,East Asian,2,us,us,31,f, ,-.363196715854472,-3,Christian
2512647,Christian,bad,-1,.395833333333333,.692708333333333,.640873586452142, ,1.69867316776829,-.353553390593272, ,1.24153232836837, , , , ,0,0,0,0,0,0,0,0,0,0,3,White,2,us,us,25,f,-.640873586452142,-1.69867316776829,0,Christian
2512809,Christian,good,1,.0208333333333333,0,-.292539166469257,-.495459977775101,.126082158447585,.239109980304583,.255132562519951,-.0473105271784722,-.220638995265591,.069679823430682,.262260569764597,-.111301397929688,0,0,0,0,0,0,0,0,0,0,2,White,2,fr,ch,40,m,-.292539166469257,.126082158447585,1,Christian
2512816,Christian,bad,-1,.0833333333333333,.00520833333333333,.686706908687875,.759423156824171,.569798030789692,.798603465427005,-.240083019114049,.0259714318606475,.671976032100579,-.51068506346351,-.0427288207916394,-.11856214784543,0,2,0,0,0,0,.666666666666667,0,0,-.666666666666667,2,White,2,us,sm,66,m,-.686706908687875,-.569798030789692,0,Christian
2512950,Christian,bad,-1,.119791666666667,.00520833333333333,-.241667968373326,.379560581338602,-.0594797220664086,.324112892700045,-.399224491142842,.365920570237221,.0261376302996224,-.112584301267142,.0555187899768428,.0309278809906767,0,0,0,0,0,0,0,0,0,0,2,White,1,us,sm,20,f,.241667968373326,.0594797220664086,1,Christian
2512968,Hindu,good,1, , , , , , , , , , , , ,0,0,0,0,0,0,0,0,0,0,2,South Asian,1,in,ae,48,f, , ,-2,Non-Christian
2512995,Jewish,good,1,.3625,.4125, , , , ,.207421891679319, , , , , , , , , , , , , , , ,2,White,1,us,us,24,m, , ,-3,Non-Christian
2513228,Christian,good,1,.302083333333333,.0364583333333333,.0845174515208565,.179438193474924,1.05741952662827,-1.00660037490915,-.0402232951928918,-.0170117534455571,.44045839054135,.270050142662891,-.377113707207634,-.333394825996607,3,3,3,0,0,0,3,-1,-1,-1,2,Black or African American,3,us,us,22,f,.0845174515208565,1.05741952662827,0,Christian
2513328,Christian,good,1,.078125,0,.472463057190476,.676456827875963,1.36537202537602,.112425843675953,-.638294867747088,.116310302152556,.838097303480821,-.224190789799786,-.332777360420537,-.281129153260497,0,0,1,0,0,0,.333333333333333,-.333333333333333,0,0,.,White,1,us,us,59,f,.472463057190476,1.36537202537602,-2,Christian
2513353,Christian,bad,-1,.0677083333333333,0,-.441899825170739, ,.523430524217535, ,-.0608609355910172, , , , , ,0,1,0,1,0,-1,.333333333333333,.333333333333333,.333333333333333,-1,2,More than one race - Black/White,2,ca,ca,35,m,.441899825170739,-.523430524217535,-1,Christian
2513373,Christian,bad,-1,.0989583333333333,0,.99769129836015,1.15689693378265,1.04047459465086,.3901765340953,.218512634174943,.209389533526408,1.06502094226455,-.445894644783847,-.129667376696636,-.48945892078407,0,0,0,0,0,0,0,0,0,0,2,White,2,us,us,47,f,-.99769129836015,-1.04047459465086,2,Christian
2513406,Muslim,good,1, , , , , , , , , , , , ,2,-3,3,-3,1,3,.666666666666667,-2.33333333333333,-1.33333333333333,3,2,South Asian,3,pk,us,31,m, , ,1,Non-Christian
2513409,Christian,good,1,.114583333333333,0,.602367574998739,.686821551102027,1.00163587827326,.721724764388793,-.593484479881224,-.197245328160192,.76360833479134,-.535263881217004,-.158042430163723,-.0703020234106131,0,0,0,0,0,0,0,0,0,0,2,White,3,us,sm,61,f,.602367574998739,1.00163587827326,-2,Christian
2513497,Christian,bad,-1,.0572916666666667,0,1.11229920812248,1.19807253678559,.804732969683279,.860555503217511,-.66222626100956,-.073417571070673,1.03836823819712,-.710681870357926,-.304656655304842,-.0230297125343486,0,0,0,0,0,0,0,0,0,0,2,White,2,us,sm,59,f,-1.11229920812248,-.804732969683279,-1,Christian
2513502,Christian,good,1,.145833333333333,0,-.0503450299032645,.124333917889,.73341762713047,.00863294558052377,-.363367035498124,-.486266855443811,.269135505038735,-.206411239637778,-.101463020004779,.0387387546038215,2,3,3,0,1,0,2.66666666666667,-1.33333333333333,-.333333333333333,-1,2,White,4,us,sm,23,m,-.0503450299032645,.73341762713047,1,Christian
2513505,Christian,bad,-1,.423280423280423,.00529100529100529,-.579450787153678,.594192636852315,-.895966823625684,.605168248725742,.309502300717472,.190177031032382,-.293741657975682,-.336394618181892,.498040445532297,.132095830625277, , , , , , , , , , ,3,White,4,us,us,20,f,.579450787153678,.895966823625684,0,Christian
2513516,Jewish,good,1,.03125,0,.422680116172094,1.28888171414395,-.0124765794841542,.413846996342774,1.36705353757363,.21370948329951,.566361750277297,-.496339742395739,.452740139248102,-.522762147129661,1,0,0,1,1,0,.333333333333333,-.333333333333333,.333333333333333,-.333333333333333,2,White,1,us,us,35,m,.422680116172094,-.0124765794841542,-3,Non-Christian
2513612,Jewish,good,1,.0260416666666667,0,-.743528784531831,-.0438050013972352,-.255808579386542,1.0569326659938,-.0144608999176282,-1.2174898537542,-.347714121771869,-.743539172783588,.595333516869334,.495919777686124,-1,0,0,1,0,0,-.333333333333333,0,.666666666666667,-.333333333333333,2,White,1,us,us,45,m,-.743528784531831,-.255808579386542,-3,Non-Christian
2513661,Christian,bad,-1, , , , , , , , , , , , ,1,0, ,0,0,0, , ,-.333333333333333,0,3,White,3,us,sm,18,f, , ,2,Christian
2513665,Christian,bad,-1,.135416666666667,0,.360232850238701,1.3274792664388,.845706782651028,.117049204871221,-.198506007362113,.116405156747199,.844472966442844,-.442707771520941,-.147229884243197,-.254535310678705,0,0,0,0,0,0,0,0,0,0,1,Other or Unknown,2,us,us,23,f,-.360232850238701,-.845706782651028,1,Christian
2513810,Christian,good,1,.329545454545455,.0227272727272727,.0936781693053101,.372248791076455,.670908212311201,.375475647616236,.275691920621932, ,.378945057564322, ,.185829799644286, ,0,2,3,1,2,1,1.66666666666667,-2,1,-.666666666666667,3,Black or African American,3,ng,ae,35,f,.0936781693053101,.670908212311201,1,Christian
2513815,Jewish,bad,-1,.0572916666666667,0,-.00991083086652692,.183894708712681,-.162034600211293,-.536850464844587,-.38748074448873,-.131256048262869,.00398309254495384,.0738999026230123,-.304806792822263,.226923797654297,-1,0,0,1,1,0,-.333333333333333,-.333333333333333,1,-.333333333333333,2,White,1,ca,ca,24,f,.00991083086652692,.162034600211293,-3,Non-Christian
2513847,Christian,bad,-1,.25,0,.244250765998236,.539480090038375,1.30693997859215,.416104883160378,.0168151264663841,.317403630026294,.696890278209589,-.21272711439082,.0628897478761753,-.547052911694944,1,1,3,1,3,2,1.66666666666667,-2.66666666666667,1,0,2,White,3,us,us,51,f,-.244250765998236,-1.30693997859215,0,Christian
2513875,Christian,good,1,.0833333333333333,.00520833333333333,-.0321468219811102,.148794779574594,.536357170137323,.0634993441852369,-.135987574191087,.0264648581221237,.217668375910269,-.0619430885459022,-.0134471360082465,-.14227815135612,3,3,0,1,-1,-3,2,1.33333333333333,-1,-2.33333333333333,2,White,2,dk,dk,20,f,-.0321468219811102,.536357170137323,-2,Christian
2513909,Christian,good,1,.0471204188481675,0,-.062078284031109,.156291195929818,-.737017795569632,-.241824136337682,.344426075029187,-.549366916084464,-.214268294556974,-.154611325225533,.0548934075742047,.313986212208303,0,0,0,0,0,0,0,0,0,0,2,White,2,au,sm,47,f,-.062078284031109,-.737017795569632,-1,Christian
2513930,Christian,good,1,.0833333333333333,0,1.02490232341048,.429189176113506,.881384092543297,.169242573916995,.363432980185967,.0169980532554552,.778491864022427,-.193811232258349,-.164075589769172,-.420605041994907,0,0,1,0,0,0,.333333333333333,-.333333333333333,0,0,2,White,2,us,us,25,f,1.02490232341048,.881384092543297,0,Christian
2513939,Muslim,bad,-1,.359375,.645833333333333,-.353553390593275, ,1.02908407769844,-.941995974097894,-.668614645316219, , , ,-.419019076273613, ,0,0,0,0,0,0,0,0,0,0,3,Other or Unknown,2,ma,us,23,m,.353553390593275,-1.02908407769844,2,Non-Christian
2513997,Muslim,good,1,.0572916666666667,0,-.0499751918128188,.389767883506469,.333930445262559,-.290085767617596,.728618489505558,.454136011569793,.224574378985403,.118151298560307,.162835971233593,-.505561648779303,0,-3,2,-3,1,3,-.333333333333333,-2,-.666666666666667,3,2,Other or Unknown,2,us,us,22,f,-.0499751918128188,.333930445262559,1,Non-Christian
2514008,Christian,good,1,.00520833333333333,0,.149698786745429,-.00546087980062029,.307198122840782,-.293624978653587,.503857778550431,.377808374410362,.150478676595197,.225631410954857,.0201780043838049,-.396288091933858,1,1,1,1,0,-1,1,0,0,-1,2,White,2,uk,uk,65,m,.149698786745429,.307198122840782,-2,Christian
2514027,Christian,bad,-1,.25,.166666666666667, ,.138289498176582, , ,.352564125742101, , , , , , , , , , , , , , , ,2,White,2,us,sm,17,f, , ,0,Christian
2514032,Christian,good,1, , , , , , , , , , , , ,3,0,0,0,1,0,1,-.333333333333333,-.666666666666667,0,2,White,2,us,sm,19,f, , ,0,Christian
2514081,Christian,bad,-1, , , , , , , , , , , , ,0,0,0,0,0,0,0,0,0,0,1,White,2,ar,ar,32,m, , ,0,Christian
2514115,Christian,good,1, , , , , , , , , , , , ,0,0,0,0,0,0,0,0,0,0,.,White,4,au,au,62,f, , ,-3,Christian
2514131,Christian,bad,-1,.145833333333333,0,.692419756334903,-.423436186772739,.370561200884141,1.20238882128417,.534611507150946,-.252530930336728,.213181590148768,-.343827854949388,.348193524033406,-.217547259232786,0,2,1,0,0,0,1,-.333333333333333,0,-.666666666666667,2,White,4,us,sm,56,f,-.692419756334903,-.370561200884141,3,Christian
2514166,Christian,good,1,.0208333333333333,0,.564513989702281,-.590365749271912,.606444194225319,.662405336382949,-.191752463659192,-.74217221315814,.193530811551896,-.271403933423059,-.0312870389928414,.109160160864004,2,0,0,0,0,0,.666666666666667,0,-.666666666666667,0,.,White,1,ca,sm,30,f,.564513989702281,.606444194225319,-1,Christian
2514171,Christian,bad,-1,.380208333333333,.151041666666667,.943379605454703,.725363699524602,-.796563989953224,1.49253990726896,.566958920484779,.253243793884201,.290726438342027,-.65488660430312,.372039740766345,-.00787957480525222, , , , , , , , , , ,2,Black or African American,2,us,sm,19,m,-.943379605454703,.796563989953224,0,Christian
2514182,Christian,good,1,.0260416666666667,0,-.538587948179943,.0775037984789143,-.782067727206653,-.0890834216338957,-.262932622213579,-.109197681965883,-.414383958969227,-.0325393529369673,.0621906347774897,.384732677128705,1,0,-1,0,1,1,0,-.333333333333333,0,.333333333333333,2,White,2,us,sm,25,m,-.538587948179943,-.782067727206653,-2,Christian
2514193,Jewish,good,1,.078125,.00520833333333333,-.779886749636026,-.0639505343456692,-.125801112243903,.721551100149984,.632250954773073,-.057003694843943,-.323212798741866,-.238201420216086,.711229601519694,-.149815382561742,-3,2,0,3,3,-2,-.333333333333333,-.333333333333333,3,-2.33333333333333,2,White,4,us,us,37,f,-.779886749636026,-.125801112243903,0,Non-Christian
2514202,Christian,good,1,.0260416666666667,0,.596513011508822,.235372124387826,1.08637188442656,.419434414150664,.482963139792179,-.139053261134059,.639419006774403,-.264619933224183,.101961514144674,-.476760587694894,0,0,0,0,0,0,0,0,0,0,2,White,3,us,us,29,f,.596513011508822,1.08637188442656,1,Christian
2514219,Muslim,bad,-1,.0572916666666667,0,.881521518102558,.0149561784249644,-.126293996267283,-.0102503966499106,-.169908973044378,.409041864800577,.256727900086746,.134778694341841,-.353893629265616,-.037612965162972,0,0,0,0,0,0,0,0,0,0,3,White,2,us,us,41,f,-.881521518102558,.126293996267283,0,Non-Christian
2514281,Christian,bad,-1, , , , , , , , , , , , ,0,0,0,0,0,0,0,0,0,0,2,White,4,us,us,32,m, , ,0,Christian
2514295,Christian,bad,-1,.0260416666666667,0,.763959114428813,-.00685345656442419,1.15054879232785,.306289797033391,-.126256028040171,-.372061948215613,.635884816730745,-.22383276289486,-.194641781811864,-.217410272024021,0,0,0,0,0,0,0,0,0,0,2,White,4,us,us,21,f,-.763959114428813,-1.15054879232785,2,Christian
2514335,Christian,good,1,.114583333333333,0,-.277027942067784,.521624000226513,.135864430841135,-.491177831869468,.248083175154238,-.657282646210863,.126820162999955,-.229242938189302,.011311095117518,.0911116800718298,0,0,0,0,0,0,0,0,0,0,.,White,2,us,sm,20,f,-.277027942067784,.135864430841135,0,Christian
2514377,Christian,bad,-1,.0572916666666667,0,.756678545269079,1.01294400037114,.110805827002305,-.42597630605479,-.613323863410563,-.0244266175204029,.626809457547509,-.203798103945586,-.598659571578144,.17564821797622,0,2,2,0,0,0,1.33333333333333,-.666666666666667,0,-.666666666666667,.,White,3,us,sm,52,f,-.756678545269079,-.110805827002305,0,Christian
2514390,Muslim,good,1,.0104166666666667,0,.236629649211042,.623758373591887,.850539368934392,-.913577259588183,.737263443977966,.782230853326712,.570309130579107,.35734991310767,-.137647821607087,-.79001122207969,1,-1,0,-2,0,2,0,-.666666666666667,-1,1.66666666666667,2,South Asian,2,us,us,35,m,.236629649211042,.850539368934392,-2,Non-Christian
2514425,Christian,good,1,.161458333333333,.0260416666666667,.907400735860263,.467260224985982,-.234765767835422,-.979456906505395,-.513813146940504,-.455786110902305,.379965064336941,.0188035235390361,-.800223596435387,.40145500855941,0,0,0,0,0,0,0,0,0,0,3,White,1,us,sm,22,m,.907400735860263,-.234765767835422,-1,Christian
2514462,Christian,good,1,.0885416666666667,0,.609900465370711,.983670176674125,-.000475033361423633,.195468229525085,.124950879585022,-.413107623405054,.531031869561138,-.530748676534755,-.0964937854202012,.0962105923938186,0,1,1,0,0,0,.666666666666667,-.333333333333333,0,-.333333333333333,.,White,2,us,us,29,f,.609900465370711,-.000475033361423633,0,Christian
2514580,Christian,good,1,.114583333333333,0,1.0148646117659,.592609037957338,.224752795386571,.0277029499630061,-.546595348801877,-.0121051884548569,.610742148369937,-.2108057254584,-.511252336868257,.111315913956721,0,1,0,1,0,0,.333333333333333,0,.333333333333333,-.666666666666667,2,White,3,pl,pl,39,f,1.0148646117659,.224752795386571,-2,Christian
2514588,Muslim,bad,-1, , , , , , , , , , , , , , ,0, , , , , , , ,2,South Asian,1,in,uk,38,m, , ,-3,Non-Christian
2514596,Christian,good,1, , , , , , , , , , , , ,1,1,1,0,1,0,1,-.666666666666667,0,-.333333333333333,2,White,4,uk,sm,24,f, , ,-2,Christian
2514598,Christian,bad,-1,.119791666666667,0,1.16171543942551,1.13175065883994,.801463191257804,-.194516266993952,-.497682537569098,-.0254847322310644,1.03164309650775,-.32090637469235,-.617971414662853,-.0927653071525473,1,3,0,1,0,-1,1.33333333333333,.333333333333333,0,-1.66666666666667,2,White,2,ch,ch,17,f,-1.16171543942551,-.801463191257804,1,Christian
2514682,Christian,good,1,.119791666666667,0,.628047589820374,.333270247952973,.719450049771174,-.342249350321167,.466119248373724,.169531422304561,.56025596251484,.0595035082242517,-.168059230589272,-.45170024014982,0,0,0,0,0,0,0,0,0,0,2,White,2,uk,sm,41,m,.628047589820374,.719450049771174,2,Christian
2514685,Christian,bad,-1,.09375,0,.737713084835133,.24129544015526,.483504334858468,-.235965551670179,-.271557298223908,-.577976352054381,.487504286616287,-.194435413513154,-.41507864490974,.122009771806607,0,0,0,0,1,0,0,-.333333333333333,.333333333333333,0,.,White,2,uk,.,38,f,-.737713084835133,-.483504334858468,-2,Christian
2514732,Christian,bad,-1,.0625,0,.165743878654315,.291366591630803,.542393424827724,.420075616488058,.23207438110623,-.118585177329922,.333167965037614,-.276675795149594,.162135372979991,-.218627542868011,0,2,0,1,0,-1,.666666666666667,.333333333333333,.333333333333333,-1.33333333333333,2,White,2,nl,sm,25,f,-.165743878654315,-.542393424827724,0,Christian
2514768,Christian,good,1,.0260416666666667,0,.614021104408979,.727588582523907,.165271625433881,.900411580341435,.810780069578171,-.840618577022883,.502293770788922,-.822872913296075,.365723515170209,-.0451443726630564,0,0,0,0,0,0,0,0,0,0,.,White,1,tr,tr,33,f,.614021104408979,.165271625433881,0,Christian
2514912,Jewish,bad,-1, , , , , , , , , , , , ,0,0,1,0,1,1,.333333333333333,-1,.333333333333333,.333333333333333,2,White,1,us,sm,20,m, , ,0,Non-Christian
2514914,Christian,bad,-1,.119565217391304,0,.344534278995834,.111598228756864,-.280510248519947,.0516139260831659,.653385734060135,.425162701741826,.0585407530775835,.0873168489672654,.120155127049156,-.266012729094005,3,0,3,0,0,0,2,-1,-1,0,2,Black or African American,1,se,se,41,m,-.344534278995834,.280510248519947,-3,Christian
2514997,Christian,bad,-1, , , , , , , , , , , , ,2,2,2,1,-1,-2,2,.333333333333333,-.666666666666667,-1.66666666666667,2,White,2,us,sm,46,f, , ,-2,Christian
2515056,Jewish,good,1,.0885416666666667,0,.204571881081159,-.0684036605995515,-.0131479013653216,-.215595621863031,.333949790174164,-.185108213198281,.041006773038762,.0329636897547672,-.0287392375900087,-.0452312252035204,-1,0,0,1,1,0,-.333333333333333,-.333333333333333,1,-.333333333333333,2,White,2,us,sm,57,f,.204571881081159,-.0131479013653216,-2,Non-Christian
2515094,Muslim,good,1,.401041666666667,.609375,-.491472444629663, ,.37038290606678,-.851775020392568,1.09196312713501, , , ,.24388685045737, ,2,-1,3,-2,0,3,1.33333333333333,-2,-1.33333333333333,2,2,Black or African American,3,sd,us,18,m,-.491472444629663,.37038290606678, ,Non-Christian
2515105,Christian,good,1, , , , , , , , , , , , ,0, , , , , , , , , ,.,White,2,it,it,43,f, , , ,Christian
2515164,Christian,bad,-1, , , , , , , , , , , , ,0,1,0,0,0,0,.333333333333333,0,0,-.333333333333333,2,White,1,nl,nl,43,f, , ,0,Christian
2515317,Christian,good,1,.125,0, , , , , , , , , , ,0,0,0,0,0,0,0,0,0,0,2,Black or African American,2,us,us,19,f, , ,0,Christian
2515319,Jewish,bad,-1,.0729166666666667,0,.218478292295819,-.116200901203588,-.327689962569497,.000561833851827818,-.656664173465223,-.386383039656024,-.0751375238257555,-.0902479907680877,-.291526877303071,.456912391896914,-2,3,3,3,-3,0,1.33333333333333,0,.666666666666667,-2,3,White,3,us,sm,21,f,-.218478292295819,.327689962569497,-2,Non-Christian
2515338,Christian,good,1,.046875,0,-.388512272192541,1.03140833348108,1.0664359701262,-.220809933612072,-.131794610539757,-.495469119950783,.569777343804912,-.43535583993993,.0119692426802374,-.14639074654522,1,1,1,2,1,-1,1,-.333333333333333,.666666666666667,-1.33333333333333,2,White,3,us,us,47,f,-.388512272192541,1.0664359701262,2,Christian
2515365,Christian,bad,-1, , , , , , , , , , , , ,0,0,0,0,0,0,0,0,0,0,2,Black or African American,3,us,us,22,m, , ,1,Christian
2515415,Christian,bad,-1,.104166666666667,0,-.229945015120855,.328358091424299,-.210111088542593,.214922090133956,.361145290431221,-.693957473920778,-.037232670746383,-.412412551826344,.268670798562011,.180974424010717,0,0,0,0,0,0,0,0,0,0,2,Black or African American,3,us,us,28,f,.229945015120855,.210111088542593,-2,Christian
2515443,Christian,bad,-1,.270833333333333,0,1.0464937319228,.519693239262036,.24284534054673,-.112629435877929,.44302851460476,-.362376650300724,.603010770577189,-.256480151228277,-.23869821773199,-.107832401616922, ,3, , , , , , , , ,1,Other or Unknown,2,us,sm,34,f,-1.0464937319228,-.24284534054673,0,Christian
2515483,Christian,good,1, , , , , , , , , , , , ,0,0,0,0,0,0,0,0,0,0,2,White,2,us,us,21,f, , ,-2,Christian
2515486,Muslim,bad,-1,.0729166666666667,0,-.440351880080017,.364336211448758,-.454560576497376,.711318624062269,-.582050501456784,.0890711526449241,-.176858748376212,-.328861227622034,.189873334228501,.315846641769746,-2,-1,-1,-2,0,2,-1.33333333333333,-.333333333333333,0,1.66666666666667,2,Other or Unknown,4,ca,ca,20,f,.440351880080017,.454560576497376,1,Non-Christian
2515518,Christian,good,1, , , , , , , , , , , , ,1,1,1,0,0,0,1,-.333333333333333,-.333333333333333,-.333333333333333,2,White,2,us,sm,23,f, , ,-2,Christian
2515565,Christian,bad,-1, , , , , , , , , , , , ,0,0,0,0,0,0,0,0,0,0,2,White,1,us,sm,60,m, , ,-2,Christian
2515571,Christian,bad,-1, , , , , , , , , , , , ,3,3,3,2,1,0,3,-1.33333333333333,0,-1.66666666666667,2,White,4,us,sm,18,m, , ,2,Christian
2515599,Christian,good,1,.078125,0,.305585305979479,.880475207419614,.717413639276063,.222847905137049,.16099025076736,-.104324670793163,.634491384225052,-.402549261116609,.0260842833083098,-.258026406416753,2,2,2,0,0,0,2,-.666666666666667,-.666666666666667,-.666666666666667,1,White,3,us,us,21,f,.305585305979479,.717413639276063,0,Christian
2515656,Christian,good,1,.223958333333333,.03125,.457969523768276,.450081752788695,1.20835083744417,.621948634605554,.946592240667136,.229588541529845,.705467371333712,-.280813948621468,.370190450501471,-.794843873213715,0,0,0,0,0,0,0,0,0,0,2,White,2,us,sm,18,f,.457969523768276,1.20835083744417,-2,Christian
2515662,Christian,good,1,.0885416666666667,0,.174896152967117,-.0307514909081992,1.10722182535333,.316471780610434,-.00655766557780803,-.502286342425149,.417122162470748,-.262668877375795,.0450059873551696,-.199459272450123,0,0,0,0,0,0,0,0,0,0,2,White,1,us,us,24,f,.174896152967117,1.10722182535333,1,Christian
2515685,Christian,good,1,.130208333333333,.00520833333333333,.536156843750892,.293000984440224,.164790366903235,.63532073380524,-.156805302898817,.100062198401294,.33131606503145,-.276086506614723,-.0192138042814893,-.0360157541352376,0,0,0,0,0,0,0,0,0,0,2,More than one race - Black/White,3,us,sm,17,m,.536156843750892,.164790366903235,2,Christian
2515770,Christian,good,1,.0572916666666667,0,.345719488099097,-.223889794336622,.58212697217134,.707696009372023,.180900364568825,-.478041385114741,.234652221977938,-.320615866716714,.18095896194725,-.0949953172084746,0,1,1,1,1,0,.666666666666667,-.666666666666667,.666666666666667,-.666666666666667,2,White,1,nl,nl,27,f,.345719488099097,.58212697217134,-2,Christian
2515824,Christian,bad,-1,.421875,.0104166666666667,-.401959342243387,.362764501033609,.850404697779525,.823139936981413,.488789713085813,.0463982106708003,.270403285523249,-.379835409114741,.571296330770204,-.461864207178713,0,0,0,0,0,0,0,0,0,0,.,American Indian/Alaska Native,2,us,us,23,f,.401959342243387,-.850404697779525,-3,Christian
2515853,Hindu,good,1,.0416666666666667,0,.608683723905393,.461209543071469,-.812237050826809,-.264173349456955,.331253436423243,-.717578637476126,.085885405383351,-.304871610363547,-.180534545646368,.399520750626564,0,-1,-1,0,0,0,-.666666666666667,.333333333333333,0,.333333333333333,2,South Asian,1,us,us,33,m,.608683723905393,-.812237050826809,-3,Non-Christian
2515876,Christian,bad,-1,.0885416666666667,0,-.674239139017021,.506627753620488,.498016242801828,-.0634306347272674,-.198634577527143,.490530233822135,.110134952468432,.015777704976305,.13739130892087,-.263303966365607,0,2,0,2,2,-2,.666666666666667,0,1.33333333333333,-2,2,White,1,us,sm,25,f,.674239139017021,-.498016242801828,0,Christian
2515884,Christian,bad,-1,.0625,0,-.215330757049967,.86918924049878,.631203235342901,-.124885557056042,.612467355912465,.974246429415688,.428353906263905,.0766475819909833,.23430418530213,-.739305673557018,3,3,3,0,0,0,3,-1,-1,-1,2,White,3,us,us,19,m,.215330757049967,-.631203235342901,0,Christian
2515941,Christian,bad,-1,.119791666666667,0,1.10069767454595, ,.190071169898991, ,-.286397598146227, , , , , ,0,2,1,1,0,0,1,-.333333333333333,.333333333333333,-1,2,White,2,us,sm,38,f,-1.10069767454595,-.190071169898991,2,Christian
2516019,Christian,good,1,.015625,0,.687240858059801,1.16398466627229,1.06792324183466,-.379343254461875,.546563512569208,.252295103493873,.97304958872225,-.177448769438847,-.173340199984156,-.622260619299247,2,2,2,1,0,1,2,-1,-.333333333333333,-.666666666666667,2,Black or African American,3,us,sm,26,m,.687240858059801,1.06792324183466,0,Christian
2516042,Christian,good,1, , , , , , , , , , , , ,0,0,0,0,0,0,0,0,0,0,3,White,2,us,us,49,f, , ,1,Christian
2516090,Christian,bad,-1, , , , , , , , , , , , ,0,2,0,0,0,0,.666666666666667,0,0,-.666666666666667,2,Black or African American,4,us,us,22,f, , ,-2,Christian
2516106,Christian,bad,-1,.135416666666667,0,.366472478046991,.896276487176143,.30549221787508,-.186377239891314,.180277365721044,-.433183244291549,.522747061032738,-.381027497192126,-.12419078407242,-.0175287797681914,0,0,0,0,0,0,0,0,0,0,2,East Asian,2,uk,sm,26,m,-.366472478046991,-.30549221787508,0,Christian
2516197,Christian,bad,-1,.135416666666667,0,.649407514561508,.749465922333528,.911981192077785,.751686578438627,.736337703882541,-.0881704371264181,.770284876324274,-.529774312632858,.279538922586554,-.52004948627797,0,-1,0,2,2,0,-.333333333333333,-.666666666666667,1.33333333333333,-.333333333333333,2,White,4,de,us,36,f,-.649407514561508,-.911981192077785,2,Christian
2516224,Christian,bad,-1,.015625,0,.479454647147583,1.04493372806396,.0216025009615009,.266487891852087,-.0697317501333493,-.262933000352857,.515330292057681,-.524784873422967,-.0942328351429486,.103687416508235,0,1,0,1,0,-1,.333333333333333,.333333333333333,.333333333333333,-1,2,White,2,ca,sm,49,f,-.479454647147583,-.0216025009615009,-2,Christian
2516264,Muslim,good,1,.0989583333333333,0,-.539132955542446,.629838266595449,.429434723726456,-.242589229450761,-.0674639127923757,.722200843855513,.173380011593153,.111650602236942,.0763599377664365,-.361390551596531,0,0,0,0,0,0,0,0,0,0,2,South Asian,3,us,sm,14,f,-.539132955542446,.429434723726456,0,Non-Christian
2516281,Christian,bad,-1,.0833333333333333,0,.0162786737500124,.296348383692617,-.0661647919802593,-.0056882112829842,-.294549708965975,-.142638347294692,.0821540884874568,-.144432839901442,-.10550553133299,.167784282746975,0,1,1,0,0,0,.666666666666667,-.333333333333333,0,-.333333333333333,2,Native Hawaiian or other Pacific Islander,2,us,us,19,f,-.0162786737500124,.0661647919802593,0,Christian
2516285,Christian,good,1,.0523560209424084,0,.552893769723048,.632666821372312,.715485813314086,.0673253412919751,-.351304645697274,.945871665552272,.633682134803149,.081959834295995,-.278957691376116,-.436684277723028,0,0,0,0,0,0,0,0,0,0,2,White,3,us,us,22,f,.552893769723048,.715485813314086,-2,Christian
2516289,Muslim,bad,-1,.5,.619791666666667,-.590319951877258,.560844458886559,.353433471578629,.0998847470400833,.252334348125589,-.408522182733589,.107985992862643,-.356417129553411,.314179682347644,-.0657485456568763,0,0,0,0,0,0,0,0,0,0,2,Black or African American,3,sd,us,18,f,.590319951877258,-.353433471578629,0,Non-Christian
2516352,Muslim,bad,-1,.265625,.0104166666666667,1.28565385386308,-.426264418616464,1.28056230223265,.0820375643325046,-.45129020773665,.674992677224458,.713317245826424,.339739843836139,-.551635499089076,-.501421590573487,-1,0,1,0,2,2,0,-1.66666666666667,1,.666666666666667,2,White,3,us,us,18,m,-1.28565385386308,-1.28056230223265,0,Non-Christian
2516359,Christian,good,1,.046875,.00520833333333333,-.570061739964786,.199418332192934,.483162781753676,-.168546988342,-.212547844492497,.663814775292499,.0375064579939416,.210981143813855,.0629889690434294,-.311476570851226,0,1,1,1,1,0,.666666666666667,-.666666666666667,.666666666666667,-.666666666666667,2,White,4,us,us,35,f,-.570061739964786,.483162781753676,3,Christian
2516406,Jewish,bad,-1, , , , , , , , , , , , ,0,0,0,0,0,0,0,0,0,0,2,White,1,us,sm,74,m, , ,-2,Non-Christian
2516415,Christian,good,1,.0625,0,-.208245820149992,-.221626589366655,.0949271528817322,.28281313722412,.837994870020709,-.19921095721853,-.111648418878305,-.0867991683586651,.443017942464941,-.24457035522797,0,0,0,0,0,0,0,0,0,0,2,White,3,au,au,26,m,-.208245820149992,.0949271528817322,0,Christian
2516489,Christian,bad,-1, , , , , , , , , , , , ,-1,1,0,0,0,0,0,0,.333333333333333,-.333333333333333,.,White,3,us,us,18,f, , ,0,Christian
2516500,Hindu,bad,-1,.0364583333333333,0,.00130189643178245,.593090620138797,.488560800536747,.63305844534326,.473560439646065,.349670651430989,.360984439035776,-.292159471350356,.368438996185848,-.437263963871267,0,0,-2,0,-2,-2,-.666666666666667,2,-.666666666666667,-.666666666666667,2,East Asian,3,in,us,33,m,-.00130189643178245,-.488560800536747,-2,Non-Christian
2516506,Christian,good,1,.183246073298429,0,.673860753300486,1.83080970235371,1.50212051426022,.0417798797281333,1.15995359263416,.559003786474201,1.33559698997147,-.437861931869214,.175957573020601,-1.07369263112286, , , , , , , , , , ,3,Other or Unknown,4,rw,au,43,f,.673860753300486,1.50212051426022,0,Christian
2516551,Christian,bad,-1,.0729166666666667,0,.886575819334085,1.29987962463412,.597683542717854,-.395808624940132,.791539364819748,-.554146078724753,.928046328895353,-.486072359472914,-.163615026484823,-.278358942937616,3,2,3,2,2,0,2.66666666666667,-1.66666666666667,.333333333333333,-1.33333333333333,2,White,2,us,us,26,f,-.886575819334085,-.597683542717854,-3,Christian
2516598,Christian,bad,-1, , , , , , , , , , , , ,0,0,0,0,0,0,0,0,0,0,2,White,2,de,de,53,f, , ,-2,Christian
2516651,Christian,good,1,.102272727272727,0,-.148547890356849,1.41139475316705,.142202349144498,.438589696625152, ,-.438130151657684,.468349737318234,-.762704867149963, , ,2,3,0,1,0,0,1.66666666666667,0,-.333333333333333,-1.33333333333333,2,White,2,pl,fi,37,m,-.148547890356849,.142202349144498,-1,Christian
2516652,Christian,bad,-1,.03125,0, , , , , , , , , , , , , , , , , , , , ,.,Other or Unknown, ,uk,uk,34,f, , ,-1,Christian
2516657,Christian,bad,-1,.229166666666667,0,.337504620684403,1.20219173242232,1.29814987708228,.989410240948171,1.52619232308607,-.583774509154139,.945948743396334,-.925125494174876,.726032647783279,-.746855897004736,0,0,0,3,0,0,0,0,1,-1,2,White,4,us,sm,46,f,-.337504620684403,-1.29814987708228,3,Christian
2516668,Hindu,good,1,.0677083333333333,0,.641582216472305,.541472361634454,.81709715548032,-.068239049611777,-.579877694452027,.255119746105793,.666717244529026,-.0727045219722947,-.429899653512036,-.164113069044695,0,0,-1,0,0,0,-.333333333333333,.333333333333333,0,0,2,South Asian,2,in,nz,23,f,.641582216472305,.81709715548032,0,Non-Christian
2516678,Christian,bad,-1,0,0,-.0039765682218927, ,.162571211494278, ,.036663665173509, , , , , ,0,0,0,0,0,0,0,0,0,0,2,White,1,uk,uk,42,m,.0039765682218927,-.162571211494278,0,Christian
2516726,Christian,bad,-1,.0208333333333333,0,.778481485658941,.729947748853029,.619898453894121,.259099127951777,-.0480081174256709,.587465098752909,.70944256280203,-.133860592683966,-.189130158377612,-.386451811740453,0,2,2,1,0,-2,1.33333333333333,0,.333333333333333,-1.66666666666667,2,White,4,uk,sm,54,m,-.778481485658941,-.619898453894121,-1,Christian
2516733,Christian,good,1,.130208333333333,0,1.10005079133082,-.0685532544406594,.909032276619057,-.268351107582362,-.294033611690074,-.284103183650063,.646843271169741,.0176003927909859,-.554145170201087,-.11029849375964,1,1,1,0,0,0,1,-.333333333333333,-.333333333333333,-.333333333333333,.,White,2,cy,uk,21,m,1.10005079133082,.909032276619057, ,Christian
2516802,Christian,good,1,.0416666666666667,0,.277035977416796,.940904727737082,.507588856697008,1.14064081747327,.601501261573523,-.126727191311349,.575176520616962,-.736090912173901,.488368700543333,-.327454308986394, , , , , , , , , , ,2,White,2,de,de,48,f,.277035977416796,.507588856697008,0,Christian
2516806,Hindu,bad,-1,.554973821989529,.554973821989529,-.10645654879302,.485012526945472,-.150803740311276,-.94046229568845,.682799310478672,.166267447146733,.0759174126137255,.207239071963237,-.0504021454722528,-.23275433910471,-1,-3,0,-1,-1,-2,-1.33333333333333,1,-.333333333333333,.666666666666667,1,South Asian,4,bo,aw,17,m,.10645654879302,.150803740311276,2,Non-Christian
2516828,Christian,good,1, , , , , , , , , , , , ,0,0,0,0,0,0,0,0,0,0,2,White,2,uk,sm,30,f, , ,2,Christian
2516858,Christian,bad,-1, , , , , , , , , , , , ,-3,3,3,-3, ,-2,1, , ,-.666666666666667,1,White,3,us,us,20,f, , ,0,Christian
2516951,Muslim,bad,-1,.182291666666667,0,.0451970154089969,.61783692137145,.660333923587196,-.339876231094475,1.02888846960228,.626491460992759,.441122620122548,.116176923571928,.21460507436627,-.771904618060745,0,0,0,0,0,0,0,0,0,0,2,South Asian,2,us,sm,23,f,-.0451970154089969,-.660333923587196,-1,Non-Christian
2517066,Christian,good,1,.0572916666666667,0,.317301757436784,-1.31691956337728,-.216747359841293,-.323568929378902,-.224364522698897,-.118661314797418,-.405455055260596,.507275725986254,-.288411736504861,.186591065779203,0,0,0,0,0,0,0,0,0,0,.,White,4,us,sm,20,f,.317301757436784,-.216747359841293,-2,Christian
2517072,Christian,bad,-1, , , , , , , , , , , , ,3,3,3,0,0,0,3,-1,-1,-1,2,White,4,us,us,42,f, , ,-2,Christian
2517073,Christian,good,1,.114583333333333,0,.606398045459736,-.172807299713893,.53099018993515,-.436323389411247,.522819497099976,-.197116558867843,.321526978560331,.137338043419099,-.173300645923669,-.285564376055761,1,2,2,2,2,0,1.66666666666667,-1.33333333333333,1,-1.33333333333333,2,White,1,us,sm,21,f,.606398045459736,.53099018993515,0,Christian
2517090,Christian,bad,-1,.25,0, , , , , , , , , , ,0,0,0,0,0,0,0,0,0,0,2,White,2,us,sm,35,m, , ,3,Christian
2517101,Christian,bad,-1,.135416666666667,0,.589523216273036, ,.14963992647255, ,.0336358653445323, , , , , ,0,0,0,0,0,0,0,0,0,0,2,White,3,de,de,21,f,-.589523216273036,-.14963992647255,0,Christian
2517124,Jewish,good,1,.0729166666666667,0,-.569227549387666,.957439450542053,.0922713475568983,.752438337392007,-.506437105704273,.177144429392919,.160161082903762,-.510911119513713,.271742927025133,.0790071095848184,-2,2,0,0,2,0,0,-.666666666666667,1.33333333333333,-.666666666666667,2,White,3,us,sm,19,f,-.569227549387666,.0922713475568983,-3,Non-Christian
2517126,Christian,good,1,.0416666666666667,0,.853236052325077,1.06387979223153,.945889666220386,.152475445403842,-.137102166204433,-.802568259520344,.954335170258996,-.672974499051903,-.279287591041889,-.00207308016520336,0,0,0,0,0,0,0,0,0,0,2,White,3,us,us,63,f,.853236052325077,.945889666220386,-2,Christian
2517157,Christian,bad,-1, , , , , , , , , , , , ,0,0,0,0,0,0,0,0,0,0,2,Black or African American,4,us,us,50,f, , ,3,Christian
2517172,Christian,bad,-1,.171875,0,.966758525131978,.082530692969439,.754732211339517,.0443397039168863,-.438130672256416,-.355398305501823,.601340476480311,-.160756234129383,-.453516497823836,.0129322554729075,3,3,3,2,0,0,3,-1,-.333333333333333,-1.66666666666667,2,Black or African American,3,us,sm,21,f,-.966758525131978,-.754732211339517,-3,Christian
2517176,Christian,good,1,.04375,0,-.382186248865456,.930545911991288,1.2648713055288, , ,.519212494508334,.604410322884876, , , ,1,1,1,0,0,0,1,-.333333333333333,-.333333333333333,-.333333333333333,2,White,4,uk,sm,20,f,-.382186248865456,1.2648713055288,1,Christian
2517240,Christian,bad,-1,.104166666666667,0,.114225946010452,.170568853798835,.0342487803322377,-.211496318246093,1.20020752380183,.242974633282331,.106347860047175,.0946340325765296,.291495086515095,-.492476979138799,0,0,0,0,0,0,0,0,0,0,3,Other or Unknown,2,us,us,33,m,-.114225946010452,-.0342487803322377,0,Christian
2517248,Christian,bad,-1, , , , , , , , , , , , ,0,0,0,0,0,0,0,0,0,0,2,White,1,ca,cm,25,m, , ,-2,Christian
2517260,Christian,bad,-1,.229166666666667,0,1.32687439592804,.536581251811436,.513897462848742,.976915150726673,.0651112530210026,-.691096624711463,.79245103686274,-.734864342416524,-.0949493307267888,.0373626362805726,2,3,3,2,1,-1,2.66666666666667,-1,.333333333333333,-2,2,White,2,us,us,25,f,-1.32687439592804,-.513897462848742,0,Christian
2517403,Christian,good,1,.15625,0,-.109481385023268,1.28976638036159,1.18707172769201,-.205144363650648,-.213707256535744,.641174048433402,.789118907676777,-.147815989425845,-.103123411721041,-.53817950652989,0,0,0,0,0,0,0,0,0,0,2,White, ,us,us,19,f,-.109481385023268,1.18707172769201, ,Christian
2517404,Muslim,bad,-1,.145833333333333,0,.622697373338975,.368134721498253,-.274048876633555,-.305906541198108,.902953786688269,.405841279585613,.238927739401224,.114537699761823,-.00855004261627142,-.344915396546775,0,0,1,0,0,1,.333333333333333,-.666666666666667,0,.333333333333333,2,Other or Unknown,1,ir,ca,25,f,-.622697373338975,.274048876633555,0,Non-Christian
2517408,Christian,bad,-1,.0729166666666667,0,.173860181197411,.709407484694148,.979918771558616,-.339984977792949,.217392927297751,-.536615436986017,.621062145816725,-.302012647962405,-.098817410564203,-.220232087290117,2,3,2,3,1,-2,2.33333333333333,-.333333333333333,.666666666666667,-2.66666666666667,2,White,1,us,sm,23,f,-.173860181197411,-.979918771558616,2,Christian
2517412,Christian,bad,-1,.104166666666667,0,-.227584843508339,-.507294145062003,.0314498654662996,.39087059580012,.412390044312253,.00209124179310256,-.234476374368014,.0395049303516618,.343615161206904,-.148643717190552,1,1,1,0,0,0,1,-.333333333333333,-.333333333333333,-.333333333333333,2,White,2,ca,ca,44,f,.227584843508339,-.0314498654662996,0,Christian
2517433,Christian,good,1,.0416666666666667,0,.379578342269245,.776609585308587,.916727892291606,-.225978442590879,.453355615765841,-.0228548913285926,.690971939956479,-.191162011348767,-.0507337230314277,-.449076205576285,0,3,0,3,0,-3,1,1,1,-3,3,White,3,pl,pl,23,f,.379578342269245,.916727892291606,1,Christian
2517459,Christian,good,1,.0625,0, , , , ,.176012777899678, , , , , , , , , , , , , , , ,.,White,1,ca,ca,34,m, , ,1,Christian
2517549,Hindu,good,1,.0364583333333333,0,.482564349759667,.400480381713977,-.618893408376422,-.392779311739753,-.591317444778501,-.27532871260806,.0880504410324073,-.0943432608607612,-.488887035425974,.495179855254328,0,2,-3,2,3,-1,-.333333333333333,.333333333333333,1.66666666666667,-1.66666666666667,2,White,2,us,sm,19,f,.482564349759667,-.618893408376422,-1,Non-Christian
2517584,Christian,bad,-1,.0732984293193717,0,.624794223792118,-.129816811082414,-.653078062711341,-.631243211968274,-.086099827149619,.140792286309274,-.0527002166672125,.300617436453321,-.44737908763667,.199461867850562,0,0,0,0,0,0,0,0,0,0,2,White,4,us,us,30,m,-.624794223792118,.653078062711341,0,Christian
2517608,Jewish,bad,-1,.109375,.0104166666666667,.150720002707305,-.332551247837915,-.171906491603493,.636445165446927,-.00733049428214758,.335572238293778,-.117912578911368,.0105594402282552,.159464889485825,-.0521117508027123, , , , , , , , , , ,.,White,2,us,sm,31,m,-.150720002707305,.171906491603493,-2,Non-Christian
2517610,Christian,bad,-1,.0364583333333333,0,.102121158340556,1.02236430469527,.294777892461433,.262588438451954,.0138542793148471,-.494753748485338,.473087785165753,-.593235497210854,.0581071864754149,.0620405255696863,2,-3,2,2,0,0,.333333333333333,-.666666666666667,0,.333333333333333,2,White,2,us,sm,25,f,-.102121158340556,-.294777892461433,1,Christian
2517622,Christian,good,1,.046875,0,.805567460902388,-.155438098529886,.346993705137628,-.29615240995412,-.807481496994122,-.353164910078833,.33237435583671,.0328085328017244,-.63640045595021,.271217567311776,3,3,3,1,1,1,3,-1.66666666666667,-.333333333333333,-1,2,White,3,us,us,20,f,.805567460902388,.346993705137628,0,Christian
2517638,Christian,good,1,.239583333333333,0,1.04593702564209,.975368860028385,.822611006841551,.433387108843118,.358822489113646,-.782667921604629,.947972297504008,-.730474630158711,-.0845758092284411,-.132921858116856,0,2,1,1,2,2,1,-1.66666666666667,1,-.333333333333333,3,East Asian,4,cn,us,23,m,1.04593702564209,.822611006841551,-3,Christian
2517653,Christian,bad,-1,.536458333333333,.854166666666667,-.798706177369777,-.598782367740572, , , ,-.6548277129231, , , , ,3,-3,-3,3,3,3,-1,-1,1,1,2,Black or African American,2,us,us,18,f,.798706177369777, ,-2,Christian
2517657,Christian,bad,-1,.0885416666666667,0,.174501216848032,-.31135265289753,.764052261114672,.715140529317236,.417308459116497,-.246692300171815,.209066941688391,-.216826725530507,.3193159238619,-.311556140019785,-1,2,2,1,1,0,1,-1,1,-1,2,White,3,us,us,23,f,-.174501216848032,-.764052261114672,0,Christian
2517699,Christian,bad,-1, , , , , , , , , , , , ,1,1,1,0,0,0,1,-.333333333333333,-.333333333333333,-.333333333333333,1,More than one race - Other,1,us,us,32,f, , ,-2,Christian
2517849,Jewish,good,1,.0208333333333333,0,.0992344182414018,.718831466804386,.329338626741861,.689453745018935,.389883446555607,.261849419460478,.382468170595883,-.382145264120948,.32670092444438,-.327023830919315,-2,3,1,3,1,-2,.666666666666667,0,2,-2.66666666666667,2,White,2,us,sm,20,m,.0992344182414018,.329338626741861,-1,Non-Christian
2518040,Muslim,bad,-1,.0729166666666667,0,-.0570801001464451, ,.401899928497061, ,.47830478125314, , , , , ,0,0,0,0,0,0,0,0,0,0,.,.,2,nz,nz,30,f,.0570801001464451,-.401899928497061, ,Non-Christian
2518042,Christian,good,1,.484375,.677083333333333,1.15302669980888,-1.52115050110349, ,.353553390593274,-1.47589892853465,1.4063558371286, ,.857984315879606,-.758457412583419, ,0,3,3,0,0,0,2,-1,0,-1,2,Black or African American,4,us,us,19,m,1.15302669980888, ,0,Christian
2518096,Muslim,bad,-1,.368421052631579,0,-.433414085594886,.372255800463093,-.997734562406198,.32262919388825,-.707798506827683,-.0930590253608736,-.352964282512664,-.262648006570739,.0160815908851508,.599530698198252,0,-2,0,-3,-2,0,-.666666666666667,.666666666666667,-1.66666666666667,1.66666666666667,.,Black or African American,2,us,us,24,m,.433414085594886,.997734562406198,-2,Non-Christian
2518098,Christian,bad,-1, , , , , , , , , , , , ,0,1,0,1,0,-1,.333333333333333,.333333333333333,.333333333333333,-1,.,White,3,us,us,24,f, , ,0,Christian
2518110,Hindu,good,1,.0833333333333333,0,.151604965123749,-.346028976233613,.751721907480756,.767061694354758,-.663717006041273,-.187365443371813,.185765965456964,-.202799387164319,-.0160867589367546,.03312018064411, ,0,-2, ,-2,-2, ,2, , ,2,South Asian,3,in,uk,27,m,.151604965123749,.751721907480756, ,Non-Christian
2518131,Christian,good,1,.145833333333333,.03125,.489320697634552,.010787421998499,.938721732418138,-.468567416251133,-.224649855885567,.338164602606506,.47960995068373,.265314865619713,-.394179323257084,-.350745493046359,0,1,2,0,2,1,1,-1.66666666666667,.666666666666667,0,2,White,3,us,us,19,f,.489320697634552,.938721732418138,-1,Christian
2518137,Jewish,bad,-1, , , , , , , , , , , , ,-3,0,0,1,3,0,-1,-1,2.33333333333333,-.333333333333333,2,White,2,us,sm,45,f, , ,-3,Non-Christian
2518183,Hindu,bad,-1,.328125,.00520833333333333,.442150509469234,.266642560951529,-.0737267316302671,-.359802320298711,-.0603457563306988,-.751552153028786,.211688779596832,-.219464131227201,-.287432862032881,.295208213663251,0,0,0,0,0,0,0,0,0,0,2,East Asian,2,nz,nz,33,f,-.442150509469234,.0737267316302671,-1,Non-Christian
2518215,Hindu,bad,-1,.104166666666667,.00520833333333333,.624918428530157,.30013789596612,-1.20438768534845,.0114319282511207,-.135429959685753,-1.29993796886258,-.0931104536173909,-.537169264359941,-.249638819988263,.879918537965595, , , , , , , , , , ,2,South Asian,2,us,sm,22,f,-.624918428530157,1.20438768534845,0,Non-Christian
2518251,Jewish,bad,-1,.0446428571428571,0, , ,-.372279467164638, ,.683054696595784, , , , , ,-3,1,0,3,1,0,-.666666666666667,-.333333333333333,2.33333333333333,-1.33333333333333,2,White,1,us,sm,24,f, ,.372279467164638,-3,Non-Christian
2518286,Christian,good,1, , , , , , , , , , , , ,1,2,1,1,1,1,1.33333333333333,-1,.333333333333333,-.666666666666667,2,White,3,us,sm,18,f, , ,1,Christian
2518302,Jewish,bad,-1, , , , , , , , , , , , ,-1,-1,-1,1,1,-1,-1,.333333333333333,1,-.333333333333333,2,White,3,us,sm,18,f, , ,-3,Non-Christian
2518514,Christian,bad,-1, , , , , , , , , , , , ,2,0,-1,0,-1,-1,.333333333333333,1,-1,-.333333333333333,2,White,1,us,sm,20,f, , ,0,Christian
2518534,Hindu,bad,-1,.0989583333333333,0,-.641330994790638,.458312835960741,-.374642016221829,-.130796705513395,-.320898537198067,-.743879710362228,-.185886725017242,-.357131946936525,.0632119173597254,.479806754594041,2,2,-1,0,-2,-2,1,1.66666666666667,-1.33333333333333,-1.33333333333333,2,Other or Unknown,3,us,us,18,m,.641330994790638,.374642016221829,-1,Non-Christian
2518559,Christian,good,1, , , , , , , , , , , , ,0,0,0,0,0,0,0,0,0,0,1,Other or Unknown,2,sv,us,52,m, , ,0,Christian
2518691,Christian,bad,-1,.171875,0,-.285804137167127,-.463740956498375,-.0180551537062402,.00786792779207864,-.449838052513855,.0528740185136014,-.255866749123914,.169582349073299,-.0520553291848833,.138339729235498,1,1,1,0,0,0,1,-.333333333333333,-.333333333333333,-.333333333333333,1,White,3,us,sm,21,f,.285804137167127,.0180551537062402,0,Christian
2518701,Christian,good,1,.208333333333333,0,1.0638380511902,.719580287926863,.854342802472013,.0502928805380404,-.386875871983327,.531364718183989,.879253713863024,-.0795028167603048,-.466807014211827,-.332943882890892,2,2,3,0,1,0,2.33333333333333,-1.33333333333333,-.333333333333333,-.666666666666667,2,White,3,by,by,26,m,1.0638380511902,.854342802472013,0,Christian
2518730,Christian,good,1,.09375,0,.799112456357095,-.37884267674461,1.06142032696811,.0533755685796801,-.183944704849468,-.0682644101712643,.493896702193532,.0857342326645553,-.309893864208961,-.269737070649127, , , , , , , , , , ,2,White,2,uk,sm,47,f,.799112456357095,1.06142032696811,0,Christian
2518781,Hindu,good,1, , , , , , , , , , , , ,0,0,0,0,0,0,0,0,0,0,.,South Asian,3,in,uk,31,f, , ,-3,Non-Christian
2518902,Hindu,bad,-1,.0885416666666667,0,-.437563566505444, ,.482498951939505, ,.0273082633932246, , , , , ,0,-1,-3,1,-3,-3,-1.33333333333333,3,-.666666666666667,-1,2,South Asian,2,in,uk,27,m,.437563566505444,-.482498951939505,0,Non-Christian
2518960,Christian,bad,-1,.09375,0, , , , , , , , , , , , , , , , , , , , ,2,White,1,uk,uk,51,f, , ,2,Christian
2518968,Hindu,bad,-1,.114583333333333,0,-.508830755038222,.286951950536871,-.083863312270506,-.435722263233531,.040594541836801,.46918566191745,-.101914038923952,.20598532487137,.0379010112138304,-.141972297161248,1,1,-1,0,-1,-1,.333333333333333,1,-.666666666666667,-.666666666666667,3,South Asian,2,in,in,22,m,.508830755038222,.083863312270506,0,Non-Christian
2518990,Christian,good,1,.0652173913043478,0, , ,.0371054256191587, , , , , , , , , , , , , , , , , ,1,White,4,es,us,20,f, ,.0371054256191587,2,Christian
2519014,Christian,good,1,.0260416666666667,0,-.029371365466781,.643300272255647,.0256980724825826,-.0611032996780232,.336544547270889,-.44793854611735,.213208993090483,-.343378506231658,.101604204353216,.0285653087879594,0,0,0,0,0,0,0,0,0,0,2,White,2,uk,uk,54,m,-.029371365466781,.0256980724825826,1,Christian
2519182,Christian,bad,-1,.0208333333333333,0,-.598839555466964,.217850706268741,-.421951474170508,-.517186714745514,.399810604241969,-.117256947797491,-.267646774456244,.0606930202264272,.160487814987806,.0464659392420102,1,3,2,3,0,-2,2,0,.666666666666667,-2.66666666666667,2,White,4,us,us,52,m,.598839555466964,.421951474170508,2,Christian
2519316,Christian,bad,-1,.0625,.00520833333333333,.601556329820877,-.0452205096109623,.380446830150317,-.0648338933194266,-.0940211408068887,.527531246622152,.31226088345341,.212528549850847,-.253470454649064,-.271318978655193,0,0,0,0,0,0,0,0,0,0,2,White,4,us,sm,46,m,-.601556329820877,-.380446830150317,-1,Christian
2519334,Christian,bad,-1,.130208333333333,0,.690272526770291,-.0647462741940867,.235733593675163,.0553495178509064,-.312091646092806,.0478182308077789,.287086615417122,.019071662383653,-.31567155167073,.00951327386995468,0,2,0,1,0,-1,.666666666666667,.333333333333333,.333333333333333,-1.33333333333333,2,White,2,us,us,19,f,-.690272526770291,-.235733593675163,0,Christian
2519384,Jewish,good,1,.078125,0,.514738779431404,-.340460771763232,-.564672934296234,.0957759280934612,.195417677661164,-.142866285458588,-.130131642209354,.0339395194037277,-.0745150578922596,.170707180697886,-1,0,0,1,1,0,-.333333333333333,-.333333333333333,1,-.333333333333333,2,White,2,za,us,30,f,.514738779431404,-.564672934296234,-2,Non-Christian
2519512,Christian,bad,-1,.546875,.546875,1.14785622522555, , , , ,1.50755827283358, , , , ,0,0,0,0,0,0,0,0,0,0,2,White,3,us,sm,18,f,-1.14785622522555, ,0,Christian
2519578,Hindu,good,1, , , , , , , , , , , , ,0,0,0,0,0,0,0,0,0,0,2,Other or Unknown,3,in,in,30,m, , ,0,Non-Christian
2519599,Jewish,good,1,.0729166666666667,0,-.29523938770704,.0673634264152785,.228390963389771,-.280305895779533,.125128084378348,-.146776309954516,.000171667366003242,.0220553864699129,.0466871921019517,-.0689142459378678,-3,1,2,3,3,-3,0,-.666666666666667,3,-2.33333333333333,.,White,3,us,us,19,f,-.29523938770704,.228390963389771,0,Non-Christian
2519683,Christian,bad,-1,.0546875,0,.895516080450839,.838963564693292,.36353156672313,.358461616060529,-.0529659897272666,-.411916146298213,.69933707062242,-.536447109017344,-.196673484705859,.0337835231007832,0,0,-1,0,0,0,-.333333333333333,.333333333333333,0,0,2,White,4,us,us,45,f,-.895516080450839,-.36353156672313,-3,Christian
2519740,Christian,good,1,.0208333333333333,0,1.00054470572532,-.0756834922797954,-.756844893205902,-.0188653886931675,-.254345848101671,-.114942977887189,.0560054400798725,-.00679803230474186,-.424585314173385,.375377906398254,0,0,0,0,0,0,0,0,0,0,2,White,2,ca,ca,20,f,1.00054470572532,-.756844893205902,0,Christian
2519803,Christian,bad,-1,.625,.4375, , , , , , , , , , , , , , , , , , , , ,2,White,1,us,us,30,f, , ,0,Christian
2519950,Christian,bad,-1,.03125,0,.143653380188004,.176105332875342,-.171579745959998,.338120670602296,-.0842689069080928,-.528393003232754,.0493929890344494,-.347539668903464,.0367327945020662,.261413885366948,0,1,1,0,-1,-1,.666666666666667,.333333333333333,-.333333333333333,-.666666666666667,2,White,1,us,sm,45,m,-.143653380188004,.171579745959998,-3,Christian
2519977,Muslim,good,1,.328125,.0260416666666667,-.0151212379116688,.310588993226185,.59154813357043,-.126453217352021,.50874040648724,-.878698152222265,.295671962961649,-.354277976032143,.132469475682296,-.0738634626118018,3,1,-2,0,0,-2,.666666666666667,1.33333333333333,-1,-1,3,More than one race - Other,1,us,us,30,f,-.0151212379116688,.59154813357043,-2,Non-Christian
2519991,Hindu,good,1,.0625,0,.273290991420757,.271838673528647,.359021770926078,-.825911608435624,-.357582343616456,-.801022778780345,.301383811958494,-.0823166146244561,-.485594981157612,.266527783823574,0,0,0,0,0,0,0,0,0,0,2,South Asian,1,in,us,25,m,.273290991420757,.359021770926078, ,Non-Christian
2519993,Christian,good,1,.03125,.00520833333333333,.311336299248489,.618489146942675,1.26392927705462,.254405073159215,.133634253693727,.358244930584047,.731251574415262,-.171549763172614,.0255676758681511,-.585269487110799,0,0,0,0,0,0,0,0,0,0,2,White,3,us,us,17,f,.311336299248489,1.26392927705462,0,Christian
2520031,Christian,good,1,.0260416666666667,0,.693602970755215,.62129804474848,.47683986786308,-.173965510842562,.361554254358594,.341127621052182,.597246961122258,-.0354016376179122,-.168671409079728,-.393173914424619,0,0,0,0,0,0,0,0,0,0,2,White,2,us,sm,25,m,.693602970755215,.47683986786308,0,Christian
2520228,Jewish,bad,-1,.125,0,.458628987224435,.228936782166266,-.451473668815869,-.127428284101725,-.524778807867886,-.556313784947699,.0786973668582772,-.219274094337413,-.370278693064682,.510855420543818,1,1,0,2,0,0,.666666666666667,0,.333333333333333,-1,3,Other or Unknown,1,us,sm,50,m,-.458628987224435,.451473668815869,-3,Non-Christian
2520320,Christian,good,1,.0572916666666667,0,.394579937873107,.337860136893609,.36515673612258,-.617363983190517,.712457689766553,.494538287004038,.365865603629765,.258014044433649,-.0998287437656906,-.524050904297723,1,1,1,-1,0,0,1,-.333333333333333,-.666666666666667,0,.,White,2,us,us,36,f,.394579937873107,.36515673612258,-1,Christian
2520379,Jewish,good,1,.140625,0,-.356413936874389,.189515709183898,.271686525470275,.897436196411651,-.787967309403235,-.307112552431846,.0349294325932616,-.464688152675798,.155294274627601,.274464445454935,0,0,0,0,0,0,0,0,0,0,2,White,1,us,us,19,f,-.356413936874389,.271686525470275,0,Non-Christian
2520398,Christian,good,1,.0572916666666667,0,.165014130222185,.936865414029904,.677830553120996,.768596237423899,-.319175416301887,.527666526542143,.593236699124362,-.392598374970553,.0948022302999423,-.295440554453751,0,3,0,2,0,-2,1,.666666666666667,.666666666666667,-2.33333333333333,2,White,4,us,sm,31,f,.165014130222185,.677830553120996,0,Christian
2520407,Christian,bad,-1,.307291666666667,.00520833333333333,.572955496402325,1.03614307963998,.42166691064216,-1.07288229233471,-.0783783466666531,-.332069810897146,.67692182889482,-.0984435327341374,-.574738711801229,-.00373958435945369,3,3,3,-1,-1,-1,3,-.333333333333333,-1.66666666666667,-1,2,Black or African American,3,us,us,20,f,-.572955496402325,-.42166691064216,0,Christian
2520437,Christian,bad,-1,.078125,0,-.630764763137756,.104825900846433,-.845326342073469,.188194121716351,-.111602614829758,.311569175888775,-.457088401454931,.00618305110866376,.23578542334145,.215119927004817,0,0,0,0,0,0,0,0,0,0,2,Black or African American,3,us,us,51,m,.630764763137756,.845326342073469,-2,Christian
2520558,Jewish,good,1,.0364583333333333,0,-.66257035835107,.04058788321554,-.18699334021804,.0023773349734877,-.18266713803517,-.29974481377196,-.269658605117857,-.114236677320329,.160760185096463,.223135097341723,0,0,0,0,0,0,0,0,0,0,2,White,3,us,sm,54,f,-.66257035835107,-.18699334021804,-3,Non-Christian
2520571,Christian,bad,-1,.0729166666666667,0,.585138182434716,.497232945328533,.602256727594459,1.02231282138934,-.750978879771529,.180474722830925,.561542618452569,-.446357014628981,-.104601413605637,-.0105841902179515,2,3,3,3,3,0,2.66666666666667,-2,1.33333333333333,-2,2,Black or African American,4,us,us,61,m,-.585138182434716,-.602256727594459,-1,Christian
2520577,Christian,bad,-1,.104166666666667,0,-.135712953693716,.679281875580848,-.0611667595616375,.913276463244272,-.172457867973042,-.20229549733665,.160800720775165,-.598284612053924,.292177182988315,.145306708290443,0,0,0,0,0,0,0,0,0,0,2,South Asian,2,sg,sm,22,f,.135712953693716,.0611667595616375,1,Christian
2520662,Muslim,good,1,.401041666666667,.0729166666666667,1.28358826700525,-.371274785393266,-.441965414868119,-.0536142322530142,-.198010612133756,.360153361996097,.156782688914621,.261680793214126,-.511737703797339,.0932742216685929,3,-1,0,-2,-2,1,.666666666666667,.333333333333333,-2.33333333333333,1.33333333333333,2,Other or Unknown,2,kz,kz,19,f,1.28358826700525,-.441965414868119,0,Non-Christian
2520702,Christian,good,1, , , , , , , , , , , , ,2,3,3,1,1,0,2.66666666666667,-1.33333333333333,0,-1.33333333333333,2,White,4,us,us,35,m, , ,2,Christian
2520837,Christian,bad,-1,.354166666666667,0,.364672780876146,.120605054062218,-.20050569430654,.316488842561045,-.574916932906602,.369984546724559,.0949240468772747,-.0223697832995681,-.207700290407234,.135146026829528,0,0,0,0,0,0,0,0,0,0,2,White,1,au,au,39,f,-.364672780876146,.20050569430654,0,Christian
2520942,Jewish,good,1,.015625,0,-.389540128115052,.440300602709192,-.144902939098458,.860434184795678,.515637928016667,.0560628840646678,-.0313808215014392,-.414890634480068,.588537413642466,-.142265957660959,-1,1,0,3,3,0,0,-1,2.33333333333333,-1.33333333333333,2,White,3,us,sm,59,f,-.389540128115052,-.144902939098458,-2,Non-Christian
2520954,Christian,good,1,.0520833333333333,0,.307807914483188,.107480002451308,-.204354561876498,-.614768226045886,-.186436891834002,.100460630772098,.0703111183526663,.202582951455558,-.369671010787692,.0967769409794672,0,0,0,1,0,0,0,0,.333333333333333,-.333333333333333,1,More than one race - Black/White,1,br,br,36,m,.307807914483188,-.204354561876498,-2,Christian
2520957,Jewish,good,1,.0989583333333333,0,-.387944419910341,.353801123513653,.794086963958133,-.205836596672939,.421908850202595,-.0938462875604396,.253314555853815,-.0806036048003846,.201338891146666,-.374049842200096,0,0,0,0,0,0,0,0,0,0,2,White,1,il,il,22,f,-.387944419910341,.794086963958133,-3,Non-Christian
2520997,Hindu,bad,-1,.0572916666666667,0,-.0501452875795926,.724678080911471,-.0893526138518094,.19886565526232,-.701724625969814,-.0208492666745149,.19506005982669,-.314797667616102,-.150904561042634,.270642168832046,0,0,1,0,0,-1,.333333333333333,0,0,-.333333333333333,3,East Asian,1,in,in,23,f,.0501452875795926,.0893526138518094,-2,Non-Christian
2521026,Christian,bad,-1,.09375,0,.210998540627052,-.479656623673268,-.911100472231258,-1.03522784782432,-.464088815025022,.879824733484506,-.393252851759158,.798236401660699,-.570105067825466,.165121517923925,1,-1,-1,-1,-1,0,-.333333333333333,.666666666666667,-1,.666666666666667,2,White,3,nl,sm,18,f,-.210998540627052,.911100472231258,-2,Christian
2521067,Christian,good,1,.125,.00520833333333333,.496193296109037,.362845013662449,.377268235532866,.0456156445168483,-.0682565759841771,-.27371959817442,.412102181768117,-.227393418784573,-.172944742525455,-.0117640204580896, , , , , , , , , , ,2,More than one race - Other,2,ca,sm,25,f,.496193296109037,.377268235532866, ,Christian
2521070,Christian,good,1,.0833333333333333,0,.750902040934405,.645131623539509,.311953311427178,-.359364038806686,-.15401869466013,-.691354218090413,.56932899196703,-.325707267607745,-.42142825813374,.177806533774455,0,0,0,0,0,0,0,0,0,0,2,White,4,us,sm,18,f,.750902040934405,.311953311427178,-2,Christian
2521117,Christian,bad,-1,.0729166666666667,0,1.2921300601511,-.13213614534244,.409703994346443,-.418018666182794,-.297072167017251,-.503791598236787,.523232636385034,.0154544044294825,-.669073631117048,.130386590302531,0,0,0,0,0,0,0,0,0,0,2,White,1,uk,uk,37,f,-1.2921300601511,-.409703994346443,0,Christian
2521131,Christian,bad,-1,.25,0, , , , , , , , , , , , , , , , , , , , ,2,White,2,uk,uk,54,f, , ,3,Christian
2521153,Muslim,bad,-1,.0625,0,-.359766911968864,.789024882895411,-.495481976606351,-.374230621612274,.0214927693592359,.640607414727622,-.0220746685599345,.0752710511481614,.00234301990527532,-.0555394024935022, , , , , , , , , , ,2,White,1,uk,uk,38,m,.359766911968864,.495481976606351,2,Non-Christian
2521289,Christian,good,1,.0729166666666667,0,.510271905020349,-.35841660181676,-.12962218395522,.836906891677779,.759243091054885,-.0580849942506333,.00741103974945649,-.178858428037218,.361959359237438,-.190511970949677,1,-2,3,3,2,0,.666666666666667,-1.66666666666667,1.33333333333333,-.333333333333333,2,White,3,us,us,20,f,.510271905020349,-.12962218395522,2,Christian
2521294,Christian,bad,-1,.046875,0,.863187224142097,.480027248632126,1.22489479458305,.10951339946736,.00954975829316336,-.125723936091062,.856036422452423,-.238421528063516,-.248041355460524,-.369573538928383,2,2,2,0,0,-1,2,-.333333333333333,-.666666666666667,-1,1,White,2,es,uk,33,m,-.863187224142097,-1.22489479458305,0,Christian
2521316,Jewish,bad,-1,.114583333333333,.00520833333333333,-.366500291186386,.407234439046173,.536335311837709,.63676164442273,.517894345633227,-.549352091365047,.192356486565832,-.531116058277984,.507052093747448,-.168292522035297,-3,1,-1,3,3,1,-1,-1,3,-1,2,White,3,us,us,21,m,.366500291186386,-.536335311837709,0,Non-Christian
2521351,Christian,bad,-1, , , , , , , , , , , , ,0,0,0,0,0,0,0,0,0,0,.,White,2,us,sm,23,f, , ,2,Christian
2521502,Christian,bad,-1,.296875,0,-.526590307685341, ,.197891157586733, ,.0668522560834511, , , , , ,0,0,0,0,0,0,0,0,0,0,2,White,2,us,us,43,f,.526590307685341,-.197891157586733,-3,Christian
2521705,Christian,bad,-1,.390625,.640625, ,-.731644107454919,-.814454514817713,-.483322326413329, , , , , , ,0,0,0,0,0,0,0,0,0,0,2,White,1,ca,sm,27,f, ,.814454514817713,-3,Christian
2521765,Jewish,good,1,.244791666666667,.0625,.0143100326295666,.728094087504086,.566109470023285,-.0709146794693957,.0145748757208573,.651500033579045,.436171196718979,-.00189312481854852,-.0235499454593683,-.410728126441062,0,0,0,0,0,0,0,0,0,0,2,White,2,us,us,18,m,.0143100326295666,.566109470023285,-2,Non-Christian
2521773,Jewish,bad,-1,.046875,.0104166666666667,.34726642704784,-.185162014540025,-.309968874514736,.490145705818946,.340111793732645,-.184973774237602,-.0492881540023071,-.163319155172174,.160997024167917,.0516102850065645,0,0,0,2,3,0,0,-1,1.66666666666667,-.666666666666667,2,White,2,us,us,30,f,-.34726642704784,.309968874514736,-3,Non-Christian
2521788,Christian,good,1,.046875,0,.540988133582677,.931690015234723,.640234837632236,-.0839197282894923,.932007692133238,-.486450256551698,.704304328816545,-.444740181165643,.102366610087023,-.361930757737925,0,0,0,0,0,0,0,0,0,0,2,White,1,us,sm,38,m,.540988133582677,.640234837632236,-2,Christian
2521881,Christian,bad,-1,.078125,0,.513747911180917,.915004276801939,.331246475036279,.0562261266392028,-.0460615175147927,-.196242743727926,.586666221006378,-.389157715723022,-.167861100685502,-.0296474045978537,3,3,2,1,0,-2,2.66666666666667,0,-.666666666666667,-2,2,White,3,us,sm,21,f,-.513747911180917,-.331246475036279,2,Christian
2521909,Christian,bad,-1,.0260416666666667,0,-.385581465591345,-.514554461490313,.0309228474369895,.638067589989765,-.365834268911119,-.249270433849271,-.28973769321489,-.124261187449574,.219271595556664,.1947272851078,0,0,0,0,0,0,0,0,0,0,2,White,3,us,us,75,m,.385581465591345,-.0309228474369895,-3,Christian
2521974,Christian,bad,-1,.114583333333333,0,-.239754549940467,-.134881159163821,.505895316757888,.0138330695778901,.168534061603468,-.51798148382798,.0437532025511998,-.132311131414016,.140707227040608,-.0521492981777917,2,2,2,0,0,-1,2,-.333333333333333,-.666666666666667,-1,2,White,3,us,us,36,f,.239754549940467,-.505895316757888,0,Christian
2522017,Jewish,bad,-1, , , , , , , , , , , , ,-2,1,0,1,1,-1,-.333333333333333,0,1.33333333333333,-1,2,Other or Unknown,1,il,il,27,f, , ,-1,Non-Christian
2522070,Christian,bad,-1,.408376963350785,0,-.0477963519365643,-.213909578740955,-.333738935487182,-.803066389799108,.139412331227993,.388299014482282,-.198481622054901,.468424994340782,-.205285902211517,-.0646574700743645,0,1,1,0,0,0,.666666666666667,-.333333333333333,0,-.333333333333333,2,White,2,us,us,51,f,.0477963519365643,.333738935487182,0,Christian
2522176,Christian,good,1,0,0, , , , , , , , , , , , , , , , , , , , ,2,White,3,us,sm,34,f, , ,2,Christian
2522313,Christian,good,1,.104166666666667,0,.80815429760386,.147800826119612,1.25529994788328,-.863310422172266,.429392443895161,.0493963284231774,.737085023868917,.254968641491944,-.414024091960322,-.57802957340054,2,1,1,0,0,0,1.33333333333333,-.333333333333333,-.666666666666667,-.333333333333333,2,Black or African American,3,us,us,20,f,.80815429760386,1.25529994788328,-3,Christian
2522516,Hindu,good,1,.0885416666666667,0,.137433723615967,-.0798436258070964,-.299157939443941,.951093026005966,-.391046410215459,-.724134138452158,-.0805226138783568,-.531794512883676,.14087096405818,.471446162703853,0,2,1,1,-2,-2,1,1,-.333333333333333,-1.66666666666667,3,South Asian,2,in,in,36,m,.137433723615967,-.299157939443941,0,Non-Christian
2522534,Christian,bad,-1,.03125,0,-.389534105432014,.384754571287776,.551723646198166,-.111624016577121,.0557064630200304,.0131790757550544,.182314704017976,-.0866504929852001,.111205517291641,-.206869728324417,0,0,0,0,0,0,0,0,0,0,2,White,4,us,sm,59,m,.389534105432014,-.551723646198166,1,Christian
2522537,Hindu,bad,-1,.235602094240838,.0261780104712042,-.679972640120922,-.063364769720955,.905727548485733,-.280753178261823,.00910056477215337,-.0302544231646249,.0541300462146187,.104621174939384,.136106675543751,-.294857896697754,0,0,0,0,0,0,0,0,0,0,2,South Asian,1,in,in,21,m,.679972640120922,-.905727548485733,0,Non-Christian
2522600,Christian,bad,-1,.125,0, , , , , , , , , , , , , , , , , , , , ,3,Other or Unknown,3,jo,jo,44,m, , ,0,Christian
2522611,Christian,good,1,.104166666666667,.00520833333333333,.261829898979284,.471277354133303,.360802242238053,-.147480023813606,.401700641296618,-.26088487325604,.364636498450213,-.194894067858579,-.00253642716542416,-.167206003426211,3,2,2,0,2,1,2.33333333333333,-1.66666666666667,-.333333333333333,-.333333333333333,2,White,2,pl,de,27,f,.261829898979284,.360802242238053,-2,Christian
2522690,Christian,good,1,.046875,.015625,.527615007373498,.703465313874992,.938116854365411,.211037043633637,-.331402043679035,.43378644164426,.723065725204634,-.160238638621456,-.215993335806299,-.346833750776879,0,0,0,0,0,0,0,0,0,0,2,White,2,fr,de,22,m,.527615007373498,.938116854365411,-1,Christian
2522835,Christian,good,1,.0833333333333333,0,.0734176212788625,-.23451185185396,.949577556736262,.115739306575906,-.202283265910487,-.42605401403206,.262827775387055,-.102427156251335,-.0533205268711478,-.107080092264572,0,0,0,0,0,0,0,0,0,0,2,Black or African American,3,us,sm,19,f,.0734176212788625,.949577556736262,-1,Christian
2522923,Christian,good,1,.203125,0,.685448782397087,.701211236303227,.784113295564003,.264187641079061,.27810935297935,-.271092336470584,.723591104754772,-.412163737950958,-.0477172627795585,-.263710104024256,0,0,0,0,0,0,0,0,0,0,2,White,2,us,us,20,f,.685448782397087,.784113295564003,-3,Christian
2522962,Christian,bad,-1,.130208333333333,0,.593072199090083,.188763494373801,.229356647196976,-.165940907581447,-.48132288871004,-.383077396403137,.33706411355362,-.135299994398497,-.413445331793857,.211681212638734,2,1,3,1,1,0,2,-1.33333333333333,0,-.666666666666667,.,White,2,us,us,18,f,-.593072199090083,-.229356647196976,1,Christian
2523021,Christian,good,1,.208333333333333,.333333333333333, ,.868041739232365,-1.61227750791257,-.362115845744803,-.065011151437585,1.55001370504604, ,.348029270519491, ,.0424249847680386, , , , , , , , , , ,3,Black or African American,4,us,us,21,m, ,-1.61227750791257,-2,Christian
2523104,Christian,good,1,.125,0,-.219114983453446,.535881909049191,.941537897362186,.21959476225999,-.765650387722153,-.263243441405716,.419434940985977,-.339573370904966,-.108980214002906,.0291186439218945,2,1,1,1,1,-1,1.33333333333333,-.333333333333333,0,-1,2,Black or African American,3,us,us,33,m,-.219114983453446,.941537897362186,1,Christian
2523113,Muslim,good,1,.0260416666666667,0,.512966450862293,-.838008935011055,.182208928296344,-.0205218006895913,-.0618710572793561,.383928479492275,-.0476111852841395,.414153071730974,-.198453102943747,-.168088783503088,0,0,0,0,0,0,0,0,0,0,2,Other or Unknown,3,ae,ae,26,f,.512966450862293,.182208928296344,0,Non-Christian
2523194,Muslim,bad,-1,.182291666666667,.00520833333333333,-.686386994804422,.0801545770397334,-.334812718877293,.388944673600784,.858571147493497,.259573128982902,-.313681712213994,-.0698420405525384,.644634271966234,-.261110519199702,1,0,1,-1,0,1,.666666666666667,-.666666666666667,-.666666666666667,.666666666666667,2,White,2,us,sm,24,m,.686386994804422,.334812718877293,0,Non-Christian
2523388,Christian,good,1,.015625,0,.81455414180998,1.13843727020383,.733662822003009,.548937799241496,-.36678232567887,-.901437657417427,.895551411338939,-.862937575620917,-.210799556082452,.178185720364429,2,2,2,0,0,0,2,-.666666666666667,-.666666666666667,-.666666666666667,3,White,4,us,us,47,f,.81455414180998,.733662822003009,2,Christian
2523440,Christian,bad,-1,.0260416666666667,0,.926227839659775,.837203171503148,.26653059200578,-.275722150103725,.159511543155925,.675172574830226,.676653867722901,.0378971844769343,-.347479482202525,-.36707156999731,1,1,1,0,0,0,1,-.333333333333333,-.333333333333333,-.333333333333333,1,White,3,us,us,29,f,-.926227839659775,-.26653059200578,2,Christian
2523568,Christian,bad,-1,.0260416666666667,0,1.12850111489534,-.0655591418303246,.711103965895255,-.498930422823168,-.419818675722051,.190854061906024,.591348646320091,.251781208853172,-.68241673781352,-.160713117359743, , , , , , , , , , ,2,White,2,us,sm,40,f,-1.12850111489534,-.711103965895255,0,Christian
2523597,Christian,good,1,.0416666666666667,0,.557599914840337,.704171851200153,1.05892637066535,-.409661895299575,.316582399103643,-.0369891743214942,.773566045568613,-.110499710074024,-.21689313701209,-.446173198482499,0,0,0,0,0,0,0,0,0,0,2,White,3,ca,ca,50,m,.557599914840337,1.05892637066535,-2,Christian
2523630,Christian,bad,-1,.0885416666666667,0,-.397066005992979,1.2887165981199,.85130168655107,.0308439859680303,.464225074159939,-.424429571980942,.580984092892663,-.581330052022956,.29737835537365,-.297032396243356,3,3,3,0,0,0,3,-1,-1,-1,2,More than one race - Black/White,4,de,de,24,f,.397066005992979,-.85130168655107,0,Christian
2523817,Christian,bad,-1, , , , , , , , , , , , ,0,0,0,0,0,0,0,0,0,0,2,White,2,uk,sm,12,f, , ,0,Christian
2523825,Christian,good,1,.3125,.0208333333333333, ,.763887209661419, , , , , , , , , , , , , , , , , , ,.,White,4,us,us,17,f, , ,2,Christian
2523830,Muslim,bad,-1,.120192307692308,0, ,.0464717953027351,.165066204921441,.0285116370370388,-.310808603687773, , , , , , , , , , , , , , , ,2,Other or Unknown,2,ae,ae,19,f, ,-.165066204921441,0,Non-Christian
2523924,Christian,good,1,.0260416666666667,0,-.0315986209205787,.016481401799889,.930584630054685,-.00624274562471592,.203963838127266,-.20090824951358,.305155803644665,-.0703823018962511,.0764399044743764,-.31121340622279,0,0,0,0,0,-1,0,.333333333333333,0,-.333333333333333,2,White,3,ie,sm,25,f,-.0315986209205787,.930584630054685,-2,Christian
2523985,Christian,good,1,.140625,0,-.222385033906199,.870475155642758,1.12972589741178,-.0797313118806877,.419008454514959,-.403498568669266,.592605339716113,-.398080804143779,.18722072551349,-.381745261085824,0,0,0,1,0,0,0,0,.333333333333333,-.333333333333333,1,Other or Unknown,3,pr,pr,18,f,-.222385033906199,1.12972589741178,0,Christian
2523989,Christian,bad,-1,.0104166666666667,0,.69254011739393,.399157763486166,.200603889297404,-.178758024789017,-.381487270956909,.189628024360073,.430767256725834,-.0102572381123587,-.417595137713285,-.00291488090018956,0,0,0,0,0,0,0,0,0,0,2,Black or African American,3,us,sm,36,f,-.69254011739393,-.200603889297404,2,Christian
2524022,Christian,bad,-1,.328125,0,-.0856430283905433,.290962743404702,-.391039359648246,-.253317607945485,-.16134057007395,-.487090995374619,-.0619065482113625,-.174912043611279,-.109671716542964,.346490308365605,3,2,2,1,0,-2,2.33333333333333,0,-.666666666666667,-1.66666666666667,2,White,2,us,sm,61,m,.0856430283905433,.391039359648246,-2,Christian
2524051,Jewish,bad,-1,.03125,0,.710821762361138,.281661123179961,1.03479204320812,.208477524109004,.674636018400217,-.418461124396034,.675758309583072,-.302866590561666,.057430593382694,-.4303223124041,-2,2,1,3,2,-2,.333333333333333,-.333333333333333,2.33333333333333,-2.33333333333333,2,White,2,us,us,43,m,-.710821762361138,-1.03479204320812,0,Non-Christian
2524151,Muslim,good,1,.0572916666666667,0,.218998843866928,-.577475107339056,.6347561488779,-.141344956533592,-.461083423259517,1.3134557346293,.092093295135257,.677425266167317,-.273809074553346,-.495709486749228,0,-3,3,-3,3,3,0,-3,0,3,3,Black or African American,3,ng,ng,54,m,.218998843866928,.6347561488779,0,Non-Christian
2524236,Christian,good,1,.324607329842932,0,1.13377287630654,1.3933111834094,.949254106708927,-.148867720752936,.31052132057096,.301855924010508,1.15877938880829,-.314195846215318,-.324039758829504,-.520543783763465,3,0,1,3,3,2,1.33333333333333,-2,1,-.333333333333333,3,Black or African American,4,us,us,32,m,1.13377287630654,.949254106708927,0,Christian
2524257,Christian,bad,-1, , , , , , , , , , , , ,2,3,2,3,3,-2,2.33333333333333,-1,1.33333333333333,-2.66666666666667,1,White,1,it,it,20,f, , ,0,Christian
2524302,Muslim,bad,-1,.219895287958115,.225130890052356,.255176742685144,.31883566142392,-.756936474094434,1.35593650114578,.279397046150552,.150911239473639,-.0609746899951235,-.50795364103202,.460052268203729,.108876062823415,0,0,0,0,0,0,0,0,0,0,2,Other or Unknown,3,uk,uk,19,f,-.255176742685144,.756936474094434,-1,Non-Christian
2524460,Christian,bad,-1,.0416666666666667,0,.692223698733372,-.136126616087482,.736101355806863,.225676482042964,-.0952793439332505,.4462415629316,.430732812817584,.118897232325373,-.187275520207886,-.362354524935071,0,-1,-1,0,0,0,-.666666666666667,.333333333333333,0,.333333333333333,2,White,3,us,sm,25,m,-.692223698733372,-.736101355806863,1,Christian
2524537,Christian,good,1,.125,0,.408133896808094,.646217809196465,-.0555691704933955,.248719383536893,-.469539600226875,-.671550904103382,.332927511837055,-.52216269894558,-.209651371166026,.398886558274551,0,3,3,2,2,-2,2,-1,1.33333333333333,-2.33333333333333,2,White,2,ca,ca,19,f,.408133896808094,-.0555691704933955,0,Christian
2524624,Christian,good,1,.0625,0,.763286029873935,.5883009269089,.703180825318325,-.370054870720761,.805819389869691,.228055415355782,.68492259403372,.00326978638921455,-.109173836908335,-.5790185435146,0,2,0,1,0,-3,.666666666666667,1,.333333333333333,-2,2,East Asian,2,ca,sm,26,f,.763286029873935,.703180825318325,0,Christian
2524627,Christian,good,1,.046875,0,-.476696721181672,-.0755704620600243,.694861839923212,-.428516227130346,.059037722703608,-.469184065203951,.0475315522271719,.0116342079954731,.0357394055849782,-.0949051658076232,1,1,0,0,-1,-1,.666666666666667,.666666666666667,-.666666666666667,-.666666666666667,2,White,2,ie,ie,29,f,-.476696721181672,.694861839923212,-1,Christian
2524692,Christian,bad,-1,.4375,.572916666666667,.703946568845548,1.30310136643699, , ,-.595326552207233,-.778029428685519, , , , ,0,0,0,0,0,0,0,0,0,0,2,More than one race - Other,1,us,us,19,m,-.703946568845548, ,0,Christian
2524696,Christian,good,1,.197916666666667,0,.70269845382227,.537458784659748,.070133587143185,-.369510977183154,.247324145652087,.0484821629272675,.436763608541734,-.0398218815164422,-.274961761784446,-.121979965240846,0,0,0,0,0,0,0,0,0,0,2,White,3,us,us,21,m,.70269845382227,.070133587143185,0,Christian
2524760,Christian,bad,-1,.0989583333333333,0,.0904154652831805,-.472961379281287,.564019035508723,.859404114612947,.586114984541371,.535343675842142,.0604910405035387,.0496336468368274,.451701211290379,-.561825898630745,3,3,3,0,0,0,3,-1,-1,-1,2,East Asian,3,kr,us,18,f,-.0904154652831805,-.564019035508723,0,Christian
2524761,Christian,good,1,.0677083333333333,0,.431645885629095,1.09296558029306,.890931240807045,1.12775691018244,.814093573227968,.118926390481255,.805180902243065,-.700598699998081,.503401532593772,-.607983734838756,0,3,2,3,2,0,1.66666666666667,-1.33333333333333,1.66666666666667,-2,.,White,4,us,us,60,m,.431645885629095,.890931240807045,3,Christian
2524954,Hindu,bad,-1, , , , , , , , , , , , ,0,0,-1,0,0,-1,-.333333333333333,.666666666666667,0,-.333333333333333,2,South Asian,3,us,us,24,f, , ,-3,Non-Christian
2525046,Christian,bad,-1,.270833333333333,.0104166666666667,.622835326652612,.340697411404887,-.960149278315108,.495154561075642,-.123166801918089,-.0565446756310971,.00112781991413039,-.297465549370542,-.0836158558316864,.379953585288098,1,2,2,0,0,0,1.66666666666667,-.666666666666667,-.333333333333333,-.666666666666667,3,White,3,us,sm,18,f,-.622835326652612,.960149278315108,0,Christian
2525077,Muslim,good,1,.03125,0,.0466834129182333,-.430414867945544,-.522488921549249,-.423433600216288,-.571306003104648,.326470203288579,-.302073458858853,.393439557150137,-.347141005413057,.255774907121773,0,0, , ,0,0, , , , ,3,South Asian,3,bd,us,18,f,.0466834129182333,-.522488921549249,-2,Non-Christian
2525117,Jewish,bad,-1,.0572916666666667,.00520833333333333,.0789122242479965,.0580869669163602,.708571211567855,-.431175286256316,-.293525770545119,.358216062369702,.281856800910737,.243768127236553,-.267871093683144,-.257753834464146,-3,3,0,3,3,-3,0,0,3,-3,3,Other or Unknown,4,us,us,57,m,-.0789122242479965,-.708571211567855,3,Non-Christian
2525208,Christian,bad,-1, , , , , , , , , , , , ,3,-3,-3,1,3, ,-1, ,.333333333333333, ,3,Black or African American,4,us,us,32,m, , ,0,Christian
2525240,Christian,good,1,.0729166666666667,0,.378838853964904,-.100717820753385,.491581148551129,.130808507089074,-.163638833783664,-.653815285696804,.256567393920883,-.227968657344164,-.137223060219831,.108624323643113,0,1,0,1,0,-1,.333333333333333,.333333333333333,.333333333333333,-1,2,White,1,se,hk,21,f,.378838853964904,.491581148551129,0,Christian
2525293,Jewish,bad,-1, , , , , , , , , , , , ,-2,0,0,1,1,0,-.666666666666667,-.333333333333333,1.33333333333333,-.333333333333333,1,American Indian/Alaska Native,2,us,us,18,m, , ,-3,Non-Christian
2525334,Christian,bad,-1,.0364583333333333,0,-.417595388444786, ,-.154123312744424, ,-.262417335473169, , , , , ,1,3,2,2,1,0,2,-1,.666666666666667,-1.66666666666667,2,More than one race - Other,2,us,us,18,m,.417595388444786,.154123312744424,0,Christian
2525371,Christian,good,1,.114583333333333,0,1.03891664605705,.694050723027516,1.04080271890315,.902065483771335,.302620200417904,-.308648942287344,.92459002932924,-.634921716362065,.0552563460440617,-.344924659011236,1,2,2,2,2,-1,1.66666666666667,-1,1,-1.66666666666667,2,White,2,us,sm,21,m,1.03891664605705,1.04080271890315,0,Christian
2525373,Muslim,bad,-1,.104166666666667,0,-.177416409154604,-.134012748399355,-.244735219112652,.226621452255296,-.00774833029365858,-.640874542768766,-.185388125555537,-.244494415541569,.13209651037208,.297786030725025,2,1,1,-1,-1,2,1.33333333333333,-.666666666666667,-1.33333333333333,.666666666666667,2,South Asian,4,us,sm,18,f,.177416409154604,.244735219112652,-2,Non-Christian
2525375,Christian,bad,-1,.0572916666666667,0,.429370220713112,.792321071278096,.806051230119402,.105428633125429,.184301180094065,-.490597977930222,.67591417403687,-.462782560777916,-.0465468024978727,-.166584810761082,1,2,2,1,1,0,1.66666666666667,-1,.333333333333333,-1,1,More than one race - Other,2,us,sm,18,f,-.429370220713112,-.806051230119402,-2,Christian
2525380,Christian,good,1,.0729166666666667,0,-.125771363715129,.759835321644954,1.17304823156773,-.161353074595962,-.00667847621546646,-.370105278810555,.602370729832517,-.322862508619849,-.0140867290320998,-.265421492180569,3,3,3,0,0,0,3,-1,-1,-1,1,More than one race - Other,4,us,sm,24,f,-.125771363715129,1.17304823156773,0,Christian
2525481,Christian,good,1,.0208333333333333,0,.38164750783271,.479325731956385,-.0938934795285685,-.124803517239401,-.0160114290161594,.352010540993587,.255693253420176,-.000837224574465741,-.174154151362757,-.0807018774829531,0,0,0,0,0,0,0,0,0,0,2,Black or African American,2,us,sm,41,f,.38164750783271,-.0938934795285685,-2,Christian
2525495,Christian,bad,-1,.213541666666667,0,.174854218451858,.600656693647797,.278430698116473,.0558653912626601,.0852918982489503,-.405943048834288,.351313870072042,-.354155044581581,-.0112323096467492,.0140734841562882,0,0,0,0,0,0,0,0,0,0,2,White,3,us,us,18,m,-.174854218451858,-.278430698116473,-1,Christian
2525588,Muslim,good,1, , , , , , , , , , , , ,0,0,0,0,0,0,0,0,0,0,2,Black or African American,1,sn,es,19,f, , ,-3,Non-Christian
2525605,Christian,bad,-1, , , , , , , , , , , , ,0,0,0,0,0,0,0,0,0,0,2,White,4,fr,fr,40,f, , ,0,Christian
2525610,Jewish,bad,-1,.0263157894736842,0,-.660313941261611,-.297130827196225,-.261108376528699,.679575209185614,.0670289455397048,.272173681702132,-.406184381662178,-.0367569000957525,.46897269866231,-.0260314169043792,0,0, ,2,2,0, , ,1.33333333333333,-.666666666666667,.,White,4,il,.,23,f,.660313941261611,.261108376528699, ,Non-Christian
2525640,Christian,bad,-1,.015625,0,-.240156625819938,.681463747535162,.758550346944906,.0360347114265496,-.0143385205268817,.162029287833657,.399952489553377,-.185156390376018,.0872842722398685,-.302080371417227,0,1,-1,1,-1,-1,0,1,0,-1,2,White,1,de,de,43,f,.240156625819938,-.758550346944906,0,Christian
2525647,Muslim,bad,-1,.1,.0125,.0798176110023455, , , , ,.499092716022848, , , , , , , , , , , , , , ,2,Other or Unknown,3,kz,kz,22,m,-.0798176110023455, ,0,Non-Christian
2525744,Hindu,good,1,.015625,0,-.0782540469135846,-.686106402549265,-.422210246693581,-.0102841066316508,-.699788726252619,-.241391797315354,-.395523565385477,.151666237288521,-.210606261990228,.454463590087185,0,0,0,0,0,0,0,0,0,0,2,South Asian,4,us,sm,24,f,-.0782540469135846,-.422210246693581,-3,Non-Christian
2525762,Muslim,bad,-1,.145833333333333,0, , , , , ,1.06534346859447, , , , ,0,0,0,0,0,0,0,0,0,0,3,White,3,fr,fr,28,m, , ,0,Non-Christian
2525783,Hindu,good,1,.0260416666666667,0,.216355289318475,.481664730431764,-.523960041804943,.0784580020916977,-.703465799210481,-.0794554050757686,.0580199926484321,-.213192712533077,-.280454362145753,.435627082030398,0,0,0,0,0,0,0,0,0,0,2,South Asian,2,sg,sg,28,f,.216355289318475,-.523960041804943,0,Non-Christian
2525807,Christian,good,1,.515625,.994791666666667, , , , , ,.353553390593274, , , , ,3,2,3,0,0,0,2.66666666666667,-1,-1,-.666666666666667,3,White,2,us,sm,16,f, , ,0,Christian
2525868,Muslim,bad,-1,.523560209424084,.219895287958115,-.020576784054686,-.242938883364084,.982974027750449,-1.24918426594251,-.373150123985836,.229090365645797,.239819453443893,.573737838317464,-.533919201957887,-.27963808980347,0,0,2,0,1,2,.666666666666667,-1.66666666666667,.333333333333333,.666666666666667,3,Black or African American,3,so,us,29,m,.020576784054686,-.982974027750449,0,Non-Christian
2525920,Christian,bad,-1,.40625,.5,-1.40246152239452,1.55863441978841,.278700491100078,.357206091758199,-.852222400451605,.927331422238474,.144957796164656,-.329503029769377,.30248173790037,-.117936504295649, ,0, , , , , , , , ,1,Other or Unknown,3,us,us,43,f,1.40246152239452,-.278700491100078,0,Christian
2525938,Christian,bad,-1,.234375,0,.556673893144368,-.0518496278891666,.161898621071304,.422721920630831,.376900341786574,.358461928233095,.222240962108835,-.00413678816952312,.080982789757679,-.299086963696991,0,0,0,0,0,0,0,0,0,0,2,White,2,us,us,27,f,-.556673893144368,-.161898621071304,-3,Christian
2525971,Jewish,bad,-1,.0833333333333333,0,-.309252676587336,-.15433349260163,-.340131440105019,.0581353937776469,-.271715153374106,.189383792386089,-.267905869764661,.0951939637366907,.0318909723302921,.140820933697679,0,1,0,1,0,-1,.333333333333333,.333333333333333,.333333333333333,-1,3,White,1,us,sm,44,f,.309252676587336,.340131440105019,1,Non-Christian
2526016,Christian,good,1,.078125,0,.340199395798935,1.26885747281819,.177237834996352,.414032820567957,.974796181527725,-.108825537213084,.59543156787116,-.597238610199745,.349543202098916,-.347736159770331,0,0,0,0,0,0,0,0,0,0,2,White,2,us,sm,28,f,.340199395798935,.177237834996352,0,Christian
2526294,Jewish,good,1,.0416666666666667,0,.296571885635915,.934979883432006,-.164110843054748,1.13800821358742,.869709708738728,-.246116579000741,.355813642004391,-.773034892006723,.570382012230079,-.153160762227746,0,1,2,1,1,0,1,-1,.666666666666667,-.666666666666667,2,White,1,us,sm,62,f,.296571885635915,-.164110843054748,-2,Non-Christian
2526302,Jewish,good,1,.166666666666667,0,-.37145275417882,-.271453020240791,-.75244426129351,.695088073569304,.843520185786303,-.354911631167608,-.46511667857104,-.259515561498707,.636687004511476,.0879452355582718,-3,-3,-3,3,3,-3,-3,1,3,-1,2,White,2,ca,us,21,f,-.37145275417882,-.75244426129351,0,Non-Christian
2526304,Christian,bad,-1,.109375,.00520833333333333,.643399901924463,-.163625281226229,.0220756338124566,-.270755428783868,-.265195795129871,-.27540578718195,.16728341817023,.0529916409427157,-.393117041946067,.172841982833121,0,0,0,0,0,0,0,0,0,0,2,White,3,us,us,22,f,-.643399901924463,-.0220756338124566,2,Christian
2526318,Christian,bad,-1,.0833333333333333,0,.675621136968515,-.0137235377775833,.815924604013003,.00733332398376276,.378513701760036,-.869910171458545,.492607401067978,-.287839985888241,-.0965913704082386,-.108176044771498,0,0,0,0,0,0,0,0,0,0,2,White,2,us,us,26,m,-.675621136968515,-.815924604013003,2,Christian
2526407,Christian,bad,-1,.109375,0,.56089652571778, ,.0920183674283602, ,-.550287046722879, , , , , ,1,2,1,0,0,0,1.33333333333333,-.333333333333333,-.333333333333333,-.666666666666667,1,White,2,us,sm,36,m,-.56089652571778,-.0920183674283602,-3,Christian
2526410,Muslim,bad,-1, , , , , , , , , , , , ,0,-1,-1,-2,-1,0,-.666666666666667,.666666666666667,-1,1,.,South Asian,2,ca,ca,41,f, , , ,Non-Christian
2526469,Christian,good,1,.260416666666667,.03125,.699287156078839,1.25464928257919,.800808080619712,.927820414654043,.0367360616256694,.0439216052654978,.918248173092581,-.712849363989246,.0884231067336245,-.29382191583696, , , , , , , , , , ,2,White,2,us,us,18,f,.699287156078839,.800808080619712, ,Christian
2526524,Christian,bad,-1,.302083333333333,.0104166666666667,-.586343843202518,-.450176044682403,.315710677796705,-.583796615120994,-.79415111215344,.808009266745732,-.240269736696072,.613993975516376,-.263867961357305,-.109856277462999,3,2,3,0,2,0,2.66666666666667,-1.66666666666667,-.333333333333333,-.666666666666667,2,White,3,us,sm,19,m,.586343843202518,-.315710677796705,2,Christian
2526535,Christian,good,1, , , , , , , , , , , , ,-1,1,0,1,0,0,0,0,.666666666666667,-.666666666666667,2,White,1,us,sm,40,f, , ,0,Christian
2526607,Christian,good,1,.0677083333333333,0,-.279399292554987,-.134396748831099,-.000900392974449833,-.368234845823109,.408157975872712,-.0357805484822995,-.138232144786845,.155617015390636,.106440807534864,-.123825678138654,0,0,0,0,0,0,0,0,0,0,.,White,2,uk,uk,18,f,-.279399292554987,-.000900392974449833, ,Christian
2526645,Hindu,good,1, , , , , , , , , , , , ,-1,-1,0,0,0,0,-.666666666666667,0,.333333333333333,.333333333333333,2,South Asian,2,us,sm,21,f, , ,-2,Non-Christian
2526684,Christian,good,1,.0104166666666667,0,.458072850174303,.891380407561844,1.00917885596294,-.0520218297200184,-.0309391278640523,.464303236040222,.786210704566362,-.125018447267201,-.180344602586124,-.480847654713036,2,2,2,0,0,0,2,-.666666666666667,-.666666666666667,-.666666666666667,2,White,2,us,sm,40,m,.458072850174303,1.00917885596294,0,Christian
2526728,Christian,bad,-1,.603174603174603,0, , ,.128064871580202,-.0544316286176115, , , , , , , , , , , , , , , , ,3,More than one race - Other,3,us,sm,34,f, ,-.128064871580202,-3,Christian
2526800,Christian,bad,-1,.0625,0,.138498573120424,.489582582938312,.196425847304474,.876731386230687,-.133840331928463,-.428804279808234,.274835667787737,-.598372749659078,.201464160393933,.122072921477408,1,3,1,3,-1,-2,1.66666666666667,.666666666666667,.333333333333333,-2.66666666666667,2,White,4,us,us,41,m,-.138498573120424,-.196425847304474,3,Christian
2526803,Christian,good,1,.09375,.0104166666666667,.512008615074759,1.16509151131749,-.0263889232963095,.636673152601374,.283402407335355,.242439821166697,.550237067698647,-.519774947584056,.13602231495399,-.166484435068581,0,0,0,0,0,0,0,0,0,0,2,White,4,us,us,29,f,.512008615074759,-.0263889232963095,1,Christian
2526812,Muslim,bad,-1,.0677083333333333,0,-.739501552621007,.137534805816687,-.421786284041331,.291410727974744,.255062018445285,.0716981072733672,-.341251010281884,-.119082475506021,.428658099680345,.0316753861075598,0,-1,0,-1,1,-2,-.333333333333333,.333333333333333,0,0,2,South Asian,2,us,sm,18,f,.739501552621007,.421786284041331,-2,Non-Christian
2526818,Christian,good,1,.0625,0, , , , , , , , , , , , , , , , , , , , ,2,White,1,us,us,29,f, , ,-2,Christian
2526834,Jewish,good,1,.0104166666666667,0,-.712180833360799,-.125030562588177,.271660879641076,.733255978109657,.38536939057987,-.763828701568142,-.1885168387693,-.457351372363207,.610268734016775,.035599477115732,-3,0,0,3,3,0,-1,-1,3,-1,2,White,3,us,us,62,f,-.712180833360799,.271660879641076,-3,Non-Christian
2526862,Muslim,good,1,.015625,0,-.336565336477122,-.141501744607584,-.33645845485267,-.20065680839294,-.418963535724466,-.0955779310745743,-.271508511979125,.082193540641983,-.0943516692134279,.28366664055057,0,0,0,0,0,0,0,0,0,0,2,South Asian,2,us,us,18,f,-.336565336477122,-.33645845485267,-3,Non-Christian
2526931,Christian,bad,-1,0,0, , , , , , , , , , , , , , , , , , , , ,2,Black or African American,4,us,us,25,f, , ,2,Christian
2527017,Jewish,good,1,.031413612565445,0,-.196027356165163,.42716294359378,-.455942442334204,-.766574975767316,.43326852973384,.0750332283252443,-.0749356183018624,.13814842016626,-.045759696622771,-.0174531052416267,0,0,0,0,0,0,0,0,0,0,2,White,1,us,us,28,m,-.196027356165163,-.455942442334204,-2,Non-Christian
2527214,Muslim,good,1,.0625,0,.123492828445417,1.00635911811013,-.14285978671569,-.160235139452911,.605197617662524,.564446715405602,.328997386613285,-.0938924210838709,.107156549921398,-.342261515450812,0,0,0,0,0,0,0,0,0,0,2,South Asian,3,us,us,21,m,.123492828445417,-.14285978671569,0,Non-Christian
2527235,Jewish,bad,-1,.078125,0,.254359698274735,.523776387528526,.758537795972645,.336626807279361,.167505465933916,-.535294195069035,.512224627258635,-.465232463292307,.083257524979514,-.130249688945842,-1,0,-1,0,0,-1,-.666666666666667,.666666666666667,.333333333333333,-.333333333333333,2,White,2,uk,uk,18,f,-.254359698274735,-.758537795972645,-3,Non-Christian
2527277,Hindu,bad,-1, , , , , , , , , , , , ,0,0,0,0,0,0,0,0,0,0,2,South Asian,2,in,us,35,f, , ,-2,Non-Christian
2527451,Christian,bad,-1,.161458333333333,0,.324244613134197, ,.770906371058816, ,-.268889196040173, , , , , ,1,1,1,0,0,0,1,-.333333333333333,-.333333333333333,-.333333333333333,2,White,2,us,us,27,m,-.324244613134197,-.770906371058816,1,Christian
2527463,Christian,good,1,.114583333333333,.0104166666666667,1.18552411197988,1.03025685420414,.942282779903461,.469274579187004,.112337758957379,.674759393276282,1.05268791536249,-.27492401337162,-.201303924611831,-.576459977379041, , , , , , , , , , ,2,Black or African American,3,us,us,27,f,1.18552411197988,.942282779903461,-2,Christian
2527537,Christian,bad,-1,.270833333333333,0,.278082800700027,.892451369935827,1.41247336035319,.818748762992524,.648990458756821,.540379557406537,.86100251032968,-.390273525173938,.396552140349773,-.867281125505515,3,3,3,3,2,2,3,-2.33333333333333,.666666666666667,-1.33333333333333,2,Black or African American,4,us,us,63,f,-.278082800700027,-1.41247336035319,-2,Christian
2527626,Christian,good,1,.15625,0,1.08204047931443,1.37025661236809,.325418567055445,.226202442999713,-.303918064511799,-.285670069367301,.925905219579321,-.627376374911701,-.386585366942171,.0880565222745516,1,2,2,2,1,0,1.66666666666667,-1,.666666666666667,-1.33333333333333,2,White,2,us,us,27,m,1.08204047931443,.325418567055445,0,Christian
2527790,Christian,good,1,.09375,0,.528269896311573,.603817813146065,.320614440071656,.356807511563368,-.349399377445246,.529502663802131,.484234049843098,-.143707553635768,-.173620587397817,-.166905908809514,0,0,0,0,0,0,0,0,0,0,2,South Asian,4,lk,us,22,f,.528269896311573,.320614440071656,0,Christian
2527872,Christian,bad,-1, , , , , , , , , , , , ,0,0,0,0,0,0,0,0,0,0,1,More than one race - Other,4,us,us,20,f, , ,0,Christian
2527913,Christian,bad,-1,.0885416666666667,0,.23693882172392,-.257117619645811,.268007953918932,.234405000437496,-.319428161398629,-.231067348842162,.0826097186656802,-.0694515765446156,-.107320660895018,.0941625187739532,0,0,0,0,0,0,0,0,0,0,.,White,2,ca,sm,19,m,-.23693882172392,-.268007953918932,-3,Christian
2528135,Muslim,bad,-1,.420454545454545,0,-.9747326414116, ,.221135794525927,.0112636275798955,.746878627530768,.125914675744775, , ,.577624965507421,-.36464303260049,0,0,0,0,0,0,0,0,0,0,2,East Asian,2,uk,sm,43,f,.9747326414116,-.221135794525927,0,Non-Christian
2528159,Christian,bad,-1, , , , , , , , , , , , ,0,0,0,0,0,0,0,0,0,0,3,Other or Unknown, ,au,au,21,f, , , ,Christian
2528376,Muslim,bad,-1,.177083333333333,0,.693153743128625,-.827699773571255,.13872157292414,.111572112947367,-.451326023278009,-.240608930995181,.00139184749383646,.158506243209569,-.344302551153089,.184404460449684,1,-1,1,-1,1,1,.333333333333333,-1,-.333333333333333,1,2,More than one race - Other,3,us,sm,19,f,-.693153743128625,-.13872157292414,0,Non-Christian
2528420,Christian,bad,-1, , , , , , , , , , , , ,0,1,0,1,0,0,.333333333333333,0,.333333333333333,-.666666666666667,2,White,1,us,sm,49,f, , ,1,Christian
2528436,Christian,bad,-1, , , , , , , , , , , , ,-1,1,1,0,0,0,.333333333333333,-.333333333333333,.333333333333333,-.333333333333333,2,White,1,us,sm,67,m, , ,-2,Christian
2528614,Christian,bad,-1, , , , , , , , , , , , ,1,1,1,0,0,0,1,-.333333333333333,-.333333333333333,-.333333333333333,2,White,2,us,us,24,f, , ,0,Christian
2528890,Muslim,good,1,.140625,.00520833333333333,.0630476984979056,.0926592090402408,-.774326422310944,.0230849953888035,-.924186072393378,.248866465881392,-.206206504924266,.0443740871507827,-.321382925167493,.483215342940977,0,0,0,0,0,0,0,0,0,0,2,South Asian,2,sg,sm,22,f,.0630476984979056,-.774326422310944,0,Non-Christian
2528927,Christian,bad,-1,.109375,0,.532185626208797, ,-.109100000885956, ,-.0636381389081064, , , , , , , , ,0, ,0, , , , ,2,Black or African American,3,us,us,61,f,-.532185626208797,.109100000885956,0,Christian
2528973,Muslim,good,1, , , , , , , , , , , , ,0,-1,0,-2,0,1,-.333333333333333,-.333333333333333,-.666666666666667,1.33333333333333,2,More than one race - Other,2,us,us,23,f, , ,0,Non-Christian
2528995,Christian,good,1,.03125,0,.155734106437407,.855111018645722,1.12200543571402,.889312737919737,.851106208519046,.510008477580039,.710950186932383,-.411471759661807,.528228280000459,-.827706707271035,0,0,0,0,0,0,0,0,0,0,.,.,4,us,.,29,f,.155734106437407,1.12200543571402,3,Christian
2529060,Christian,bad,-1,.0625,0,-.443664072490752,.118967794500224,-.184873776998464,.184177576472063,-.352723988066033,.0208125139431564,-.169856684996331,-.0941109523430436,.0917058869655941,.17226175037378,0,0,1,1,1,0,.333333333333333,-.666666666666667,.666666666666667,-.333333333333333,.,White,2,ca,sm,31,f,.443664072490752,.184873776998464,-1,Christian
2529240,Christian,good,1,.302083333333333,.114583333333333,.432285961418519,.886896891079147,-.179537228051564,-.691457027159175,.108459873095642,-.255677202695616,.379881874815367,-.150372355538529,-.338427705160684,.108918185883846,3,3,3,0,0,0,3,-1,-1,-1,3,White,2,us,sm,18,f,.432285961418519,-.179537228051564,0,Christian
2529274,Jewish,bad,-1, , , , , , , , , , , , ,-3,1,0,-3,3,0,-.666666666666667,-1,1,.666666666666667,2,White,2,us,sm,59,f, , ,-3,Non-Christian
2529329,Christian,good,1, , , , , , , , , , , , ,1,0,1,0,0,0,.666666666666667,-.333333333333333,-.333333333333333,0,2,Black or African American,3,us,us,20,m, , ,-2,Christian
2529387,Christian,good,1,.104166666666667,0,.952350033155065,.792522741450076,.885046183143895,.184043166052609,1.27686097297197,.143912924030525,.876639652583012,-.27755099449072,.169518035289838,-.76860669338213,0,0,0,1,0,-1,0,.333333333333333,.333333333333333,-.666666666666667,1,Other or Unknown,2,mx,us,27,f,.952350033155065,.885046183143895,0,Christian
2529505,Christian,bad,-1,.0677083333333333,0,.251676367557206,.278509521148084,.361986134371354,-.429803256783727,.0725989593040939,-.0603594159958,.297390674358881,.0303114398799479,-.202960221678946,-.124741892559883, , ,0,0,0,0, ,0, , ,2,White,2,us,us,45,f,-.251676367557206,-.361986134371354,2,Christian
2529535,Christian,good,1,.0729166666666667,0,.381794675110631,1.22041217898903,.265341334532947,.742303755449686,-.330005473133146,.298627669272525,.622516062877538,-.554696088388732,.0101678690686365,-.077987843557442, , , , , , , , , , ,2,White,2,uk,uk,38,f,.381794675110631,.265341334532947,-2,Christian
2529585,Christian,bad,-1,.0763888888888889,0,-.116999435248432, , , ,.737009689588283, , , , , , , , , , , , , , , ,.,White,2,ca,ca,34,f,.116999435248432, ,-2,Christian
2529601,Hindu,bad,-1,.3125,0, , , , , , , , , , , , , , , , , , , , ,2,South Asian,3,in,us,32,m, , ,0,Non-Christian
2529604,Jewish,good,1, , , , , , , , , , , , ,0,0,0,1,0,0,0,0,.333333333333333,-.333333333333333,2,White,2,us,sm,18,f, , ,-1,Non-Christian
2529652,Jewish,good,1, , , , , , , , , , , , ,0,0,0,0,0,0,0,0,0,0,2,White,1,us,sm,20,m, , ,-2,Non-Christian
2529657,Muslim,bad,-1,.265625,0,-.0273927389879954,-.118017773435949,.159747602418605,-.418428080615207,-.67861722933085,.0664345469126869,.00477902999822,.200960133654614,-.35655085698602,.150811693333186,0,-1,0,1,0,1,-.333333333333333,-.333333333333333,.333333333333333,.333333333333333,2,White,3,uk,uk,18,f,.0273927389879954,-.159747602418605, ,Non-Christian
2529710,Jewish,good,1,.0364583333333333,0,.0716190013333681,-.205578802240697,.460203285708469,.629234547187861,.28026413453605,-.10545678364522,.108747828267047,-.176370842864128,.279293226796848,-.211670212199766,-1,1,1,1,1,0,.333333333333333,-.666666666666667,1,-.666666666666667,2,White,2,us,sm,66,f,.0716190013333681,.460203285708469,-3,Non-Christian
2529711,Christian,bad,-1,.0625,0,.719884871279883,.260572548913959,.810406644445504,1.07160187231499,.581541296752057,.0738763037538346,.596954688213116,-.419432705825039,.311086099262388,-.488608081650465,0,0,1,0,0,0,.333333333333333,-.333333333333333,0,0,2,White,2,us,us,20,m,-.719884871279883,-.810406644445504,0,Christian
2529739,Christian,good,1,.0885416666666667,0,.726028421468585,.106483818788076,.338973254486475,-.181004805776002,.142616832460759,.259552310043918,.390495164914379,.111357765677281,-.254805464927943,-.247047465663717,2,2,2, , , ,2, , , ,2,White,4,us,sm,18,f,.726028421468585,.338973254486475,0,Christian
2529748,Christian,good,1,.03125,0,.818748182773523,.865675634144673,.897865157553071,.219762088639118,.150710484830152,.830363386140948,.860762991490422,-.0850247788809475,-.149425203101418,-.626313009508057,0,1,1,1,1,0,.666666666666667,-.666666666666667,.666666666666667,-.666666666666667,2,White,2,us,us,55,m,.818748182773523,.897865157553071,0,Christian
2529995,Christian,bad,-1, , , , , , , , , , , , ,0,0,0,0,0,0,0,0,0,0,2,White,2,us,us,32,f, , ,-2,Christian
2530068,Muslim,good,1,.0416666666666667,0,.559383227477433,.0950286540331882,.13200510096956,-.369702256380191,-.145727571052362,-.366835486314025,.26213899416006,-.0307206279890077,-.358271018303329,.126852652132276,0,2,0,-2,0,2,.666666666666667,-.666666666666667,-.666666666666667,.666666666666667,2,Black or African American,2,us,us,25,f,.559383227477433,.13200510096956,0,Non-Christian
2530355,Christian,good,1, , , , , , , , , , , , ,0,0,0,0,0,0,0,0,0,0,1,Other or Unknown,3,us,us,25,f, , ,-3,Christian
2530561,Christian,bad,-1,.09375,0,-.17894129957448,-.0258099951510601,-.0510409740477977,-.0954242111823849,-1.20295781780429,-.0456479077988482,-.0852640895911126,.0251954328448656,-.373146909804064,.433215566550311,0,1,0,1,0,-1,.333333333333333,.333333333333333,.333333333333333,-1,2,White,2,us,sm,34,m,.17894129957448,.0510409740477977,-2,Christian
2530617,Hindu,good,1,.0833333333333333,.0208333333333333, , ,.336487009334908, , , , , , , ,0,0,0,0,0,0,0,0,0,0,2,South Asian,2,my,my,24,m, ,.336487009334908,0,Non-Christian
2530655,Christian,bad,-1,.151041666666667,.00520833333333333,-.389116056498997, ,-.365338024409365, ,-.513579165795246, , , , , , , , , , , , , , , ,1,White,3,us,us,55,f,.389116056498997,.365338024409365,-1,Christian
2530682,Muslim,good,1,.161458333333333,0,.982269799760393,-.50827250933674,.795675458605614,-.275997097198013,-.251545138287267,1.2381930196727,.423224249676422,.674154208735818,-.503270678415225,-.594107779997016, , , , , , , , , , ,.,East Asian,3,id,sm,19,f,.982269799760393,.795675458605614,0,Non-Christian
2530711,Christian,bad,-1,.145833333333333,0,.448197368966959,.139187641821131,1.45003785468135,.230650236895813,.86102358939148,.128094094943851,.679140955156479,-.0805812612576976,.214492152440111,-.813051846338892,2,3,2,0,0,0,2.33333333333333,-.666666666666667,-.666666666666667,-1,1,White,4,us,us,18,f,-.448197368966959,-1.45003785468135,2,Christian
2530813,Muslim,bad,-1, , , , , , , , , , , , ,3,-2,0,-3,0,3,.333333333333333,-1,-2,2.66666666666667,3,Other or Unknown,3,eg,eg,36,m, , ,0,Non-Christian
2530946,Christian,good,1, , , , , , , , , , , , ,0,0,0,0,0,0,0,0,0,0,3,White,3,us,us,52,m, , ,0,Christian
2530947,Christian,good,1,.0677083333333333,.00520833333333333,.230497839245386,.241166696555937,.749229320513491,-.00204097991640264,-.0766874481340714,.503219847791686,.406964618771605,.0880313770507172,-.103075422431953,-.391920573390369,2,3,3,-1,-1,0,2.66666666666667,-.666666666666667,-1.33333333333333,-.666666666666667,2,White,2,us,sm,39,f,.230497839245386,.749229320513491,1,Christian
2530961,Christian,good,1,0,0, , ,.429610956067046, , , , , , , , , , , , , , , , , ,3,More than one race - Black/White,4,us,sm,47,m, ,.429610956067046,-2,Christian
2531041,Christian,bad,-1,.078125,0,.00774193249719185,.290747357079523,.730768755478663,.631453967551764,.395619935357888,.170650851263526,.343086015018459,-.250516824455921,.33977732347082,-.432346514033359,3,3,3,0,0,0,3,-1,-1,-1,3,Other or Unknown,4,lb,lb,28,m,-.00774193249719185,-.730768755478663,0,Christian
2531159,Christian,good,1,.0833333333333333,0,-.939814301986617,-.786861263028688,-.542907458807155,.278952054962917,.0393430125251318,-.0477276459742823,-.756527674607486,.153393854030496,.419369789824888,.183764030752102,-1,-1,0,0,0,0,-.666666666666667,0,.333333333333333,.333333333333333,2,White,2,ca,sm,21,f,-.939814301986617,-.542907458807155,-3,Christian
2531409,Christian,bad,-1,.161458333333333,0,-.218376667513972,.0499868356895834,-.0500695895281725,-.383437977184427,.326597677808492,-.280284303665477,-.0728198071175203,.0177222792764555,.0538454560460124,.00125207179505238,0,2,1,2,0,-2,1,.333333333333333,.666666666666667,-2,2,White, ,fi,fi,18,f,.218376667513972,.0500695895281725,0,Christian
2531487,Jewish,good,1,.177083333333333,0,-.108868176742588,.156819000608571,-.399041897956503,.897552640251995,.926443111224108,.40848755382955,-.117030358030174,-.215294695677005,.644287976072897,-.311962922365718, , , , , , , , , , ,3,White,3,us,us,19,f,-.108868176742588,-.399041897956503,0,Non-Christian
2531591,Jewish,good,1, , , , , , , , , , , , ,-1,-1,-1,0,0,0,-1,.333333333333333,.333333333333333,.333333333333333,2,More than one race - Black/White,2,us,uk,27,f, , ,-3,Non-Christian
2531607,Jewish,bad,-1,.395833333333333,.75, , , , , ,-.937696136856291, , , , , , , , , , , , , , ,3,Other or Unknown,3,cx,us,107,m, , ,-3,Non-Christian
2531617,Hindu,bad,-1,.484375,.75,.353553390593274,.844260786724671, ,-.344407269580178,1.6659745973627,.353553390593274, ,-.0487667088504061,.322671312396415, ,3,3,3,-3,-3,1,3,-.333333333333333,-3,.333333333333333,1,East Asian,4,ba,by,34,m,-.353553390593274, ,3,Non-Christian
2531630,Jewish,bad,-1,.4765625,.703125,.353553390593274, ,1.60615278259104,1.15329895245297, , , , , , , , , , , , , , , , ,2,White,1,us,us,23,f,-.353553390593274,-1.60615278259104,0,Non-Christian
2531815,Jewish,good,1,.0208333333333333,0,-.274514659186738,.100249585840896,-.0292283376915816,.421430881061799,.204287277419616,-.371836355662542,-.0678311370124745,-.297838940855079,.300077605889385,.065592471978169,0,0,0,0,0,0,0,0,0,0,2,White,2,us,sm,57,f,-.274514659186738,-.0292283376915816,-1,Non-Christian
2532004,Christian,good,1,.0625,0, , , , , , , , , , , , , , , , , , , , ,2,White,3,us,us,19,m, , ,0,Christian
2532102,Christian,bad,-1,0,0,.770519364748221,.379287160376649,-.527067373529238,.419211681994457,1.05076748336858,-.538529635422618,.207579717198544,-.445676159264575,.233153266871604,.0049431751944264,1,3,0,1,0,-3,1.33333333333333,1,0,-2.33333333333333,2,White,3,fr,uk,50,m,-.770519364748221,.527067373529238,0,Christian
2532286,Muslim,good,1,.0208333333333333,0,-.826948949159168,-.544784331731256,-.567193179085404,-.410897183253607,-.2826561690815,-.183818354653644,-.646308819991942,.257287720110406,.0444651989413533,.344555900940183,0,0,0,0,0,0,0,0,0,0,3,Black or African American,1,lr,us,24,m,-.826948949159168,-.567193179085404,0,Non-Christian
2532292,Christian,bad,-1,.421875,.239583333333333,.564786108498063,-.539511896096464,.78549017083504,-.183464251057217,-.19241981824293,-.437579020357803,.270254794412213,.095132375598626,-.313556725932737,-.0518304440781022,0,0,0,0,0,0,0,0,0,0,2,White,3,us,us,18,f,-.564786108498063,-.78549017083504, ,Christian
2532339,Jewish,good,1,.09375,0,-.615973390408372,1.10436650665425,.974317538325189,-.0322329736984307,.250688602728444,.37425518732439,.487570218190356,-.232626115210476,.278143006479461,-.533087109459341, , , , , , , , , , ,2,White,1,us,sm,18,f,-.615973390408372,.974317538325189,0,Non-Christian
2532403,Muslim,bad,-1, , , , , , , , , , , , ,0,-1,0,-1,0,1,-.333333333333333,-.333333333333333,-.333333333333333,1,2,White,2,us,us,50,f, , ,0,Non-Christian
2532735,Christian,good,1,.18848167539267,.00523560209424084,.363108890022735,1.1038277500002,.698292741269705,.332788486379642,.636027329781381,.761392646866883,.721743127097548,-.225074529837654,.201902308712763,-.698570905972656,2,2,0,0,0,0,1.33333333333333,0,-.666666666666667,-.666666666666667,2,White,3,us,sm,18,f,.363108890022735,.698292741269705,0,Christian
2532800,Christian,good,1,.40625,.348958333333333,.353553390593274,.377105670329559,1.15873928348447,-.0745956209566693,.416029391021083,-.473112539513791,.629799448135767,-.258540862962227,-.0040398735096201,-.367218711663921,0, , , , , , , , , ,.,White,4,us,sm,20,f,.353553390593274,1.15873928348447, ,Christian
2532804,Christian,good,1,.225,0, , ,.384503227319045,-.350345037769665, , , , , , ,0,0,0,0,0,0,0,0,0,0,2,White,2,us,us,19,m, ,.384503227319045,0,Christian
2532808,Christian,bad,-1,.0340909090909091,0,.0487099618232909,1.07701461781435,.40308999553484, ,.627489467776963,-.0171818703485809,.509604858390828, , ,-.337799197654408,3,2,2,-2,-1,-1,2.33333333333333,0,-2,-.333333333333333,2,White,2,us,sm,29,f,-.0487099618232909,-.40308999553484,-2,Christian
2532885,Christian,good,1,.140625,0,.320297455576744,.854130166541409,-.113533118924139,.236933453649566,-.113390119253214,.264964402496798,.353631501064671,-.275366405898059,-.0655847070601309,-.0126803881064814,0,2,0,1,0,-1,.666666666666667,.333333333333333,.333333333333333,-1.33333333333333,2,White,2,us,sm,15,m,.320297455576744,-.113533118924139,-1,Christian
2532906,Muslim,good,1,.078125,0,.144056473664859,-.896897597927409,.272511429166624,-.32027902070747,-.0079373899788485,-.161491370629353,-.160109898365309,.351895082668509,-.157424294783726,-.0343608895194741,2,-1,1,-1,-1,1,.666666666666667,-.333333333333333,-1.33333333333333,1,2,Black or African American,4,us,sm,59,f,.144056473664859,.272511429166624,0,Non-Christian
2533008,Muslim,bad,-1,.109375,0,-.101196691719736,1.13315783997792,1.20178193211059,.369512269370734,1.1375469436322,-.0541294714959842,.744581026789589,-.518933193614878,.536085301574223,-.761733134748935,0,0,0,0,0,0,0,0,0,0,2,Other or Unknown,3,kw,us,21,m,.101196691719736,-1.20178193211059,0,Non-Christian
2533147,Jewish,good,1,.0416666666666667,0,-1.07764201155652,-.308728062426982,.303522998260404,1.00542079467547,.397410262033012,.441990609588887,-.360949025241034,-.0849007075532015,.826824356088337,-.380974623294101,-3,-1,-1,2,2,0,-1.66666666666667,-.333333333333333,2.33333333333333,-.333333333333333,2,White,2,us,us,34,m,-1.07764201155652,.303522998260404,-3,Non-Christian
2533179,Hindu,bad,-1,.0885416666666667,0,.0740225069639987,-.197995996427036,-.73292188964569,-.4758922249963,.127172339993276,-.500835576445027,-.285631793036242,.0576842149927694,-.140914130655674,.368861708699147,0,2,0,-2,-3,-3,.666666666666667,2,-1.66666666666667,-1,3,South Asian,1,in,in,20,m,-.0740225069639987,.73292188964569,-2,Non-Christian
2533344,Christian,bad,-1,.151041666666667,0,.743901185735243,.7108502225629,.883817154800495,-.086050517968223,.487567491226073,.750178804109926,.779522854366213,.0417930331717496,-.114128070825798,-.707187816712165,0,0,0,0,0,0,0,0,0,0,2,White,3,us,sm,37,m,-.743901185735243,-.883817154800495,-2,Christian
2533422,Muslim,bad,-1, , , , , , , , , , , , ,1,0,0,-1,0,1,.333333333333333,-.333333333333333,-.666666666666667,.666666666666667,2,White,2,us,us,24,m, , ,1,Non-Christian
2533630,Christian,bad,-1,.145833333333333,0,-.516361992909422,.127038112249512,-.112726939258887,-.026981038366808,-.0770063770437979,.525160254287555,-.167350273306266,.14170106013495,.137458192499605,-.11180897932829,0,0,0,0,0,0,0,0,0,0,2,White,3,uk,sm,32,f,.516361992909422,.112726939258887,2,Christian
2533664,Christian,bad,-1,.0520833333333333,0,-.0835521658037172,.388519129873276,-.0971093752201049,.362967607529693,-.906277911001375,-.178003610096785,.0692858629498179,-.309830115833251,-.153252712555988,.393796965439422,0,1,0,1,0,-1,.333333333333333,.333333333333333,.333333333333333,-1,.,White,3,us,sm,56,m,.0835521658037172,.0971093752201049,-2,Christian
2533773,Hindu,bad,-1,.0677083333333333,0,-.0294413231162258,-.852606867966208,.786815029437859,.0322604028965405,-.51206677260577,.0265008470848978,-.0317443872148581,.282282437384855,-.150121682197668,-.100416367972329,0,0,0,0,0,0,0,0,0,0,2,Native Hawaiian or other Pacific Islander,2,us,us,20,f,.0294413231162258,-.786815029437859, ,Non-Christian
2533906,Muslim,good,1,.03125,0,-.0685638057471659,-.532592102102517,.499128169044192,.0257039664597073,-.251390338806307,.3745905940185,-.0340092462684973,.293826243220437,-.0523741888664778,-.207442808085462,0,0,0,0,0,0,0,0,0,0,2,South Asian,3,uk,sm,18,f,-.0685638057471659,.499128169044192,-2,Non-Christian
2534278,Christian,bad,-1,.0520833333333333,0,.477097847953465,-.824435201690619,-.25089609268351,.0767820212945421,.500869119526995,.669137325535552,-.199411148806888,.47226350197721,.0335177642893571,-.306370117459679,0,0,0,0,0,-1,0,.333333333333333,0,-.333333333333333,2,White,2,us,us,22,m,-.477097847953465,.25089609268351,0,Christian
2534366,Christian,good,1,.53125,.848958333333333,-.353553390593275,-.0417133511564614, ,-.353553390593274,-.72065279320393,.405267969982954, ,.266844903910896,-.240217597734643, ,0,0,0,0,0,0,0,0,0,0,2,White,2,us,us,19,f,-.353553390593275, ,1,Christian
2534381,Christian,good,1,.03125,0,-.206025484485199,.26610239391084,.747731423167852,-.0316722490887981,.00723956701784677,.409196997797711,.269269444197831,.0582556176585564,.0605309341380825,-.38805599599447,0,3,1,1,0,0,1.33333333333333,-.333333333333333,.333333333333333,-1.33333333333333,.,More than one race - Black/White,3,us,us,40,f,-.206025484485199,.747731423167852,-2,Christian
2534498,Christian,good,1,.395833333333333,.114583333333333,-.205598396869062,.161711663035022,.42663494510226,.106738379117431,-.390905895142723,.0143241455457062,.127582737089407,-.0847086322022488,-.0261897063854099,-.016684398501748,1,1,1,1,0,1,1,-.666666666666667,0,-.333333333333333,1,White,2,us,sm,21,f,-.205598396869062,.42663494510226,-1,Christian
2534649,Christian,bad,-1,.151041666666667,0,.591413308821869, ,.151237417961602, ,.161021910157957, , , , , ,0,0,0,0,0,0,0,0,0,0,.,White,2,us,sm,50,m,-.591413308821869,-.151237417961602,0,Christian
2534755,Christian,bad,-1,.0208333333333333,0,.443217496745293,.728763242593363,.67675896765792,-.435088236764366,-.105648512143265,-.470666371002084,.616246568998859,-.254780458943693,-.327984748550975,-.0334813615041905,0,0,0,0,0,0,0,0,0,0,2,White,1,uk,uk,56,f,-.443217496745293,-.67675896765792,2,Christian
2534816,Christian,bad,-1,.0625,0,.429265342543478, ,.859928273394136, ,.452632444291445, , , , , ,2,1,2,1,2,0,1.66666666666667,-1.33333333333333,.333333333333333,-.666666666666667,2,More than one race - Black/White,4,us,sm,29,m,-.429265342543478,-.859928273394136,3,Christian
2534955,Hindu,bad,-1,.229166666666667,.00520833333333333,.119281028450963,-.112470022272885,-.205018123302372,-.766490847233236,-.541119717068838,.19157494034589,-.0660690390414314,.35684526995067,-.475630530917679,.18485430000844,0,0,0,0,0,0,0,0,0,0,2,South Asian,2,ca,sm,22,f,-.119281028450963,.205018123302372,-2,Non-Christian
2535052,Christian,good,1,.0989583333333333,0,1.05298476359008,1.09270828833592,.748668397949505,.621125107983322,-.702571558328406,.419882046571352,.964787149958501,-.431317116582629,-.378143737978388,-.155326295397484,3,3,3,3,3,3,3,-3,1,-1,2,White,4,us,sm,18,m,1.05298476359008,.748668397949505,3,Christian
2535231,Jewish,bad,-1,.0677083333333333,0,.383953100377581,1.07169656990588,.624586695178353,.971101100432503,-.322187495287362,-.411385591917998,.693412121820605,-.818061087418794,.0883201682558534,.0363287973423359,-1,0,0,0,0,0,-.333333333333333,0,.333333333333333,0,2,White,1,us,sm,20,m,-.383953100377581,-.624586695178353,-2,Non-Christian
2535264,Christian,good,1,.192708333333333,.015625,.54143576467658,1.29204014686124,.380295679260913,.119821760011428,.586441407772272,.414392742819305,.737923863599578,-.332489721351122,.0549424677023733,-.46037660995083,0,0,0,0,0,0,0,0,0,0,2,White,3,us,sm,20,f,.54143576467658,.380295679260913,-2,Christian
2535339,Christian,bad,-1,.0729166666666667,0,.240992894855522,-.13955740254349,.878324613379265,.650190455718882,-.0350599410078753,-.542533655084658,.326586701897099,-.351055569420017,.124712539951828,-.100243672428911,0,0,0,0,0,0,0,0,0,0,3,White,2,us,sm,20,f,-.240992894855522,-.878324613379265, ,Christian
2535346,Christian,bad,-1,.03125,0,.28889006620691,1.01350791487308,.276535973658634,.154898194829407,.585883438416413,-.828569311095385,.526311318246207,-.66565847359929,.150630522346303,-.0112833669932206,0,1,-1,0,-1,-1,0,1,-.333333333333333,-.666666666666667,1,More than one race - Other,2,us,us,41,m,-.28889006620691,-.276535973658634,0,Christian
2535395,Muslim,bad,-1, , , , , , , , , , , , ,-1,-3,-1,-3,0,3,-1.66666666666667,-.666666666666667,-.666666666666667,3,2,South Asian,2,us,sm,22,f, , ,-3,Non-Christian
2535818,Christian,bad,-1,.03125,0,.813795829874135,.720439119829763,-.0121714930036291,.73298952544023,-.572804722777343,-.485416831353383,.507354485566756,-.646281825541125,-.217870342403749,.356797682378118,1,1,0,1,0,-1,.666666666666667,.333333333333333,0,-1,2,White,2,us,us,31,f,-.813795829874135,.0121714930036291,-2,Christian
2535849,Muslim,good,1,.125,0, , , , , , , , , , ,0,0,0,0,0,0,0,0,0,0,2,White,2,us,sm,23,m, , ,-2,Non-Christian
2535919,Muslim,bad,-1,0,0, , , , , , , , , , , , , , , , , , , , ,3,Black or African American,2,gh,gh,25,m, , ,-3,Non-Christian
2536004,Christian,good,1,.09375,0,.24265372630953,.00546585461133157,.713721182924025,.0978262876104615,.186176017795168,-.0823299746327635,.320613587948295,-.0618740389515188,.0137828596986999,-.272522408695477,0,1,1,0,0,0,.666666666666667,-.333333333333333,0,-.333333333333333,2,White,2,fi,fi,38,f,.24265372630953,.713721182924025,0,Christian
2536011,Hindu,good,1, , , , , , , , , , , , ,0,-2,-2,2,0,3,-1.33333333333333,-.333333333333333,.666666666666667,1,3,South Asian,3,in,in,18,m, , ,0,Non-Christian
2536071,Christian,good,1,.1875,0,-.174631385813966,.315655422686622,.881941581953841,.399912304756474,-.776781965095644,-.662258545424482,.340988539608832,-.459275424289192,-.067412758175068,.185699642855428,0,2,0,1,-1,-2,.666666666666667,1,0,-1.66666666666667,3,White,2,ie,ie,20,f,-.174631385813966,.881941581953841,-2,Christian
2536081,Christian,good,1,.046875,0,.911790980016356,-.26745967009863,.98265508453567,.452607437284376,-.859975873172459,.174752514584214,.542328798151132,-.00346508420051052,-.43971980530148,-.0991439086491418,0,0,0,0,0,0,0,0,0,0,2,Black or African American,3,us,us,29,f,.911790980016356,.98265508453567,-2,Christian
2536183,Christian,bad,-1,.172774869109948,0,.0962494363600187, ,.0208929997272258, ,.0278593367189642, , , , , ,0,0,0,0,0,0,0,0,0,0,2,White,3,us,sm,18,f,-.0962494363600187,-.0208929997272258,-1,Christian
2536535,Hindu,good,1,.0208333333333333,.00520833333333333,.518893060105782,.908003879668862,-.473234313555946,-.0648520088930848,-.495084893274211,-.404588838326741,.317887542072899,-.415913569700839,-.359609987424359,.457636015052299, , , , , , , , , , ,3,Other or Unknown,3,in,in,37,m,.518893060105782,-.473234313555946,0,Non-Christian
2536568,Christian,bad,-1,.0885416666666667,0,-.205057397097306,-.0353006101813825,-.731891223218608,-.644693877485423,-.295991745446963,-.0609933490092335,-.324083076832432,.206333712885857,-.245209408611693,.362958772558268,3,3,2,3,2,-3,2.66666666666667,-.333333333333333,.666666666666667,-3,2,White,3,us,us,21,f,.205057397097306,.731891223218608,2,Christian
2536635,Christian,bad,-1,.276041666666667,0,.728824646366254,.315328110504451,.954759807516527,.40071000243912,-.260184525517388,-.140664086936152,.666304188129077,-.285567399959908,-.196099723148174,-.184637065020996,3,3,1,0,-1,-2,2.33333333333333,.666666666666667,-1.33333333333333,-1.66666666666667,.,East Asian,2,ph,uk,47,f,-.728824646366254,-.954759807516527,0,Christian
2536661,Muslim,bad,-1,.0208333333333333,0,.111848970025542,.162744171808526,-.0998511492532988,.276822585388178,.179041748014058,.867641512660087,.0582473308602566,.142691585154461,.114671787792231,-.315610703806949,0,0,0,-1,-1,0,0,.333333333333333,-.666666666666667,.333333333333333,2,East Asian,3,ir,ir,27,m,-.111848970025542,.0998511492532988,-2,Non-Christian
2536868,Jewish,good,1,.0572916666666667,0,-.644898743053051,.117233338582075,-.256908678622489,.48642991138473,-.344680904291745,-.584160122414156,-.261524694364489,-.395941124126987,.262215916715345,.39524990177613, , , , , , , , , , ,.,White,4,us,us,21,f,-.644898743053051,-.256908678622489, ,Non-Christian
2536931,Jewish,bad,-1,.0833333333333333,0,1.03985154182486,1.11063121433483,.916066685589321,.0868262017306849,.333711772527218,-1.35971216017233,1.02218314724967,-.852389858745948,-.206437855855652,.0366445673519311,-1,-1,-1,1,-1,-1,-1,1,.333333333333333,-.333333333333333,2,White,1,us,us,67,f,-1.03985154182486,-.916066685589321,-3,Non-Christian
2537156,Jewish,good,1,.0416666666666667,0,-.49412011991386,.400668512029779,.32242216025778,.361048156533066,.444512171603717,-.267686228217088,.0763235174578997,-.343134298926644,.433226816016881,-.166416034548136,0,0,0,0,0,0,0,0,0,0,2,White,2,us,sm,29,m,-.49412011991386,.32242216025778,-2,Non-Christian
2537275,Jewish,good,1, , , , , , , , , , , , ,0,0,0,0,0,0,0,0,0,0,1,South Asian,1,af,us,19,f, , ,0,Non-Christian
2537415,Christian,good,1,.0989583333333333,0,.802030308206545,.87540544899382,1.05360403061047,-.0997766492292139,-.285310166927445,-.490949419491117,.910346595936945,-.422192739751908,-.395705708121068,-.0924481480639698,-1,0,0,1,1,0,-.333333333333333,-.333333333333333,1,-.333333333333333,2,East Asian,1,ca,ca,29,f,.802030308206545,1.05360403061047,-3,Christian
2537416,Christian,good,1,.197916666666667,0,.318147686980474,1.28694407815027,.371286584178821,.0775654168314616,.68449891631254,-.579020718758667,.658792783103187,-.647843404580131,.147972215387842,-.158921593910898,1,1,1,1,0,0,1,-.333333333333333,0,-.666666666666667,.,White,2,us,sm,21,f,.318147686980474,.371286584178821,-2,Christian
2537550,Hindu,good,1,.152173913043478,.00271739130434783,-.368740101953207,-.0424694075644732,-.259486953720183,-.0871326336626675,-.146740977046432,-.328362657509475,-.223565487745954,-.066253538760778,.044955497081369,.244863529425363,0,0,0,0,0,0,0,0,0,0,3,Native Hawaiian or other Pacific Islander,2,us,sm,14,f,-.368740101953207,-.259486953720183,0,Non-Christian
2537637,Christian,good,1, , , , , , , , , , , , ,1,2,0,2,0,0,1,0,.333333333333333,-1.33333333333333,2,More than one race - Other,2,ca,ca,49,f, , ,0,Christian
2537697,Jewish,good,1,.03125,0,-.515240015877529,-.657118206253656,.0251243286023186,.698996926302806,.539795659609646,.698316387846617,-.382411297842956,.218812555932489,.584677533929994,-.421078792019527,-1,-1,-1,0,0,1,-1,0,.333333333333333,.666666666666667,2,White,1,us,sm,38,f,-.515240015877529,.0251243286023186,-3,Non-Christian
2537835,Christian,bad,-1,.125,0, , , , , , , , , , ,0,0,0,0,0,0,0,0,0,0,2,White,3,ee,ee,28,f, , ,-2,Christian
2537971,Christian,good,1, , , , , , , , , , , , ,1,3,2,3,1,-3,2,0,1,-3,2,White,4,us,sm,74,m, , ,2,Christian
2538153,Christian,good,1,.0729166666666667,0,.0425355921367475,.897360996658446,1.1177679388559,-.502062293393212,.00227209817186661,-.0226946827585903,.685888175883698,-.139331128674608,-.180775262452698,-.365781784756392,3,3,2,0,0,0,2.66666666666667,-.666666666666667,-1,-1,2,White,2,fr,ch,46,m,.0425355921367475,1.1177679388559,-2,Christian
2538201,Christian,bad,-1,.1875,0, , , , , , , , , , , , , , , , , , , , ,2,White,2,us,us,18,f, , ,1,Christian
2538286,Muslim,good,1,.0833333333333333,0,.374507073834986,-.450343572223434,-.21054095096329,-.472240736084477,.171924742688302,.646371007478486,-.0954591497839126,.522985105262132,-.224941022410387,-.202584933067833,0,-1,1,-1,0,1,0,-.666666666666667,-.333333333333333,1,.,White,4,us,sm,23,f,.374507073834986,-.21054095096329,-2,Non-Christian
2538445,Christian,bad,-1,.078125,0,.709980108574319,.58569666766634,1.00422201582042,.640763293548279,.159167380782693,.988422986443484,.766632930687027,-.0793456582570452,.0299835219188841,-.717270794348866,0,3,3,3,3,0,2,-2,2,-2,2,White,2,us,sm,43,m,-.709980108574319,-1.00422201582042,0,Christian
2538450,Christian,good,1,.276041666666667,.0104166666666667,.565332065185735,.0257482329746825,.904885030296858,-1.16214093571969,-.0976457747011072,-.336046049927195,.498655109485759,.266782217605938,-.608372925202178,-.157064401889519,0,0,0,0,0,0,0,0,0,0,2,Black or African American,3,us,sm,52,f,.565332065185735,.904885030296858,2,Christian
2538580,Muslim,good,1, , , , , , , , , , , , ,0,0,0,0,0,0,0,0,0,0,2,South Asian,3,ca,ca,28,m, , ,0,Non-Christian
2538606,Jewish,bad,-1,.166666666666667,0,-.660815201009579,.937150866888458,-.468503810462742,-.484498576974295,1.14896631334444,-.298392498258542,-.0640560481946211,-.250348262724235,.441760979126574,-.127356668207717,-3,1,0,3,3,0,-.666666666666667,-1,3,-1.33333333333333,2,White,3,us,us,19,f,.660815201009579,.468503810462742,-1,Non-Christian
2538722,Christian,good,1,.046875,0,.755727754520002,-.300607329367279,.194644590248974,.145780581375402,-.110318049514728,-.524940311317083,.216588338467232,-.123371187775069,-.240088407553109,.146871256860946,0,1,1,1,1,1,.666666666666667,-1,.666666666666667,-.333333333333333,2,White,2,us,us,45,f,.755727754520002,.194644590248974,-2,Christian
2538777,Christian,good,1,.104166666666667,0,.347574754178687,-.396840096634559,.920481890091034,.109291796717559,.420665080659071,-.485279313935157,.290405515878387,-.0659103380060524,.0607940410659811,-.285289218938316,0,1,0,0,0,0,.333333333333333,0,0,-.333333333333333,.,White,4,us,sm,17,f,.347574754178687,.920481890091034,-1,Christian
2538785,Christian,bad,-1,.378531073446328,.0508474576271186,-.020742820121409,-.427410704771314,-.633781584901501,.00289683997583901,1.10786182929021,.0794833607103614,-.360645036598075,.167999075168612,.377167163129153,-.184521201699691,0,1,0,1,0,-1,.333333333333333,.333333333333333,.333333333333333,-1,2,Black or African American,2,ao,ao,35,m,.020742820121409,.633781584901501,-1,Christian
2539028,Hindu,good,1,.0260416666666667,0,-.355019723996027,-.174128964030843,1.2281455456068,1.09904651449865,.45395945410754,.223135518910239,.232998952526643,-.233927343852523,.636008564200739,-.635080172874859, , , , , , , , , , ,3,Black or African American,4,au,sm,26,m,-.355019723996027,1.2281455456068,3,Non-Christian
2539046,Hindu,good,1,.0350877192982456,0,-.197247049738999,.100179770354363,-1.23313785350215,-.893695738160042,-.137531064074712,-.827582889057444,-.443401710962264,-.0113556404172548,-.277993250831918,.732750602211437,0,0,0,0,0,0,0,0,0,0,3,East Asian,1,us,sm,23,f,-.197247049738999,-1.23313785350215,-2,Non-Christian
2539148,Christian,good,1,.0157894736842105,0,-.568924698161857,1.15847794559971,1.04226629114061,1.10022407772343,.417419924074833,-.663217842958683,.543939846192821,-.973973288760605,.695522899986706,-.265489457418921,0,0,0,0,0,0,0,0,0,0,2,More than one race - Black/White,2,uk,uk,41,f,-.568924698161857,1.04226629114061,0,Christian
2539198,Christian,bad,-1,.354166666666667,.385416666666667,-.456530462415078,1.05849624917379,-.215797189686336, ,-.862499138364027,-.861045727601157,.128722865690792, , ,.64644735188384,-2,2, ,-1,-1,-2, , ,0,-1,2,White,2,pl,pl,21,f,.456530462415078,.215797189686336,0,Christian
2539260,Muslim,good,1,.0625,0,.307724320382903,-1.21197207821576,.340224888984444,-.79746286796798,.0601301043302138,.536972265769698,-.188007622949471,.848802403984479,-.348352361340223,-.312442419694785,0,0,0,0,0,0,0,0,0,0,2,White,2,us,ke,30,f,.307724320382903,.340224888984444,-2,Non-Christian
2539346,Christian,good,1,.22265625,0,1.04519152134002,1.32403593638287,.0315365086467896,-.0145131679506553,.366742113244308,-.435257495208132,.800254655456559,-.581593421213448,-.230987525348789,.0123262911056782,0,1,0,0,0,0,.333333333333333,0,0,-.333333333333333,2,Black or African American,3,us,sm,38,m,1.04519152134002,.0315365086467896,0,Christian
2539415,Christian,bad,-1,.03125,0,1.60966116079938,.968772177423929,-.176296747022497,-.0408621244714954,-.797185852723723,1.20296046233053,.800712197066938,.0916834697926989,-.8159030459982,-.0764926208614368,0,1,1,1,1,0,.666666666666667,-.666666666666667,.666666666666667,-.666666666666667,2,White,1,us,sm,46,m,-1.60966116079938,.176296747022497,-1,Christian
2539548,Christian,good,1,.197916666666667,.015625,1.24651265606842,.654949421713152,.577647175652955,.208354444482697,.699740332175745,.665364309199612,.826369751144841,-.0659798523320792,-.112805959803325,-.647583939009437,0,1,0,1,0,0,.333333333333333,0,.333333333333333,-.666666666666667,2,White,3,us,us,20,f,1.24651265606842,.577647175652955,3,Christian
2539615,Christian,bad,-1,.28125,0, , , , , , , , , , , , , , , , , , , , ,2,White,3,us,us,50,m, , ,0,Christian
2539652,Jewish,bad,-1,.484375,.734375,-.774042949686638,-.0925738899917683,.185011207570445,-.43040015941773,.735408958042409,.036803458509724,-.22720187736932,.186592502639741,.359683916103772,-.319074541374193,0,0,0,0,0,0,0,0,0,0,.,White,2,us,us,18,f,.774042949686638,-.185011207570445,0,Non-Christian
2539889,Muslim,good,1,.0364583333333333,.00520833333333333,-.401142882942458,-.0995023673865366,-.262612442688411,-.228933941518922,.431853361921855,.318924251710951,-.254419231005802,.215786853538803,.20135410111513,-.162721723648131, ,1,0, ,0,-1, ,.333333333333333, , ,2,Other or Unknown,1,us,us,20,f,-.401142882942458,-.262612442688411,-2,Non-Christian
2539906,Christian,good,1,.119791666666667,0,.762513526361269,.314163115418896,.616284784370686,-.318010266446544,.0822884586973286,.508032854746503,.564320475383617,.170626668591384,-.332745111370161,-.402202032604839,0,0,0,0,0,0,0,0,0,0,2,Black or African American,2,us,us,51,f,.762513526361269,.616284784370686,0,Christian
2539916,Muslim,good,1,.0625,0, , , , , , , , , , , , , , , , , , , , ,2,East Asian,3,id,id,26,m, , ,0,Non-Christian
2539928,Christian,bad,-1,.296875,0,1.28393219298342, ,1.01818901351925, ,.0260942651105235, , , , , ,3,3,3,0,0,0,3,-1,-1,-1,2,White,2,us,us,48,f,-1.28393219298342,-1.01818901351925,0,Christian
2539959,Christian,good,1,.145833333333333,0,.0949322478471928,.173253147421083,-.0709522717260884,-.577680258795716,-.165483583408989,.615083208354897,.0657443745140624,.339836773243177,-.279365363350632,-.126215784406607,0,0,0,0,0,0,0,0,0,0,2,Black or African American,4,us,sm,19,f,.0949322478471928,-.0709522717260884,0,Christian
2539972,Christian,good,1,.187845303867403,.00552486187845304,.842425319658539,.359881003655767,.901108745775182,-.565840220459301,1.10931583711907,-.495496240984144,.701138356363163,-.0965123413935363,-.099649900999591,-.504976113970035,0,2,1,1,1,0,1,-.666666666666667,.666666666666667,-1,2,White,2,us,us,35,f,.842425319658539,.901108745775182,1,Christian
2539989,Christian,good,1,.114583333333333,0,.812545940495617,-.737712774351027,-.581258847690079,.0580325329962945,-.168004748736056,-.473257370375104,-.168808560515163,.0688076236598763,-.307506052078459,.407506988933746,0,0,0,0,0,0,0,0,0,0,3,Black or African American,1,us,sm,23,f,.812545940495617,-.581258847690079,0,Christian
2539993,Christian,good,1,.0833333333333333,0,.607886040158491,1.23346277442521,.361570698655175,-.437604038941712,-.252531124031688,.197563700980754,.73430650441296,-.199431678167583,-.432673734377297,-.10220109186808,0,0,0,0,0,0,0,0,0,0,.,Black or African American,4,us,sm,41,f,.607886040158491,.361570698655175,-2,Christian
2540106,Jewish,good,1,.442708333333333,.817708333333333, , ,-1.31494577028561,1.52012541876773, , , , , , ,0,0,0,0,0,0,0,0,0,0,2,White,3,us,sm,14,f, ,-1.31494577028561,2,Non-Christian
2540144,Jewish,bad,-1,.213541666666667,0,.0774859147731711,.308282240070109,-.730620317337583,1.17546877098273,.863176833533984,1.04871821571655,-.114950720831434,-.145010931778764,.653719896581182,-.393758243970984,2,1,0,2,2,-1,1,-.333333333333333,.666666666666667,-1.33333333333333,2,White,1,us,us,18,m,-.0774859147731711,.730620317337583,-2,Non-Christian
2540189,Christian,good,1,.175,0,.861644590081939, , , , ,.505195084075871, , , , , , , , , , , , , , ,2,White,1,us,us,19,f,.861644590081939, ,-1,Christian
2540270,Christian,bad,-1,.484375,.953125, , , ,.618109352609909,.353553390593263,.691057152441871, , , , ,0,0,2,1,0,1,.666666666666667,-1,.333333333333333,0,1,Other or Unknown,3,us,us,27,m, , ,0,Christian
2540347,Christian,bad,-1,.0885416666666667,0,.462053675943307,-.0325082403627363,.518157506599726,.596282131896392,-.468697501340849,.215802219074428,.315900980726765,-.115990557486409,-.111489681795921,-.0884207414444348,0,1,1,1,1,0,.666666666666667,-.666666666666667,.666666666666667,-.666666666666667,2,White,2,us,us,28,m,-.462053675943307,-.518157506599726,2,Christian
2540349,Hindu,good,1,.078125,0,.414731111354955,.302583201258255,-.157681505526733,-.00730129799979319,-.406552189572956,-.0954771714592581,.186544269028826,-.130253024905907,-.276194866309235,.219903622186316,0,0,0,0,0,0,0,0,0,0,2,South Asian,3,np,us,28,f,.414731111354955,-.157681505526733,-1,Non-Christian
2540462,Jewish,bad,-1,.215789473684211,.00526315789473684,-.437436597830818,.0450313162140164,.239072396618723,.553058921533619,.631246818488224,.193525455339431,-.051110961666026,-.134854927469402,.54058077928422,-.354614890148793,-3,0,0,3,3,0,-1,-1,3,-1,2,White,3,us,us,18,f,.437436597830818,-.239072396618723,0,Non-Christian
2540600,Christian,good,1,.234375,.0208333333333333,.49719485121218,-.122958786295611,-.0619137576176799,.431959368780016,.0556215645526392,-.354822353119675,.104107435766296,-.221274311868027,-.00320463929317473,.120371515394905,0,0,0,0,0,0,0,0,0,0,2,Black or African American,2,us,us,36,f,.49719485121218,-.0619137576176799,0,Christian
2540676,Muslim,good,1,.203125,.015625,-.210502937630806,-1.25304717270693,-.584025872649849,-.75592775586636,-.225752623567073,.201967945053061,-.682525327662529,.736980957875451,-.257059147267543,.202603517054621,0,0,0,0,0,0,0,0,0,0,2,White,2,tr,tr,24,f,-.210502937630806,-.584025872649849,-2,Non-Christian
2540770,Hindu,good,1,.0994764397905759,0,-.779937648701272,.866719482518031,.0614278020921589,.717804173602686,.0431647827017297,.0324878027921506,.0494032119696393,-.517345284442855,.513635535001896,-.0456934625286797,0,1,1,0,0,0,.666666666666667,-.333333333333333,0,-.333333333333333,3,East Asian,1,in,sm,25,m,-.779937648701272,.0614278020921589,-1,Non-Christian
2540773,Hindu,good,1,.0260416666666667,0,.801393414337003,.77469240595324,-.817069443437404,.100327130918807,-.755491428119866,-.361126509575622,.253005458950946,-.412048682149223,-.485519237179354,.644562460377631, , , , , , , , , , ,2,South Asian,1,uk,sm,36,m,.801393414337003,-.817069443437404,-1,Non-Christian
2540787,Christian,good,1, , , , , , , , , , , , ,0,0, ,0,0,0, , ,0,0,2,White,1,uk,sm,47,m, , ,2,Christian
2540863,Christian,good,1,.046875,0,.315400363473697,-.316087897542119,.691483678026697,-.299103774711002,.141186120939067,.0904065053706553,.230265381319425,.235199392541259,-.157772672415211,-.307692101445473, , , , , , , , , , ,2,White,3,us,us,45,f,.315400363473697,.691483678026697,2,Christian
2540985,Christian,good,1,.0885416666666667,0,.365606856047875,.868517303122175,.0903526402703262,.268520770316022,.525860141531243,.186609214837928,.441492266480125,-.316809619533423,.142924685266463,-.267607332213166,0,1,0,0,0, ,.333333333333333, ,0, ,2,White,2,us,us,58,m,.365606856047875,.0903526402703262,-2,Christian
2540991,Jewish,good,1,.0625,.00520833333333333,-.300186420966766,.7183189746454,.392161022921725,.506455256458134,.300159453112972,-.724559323894555,.270097858866786,-.64977785166603,.368933710179291,.0107462826199529,-3,2,0,3,3,-1,-.333333333333333,-.666666666666667,3,-2,2,White,2,uk,uk,21,m,-.300186420966766,.392161022921725,2,Non-Christian
2541044,Christian,good,1, , , , , , , , , , , , ,3, , , , , , , , , ,2,Black or African American,3,us,sm,30,f, , ,0,Christian
2541060,Christian,good,1,.208333333333333,0,.670359932331219,.794933883394472,.434307736404681,.776859122510253,.568100067546642,-.224027869800058,.633200517376791,-.598606958568261,.224866419241892,-.259459978050421,3,3,3,3,3,1,3,-2.33333333333333,1,-1.66666666666667,2,More than one race - Other,1,us,sm,20,m,.670359932331219,.434307736404681,0,Christian
2541084,Christian,good,1,.15625,0,1.01730324725504,.683277321146514,.628796246631021,.0434523981503984,.0193424520694107,.188787466262661,.776458938344193,-.179314084344751,-.318169465678412,-.278975388321031,1,3,3,0,0,0,2.33333333333333,-1,-.333333333333333,-1,2,East Asian,4,mm,us,19,f,1.01730324725504,.628796246631021,2,Christian
2541121,Hindu,good,1,.0885416666666667,0,.287788602994649,.237690797946841,-.251887413936197,-.336975442605762,-.903702027059694,-.322160452825382,.0911973290017642,-.0742919360554867,-.509488690886702,.492583297940424,0, ,0,2,-1,-2, ,1,.333333333333333, ,2,South Asian,2,in,in,30,m,.287788602994649,-.251887413936197,-2,Non-Christian
2541151,Muslim,good,1,.106382978723404,0,.323269500074124,-.62587535772812,.498972966082725,-.174269384075795,-.450011616385389,.474955893220527,.0654557028095763,.425033545008147,-.315850166845102,-.174639080972621,0,0,0,0,0,0,0,0,0,0,2,White,2,us,us,18,f,.323269500074124,.498972966082725, ,Non-Christian
2541247,Christian,bad,-1,.145833333333333,.00520833333333333,-.0587444502538844,-.0243295246131944,.227035018405255,.300121340031055,-.0409349123945164,.784894464279609,.0479870145127253,.169700882953916,.105976959296808,-.323664856763449,0,1,1,0,0,0,.666666666666667,-.333333333333333,0,-.333333333333333,2,White,3,us,sm,19,m,.0587444502538844,-.227035018405255,0,Christian
2541346,Christian,good,1, , , , , , , , , , , , ,0,0,0,0,0,0,0,0,0,0,2,White,2,fr,fr,22,f, , ,-1,Christian
2541396,Christian,good,1,.0885416666666667,0,.608718135626999,-.0857076056882144,.855112404839152,.223449550496201,.185285582142272,-.164066282239672,.459374311592645,-.10060274234922,-.0666610009961753,-.292110568247251,0,0,0,0,0,0,0,0,0,0,2,White,3,ca,ca,46,f,.608718135626999,.855112404839152,-2,Christian
2541472,Christian,good,1,.0833333333333333,0,.691261467494069,-.0122329681018401,1.23862987482409,.74296734375032,.472836488240898,.496152259687926,.639219458072107,-.0781940386535182,.174847454832383,-.735872874250972,3,3,3,1,2,0,3,-1.66666666666667,0,-1.33333333333333,3,White,4,us,us,36,m,.691261467494069,1.23862987482409,1,Christian
2541537,Hindu,good,1,.0260416666666667,0,.927094969043171,-.715062941380834,-.454541240218863,.795341390862362,-.832580948874362,-.756092149348452,-.0808364041855088,-.278790199609993,-.321444842351724,.681071446147226,0,1,0,0,-1,-2,.333333333333333,1,-.333333333333333,-1,2,South Asian,3,us,us,53,m,.927094969043171,-.454541240218863,0,Non-Christian
2541767,Christian,good,1,.03125,0,.471167558384185,.729378843850881,.861435608543715,-.0750539958900328,.340447100245346,-.620416077207981,.68732733692626,-.424913641722943,-.0685914846762904,-.193822210527027, , , , , , , , , , ,2,White,3,us,sm,70,f,.471167558384185,.861435608543715,2,Christian
2541829,Christian,good,1,.0520833333333333,0,.251730087217654,.944819109697988,.635733817215688,-.158636797060066,.742631933461607,.230105112035541,.610761004710443,-.18535906686746,.110755016394629,-.536156954237612,1,3,3,1,1,0,2.33333333333333,-1.33333333333333,.333333333333333,-1.33333333333333,2,White,3,us,sm,29,f,.251730087217654,.635733817215688,2,Christian
2541916,Jewish,good,1,.140625,0, ,-.427776328307516, , ,.884687768657475, , , , , ,-1,0,0,1,1,0,-.333333333333333,-.333333333333333,1,-.333333333333333,2,White,2,us,sm,12,m, , ,0,Non-Christian
2542182,Christian,good,1,.244791666666667,.182291666666667,1.36823587350907,1.25142511468465,.838983500846575,.365166243492716,-.637875061643851,1.23248879946664,1.15288149634676,-.128034186236906,-.546981563886734,-.477865746223123,3,3,3, , , ,3, , , ,2,White,2,us,sm,18,f,1.36823587350907,.838983500846575,-2,Christian
2542239,Jewish,good,1, , , , , , , , , , , , ,2,0,0,2,0,0,.666666666666667,0,0,-.666666666666667,3,White,2,us,sm,20,f, , ,-3,Non-Christian
2542330,Christian,bad,-1,.145833333333333,0,-.159792796101676,.244416503625493,.589458329068488,.503846571078576,.579794124479236,.0380959029778631,.224694012197435,-.236722390575402,.414477830553163,-.402449452175196,3,3,3,0,2,0,3,-1.66666666666667,-.333333333333333,-1,2,White,2,us,sm,48,f,.159792796101676,-.589458329068488,0,Christian
2542339,Hindu,bad,-1,.0677083333333333,0,1.40888412442003,.661114642241246,-.562352212928485,.0157298767268604,-.916393955291691,-1.03353823352322,.502548851244263,-.570127584163776,-.769849400994953,.837428133914466,0,0,0,0,0,0,0,0,0,0,2,South Asian,3,us,us,53,m,-1.40888412442003,.562352212928485,0,Non-Christian
2542506,Jewish,good,1,.0729166666666667,0,-.462685333901393,.41084948495675,-.210191323167079,.680296937566062,-.221412115054375,-.480161988586328,-.0873423907039072,-.523769470369714,.307190052137694,.303921808935927,2,2,0,3,2,-1,1.33333333333333,-.333333333333333,1,-2,.,White,3,us,sm,18,f,-.462685333901393,-.210191323167079,-1,Non-Christian
2542550,Christian,good,1,.0104166666666667,0,1.21963955391347,.656682303428885,.779439916105781,.0558273661187376,-.026733105253032,.393112674406325,.885253924482713,-.106465665047099,-.396848431015922,-.381939828419691,3,3,1,1,0,-1,2.33333333333333,0,-.666666666666667,-1.66666666666667,2,Black or African American,4,us,sm,62,m,1.21963955391347,.779439916105781,1,Christian
2542614,Muslim,good,1,.03125,0,.235121955069447,.0184294448711588,-.356457627160266,-.539029081458859,.174055301108531,.835728984891226,-.0343020757398869,.452109540492975,-.200031911806592,-.217775552946497,0,0,2,-2,2,3,.666666666666667,-2.33333333333333,0,1.66666666666667,2,White,3,eg,us,58,f,.235121955069447,-.356457627160266,-2,Non-Christian
2542647,Hindu,good,1,.104166666666667,0,.17779813386545,.535056622644508,-.744191699838294,.468949321899113,-.0979407890052007,-.395773516365181,-.0104456477761119,-.466593153636267,.0644034663428208,.412635335069558,0,0,0,0,0,0,0,0,0,0,2,South Asian,2,us,us,26,m,.17779813386545,-.744191699838294,-3,Non-Christian
2542659,Christian,good,1,.046875,0,.383459525969439,.895564444527836,.455345736411652,.72360118807746,.432352436271747,-.372970052690997,.578123235636309,-.664045228432098,.257498032793256,-.171576039997467,0,3,3,0,0,0,2,-1,0,-1,2,White,4,us,us,21,f,.383459525969439,.455345736411652,3,Christian
2542731,Christian,good,1,.166666666666667,0,1.00493080384688,1.01660104380351,1.19460200335122,.056481869086811,-.198560331129385,.0259484092036256,1.07204461700054,-.349044834562231,-.382336421963153,-.340663360475152,3,3,3,0,0,0,3,-1,-1,-1,2,White,2,us,us,48,f,1.00493080384688,1.19460200335122,0,Christian
2542748,Hindu,bad,-1, , , , , , , , , , , , ,0,2,-3,3,-3,-3,-.333333333333333,3,0,-2.66666666666667,2,South Asian,1,in,in,41,f, , ,-3,Non-Christian
2542808,Christian,bad,-1,.177083333333333,0,-.0929158799220377,-.168963155385302,-.0188644092523359,.490431084501023,.438992331779121,.279325600042269,-.0935811481865586,-.0140474430244842,.340779765400727,-.233151174189685,0,0,0,0,0,0,0,0,0,0,2,White,1,us,us,46,f,.0929158799220377,.0188644092523359,0,Christian
2543217,Muslim,good,1,.0625,0, , , , , , , , , , , , , , , , , , , , ,3,South Asian,3,uk,uk,40,m, , ,0,Non-Christian
2543257,Christian,bad,-1,.09375,0, , , , , , , , , , , , , , , , , , , , ,2,White,3,lt,sm,15,f, , ,0,Christian
2543353,Muslim,good,1,.0520833333333333,0,-.203442423443567,-.466351868131135,.201897338120285,-.28580984658105,-.147733941771965,.68945353578801,-.155965651151472,.480538416833398,-.0767004549698161,-.24787231071211,0,-1,0,-1,0,3,-.333333333333333,-1,-.333333333333333,1.66666666666667,2,Black or African American,4,us,sm,18,f,-.203442423443567,.201897338120285, ,Non-Christian
2543414,Christian,good,1,.145833333333333,0,.22036015325064,.47905941339826,.583328910727086,1.00532182117457,.567206091573901,.382299278950527,.427582825791995,-.367360651874101,.450722586499277,-.510944760417171,0,0,0,0,0, ,0, ,0, ,2,White,2,us,sm,42,f,.22036015325064,.583328910727086,-1,Christian
2543417,Christian,bad,-1,.369791666666667,.0885416666666667,.111694644923194,-.20401596339866,-.585015167095424,.419055468261804,-.2174489953313,-.191725801328184,-.22577882852363,-.135588435397109,.02997060933577,.331396654584969,0,1,1,0,0,0,.666666666666667,-.333333333333333,0,-.333333333333333,2,White,3,us,us,18,f,-.111694644923194,.585015167095424,2,Christian
2543515,Christian,good,1,.0208333333333333,0,.39195452385802,.497865354338663,-.496112674535869,.721944916048415,-.826853722207883,.00449988996920977,.131235734553605,-.405103460139289,-.165621110005829,.439488835591514,0,0,0,0,0,0,0,0,0,0,2,White,3,us,us,38,f,.39195452385802,-.496112674535869,-2,Christian
2543526,Muslim,bad,-1,.225130890052356,0,-.243041312778551, ,-.0378447336747671, ,.282636136759048, , , , , ,0,0,2,-2,0,1,.666666666666667,-1,-.666666666666667,1,2,Black or African American,3,us,sm,20,.,.243041312778551,.0378447336747671,-1,Non-Christian
2543557,Christian,good,1,0,0,.212589472122568,.138329593110071,-.45915274217652,-.314878681487767,.473003512645999,.471211098680737,-.0360778923146267,.215920062352811,-.0181548803214455,-.161687289716739,0,0,0,0,0,0,0,0,0,0,2,White,2,ca,ca,55,m,.212589472122568,-.45915274217652,-2,Christian
2543585,Christian,bad,-1,.114583333333333,0,-.00486221060665491, ,.284124522615247, ,-.00529071943985266, , , , , ,0,0,0,0,0,0,0,0,0,0,2,White,3,lt,lt,18,f,.00486221060665491,-.284124522615247,-1,Christian
2544013,Hindu,bad,-1,.204188481675393,.00523560209424084,.374816272108018,-.314495117670707,.147409436702119,.389663630194462,-.159159146187054,.749845005719552,.0692435303798101,.224892164398599,-.04810392936687,-.246031765411539,0,0,0,0,0,0,0,0,0,0,2,South Asian,2,us,us,21,f,-.374816272108018,-.147409436702119,0,Non-Christian
2544240,Hindu,good,1,.046875,0,.345127987355955,-.0549872917565966,-.492896919940346,.0256762626270056,.309459888924563,-.703424873976328,-.0675854081136623,-.224704614948912,-.00333061193479571,.29562063499737,0,0,0,0,0,0,0,0,0,0,2,South Asian,3,au,au,50,m,.345127987355955,-.492896919940346,-3,Non-Christian
2544610,Hindu,bad,-1,.0364583333333333,0,.557174396950049,.29191003415878,.245550809814166,.631900402888845,.595035961967921,-.272895437814745,.364878413640998,-.398901958287457,.223253989302239,-.189230444655781,0,1,1,1,0,-1,.666666666666667,0,.333333333333333,-1,2,South Asian,2,us,us,40,m,-.557174396950049,-.245550809814166,-3,Non-Christian
2545135,Christian,good,1,.0260416666666667,0,.0167364346234634,.0178878837499255,.30023908669132,-.206055559097934,.383269691336907,.0752030596387216,.11162113502157,.0877902449955768,.0534925658718362,-.252903945888983,0,1,1,1,0,0,.666666666666667,-.333333333333333,.333333333333333,-.666666666666667,2,White,3,de,sm,20,m,.0167364346234634,.30023908669132,-1,Christian
2545165,Christian,good,1,.0416666666666667,0,.103325695855328,-.566396241352993,.467481670379427,-.33092183757244,-.841639028380904,-.417981469346227,.00147037496058748,.159778869859735,-.425295520602891,.264046275782568,0,0,0,0,0,0,0,0,0,0,2,White,4,us,sm,57,f,.103325695855328,.467481670379427,-3,Christian
2545170,Christian,good,1,.119791666666667,0,.404965866166362,.791715199086482,.635550501533145,.334770906879557,.383232300268679,-.808912641036273,.61074385559533,-.645132915667437,.104345780327291,-.069956720255184,-1,3,3,3,3,0,1.66666666666667,-2,2.33333333333333,-2,2,White,3,uk,sm,26,m,.404965866166362,.635550501533145,0,Christian
2545192,Muslim,bad,-1,.0625,0,.782033663914745, ,-.25634405217367, ,-.780671454144952, , , , , ,0,0,0,0,0,0,0,0,0,0,2,Other or Unknown,3,ir,at,16,f,-.782033663914745,.25634405217367, ,Non-Christian
2545279,Christian,good,1,.15,.1375, , ,-.133436191757793,-.538161195961133, , , , , , ,-3,3,3,0,0,0,1,-1,1,-1,2,White,4,us,sm,21,m, ,-.133436191757793,2,Christian
2545307,Hindu,bad,-1, , , , , , , , , , , , ,0,0,-1,0,-1,-1,-.333333333333333,1,-.333333333333333,-.333333333333333,3,South Asian,2,in,in,26,f, , ,0,Non-Christian
2545418,Christian,bad,-1,.223958333333333,0,.144042085353049,.457468335526367,.848045696637846,.00840064520931765,-.155493239289366,-.203360752023493,.483185372505754,-.223076577586393,-.097044893144366,-.163063901774996,3,3,3,0,0,0,3,-1,-1,-1,2,Black or African American,2,us,us,20,f,-.144042085353049,-.848045696637846,0,Christian
2545545,Christian,bad,-1,.114583333333333,0,.311670084911309,.0965629661392778,.252271012311972,-.049042291703686,-.400683440553271,-.0344283356689945,.220168021120853,-.0273163367015288,-.253798605722756,.0609469213034312,0,0,0,0,0,0,0,0,0,0,.,White,1,ca,ca,21,f,-.311670084911309,-.252271012311972,0,Christian
2545670,Christian,good,1,.046875,0,.410856794401618,1.12193083545393,1.0687632482756,-.22100113140151,-.120171498659196,.0223041188403038,.867183626043718,-.292875195070707,-.250676474820775,-.323631956152236,0,2,0,1,0,-1,.666666666666667,.333333333333333,.333333333333333,-1.33333333333333,2,White,2,fr,fr,22,f,.410856794401618,1.0687632482756,-2,Christian
2546148,Christian,bad,-1,.0364583333333333,0,.806424921734094,.878445606008612,-.153804007989265,.695118401597282,.179354687796158,.229085451736091,.510355506584481,-.448159518623268,.0226827225531152,-.0848787105143281,0,0,0,0,0,0,0,0,0,0,1,White,3,us,us,41,f,-.806424921734094,.153804007989265,-1,Christian
2546193,Christian,bad,-1,.0539772727272727,0,.413841379690707,-.469703571263808,.109424875556246,-.0663131832569058,.375659649705328,.318976987078062,.0178542279943815,.284997913866259,-.0348316377474283,-.268020504113212,0,0,0,0,0,0,0,0,0,0,2,Black or African American,4,us,us,19,f,-.413841379690707,-.109424875556246,3,Christian
2546281,Christian,good,1,.015625,0,.786068486133504,.572949480664919,1.02810372841251,.733384705128169,-.0300772682249321,.163828574961708,.795707231736976,-.38083520361046,-.0275870164100889,-.387285011716427,-2,3,3,2,2,-1,1.33333333333333,-1.33333333333333,2,-2,2,White,3,us,us,46,m,.786068486133504,1.02810372841251,0,Christian
2546333,Jewish,bad,-1,.171875,0,-.955335924815066,.294775697754326,-.172372734935474,.855535355837629,.403030809498241,.539222427215776,-.277644320665405,-.20369620879206,.737967363383645,-.256626833926181,-3,-1,-2,2,1,-2,-2,1,2,-1,2,White,2,us,sm,21,m,.955335924815066,.172372734935474,-3,Non-Christian
2546339,Muslim,good,1,.177083333333333,0,-.576119619792321,-.954087844481604,.295798529187581,-.265934178460383,.09622431832157,.414115685620945,-.411469645028781,.544712569520977,.135469919884503,-.268712844376699,1,-3,0,-3,0,3,-.666666666666667,-1,-1.33333333333333,3,3,South Asian,3,pk,kw,23,m,-.576119619792321,.295798529187581,-2,Non-Christian
2546367,Hindu,good,1, , , , , , , , , , , , ,0,0,0,0,0,0,0,0,0,0,2,South Asian,3,us,sm,51,f, , ,0,Non-Christian
2546430,Christian,good,1,.09375,0,.288657104388837,1.09362823338022,.325768252506056,.538732862597323,-.0790194996801085,.108131928203418,.569351196758371,-.508076389258042,.0570187528427927,-.118293560343122,0,1,1,0,0,0,.666666666666667,-.333333333333333,0,-.333333333333333,2,White,4,us,sm,20,m,.288657104388837,.325768252506056,0,Christian
2546538,Jewish,good,1,.0277777777777778,0, ,.35871692243356,.772264110093969,.843336497145429,-.324244104257205, , , , , ,-1,0,-1,0,-1,-1,-.666666666666667,1,0,-.333333333333333,2,White,2,us,us,24,f, ,.772264110093969,-3,Non-Christian
2546674,Christian,good,1, , , , , , , , , , , , ,1,-2,2,2,2,0,.333333333333333,-1.33333333333333,1,0,2,More than one race - Other,3,us,us,19,f, , ,-2,Christian
2546785,Christian,bad,-1,.0989583333333333,0,-.272823588430937,-.263998204413787,-.401007115783359,-.367612382177525,-.922649487243828,-.151705300839403,-.312609636209361,.15996842858397,-.339146093663472,.491787301288863,3,3,3,-1,0,1,3,-1.33333333333333,-1.33333333333333,-.333333333333333,2,White,2,us,us,31,f,.272823588430937,.401007115783359,0,Christian
2546814,Muslim,good,1, , , , , , , , , , , , ,0,0,0,0,0,0,0,0,0,0,3,Other or Unknown,3,au,au,24,f, , ,0,Non-Christian
2547443,Christian,bad,-1,.40625,0,.0677162741728502,.844806854464429,.871524276055794,-.162535924056258,-.467645777147321,.525255444764779,.594682468231024,-.0523384952144638,-.23263265845881,-.309711314557751,0,0,0,0,0,0,0,0,0,0,2,White,2,ca,ca,22,f,-.0677162741728502,-.871524276055794,0,Christian
2547618,Christian,bad,-1,.0575916230366492,0,-.161874855923461,.258887876470012,.612636440660678,.656604660301637,.510458417677995,-.617279283093528,.23654982040241,-.510923939955059,.442979311301031,-.168605191748382,2,1,1,-1,-1,1,1.33333333333333,-.333333333333333,-1.33333333333333,.333333333333333,1,Other or Unknown,2,us,.,20,m,.161874855923461,-.612636440660678,-3,Christian
2547748,Christian,good,1, , , , , , , , , , , , ,1,-1,0,0,-1,-1,0,.666666666666667,-.666666666666667,0,2,Other or Unknown,1,us,us,23,m, , ,2,Christian
2547926,Jewish,good,1,.0572916666666667,.0104166666666667,.543670477141809,.593963869478383,.254985112573437,.246078994689328,.0190098443562592,-.109297973260668,.464206486397876,-.31644694580946,-.092860546032074,-.0548989945563428,-3,-3,-3,2,3,1,-3,-.333333333333333,2.66666666666667,.666666666666667,1,White,1,us,us,25,m,.543670477141809,.254985112573437,-2,Non-Christian
2548046,Christian,bad,-1,.125,0,.204028216019088, ,.746139651749962, ,.892409985716629, , , , , ,0,1,0,0,0,-1,.333333333333333,.333333333333333,0,-.666666666666667,2,White,2,uk,sm,18,f,-.204028216019088,-.746139651749962,0,Christian
2548049,Christian,bad,-1,.3125,.046875,.0680849136779931,.637155242661481,.572007947904415,.120327591405883,-.142170011358167,-.0342976894144759,.425749368081296,-.263926841160613,-.0299757778767593,-.131846749043924, , , , , , , , , , ,3,Black or African American,3,ng,au,18,f,-.0680849136779931,-.572007947904415,0,Christian
2548178,Christian,good,1,.0833333333333333,0,-.346449037440083,.720455952808933,.630077018107204,-.221832325711294,-.635204339831557,.832799573187596,.334694644492018,.111391982029985,-.170195876034256,-.275890750487748,0,0,0,0,0,0,0,0,0,0,1,White,2,mx,us,21,f,-.346449037440083,.630077018107204,0,Christian
2548594,Christian,good,1,.046875,0,.492098842753956,.439221959208664,-.314200328839697,.171897165017078,.268385759668256,.740729740447705,.205706824374308,.0432035387406541,-.0172719726895406,-.231638390425421,0,0,0,0,0,0,0,0,0,0,1,More than one race - Black/White,3,co,co,33,m,.492098842753956,-.314200328839697,0,Christian
2548884,Christian,good,1,.130208333333333,.0104166666666667,.805703378262859,1.01055424612819,1.12063087952327,-.391496026500858,.2489990197896,1.15972203936991,.978962834638106,.180221273247525,-.316066794991373,-.843117312894258,3,3,3,0,0,3,3,-2,-1,0,2,Black or African American, ,us,us,31,f,.805703378262859,1.12063087952327, ,Christian
2548988,Hindu,bad,-1,.15625,0,.177820741496908,.638582507357948,-.712439719058704,.266723266003118,.603370881461847,-.565776478522415,.0346545099320508,-.490360750627827,.230757801989352,.224948438706424,0,0,0,0,0,0,0,0,0,0,2,South Asian,1,in,us,32,m,-.177820741496908,.712439719058704,0,Non-Christian
2548993,Christian,good,1,.416666666666667,.645833333333333,1.23976167733773, ,.624516593403734, , ,.139145377020849, , , , ,3,3,3,-2,-3,3,3,-1,-2.66666666666667,.666666666666667,2,Black or African American,4,us,us,28,f,1.23976167733773,.624516593403734,-2,Christian
2549108,Muslim,good,1,.09375,0,-.0440372111898381,-.377232813460031,-.958226981949999,-.343014929150677,-.96876415772679,.344048211157261,-.459832335533289,.354765317922656,-.422580625229209,.527647642839843,0,-2,-1,-2,0,2,-1,-.333333333333333,-.666666666666667,2,.,South Asian,2,us,sm,25,f,-.0440372111898381,-.958226981949999,-3,Non-Christian
2549119,Christian,good,1,.145833333333333,0,.270299917892055,.783192603628353,.520242007456311,-.228632137321664,.0786016872058609,-.149318861293296,.524578176325573,-.234626442533328,-.140110122669286,-.149841611122959,0,1,0,0,0,0,.333333333333333,0,0,-.333333333333333,2,White,4,us,us,60,m,.270299917892055,.520242007456311,2,Christian
2549287,Hindu,good,1, , , , , , , , , , , , ,0, ,0,0, ,0, , , , ,3,South Asian,3,uk,uk,32,f, , ,-2,Non-Christian
2549288,Christian,good,1,.0729166666666667,0,.0912280350037802,.265642030305936,.272090176591161,.313930878161516,-.40926600425157,-.670474878249516,.209653413966959,-.416682595572323,-.0621877203646111,.269216901969975,0,0,0,0,0,0,0,0,0,0,2,White,2,us,us,38,f,.0912280350037802,.272090176591161,-2,Christian
2549303,Jewish,good,1,.25,0,-1.09290781744506, , , , , , , , , , , , , , , , , , , ,2,White,2,us,us,18,f,-1.09290781744506, ,-2,Non-Christian
2549331,Christian,good,1,0,0,.921424423756036,.189483054785545,.678093524164372,-.102420383273701,-.113657207400957,-.895497662739989,.596333667568651,-.327520111417277,-.379167338143565,.110353781992191,3,3,3,3,3,-1,3,-1.66666666666667,1,-2.33333333333333,2,Black or African American,4,ke,us,45,m,.921424423756036,.678093524164372,0,Christian
2549405,Jewish,bad,-1,.125,0,-.228998175436442,-.943256269357757,-.304704610794302,.661024888868366,.837573609468614,.0333997640241144,-.492319685196167,.105210381504502,.575865557924474,-.188756254232809,-2,1,0,3,2,-1,-.333333333333333,-.333333333333333,2.33333333333333,-1.66666666666667,3,White,2,us,sm,21,f,.228998175436442,.304704610794302,0,Non-Christian
2549627,Christian,bad,-1,.208333333333333,0,.0773128041295344, ,-.722361510265702, ,-.65270510397205, , , , , ,0,0,0,0,0,0,0,0,0,0,2,White,2,us,sm,19,f,-.0773128041295344,.722361510265702,-2,Christian
2549701,Jewish,good,1,.00520833333333333,0,.504430943472405,.685236575200025,.0829325835986507,.961153950945659,.436298474333467,-.685994396369813,.42420003409036,-.777461640838499,.297673827268907,.0555877794792317,-2,0,0,-2,2,0,-.666666666666667,-.666666666666667,.666666666666667,.666666666666667,2,White,2,us,sm,29,m,.504430943472405,.0829325835986507,0,Non-Christian
2549712,Christian,good,1,.03125,0,.534450546701827,.92179852075689,.404942056063408,.242933943626395,-.278432349245588,-.193118731935011,.620397041174042,-.452617065439432,-.189982984107007,.022203008372397,0,1,1,1,1,0,.666666666666667,-.666666666666667,.666666666666667,-.666666666666667,2,White,3,us,sm,47,f,.534450546701827,.404942056063408,0,Christian
2549730,Christian,good,1,.0520833333333333,0,.588115924834801,.806693784049694,1.0584477297011,.417648075227603,-.724944123936647,-1.01715409249988,.817752479528532,-.747165317259061,-.298470657847948,.227883495578477,0,0,0,0,0,0,0,0,0,0,2,White,3,us,sm,44,f,.588115924834801,1.0584477297011,2,Christian
2549918,Christian,bad,-1,.0366492146596859,0,.369262952616424,1.11167931943793,-.30115336889766,.316049621094429,.204566383962946,-.168393835297114,.393262967718898,-.532040925276492,.0504510174803167,.0883269400772764,0,0,0,0,0,0,0,0,0,0,1,White,2,us,us,52,f,-.369262952616424,.30115336889766,-2,Christian
2549961,Christian,good,1,.09375,0,.713092251726514,.936239457562793,.794049527751954,.552432118826371,.268681038015877,-.509153847995786,.814460412347087,-.665941808128317,.0360069683719111,-.184525572590681,0,3,1,3,0,-2,1.33333333333333,.333333333333333,1,-2.66666666666667,2,White,1,us,sm,19,f,.713092251726514,.794049527751954,2,Christian
2549980,Christian,good,1,.298429319371728,.00523560209424084,.284960567281536,.461618072087935,.308435630555302,.120771351837633,.0288970101436144,-.724725828078276,.351671423308258,-.435705084001281,-.0450974017667631,.129131062459787,3,3,3,0,0,0,3,-1,-1,-1,2,Black or African American,3,ht,us,18,f,.284960567281536,.308435630555302,0,Christian
2549986,Christian,bad,-1,.287958115183246,.167539267015707,1.39481501422932,.722597601835469,-.0481691090785335,-.702152621728851,-.326134089373353,.275227401603868,.689747835662084,.084927473832417,-.807700575110507,.0330252656160062,0,0,0,0,0,0,0,0,0,0,2,Black or African American,1,us,us,18,f,-1.39481501422932,.0481691090785335,-2,Christian
2549997,Christian,bad,-1,.4375,0, , , , , , , , , , ,1,1,1,0,0,0,1,-.333333333333333,-.333333333333333,-.333333333333333,.,White,3,us,sm,15,m, , ,0,Christian
2550018,Jewish,good,1,.00520833333333333,0,.468465158858845,1.17178606568973,.446547962261965,-.0714309946650532,1.06689711113824,-.115463685468075,.695599728936845,-.405272918830916,.175666985871448,-.465993795977377,-3,3,3,3,3,0,1,-2,3,-2,2,More than one race - Other,2,us,us,18,f,.468465158858845,.446547962261965,-2,Non-Christian
2550078,Christian,good,1,.0625,0,.438312759885393,.780304052925992,.436491132499439,.231501457910562,-.485016045468227,-.189251018560293,.551702648436941,-.400352176465616,-.230609115814353,.079258643843027,0,0,0,0,0,0,0,0,0,0,2,South Asian,1,ca,ca,29,f,.438312759885393,.436491132499439,-2,Christian
2550213,Christian,good,1,.0885416666666667,0,-.141380228290785,.461235265708962,-.217786499136029,.11679782051924,.504480933749419,.22292310607842,.0340228460940493,-.118369993383261,.254219660853148,-.169872513563937,1,2,1,1,-1,-2,1.33333333333333,.666666666666667,-.333333333333333,-1.66666666666667,.,White,1,au,sm,27,f,-.141380228290785,-.217786499136029,-1,Christian
2550245,Muslim,good,1,.0520833333333333,0,-.337631798695146,-.113187837208337,.622550462482665,-.460577968022839,-.375294520194611,1.10660004115885,.0572436088597273,.560121948796675,-.166080229840768,-.451285327815635,0,0,0,0,0,0,0,0,0,0,2,Other or Unknown,3,us,us,18,m,-.337631798695146,.622550462482665,-1,Non-Christian
2550471,Hindu,bad,-1, , , , , , , , , , , , ,0,3,0,2,-1,-2,1,1,.333333333333333,-2.33333333333333,2,South Asian,2,in,in,37,m, , ,-2,Non-Christian
2550600,Christian,bad,-1,.171875,.0104166666666667,.263769510225419,.321857193252923,.543103145858314,.419873169099352,.72374413125792,-.716858923684873,.376243283112219,-.486196428679049,.293282596710618,-.183329451143787,1,0,1,0,0,0,.666666666666667,-.333333333333333,-.333333333333333,0,2,White,3,us,sm,21,f,-.263769510225419,-.543103145858314,2,Christian
2550618,Hindu,good,1,.10625,0,.0948751589003761, ,-.446913440599851,.168714951294182, ,.211322211784913, , , , ,0,1,-3,1,-3,-3,-.666666666666667,3,-.666666666666667,-1.66666666666667,2,South Asian,2,in,in,21,f,.0948751589003761,-.446913440599851,1,Non-Christian
2550622,Christian,bad,-1,.473958333333333,.932291666666667,.467132330659317, ,.342516089569062,-.353553390593274,-.353553390593274,.237829558125197, , ,-.391413037281955,-.0755974190336619,0,0,0,0,0,0,0,0,0,0,2,White,2,uk,uk,18,f,-.467132330659317,-.342516089569062,0,Christian
2550664,Jewish,bad,-1,.046875,0,.667072699668221,1.1533097597354,.871848387715358,-.429032682394859,-.688574671988088,.119121676653181,.897410282372992,-.201718466895786,-.594893351350389,-.100798464126817,0,0,0,0,0,0,0,0,0,0,2,White,2,us,us,63,f,-.667072699668221,-.871848387715358,-3,Non-Christian
2550678,Muslim,good,1,.0625,0,.440670556822333,-.779960522755155,-.0398419408845874,-1.03413001458075,-.795753616903419,.555945440993359,-.12637730227247,.790011992776422,-.756851396102169,.093216705598216,0,-3,0,-3,2,3,-1,-1.66666666666667,-.333333333333333,3,2,White,3,tr,sm,20,f,.440670556822333,-.0398419408845874,2,Non-Christian
2550698,Muslim,bad,-1,.03125,0,.148092965743134,.150923709369557,-.547479736831525,-.0978579788378104,-.107952098317338,-.677944434943211,-.0828210205729449,-.243670055158319,-.117967680966094,.444458756697358,-1,1,1,0,0,0,.333333333333333,-.333333333333333,.333333333333333,-.333333333333333,2,Black or African American,1,us,sm,17,f,-.148092965743134,.547479736831525,-2,Non-Christian
2550889,Christian,good,1,.161458333333333,0,.474493000491381,-.02227287037534,.919176428613265,.306731260778478,-.13829169085861,-.124272214734676,.457132186243102,-.136243535045938,-.102017810190504,-.21887084100666,3,2,3,-3,-3,2,2.66666666666667,-.666666666666667,-3,1,2,White,2,us,us,36,f,.474493000491381,.919176428613265,2,Christian
2551053,Christian,good,1,.0208333333333333,0,.678876532538836,.80894426977242,-.0934282191449419,.196491217396137,.61306789962215,.181219866658364,.464797527722105,-.274738540170065,.0435608614931503,-.233619849045191,0,0,0,0,0,0,0,0,0,0,2,White,3,au,au,68,m,.678876532538836,-.0934282191449419,-1,Christian
2551079,Christian,good,1,.0677083333333333,0,.99373763659875,.355985651695576,-.467276274064459,1.31825738963512,.71705769058445,.874043018872452,.294149004743289,-.266733340819415,.34719248120694,-.374608145130814,0,0,0,0,0,0,0,0,0,0,2,White,4,us,sm,23,m,.99373763659875,-.467276274064459,-3,Christian
2551146,Jewish,bad,-1,.0260416666666667,.00520833333333333,.000923904146528115,-.449278857995237,-.305972764063408,.203538513507371,.471824497554476,1.13764447024641,-.251442572637372,.461128271578091,.22481303563844,-.434498734579158,0,0,0,0,0,0,0,0,0,0,2,White,1,us,us,22,m,-.000923904146528115,.305972764063408,-1,Non-Christian
2551329,Jewish,bad,-1,.0364583333333333,0,-.647325087256786,-.0217844143157056,.0829759889936664,-.0509307784739243,.350892157866738,-.345816267588081,-.195377837526275,-.0910336915994836,.315762155549867,-.0293506264241078,0,0,0,0,0,0,0,0,0,0,1,White,1,us,us,26,f,.647325087256786,-.0829759889936664,-3,Non-Christian
2551445,Christian,bad,-1,.0885416666666667,.00520833333333333,.697110322931946,.549614387164937,-.238861689283827,.261329469862183,.689451399776722,-.0837568287703029,.335954340271019,-.298233561932475,.0845568489023199,-.122277627240864,0,0,0,0,0,0,0,0,0,0,2,White,3,us,sm,31,f,-.697110322931946,.238861689283827,2,Christian
2551536,Jewish,bad,-1,.078125,0,.452621731684439,1.30982379408139,-.778942883290671,-.437869654770032,-.214102331884256,-.918498200836484,.327834214158387,-.596817446715949,-.368197906112909,.63718113867047,0,0,0,0,0,0,0,0,0,0,2,Black or African American,2,il,be,22,m,-.452621731684439,.778942883290671,-1,Non-Christian
2551542,Christian,bad,-1,.161458333333333,0,.393426550689469,.655010017464301,.937285487567165,.316750980146411,.443536132590891,.164204067449882,.661907351906978,-.269185643386943,.122286854015944,-.515008562535979,0,0,0,0,0,0,0,0,0,0,3,White,2,us,us,56,m,-.393426550689469,-.937285487567165,1,Christian
2551605,Hindu,bad,-1,.481675392670157,.18848167539267,1.03597828921378,-.35357782398538,.135784754253642,.847143850955136,-1.46019140078979,-1.05498432773439,.272728406494013,-.516183451568048,-.549675279682809,.793130324756845,1,1,2,1,-3,-3,1.33333333333333,1.33333333333333,-1,-1.66666666666667,1,White,2,us,us,21,m,-1.03597828921378,-.135784754253642,-2,Non-Christian
2551697,Christian,good,1,.15625,.00520833333333333,.980781889424656,.871295154780563,.511985336501685,-.460772351601693,.419719684168303,.459138088804238,.788020793568968,.0162050952084563,-.340611518952682,-.463614369824742,3,3,3,3,3,0,3,-2,1,-2,2,White,3,us,us,18,f,.980781889424656,.511985336501685,2,Christian
2551851,Christian,good,1,.239583333333333,.00520833333333333,-.106506232855669,1.27376303081812,.64350281994268,.380096177410864,.0232661848141373,-.26065873525447,.603586539301709,-.638172647827817,.169956198360223,-.135370089834116,2,3,3,0,0,0,2.66666666666667,-1,-.666666666666667,-1,2,White,3,us,sm,16,m,-.106506232855669,.64350281994268,0,Christian
2551928,Jewish,bad,-1, , , , , , , , , , , , ,0,0,0,0,0,0,0,0,0,0,2,White,3,us,sm,40,m, , ,-1,Non-Christian
2551952,Christian,bad,-1,.298429319371728,0,-.666537455141717,.367493613264668,-.0289838220934288,.0563933964769469,-.269909620696647,.240036013034037,-.109342554656826,-.0612836655691923,.151007076974006,.0196191432520127,0,0,2,1,2,-1,.666666666666667,-1,1,-.666666666666667,.,White,4,us,us,21,f,.666537455141717,.0289838220934288,0,Christian
2551987,Christian,bad,-1,.119791666666667,0,-.0393136449907833,.0458943673891897,-.880202502744071,.0143921909320095,-.195334320448513,.306114719496327,-.291207260115222,.0819427203917091,-.0472094948419066,.256474034565419,0,0,0,0,0,0,0,0,0,0,2,White,2,au,sm,20,f,.0393136449907833,.880202502744071,-2,Christian
2552027,Christian,bad,-1,.239583333333333,0,.279799062027658,.375947088179749,.0813882808122743,.213814914018104,.0422040276210047,.323803420291244,.24571147700656,-.0886528606355361,-.00792670679618318,-.149131909574841,0,1,2,1,2,1,1,-1.66666666666667,1,-.333333333333333,2,White,2,us,sm,34,f,-.279799062027658,-.0813882808122743,-3,Christian
2552053,Christian,good,1,.161458333333333,0,.687125736989418,.438993146767725,.523123597510982,-.110783655268694,-.574740118982721,.24314276142996,.549747493756042,-.0283555766896905,-.457549837080278,-.0638420799860737,0,0,0,0,0,0,0,0,0,0,1,White,3,us,sm,25,f,.687125736989418,.523123597510982, ,Christian
2552129,Muslim,bad,-1,.00520833333333333,0,1.19513252801193,.315704785842702,.628640607680397,-.654213055192995,.194032073633796,-.704535463578308,.713159307178344,-.122009064742672,-.551771169857044,-.0393790725786287,0,-3,0,-3,0,3,-1,-1,-1,3,.,More than one race - Other,4,ma,de,38,m,-1.19513252801193,-.628640607680397,0,Non-Christian
2552360,Muslim,good,1,.00520833333333333,0,-.2073786111935,-.743989687325445,.281998823908743,-.391747507098941,-.126590444316572,.644029190758665,-.223123158203401,.593255461727684,-.103653113407338,-.266479190116945,2,-3,2,-3,1,3,.333333333333333,-2,-1.33333333333333,3,.,South Asian,3,pk,pk,22,m,-.2073786111935,.281998823908743,0,Non-Christian
2552374,Christian,bad,-1,.114583333333333,0,-.750213570371963,1.0071901984126,1.12417648504022,.450496946835571,.938465958791758,.567302543543144,.460384371026951,-.296794867235009,.713058825333097,-.87664832912504,0,1,1,1,0,0,.666666666666667,-.333333333333333,.333333333333333,-.666666666666667,2,White,3,ca,ca,58,f,.750213570371963,-1.12417648504022,-2,Christian
2552443,Christian,bad,-1,.171875,0,.19078801347016,.455319846217149,.244684106080562,.814543069403601,.229262887620943,-.442712937428758,.296930655255957,-.570858617683169,.284339314518128,-.0104113520909156,-1,1,1,3,3,-1,.333333333333333,-1,2.33333333333333,-1.66666666666667,2,White,3,us,sm,29,m,-.19078801347016,-.244684106080562,0,Christian
2552622,Christian,good,1,.114583333333333,0,1.09696204549875,1.20374137818645,.502640398192935,.228765515433915,-.124125207825087,.241824144101342,.934447940626044,-.396894249839673,-.330773912629974,-.206779778156397,3,3,3,2,2,-1,3,-1.33333333333333,.333333333333333,-2,1,White,2,es,us,50,f,1.09696204549875,.502640398192935,-1,Christian
2552705,Christian,good,1,.0520833333333333,0,.230221217021786,.221605849433962,.980613418516884,.347522978761215,-.0479942213302782,-.202926328997971,.477480161657544,-.257351719064383,.0231025134697168,-.243230956062878,0,0,0,0,0,0,0,0,0,0,2,White,1,ca,ca,46,f,.230221217021786,.980613418516884,-2,Christian
2552963,Hindu,bad,-1,.0260416666666667,0,.608731361849124,.300611099692357,-.38394668006314,.177912104314391,-.446945516378998,.138884651405476,.175131927159447,-.113212850867091,-.292588257971244,.230669181678887,3,3,-3,3,-3,-3,1,3,-1,-3,2,South Asian,3,ca,ca,42,f,-.608731361849124,.38394668006314,1,Non-Christian
2553097,Jewish,good,1,.0572916666666667,0,.260399573241783,-.458103136917475,.848725598433424,.339661111516956,.898724120887903,-.400776824282034,.217007344919244,-.0941115996271717,.325995219721026,-.448890965013098,0,0,0,0,0,0,0,0,0,0,2,White,1,us,us,27,f,.260399573241783,.848725598433424,0,Non-Christian
2553216,Hindu,good,1,.09375,0,-.223480057789686,.735610083334011,-.900325360584364,.58485378285372,.183233376420583,-.41589818530543,-.129398445013346,-.57878735049772,.330522405687997,.37766338982307,0,1,-3,0,-2,-2,-.666666666666667,2.33333333333333,-.666666666666667,-1,2,South Asian,2,us,us,18,m,-.223480057789686,-.900325360584364,-1,Non-Christian
2553349,Muslim,good,1,.03125,0,-.447593510728307,-.305490842787149,-.237223220335298,-.488837115330315,.598238280210441,-.484027914987578,-.330102524616918,.103433347709962,.185664891869477,.0410042850374784,-3,-3,3,-2,0,3,-1,-2,.333333333333333,2.66666666666667,2,Other or Unknown,4,us,sm,19,f,-.447593510728307,-.237223220335298,0,Non-Christian
2553384,Hindu,good,1,.0572916666666667,0,-.524088395963518,-.121275754051614,.254135783260104,.682961481638549,-.782673611049269,-.54937655926878,-.130409455585009,-.370354095618572,.141458755517599,.359304795685982,0,1,0,1,0,-1,.333333333333333,.333333333333333,.333333333333333,-1,2,South Asian,1,in,sm,32,m,-.524088395963518,.254135783260104,0,Non-Christian
2553590,Muslim,good,1,.0833333333333333,0, , , , , ,.0977389066216457, , , , , , , , , , , , , , ,2,White,3,ca,ca,25,f, , ,-2,Non-Christian
2553622,Christian,bad,-1, , , , , , , , , , , , ,3,3,3,0,2,0,3,-1.66666666666667,-.333333333333333,-1,3,Other or Unknown,3,us,us,46,f, , ,-3,Christian
2553684,Christian,good,1,.0364583333333333,0,.0636212617630592,.191662707128541,.465140049712637,-.209433087534526,.86218257296163,.157661703390193,.240141339534746,.0584773612653925,.196376074554682,-.49499477535482,0,0,0,0,0,0,0,0,0,0,.,White,1,ca,ca,45,f,.0636212617630592,.465140049712637,-3,Christian
2553801,Muslim,good,1,.05625,0, ,-.665850566836605,-.106106005589646,-.936542249707418,-.300761298813169, , , , , ,3,-2,2,-3,0,3,1,-1.66666666666667,-2,2.66666666666667,2,White,3,eg,eg,26,f, ,-.106106005589646,0,Non-Christian
2553820,Christian,good,1,.0833333333333333,0,-.124578656460072,.978029951869792,.149144458389688,.355280549485084,.0543017067012982,-.274310887707567,.334198584599803,-.535873796354148,.178053637548818,.0236215742055271,0,0,0,0,0,0,0,0,0,0,2,White,4,us,us,53,m,-.124578656460072,.149144458389688,3,Christian
2553895,Jewish,good,1,.0625,0,-1.02252445399661,.0431003938899798,.0144597081494719,.351625630891271,.444559909729783,.23593953903062,-.321654783985721,-.0529288285835438,.606236664872556,-.231653052303291,0,0,0,0,0,0,0,0,0,0,3,White,1,us,sm,59,f,-1.02252445399661,.0144597081494719,-3,Non-Christian
2553937,Hindu,bad,-1,.468421052631579,.405263157894737,-1.16773201576125,.353553390593274,-.453191244138542,.465538939610434,.0511562269334034,.778435928142329,-.422456623102173,-.0135521340204595,.56147572743503,-.125466970312397, , , , , , , , , , ,3,Other or Unknown,3,tt,tt,46,m,1.16773201576125,.453191244138542,0,Non-Christian
2554018,Christian,good,1,.135416666666667,0,.472877120805806,.461477098404841,.853261409854614,-.237639769409169,.442826036453428,-.258452117554101,.595871876355087,-.160763148849924,-.0892302845871826,-.34587844291798,0,3,1,3,0,-3,1.33333333333333,.666666666666667,1,-3,2,White,4,us,sm,54,f,.472877120805806,.853261409854614,0,Christian
2554082,Hindu,good,1,.0625,0,.243655295966726,-.345546532800289,.281561272964972,.272045949852935,-.38247768309123,-.736665705265249,.059890012043803,-.221055040772632,-.118029009735007,.279194038463836,1,-1,-2,-1,-3,-3,-.666666666666667,2.66666666666667,-1.66666666666667,-.333333333333333,2,White,3,fr,fr,36,f,.243655295966726,.281561272964972,-2,Non-Christian
2554135,Christian,good,1,.204188481675393,0,.735626373614934,1.04730139347523,.943323189049507,.232769425521113,.346410320970166,-.243271984963044,.908750318713223,-.507780934653128,-.0521488757078851,-.34882050835221, , , , , , , , , , ,2,Black or African American, ,us,sm,36,f,.735626373614934,.943323189049507, ,Christian
2554254,Christian,bad,-1,.0178571428571429,0,.00402423509635159,.84343573963546,.85804459712882,-.953613123928159,.910001266299722,.46132548489694,.568501523953544,.190500956396546,-.0158786975749296,-.743123782775161,1,0,1,0,0,0,.666666666666667,-.333333333333333,-.333333333333333,0,2,Black or African American,2,us,us,27,f,-.00402423509635159,-.85804459712882,-2,Christian
2554320,Jewish,good,1,.0520833333333333,0,-.105841228499062,.998469586661756,.0102324080579386,1.11071896652881,.485338827923629,-1.21242319191988,.300953588740211,-1.10720391503681,.567299674317167,.238950651979437,-3,3,2,3,3,-2,.666666666666667,-1,3,-2.66666666666667,2,White,2,us,us,29,m,-.105841228499062,.0102324080579386,1,Non-Christian
2554408,Christian,good,1, , , , , , , , , , , , ,0,0,0,0,0,0,0,0,0,0,2,White,3,us,sm,40,f, , ,1,Christian
2554430,Christian,good,1,.0729166666666667,.00520833333333333,.863193429482336,1.02317927103368,.161831585611,.13935894800462,.966761871480286,.359561042669453,.682734762042339,-.267659058789617,.0809757966675235,-.496051499920246,0,0,3,0,0,0,1,-1,0,0,2,White,4,us,us,21,m,.863193429482336,.161831585611,2,Christian
2554443,Hindu,bad,-1,.135416666666667,0,.317481883777585,.249027848385916,.113631969879051,-.0426761522619327,.200156603261207,.0587313939067235,.226713900680851,-.0492067674057531,-.0533338109261036,-.124173322348994,0,0,0,0,0,0,0,0,0,0,2,South Asian,2,us,us,27,m,-.317481883777585,-.113631969879051,-1,Non-Christian
2554478,Jewish,good,1,.109375,.0208333333333333,-.0510670754892926,.660526002225038,.0914427302325985,.757561193813757,.981696853654362,.21235192326012,.233633885656115,-.401911757592892,.596775040985804,-.428497169049026,-1,2,2,3,3,-1,1,-1.33333333333333,2.33333333333333,-2,2,White,2,il,us,18,f,-.0510670754892926,.0914427302325985,-1,Non-Christian
2554571,Christian,bad,-1, , , , , , , , , , , , ,0,0,0,0,0,0,0,0,0,0,.,White,2,us,us,20,f, , ,0,Christian
2554580,Jewish,good,1,.0572916666666667,0,-.430610447895926,.492122146585803,.831073719118477,.565332173989039,.735598734903331,.0656597819660499,.297528472602785,-.330598179536264,.577180452262765,-.544110745329286,-3,0,0,3,2,0,-1,-.666666666666667,2.66666666666667,-1,2,White,2,us,us,61,f,-.430610447895926,.831073719118477,-2,Non-Christian
2554733,Christian,bad,-1,.354166666666667,0, , , , , ,.208024582600427, , , , , , , , , , , , , , ,2,White, ,us,us,18,f, , , ,Christian
2555080,Christian,bad,-1,.0416666666666667,0,.906502077528847,-.351300612695808,.00637783477390469,.389543119818461,-.26276280677102,.358842524643631,.187193099868981,.106866672506993,-.259907254827135,-.0341525175488387,0,0,0,0,0,0,0,0,0,0,1,White,3,uk,uk,28,f,-.906502077528847,-.00637783477390469,-2,Christian
2555231,Christian,bad,-1,.1875,0,.396325870664078,.559578939094503,.348938230198189,-1.01526218648572,.0134258019287536,.371019426138917,.43494767998559,.275567557843378,-.466054085073682,-.244461152755287, , , , , , , , , , ,2,White,2,uk,uk,50,m,-.396325870664078,-.348938230198189,0,Christian
2555378,Hindu,good,1,.145833333333333,0,.176107195738901,-.758206703997635,-.0553813236346451,-.371031744775464,.0645416099409967,-.573157530966079,-.212493610631126,.185360305935673,-.160865776857789,.187999081553242,0,0,0,0,0,0,0,0,0,0,2,South Asian,2,in,uk,23,f,.176107195738901,-.0553813236346451,0,Non-Christian
2555606,Christian,good,1,.0833333333333333,0,.0247800702058426,.784729314240853,.899959888814437,.476307976844827,-.32171488805843,.0349970275702721,.569823091087044,-.408680087838469,.0432710061935183,-.204414009442093,1,3,2,3,2,-1,2,-1,1.33333333333333,-2.33333333333333,.,White,4,us,sm,19,f,.0247800702058426,.899959888814437,3,Christian
2555735,Christian,bad,-1,.322916666666667,.0104166666666667,-.330108686151501,.266388131786942,.230623930600633,.0827323721888138,.230114880786424,-.355650418372505,.0556344587453581,-.234923640782754,.21431864637558,-.0350294643381838,-3,-3,-3,3,3,-3,-3,1,3,-1,.,Black or African American,2,us,.,21,f,.330108686151501,-.230623930600633,0,Christian
2555776,Christian,good,1,.0729166666666667,0,.334995933112765,.29939541880352,1.27785183916294,-.22288290291748,-.102701121280598,.247882609569218,.637414397026407,.0571233645610593,-.220193319103614,-.474344442483852,0,3,3,3,0,-1,2,-.666666666666667,1,-2.33333333333333,2,White,3,us,sm,40,f,.334995933112765,1.27785183916294,0,Christian
2555915,Christian,bad,-1,.135416666666667,.0104166666666667,.184673814768194,.277256729464423,.160984306596494,.0800297353340523,.365986773539263,-.428643389830988,.207638283609704,-.261976618209821,.0871142313683736,-.0327758967682563,0,0,3,0,1,0,1,-1.33333333333333,.333333333333333,0,2,White,2,us,us,20,m,-.184673814768194,-.160984306596494,0,Christian
2555948,Christian,good,1,.0144927536231884,0,-.11385169062406,.240111272343551,.639962674297698,-.208205219637008,-.268502324201096,-.242365407372395,.255407418672396,-.0914238200263127,-.120951951071348,-.0430316475747359,0,0,0,0,0,0,0,0,0,0,2,White,4,us,us,45,f,-.11385169062406,.639962674297698,-2,Christian
2555992,Christian,bad,-1,.333333333333333,.515625,-.0713504630530799,.511314223050986,-1.36822958448405,-.353553390593274,.766012249103626,1.68488528903233,-.309421941495382,.509041485524873,.161269773854477,-.360889317883968,3,3,3,-2,3,-2,3,-1.33333333333333,-.666666666666667,-1,.,Black or African American,4,uk,de,38,m,.0713504630530799,1.36822958448405,-2,Christian
2556053,Christian,bad,-1,.0104166666666667,0,.22579330600791,.508737124859042,.905152867473871,.693258167718649,-.819659287210181,-.695500705607903,.546561099446941,-.632498666061865,-.117398141833147,.203335708448071,0,3,2,3,3,0,1.66666666666667,-1.66666666666667,2,-2,2,White,2,us,sm,44,f,-.22579330600791,-.905152867473871,1,Christian
2556065,Hindu,good,1, , , , , , , , , , , , ,1,0,-1,1,-1,-1,0,1,-.333333333333333,-.666666666666667,2,South Asian,1,in,us,24,f, , ,-1,Non-Christian
2556098,Hindu,bad,-1,.452229299363057,.0127388535031847,-.275145026829966,.267355857339335,.802450340367714, , ,-.340467769116521,.264887056959027, , , ,-1,2,-3,1,-1,0,-.666666666666667,1.33333333333333,.333333333333333,-1,.,South Asian,3,us,us,20,f,.275145026829966,-.802450340367714,0,Non-Christian
2556121,Hindu,good,1,.0572916666666667,0,.145908337239662,-.048148390118007,.0098199238658243,-1.03255404875709,-.855683824000091,.262279258669139,.0358599569958263,.447660565848078,-.678048736665613,.194528213821709,0,0,0,0,0,0,0,0,0,0,2,East Asian,4,us,us,44,f,.145908337239662,.0098199238658243,0,Non-Christian
2556324,Christian,bad,-1, , , , , , , , , , , , ,1,2,3,0,1,0,2,-1.33333333333333,0,-.666666666666667,2,White,2,us,us,23,f, , ,0,Christian
2556460,Christian,bad,-1,.151832460732984,0,.153054515114846,.357398746559242,-.000300071666446414,-.80439611487832,.0135238072319661,.148927203278726,.17005106333588,.198641523865935,-.314642274253733,-.054050312948082,3,3,3,3,3,3,3,-3,1,-1,2,Black or African American,3,us,sm,34,f,-.153054515114846,.000300071666446414,0,Christian
2556630,Christian,bad,-1, , , , , , , , , , , , ,0,1,0,2,0,-1,.333333333333333,.333333333333333,.666666666666667,-1.33333333333333,2,Black or African American,4,ke,us,33,f, , ,3,Christian
2556695,Jewish,bad,-1,.140625,0,.58639319264349,.990695967610396,.886287476652889,-.306487018686663,-.304370819369634,.0747612628170274,.821125545635591,-.203149228702235,-.399083676899929,-.218892640033427,0,0,0,0,0,0,0,0,0,0,.,White,3,us,sm,18,f,-.58639319264349,-.886287476652889,-1,Non-Christian
2556704,Christian,bad,-1,.197916666666667,0,-.36417612946322,.772531304252364,-.401613725540057,.27614337713332,.137925278749783,.289683768647532,.0022471497496954,-.252996970912717,.259414928448775,-.00866510728575274,1,1,1,-1,1,0,1,-.666666666666667,-.333333333333333,0,3,White,2,us,us,33,m,.36417612946322,.401613725540057,-2,Christian
2556733,Muslim,bad,-1,.197916666666667,0,.160512439728679,-.436640880405322,.886019909115917,-.306227834377013,.800376153011918,.787203164989629,.203297156146425,.510023959923988,.111211959635409,-.824533075705821,1,-1,0,-1,-1,1,0,0,-1,1,.,South Asian,3,us,sm,32,f,-.160512439728679,-.886019909115917,-2,Non-Christian
2557054,Christian,good,1,.0729166666666667,0,.0333721593070701,1.63744266064559,.684708401566606,.35086074966341,-.120027846474298,-.588306189083215,.785174407173088,-.858869866464071,.0658202479606804,.00787521133030241,3,3,3,0,0,0,3,-1,-1,-1,2,White,4,us,sm,37,f,.0333721593070701,.684708401566606,2,Christian
2557078,Hindu,good,1,.135416666666667,0,1.39322810492042,.408898459735316,-.242387030931609,.0913033134439975,-.873716111703504,-.0510957737587369,.519913177908043,-.18376584897935,-.725213634393309,.389066305464616,0,0,0,0,0,0,0,0,0,0,.,South Asian,2,in,in,25,f,1.39322810492042,-.242387030931609,0,Non-Christian
2557155,Hindu,good,1,.03125,0,.609161279847048,-.243569353318144,-.811215583775387,.364502316534992,-1.31836636898776,-.546502051500707,-.148541219082161,-.222478338239185,-.52100844409994,.892028001421286,0,0,-1,0,-1,-1,-.333333333333333,1,-.333333333333333,-.333333333333333,2,Other or Unknown,2,in,us,36,m,.609161279847048,-.811215583775387,-2,Non-Christian
2557180,Hindu,bad,-1,.0625,0, , , , , , , , , , ,0,-1,0,1,0,-1,-.333333333333333,.333333333333333,.333333333333333,-.333333333333333,2,Other or Unknown,1,in,us,18,f, , ,-2,Non-Christian
2557241,Muslim,good,1,.5,.989583333333333, ,-.353553390593273, ,-.353553390593282, , , , , , ,3,-3,1,-3,-3,3,.333333333333333,-.333333333333333,-3,3,2,White,2,us,sm,18,f, , ,0,Non-Christian
2557372,Muslim,good,1,.119791666666667,0,.151365384252101,-.687723207299302,.175636919692734,-.629336992795903,-.450598766824251,.25311166443326,-.120240301118156,.523390621509489,-.410433714624085,.00728339423275215,0,0,0,0,0,0,0,0,0,0,2,South Asian,3,pk,pk,17,f,.151365384252101,.175636919692734,0,Non-Christian
2557395,Christian,bad,-1, , , , , , , , , , , , ,0,2,0,2,0,-2,.666666666666667,.666666666666667,.666666666666667,-2,3,White,1,de,de,29,f, , ,0,Christian
2557695,Christian,bad,-1, , , , , , , , , , , , ,0,1,1,0,0,0,.666666666666667,-.333333333333333,0,-.333333333333333,.,White,3,uk,uk,54,f, , ,-2,Christian
2557731,Christian,bad,-1,.223958333333333,.03125,-.0262602810116874,-.140280341376683,-.190615899480414,.958313931057104,-.118045153007952,-.433436377276999,-.119052173956261,-.417156655652473,.288843019686947,.247365809921788,1,1,1,0,0,0,1,-.333333333333333,-.333333333333333,-.333333333333333,2,Black or African American, ,us,sm,22,f,.0262602810116874,.190615899480414, ,Christian
2557736,Hindu,good,1,.145833333333333,0,.333007421912742,-.506459944081748,-.170234744038988,-.416965942293717,-.784326667191382,-.225002602498547,-.114562422069331,.232807761292306,-.51143334379928,.393188004576306,0,0,0,0,0,0,0,0,0,0,2,South Asian,4,in,us,44,m,.333007421912742,-.170234744038988,0,Non-Christian
2557765,Hindu,bad,-1,.1875,0, , , , , , , , , , ,2,3,-2,0,-3,-3,1,2.66666666666667,-1.66666666666667,-2,2,South Asian,3,uk,uk,44,m, , ,-2,Non-Christian
2557923,Jewish,bad,-1,0,.817708333333333,.43244127012176,-.0662202982179639,-.1921025129246,.41443610997194,.49634371192447,-.605111056411446,.0580394863263986,-.317775622721808,.159446183924883,.100289952470526,0,0,0,0,0,0,0,0,0,0,2,White,2,us,sm,28,m,-.43244127012176,.1921025129246,-2,Non-Christian
2558012,Hindu,good,1,.1875,0,-.214285500200776,.708633506660439,-.504993470995009,.760318547683723,.37783925697992,-1.03593150663661,-.0035484881784487,-.83496118699359,.450814434954807,.387695240217233, , , , , , , , , , ,.,., ,in,uk,33,m,-.214285500200776,-.504993470995009,0,Non-Christian
2558307,Christian,good,1,.0208333333333333,0,.853513832986623,.607954032350541,.60410952166333,.237338640506606,.21766616155115,-.317581712892564,.688525795666831,-.387624795249904,-.132836343642956,-.168064656773972,1,3,1,3,0,-3,1.66666666666667,.666666666666667,.666666666666667,-3,2,White,2,us,us,26,m,.853513832986623,.60410952166333,2,Christian
2558360,Christian,bad,-1,.375,0, , , , , , , , , , ,0,0,0,0,0,0,0,0,0,0,2,Black or African American,3,lr,us,30,f, , ,-2,Christian
2558687,Christian,good,1,.109375,0,.525817471272917,.150963372705395,.641335439043718,-.634670231498813,.389523194728191,.288905613450663,.439372094340676,.257537490748027,-.256988169347846,-.439921415740857,0,0,0,0,0,0,0,0,0,0,1,Other or Unknown,3,us,sm,18,m,.525817471272917,.641335439043718,0,Christian
2558819,Jewish,bad,-1,.0572916666666667,0,-.454738384309697,.321092443202454,-.334914141639006,.222496255568701,.138635672216598,.254568299282327,-.15618669424875,-.0963401331629425,.271956770698332,-.0194299432866396,-1,0,-1,0,1,0,-.666666666666667,0,.666666666666667,0,2,White,1,us,sm,40,f,.454738384309697,.334914141639006,-3,Non-Christian
2559064,Muslim,bad,-1,.213541666666667,.00520833333333333,.418086937837309, ,-.145925329551459, ,-.406861671395535, , , , , ,0,-2,0,-2,0,2,-.666666666666667,-.666666666666667,-.666666666666667,2,2,White,2,us,us,18,f,-.418086937837309,.145925329551459,-1,Non-Christian
2559139,Christian,bad,-1,.421875,.0729166666666667,.483558946023118,.268530010658711,.927831806148277,.190090051652592,-.600687397653685,-.500946783158549,.559973587610036,-.319855615156618,-.298052097341403,.0579341248879857,0,0,0,0,0,0,0,0,0,0,2,More than one race - Other,2,us,us,37,f,-.483558946023118,-.927831806148277,0,Christian
2559222,Christian,good,1,.28125,0,.462202015996415,.0365513632623111,1.01282049902717,-.21325006842149,-.389866170766371,-.0964235718034089,.503857959428633,.0267583777852567,-.355106085061425,-.175510252152464, , , , , , , , , , ,2,White,2,us,us,19,m,.462202015996415,1.01282049902717,-2,Christian
2559343,Jewish,bad,-1,.00520833333333333,0,-.131761723459435,-.507071935201515,-.0978794275970427,-.398049956833097,-.0931602084958627,-.852852461612214,-.245571028752664,.0174231434741326,-.119816147289842,.347964032568373,0,1,1,2,1,0,.666666666666667,-.666666666666667,1,-1,3,White,1,us,sm,19,m,.131761723459435,.0978794275970427,0,Non-Christian
2559400,Christian,good,1,.229166666666667,.015625,1.19231579566687,.883365366515455,1.03139649501074,.44014963262665,-.385778054566124,-.210806924111852,1.03569255239769,-.511440641084653,-.379314739202113,-.144937172110923,-3,3,3, , , ,1, , , ,2,Black or African American,4,us,sm,25,f,1.19231579566687,1.03139649501074,0,Christian
2559449,Christian,bad,-1,.203125,.015625,-.197292790197719,.376427839125695,.460751501574625,.0883301831723176,.329190649030157,-.0212819873896755,.213295516834201,-.162013336562563,.204937874133398,-.256220054405036,0,0,0,0,0,0,0,0,0,0,2,White,2,us,sm,18,f,.197292790197719,-.460751501574625, ,Christian
2559489,Christian,bad,-1,.359375,.00520833333333333,.596242337731457,.390180245537888,1.14290348051703,-.0507198751801754,-.299795413600549,.291669433118298,.709775354595458,-.015930312413138,-.31558587550406,-.37825916667826,1,3,3,3,3,0,2.33333333333333,-2,1.66666666666667,-2,2,More than one race - Other,3,us,us,18,f,-.596242337731457,-1.14290348051703,0,Christian
2559564,Jewish,bad,-1,.328125,.135416666666667,-.498415211414259,1.01864516804908,1.05203723057623,.533692453544159,.508956344695062,.0106537782141679,.524089062403682,-.513894614459689,.513688003217827,-.52388245116182,0,0,0,0,0,0,0,0,0,0,2,White,2,us,us,19,f,.498415211414259,-1.05203723057623,0,Non-Christian
2559583,Christian,good,1,.229166666666667,.00520833333333333,.484838499341528,.638887577891203,1.01988952589274,-.482703224931378,-.824994181470802,.115044147983882,.714538534375157,-.0137134016586477,-.597511968581236,-.103313164135274,1,1,1,0,0,0,1,-.333333333333333,-.333333333333333,-.333333333333333,2,White,3,us,us,18,f,.484838499341528,1.01988952589274,2,Christian
2559608,Christian,good,1,.125,.00520833333333333,.900064504796403,.577261415757121,.754449462752914,.22215387549235,-.00238736051261291,.577559133158596,.743925127768813,-.0739520526969585,-.226765996605555,-.443207078466299,2,2,2,0,-1,-1,2,0,-1,-1,1,Other or Unknown,4,ve,ve,23,m,.900064504796403,.754449462752914,1,Christian
2559704,Christian,bad,-1,.151041666666667,0,-.216520349295045,.215938746724067,-.180139225767722,-.00135264252940657,.100933408033863,.23492648243791,-.0602402761128999,.00678012608108323,.105367038266501,-.0519068882346839,1,2,2,0,0,0,1.66666666666667,-.666666666666667,-.333333333333333,-.666666666666667,2,White,3,us,us,19,m,.216520349295045,.180139225767722,2,Christian
2559763,Jewish,bad,-1,.0416666666666667,0,.498981071436316,.693730505023168,-.511527887492535,-.304336800444589,-.0832867788210507,.349244144739938,.22706122965565,-.0133831866128803,-.295534883567319,.0818568405245492,0,0,0,0,0,0,0,0,0,0,2,More than one race - Other,2,us,us,19,f,-.498981071436316,.511527887492535,-2,Non-Christian
2559826,Christian,good,1,.0625,0,.542426723487796,.524255032836441,.907669708056003,-.0871912849625953,.839171859673068,-.232576380308692,.658117154793413,-.223213376060846,.0698512837408923,-.50475506247346,0,0,0,0,0,0,0,0,0,0,2,White,2,us,us,46,f,.542426723487796,.907669708056003,3,Christian
2559853,Muslim,bad,-1,.208333333333333,.00520833333333333,-.781075123880866,.458964452765162,.393635211849971,.264791180620875,-.468609406032763,-.814856498529242,.023841513578089,-.512870710638427,.192418966156326,.296610230904012,2,-3,0,-3,-1,3,-.333333333333333,-.666666666666667,-2,3,2,White,4,us,us,18,f,.781075123880866,-.393635211849971,0,Non-Christian
2559919,Christian,bad,-1,.4375,.140625,.402300126028798,.0706683858668131,.335606036317754,.641150609569005,.565530658338334,.284318593815293,.269524849404455,-.142500133873508,.268127047292847,-.395151762823794,0,0,0,0,0,0,0,0,0,0,2,White,3,us,us,19,f,-.402300126028798,-.335606036317754,0,Christian
2560240,Hindu,bad,-1, , , , , , , , , , , , ,0,0,0,0,0,0,0,0,0,0,2,South Asian,2,uk,uk,34,f, , ,0,Non-Christian
2560259,Christian,bad,-1, , , , , , , , , , , , ,1,3,3, ,0, ,2.33333333333333, , , ,2,White,4,us,sm,47,f, , ,0,Christian
2560268,Hindu,good,1,.0625,.00520833333333333,-.147692030181125,.391090522503992,-.281139376199849,-.585482105379001,-.771177004236946,-.316653196834667,-.0125802946256606,-.0407538713198857,-.402989026478274,.45632319242382,0,0,0,0,0,0,0,0,0,0,2,South Asian,2,in,in,28,f,-.147692030181125,-.281139376199849,0,Non-Christian
2560395,Muslim,good,1,.078125,0,.625155568154635,-.455007674136315,.233042407990875,-.685139646344753,-.0440731298941353,1.17259227109542,.134396767336398,.770913197192163,-.451456114797841,-.453853849730721, , , , , , , , , , ,2,Other or Unknown,3,us,us,17,f,.625155568154635,.233042407990875,-2,Non-Christian
2560453,Christian,bad,-1,.015625,0,.581077636693305,.936997508518063,.54902220071878,.147335039725924,.0701205457899771,.067013135399293,.689032448643383,-.339106470948231,-.121207350392468,-.228718627302683,0,0,0,0,0,0,0,0,0,0,2,White,2,us,us,52,f,-.581077636693305,-.54902220071878,-3,Christian
2560465,Christian,good,1,.104166666666667,0,.715380532468191,-.538674023424689,.180597561971684,.158418916132342,.146886621012302,.71516346278344,.119101357005062,.365139523358596,-.136691665107849,-.347549215255809,0,3,2,1,1,0,1.66666666666667,-1,.666666666666667,-1.33333333333333,2,White,3,us,sm,34,f,.715380532468191,.180597561971684,0,Christian
2560474,Jewish,good,1,.375,0, , , , , , , , , , , , , , , , , , , , ,2,White,2,us,us,19,m, , ,0,Non-Christian
2560606,Christian,good,1,.479166666666667,.90625,1.30414467009603,-.353553390593273, , , ,-.447272841142333, , , , ,3,3,3,3,3,0,3,-2,1,-2,3,Black or African American,3,us,us,20,.,1.30414467009603, ,0,Christian
2560619,Christian,bad,-1, , , , , , , , , , , , ,0,0,0,0,0,0,0,0,0,0,.,White,2,us,sm,19,f, , , ,Christian
2560647,Christian,good,1,.21875,.00520833333333333,.446470069281183,.900511599117873,.960178622644728,.0822934803282064,.538621869769441,.204413708324403,.769053430347928,-.259463790373892,.0581484269388215,-.567738066912857,0,0,0,0,0,0,0,0,0,0,1,Other or Unknown,2,us,us,25,f,.446470069281183,.960178622644728,0,Christian
2560738,Christian,bad,-1,.40625,.0416666666666667,.469124372609712, ,.733567017570568, ,.295170524248109, , , , , ,0,0,0,0,0,0,0,0,0,0,1,Other or Unknown,3,us,do,18,f,-.469124372609712,-.733567017570568,1,Christian
2560767,Christian,good,1,.06282722513089,0,.378718809344239,.155784695584506,-.247429215710249,.171990098132908,.211199057625083,-.605861687835164,.0956914297394986,-.311212160517526,.00149011547125072,.214030615306777,0,0,0,0,0,0,0,0,0,0,2,White,2,us,sm,19,f,.378718809344239,-.247429215710249,0,Christian
2560884,Christian,bad,-1,.0416666666666667,0,.548158114067073,.775802939095475,-.116402029849996,.625986640272301,.09794065810463,.734251534174322,.402519674437517,-.222512681731151,.0585897281032862,-.238596720809652,0,1,0,1,0,-1,.333333333333333,.333333333333333,.333333333333333,-1,2,White,2,us,us,50,m,-.548158114067073,.116402029849996,-3,Christian
2561077,Christian,bad,-1,.0416666666666667,0,-.396081853719061,.653668294092402,.0833106986666765,-.100055815465079,-.00469536288502258,-.504167408824917,.113632379680006,-.352593295817413,.0971102251229862,.141850691014421,0,0,0,0,0,0,0,0,0,0,2,White,3,us,us,35,f,.396081853719061,-.0833106986666765,0,Christian
2561080,Muslim,bad,-1, , , , , , , , , , , , ,2,-3,2,-3, ,3,.333333333333333, , ,3,3,White,3,eg,eg,29,m, , ,0,Non-Christian
2561198,Christian,good,1,.03125,0,.814613153473391,-.0906904783145679,.306002339927656,.0285168798758907,-1.30487985402276,.542613830527563,.343308338362159,.201595809655413,-.696992042540086,.152087894522514,0,0,0,0,0,0,0,0,0,0,2,White,2,us,us,21,f,.814613153473391,.306002339927656,0,Christian
2561262,Christian,good,1,.0208333333333333,0,.317588638122476,.204261671037062,.4833895329496,-.291021232823745,-.280903961566755,.547817576402832,.335079947369713,.211525712729838,-.296504610837659,-.250101049261893, , , , , , , , , , ,2,White,2,us,us,45,f,.317588638122476,.4833895329496,1,Christian
2561376,Muslim,good,1,.0364583333333333,0,-.316542248073055,-.141672315477926,.309090372989931,-.185696069543038,.312082121506667,.0895946931761398,-.04970806352035,.138987692732368,.147642766678895,-.236922395890913,0,0,0,0,0,0,0,0,0,0,2,South Asian,2,us,us,35,m,-.316542248073055,.309090372989931,-1,Non-Christian
2561380,Jewish,good,1, , , , , , , , , , , , ,-2,0,0,0,0,0,-.666666666666667,0,.666666666666667,0,2,White,2,us,sm,19,f, , ,-3,Non-Christian
2561530,Hindu,bad,-1,.09375,0,1.0389892898114,.847700314546814,.223393323210607,.0198489595933781,-.880093072043155,-.277760497713772,.703360975856274,-.381769923951321,-.633077800753726,.311486748848773,2,2,1,1,-2,-3,1.66666666666667,1.33333333333333,-1,-2,2,South Asian,2,in,us,18,f,-1.0389892898114,-.223393323210607,0,Non-Christian
2561613,Hindu,bad,-1,.145833333333333,0,-.00349448063699794,.206142354920988,.398938866860943,.274357766826698,-.448276859743808,-.625774453703199,.200528913714978,-.368758191816962,-.0568082040933706,.225037482195355,-2,2,-3,2,-2,-2,-1,2.33333333333333,.666666666666667,-2,2,South Asian,4,in,us,27,f,.00349448063699794,-.398938866860943,0,Non-Christian
2561687,Christian,bad,-1,.166666666666667,0,-.322367194367825, ,-.360006637502707, ,.284419076095787, , , , , ,1,3,3,3,3,-1,2.33333333333333,-1.66666666666667,1.66666666666667,-2.33333333333333,2,White,2,us,us,18,f,.322367194367825,.360006637502707,1,Christian
2561807,Jewish,bad,-1, , , , , , , , , , , , ,-2,1,1,2,2,0,0,-1,2,-1,2,White,2,us,sm,17,f, , ,-3,Non-Christian
2562118,Jewish,good,1,.0833333333333333,0,-.744562965591068,.910267942685851,.523428228306,.371511482444668,.0920648869493811,-.129801191890065,.229711068466928,-.470526872340195,.402713111661706,-.161897307788439,-1,1,1,1,1,0,.333333333333333,-.666666666666667,1,-.666666666666667,2,More than one race - Black/White,4,uk,us,14,f,-.744562965591068,.523428228306,1,Non-Christian
2562180,Christian,bad,-1,.0416666666666667,0,1.00462804507371,1.00590785928054,.856239855911488,.573864230353387,.440850623787704,.195180525522206,.955591920088581,-.461530521370575,.00336226968912712,-.497423668407133,2,3,3,1,1,0,2.66666666666667,-1.33333333333333,0,-1.33333333333333,2,White,3,us,sm,20,f,-1.00462804507371,-.856239855911488,2,Christian
2562331,Christian,bad,-1, , , , , , , , , , , , ,0,0,0,0,0,0,0,0,0,0,2,White,3,us,us,19,f, , ,2,Christian
2562422,Christian,bad,-1,.151041666666667,0,-.558366960646337,1.22829034960962,.905057738382438,.145148867639445,.137804272875528,.201818161971139,.524993709115241,-.390540351759309,.280440033720437,-.414893391076368,0,0,0,0,0,0,0,0,0,0,2,White,2,us,us,19,m,.558366960646337,-.905057738382438,1,Christian
2562698,Muslim,good,1,.0625,0,.521279882038141,-1.07662669793967,.302629350974748,-.66610223439056,-.193590605036438,1.05048033903424,-.0842391549755949,.931069757121492,-.46032424048838,-.386506361657517,2,-3,3,-3,1,3,.666666666666667,-2.33333333333333,-1.33333333333333,3,2,South Asian,3,pk,us,30,m,.521279882038141,.302629350974748,-2,Non-Christian
2562725,Christian,good,1,.171875,0,1.15161394535752,.874137921461606,.269561431755166,.554937568560057,-.0780031840711923,-.179927319425334,.765104432858097,-.536334269815666,-.224893186956218,-.00387697608621299,-3,3,3,3,3,-3,1,-1,3,-3,3,Native Hawaiian or other Pacific Islander,3,ph,us,36,f,1.15161394535752,.269561431755166,0,Christian
2562738,Christian,good,1,.0582010582010582,0,-.762543701364657,1.01846057469399,1.00438057645467,1.09004562453605,.0270204875825918,.30183694483378,.420099149928,-.602223084798754,.626536604494434,-.44441266962368,1,1,1,1,1,0,1,-.666666666666667,.333333333333333,-.666666666666667,3,White,1,us,sm,27,f,-.762543701364657,1.00438057645467,1,Christian
2562797,Christian,bad,-1,.119791666666667,0,.108477964188377, ,.758788959437257, ,.203434842984313, , , , , ,1,1,1,0,0,0,1,-.333333333333333,-.333333333333333,-.333333333333333,2,White,3,us,sm,20,f,-.108477964188377,-.758788959437257,0,Christian
2562991,Christian,bad,-1,.0260416666666667,0,.605299304339246,.721270081499092,.605137226179694,.290720585378446,-.340070504318254,-.873417795934823,.643902204006011,-.62846948760412,-.218216407759685,.202783691357794,0,0,0,0,0,0,0,0,0,0,3,White,2,uk,uk,49,f,-.605299304339246,-.605137226179694,-1,Christian
2563022,Jewish,good,1,.0520833333333333,.0104166666666667,-.186888958263374,.0922264071956544,-.304048891047196,-.14988739182539,-.0301452208259425,.448836142533725,-.132903814038305,.168832375721154,.00228544853734724,-.0382140102201957,0,0,0,0,0,0,0,0,0,0,2,White,1,us,sm,52,m,-.186888958263374,-.304048891047196,-3,Non-Christian
2563067,Christian,bad,-1,.4375,.822916666666667, , ,-1.56394261630462,-1.47603716418289,.352834520694371, , , , , ,0,0,0,0,0,0,0,0,0,0,2,Black or African American,2,us,us,18,m, ,1.56394261630462,0,Christian
2563070,Christian,good,1, , , , , , , , , , , , ,0,1,0,1,0,-1,.333333333333333,.333333333333333,.333333333333333,-1,2,More than one race - Black/White,3,us,us,34,f, , , ,Christian
2563149,Christian,bad,-1,.203125,0, ,.613116462869163, , ,.198873783030512, , , , , , , , , , , , , , , ,3,White,3,us,us,16,f, , ,1,Christian
2563243,Christian,good,1, , , , , , , , , , , , ,0,0,0,0,0,0,0,0,0,0,2,White,4,us,us,28,m, , ,3,Christian
2563486,Christian,bad,-1, , , , , , , , , , , , ,0,2,2,2,2,-1,1.33333333333333,-1,1.33333333333333,-1.66666666666667,2,White,2,us,us,52,m, , ,2,Christian
2563604,Hindu,good,1,.0520833333333333,0,.559948371144926,.611040277188267,-.163607169880199,-.669392389934005,-.732524851023417,-.909651486771376,.335793826150998,-.283766458008546,-.653955204034116,.601927835891664,0,0, ,0, , , , , , ,.,South Asian, ,in,us,41,m,.559948371144926,-.163607169880199, ,Non-Christian
2563670,Muslim,good,1,.0625,.0104166666666667,.142574718840092,.0680252612117955,.826624008184812,-1.20952612916094,-.0316158496881133,-.247127771362715,.345741329412233,.298124365528809,-.461238899229715,-.182626795711328,0,0,0,0,0,0,0,0,0,0,2,South Asian,2,us,us,40,f,.142574718840092,.826624008184812,-3,Non-Christian
2563739,Christian,good,1,.505208333333333,.984375, ,.42895843455777,-.353553390593274, , , , , , , ,0,1,1,-1,-1,-1,.666666666666667,.333333333333333,-.666666666666667,-.333333333333333,2,White,2,us,sm,18,f, ,-.353553390593274,0,Christian
2564003,Christian,good,1,.229166666666667,0,-.286819068169063,.321969773155438,-.648010188795998,.175304642787121,.120775865408318,.199289099515572,-.204286494603207,-.0993284388089957,.194299858788167,.109315074624036,0,0,0,0,0,0,0,0,0,0,2,East Asian,3,us,sm,19,m,-.286819068169063,-.648010188795998,0,Christian
2564037,Christian,bad,-1,.0885416666666667,0,.600233133320074,.139721440417894,-.146645870637612,.340454821932798,-.224550396928628,.135026257232677,.197769567700119,-.115050001706005,-.161442902771968,.0787233367778544,0,1,1,1,0,0,.666666666666667,-.333333333333333,.333333333333333,-.666666666666667,2,White,2,us,us,20,m,-.600233133320074,.146645870637612,1,Christian
2564066,Christian,good,1,.0260416666666667,0,.768787464768258,1.14960279578239,-.0114598421539176,.0751386460723309,-.068871895792123,-.341286071330188,.635643472798911,-.522009171061638,-.254173571496017,.140539269758743,0,0,0,0,0,0,0,0,0,0,2,White,4,za,nz,40,f,.768787464768258,-.0114598421539176,-1,Christian
2564093,Christian,bad,-1,.0625,0,.116991558340662,.290368067844067,.518868652800653,.320180009217054,-.482412235351764,-.205737810143921,.308742759661794,-.272095295735014,-.0930745948251241,.0564271308983442,0,0,0,0,0,0,0,0,0,0,.,White,2,nz,nz,30,f,-.116991558340662,-.518868652800653, ,Christian
2564126,Muslim,good,1,.0989583333333333,0,-.572485937596309,-.217021385964641,.173531786082162,-.348318711077462,.0525143339348799,.30687445257865,-.205325179159596,.290738183206918,.0922271868179088,-.177640190865231,0,0,0,0,0,0,0,0,0,0,.,White,3,ca,ca,49,f,-.572485937596309,.173531786082162,0,Non-Christian
2564134,Christian,bad,-1,.177083333333333,0,-.362187321516273, ,-.407446244697301, ,-.0228557337124369, , , , , ,0,0,0,0,0,0,0,0,0,0,.,Black or African American,3,us,us,51,f,.362187321516273,.407446244697301,-2,Christian
2564330,Muslim,bad,-1, , , , , , , , , , , , ,0,0,0,0,0,0,0,0,0,0,.,White,2,us,sm,25,f, , ,0,Non-Christian
2564394,Christian,bad,-1,.135416666666667,0,.0134418885577025,.00193894534284879,.933304898745815,-.119628274693666,.106361368470861,-.0483766708452253,.316228577548789,.0231042195018638,-.00890293159350241,-.33042986545715,0,2,0,0,0,0,.666666666666667,0,0,-.666666666666667,2,White,2,us,us,18,f,-.0134418885577025,-.933304898745815,0,Christian
2564453,Christian,bad,-1,.046875,0,.637896681799929, ,.56042054350177, ,.643583650366869, , , , , ,2,2,1,-1,-2,0,1.66666666666667,.333333333333333,-1.66666666666667,-.333333333333333,2,White,1,au,au,54,f,-.637896681799929,-.56042054350177,-3,Christian
2564500,Christian,bad,-1,.0572916666666667,0,.403991525556893,.451081889225443,.340880964436938,.139438943012333,.174242406422329,.324433952965817,.398651459739758,-.0886956264239861,-.0301033920407438,-.279852441275028, , , , , , , , , , ,2,White,2,us,us,29,f,-.403991525556893,-.340880964436938,0,Christian
2564522,Jewish,bad,-1,.0833333333333333,0,-1.09691979608667,.66840300228846,-.540189475090657,.0823887755701875,.743262612121864,.131405807832808,-.322902089629623,-.206461990008613,.640857061259575,-.111492981621339,-3,-1,-3,1,0,-1,-2.33333333333333,1.33333333333333,1.33333333333333,-.333333333333333,.,White,1,us,us,21,f,1.09691979608667,.540189475090657,-3,Non-Christian
2564528,Christian,bad,-1,.078125,0,.49700165983721,.978246884583484,-.00603702917924604,-.283337673382841,.447042058272703,.501793208994383,.489737171747149,-.0643720007354203,-.111099091649116,-.314266079362613,0,0,0,0,0,0,0,0,0,0,2,White,3,us,sm,49,f,-.49700165983721,.00603702917924604,0,Christian
2564736,Hindu,bad,-1, , , , , , , , , , , , ,0,0,1,0,0,-1,.333333333333333,0,0,-.333333333333333,2,South Asian,2,in,us,21,m, , ,-1,Non-Christian
2564755,Hindu,bad,-1,.0625,0, , , , , , , , , , ,1,0,-2,0,-2,0,-.333333333333333,1.33333333333333,-1,0,2,South Asian,1,ca,ca,19,m, , ,0,Non-Christian
2564780,Christian,good,1, , , , , , , , , , , , ,0,2,2,2,2,-2,1.33333333333333,-.666666666666667,1.33333333333333,-2,1,More than one race - Other,3,us,sm,52,f, , ,-2,Christian
2564794,Christian,bad,-1,.0909090909090909,0,.391979983350678, ,-.195698255021945, ,.391445525373642, , , , , ,3,3,3,0,0,0,3,-1,-1,-1,2,White,2,us,sm,20,f,-.391979983350678,.195698255021945,0,Christian
2564798,Christian,bad,-1,.5390625,.9453125,-.400794179571025, ,.254223208522783,-.480583254910803, ,.353553390593274, , , , , , , , , , , , , , ,2,White,1,us,us,18,f,.400794179571025,-.254223208522783,3,Christian
2564898,Christian,good,1,.25,.265625,-.231104482026553,.924139449269967,-.00669669125894176,.194296491100569,.489770520382565,-.201599720654721,.228779425328158,-.440011887008419,.305057164503229,-.0938247028229675,0,1,0,1,1,0,.333333333333333,-.333333333333333,.666666666666667,-.666666666666667,2,White,3,us,sm,19,f,-.231104482026553,-.00669669125894176,2,Christian
2564911,Christian,good,1,.385416666666667,.34375,.281275336684525,.272303091721656,.511550922181934,-.491852595218295,-.793146006558332,-.0504461415773333,.355043116862705,.0563677873064351,-.522091312820384,.110680408651243,0,0,0,0,0,0,0,0,0,0,2,White,2,us,us,20,f,.281275336684525,.511550922181934,-1,Christian
2564954,Christian,bad,-1,.0520833333333333,0,.0107716469288665,.254610295356834,.431949649941143,-.158539200204198,-.189925601252049,-.0858277844365029,.232443864075614,-.0606329598630464,-.119745482795038,-.0520654214175304,2,-1,2,0,0, ,1, ,-.666666666666667, ,2,South Asian,2,in,in,25,m,-.0107716469288665,-.431949649941143,1,Christian
2565015,Christian,bad,-1,.0729166666666667,0,.195941226657319,.348178085653131,.195519387756233,.177268163288843,.126492701286878,.175580597702652,.246546233355561,-.116621883746441,.0359398793061339,-.165864228915254, ,3,3,3,3, , , , , ,2,Black or African American,3,us,us,23,m,-.195941226657319,-.195519387756233,-2,Christian
2565082,Christian,bad,-1,.166666666666667,0,1.23594942929401,.583145839475135,.65156134267864,-.0145720879136855,.547860884018922,-.0539926003426373,.82355220381593,-.207522117301362,-.234220211062926,-.381809875451641,0,0,0,0,0,0,0,0,0,0,2,White,2,us,us,19,f,-1.23594942929401,-.65156134267864,2,Christian
2565420,Christian,bad,-1,.0520833333333333,0,.027543884902754,.053747669770784,.419817682081682,.531778894562604,-.238253101657146,-.671909941142693,.16703641225174,-.41914550182536,.088660636000901,.163448453572719,0,0,0,0,0,0,0,0,0,0,2,White,1,uk,uk,38,f,-.027543884902754,-.419817682081682,0,Christian
2565643,Christian,bad,-1,.375,.00520833333333333,.0738096830233746,.612036677735843,.525887090420879,-.812336314481765,.364824826246684,-.0562097359191445,.403911150393365,.0480299669422593,-.173773723752819,-.278167393582806,0,0,0,0,0,0,0,0,0,0,3,White,2,us,us,46,m,-.0738096830233746,-.525887090420879,0,Christian
2565761,Christian,bad,-1, , , , , , , , , , , , ,0,0,0,0,0,0,0,0,0,0,2,White,2,us,sm,63,f, , ,-2,Christian
2565787,Muslim,bad,-1, , , , , , , , , , , , ,0,0,0,0,0,0,0,0,0,0,2,Black or African American,2,us,us,19,m, , ,-2,Non-Christian
2565797,Christian,good,1,.416666666666667,0,1.12442815472962,.186077761587377,.203490391929887,-.28883315477293,.282214256972945,1.10281949092984,.504665436082296,.401858294705132,-.377015684176536,-.529508046610891,0,0,0,0,0,0,0,0,0,0,1,White,3,it,it,57,f,1.12442815472962,.203490391929887,0,Christian
2565800,Jewish,good,1,.536458333333333,.6875, , ,.130518010894728,.204366450429615, ,.547459137013413, , , , ,0,1,0,-2,0,-1,.333333333333333,.333333333333333,-.666666666666667,0,.,White,1,us,sm,20,f, ,.130518010894728,0,Non-Christian
2565813,Christian,good,1,.015625,0,-.417491084971455,.490548754032509,.609950249245656,-.148252223706625,.373220798784253,.718231843449586,.227669306102237,.125311771041234,.214153220016361,-.567134297159832,0,0,1,0,1,0,.333333333333333,-.666666666666667,.333333333333333,0,2,White,2,us,sm,55,m,-.417491084971455,.609950249245656,-2,Christian
2565936,Muslim,bad,-1,.214659685863874,.031413612565445,.0507861796443924,.341156825242536,-.775662993485165,-.110394698044072,-.342122046392457,-.337152945044184,-.127906662866079,-.189305024080883,-.167767641360307,.484979328307269,0,-2,0,-2,-2,1,-.666666666666667,.333333333333333,-1.33333333333333,1.66666666666667,2,More than one race - Other,3,us,ly,21,m,-.0507861796443924,.775662993485165,0,Non-Christian
2565988,Muslim,bad,-1,.25,0,.548842136395426,.319546604027365,1.18953847046207,-.511367422085124,.199530540367509,.749957619144572,.685975736961619,.313926145734111,-.28689300603768,-.71300887665805,-1,-3,3,-3,3,3,-.333333333333333,-3,.333333333333333,3,2,South Asian,4,us,sm,21,m,-.548842136395426,-1.18953847046207,0,Non-Christian
2566026,Jewish,good,1,.0104166666666667,0,-.0544514814575281,.148931531348713,.763181417133128,.451477742732511,.631922349612889,.403199984596865,.285887155674771,-.0657364298281198,.37928385793431,-.599434583780961,0,0, ,0,0,0, , ,0,0,1,White,1,us,us,41,f,-.0544514814575281,.763181417133128,-3,Non-Christian
2566118,Christian,bad,-1,.0625,0,-.334999846645794,.300236424195813,.356872474553934,.424045691572281,-.298411824810558,1.02730731255731,.107369684034651,.101008398929739,.153544571135839,-.361922654100229,1,1,2,1,1,0,1.33333333333333,-1,.333333333333333,-.666666666666667,2,White,2,us,us,61,m,.334999846645794,-.356872474553934,-1,Christian
2566130,Christian,bad,-1,.471204188481675,.235602094240838,.682818027146266,-.71660693572916,-.25142753694896,1.76945126890053,1.27491359074289,-.956741752898544,-.0950721485106182,-.669862028689973,.787182277499052,-.0222481002984611,2,3,3,0,0,0,2.66666666666667,-1,-.666666666666667,-1,2,Black or African American,3,ke,us,29,m,-.682818027146266,.25142753694896,-1,Christian
2566313,Muslim,bad,-1,.104712041884817,0,-.163301393049791,-.0464664815973765,.568243441757393,-.452762898235103,-.260543935763545,.196021126965899,.119491855703408,.231750168932793,-.183335146982952,-.167906877653249,2,-3,1,-3,-2,3,0,-.666666666666667,-2.33333333333333,3,2,South Asian,3,bd,us,18,m,.163301393049791,-.568243441757393,-3,Non-Christian
2566348,Muslim,bad,-1,.161458333333333,0,.953940950909615,-.165453687879774,.758220514142713,.0947401467752531,-.515824463838344,-.352563462698044,.515569259057518,-.0939499738645077,-.458341755990902,.0367224707978919,0,2,2,1,2,1,1.33333333333333,-1.66666666666667,1,-.666666666666667,2,South Asian,2,bd,sm,21,f,-.953940950909615,-.758220514142713,-2,Non-Christian
2566410,Muslim,good,1,.140625,0,-.416123878983265,-1.17232861060236,-.154180643832081,-.908395056354601,.560387476234462,.803764498271674,-.580877711139235,.961496055076211,.0227054329543753,-.403323776891351,0,0,0,-2,0,3,0,-1,-.666666666666667,1.66666666666667,.,.,2,us,sm,19,.,-.416123878983265,-.154180643832081, ,Non-Christian
2566416,Christian,bad,-1,.114583333333333,.0104166666666667,.349584447974944,-.111753597749412,-.272993392667985,.46817654164731,-.0224120421148563,.25340773543483,-.0117208474808176,-.0343384028210229,.0320600171858365,.013999233116004,0,0,0,0,0,0,0,0,0,0,2,White,2,us,sm,26,m,-.349584447974944,.272993392667985,-3,Christian
2566544,Jewish,good,1,.104166666666667,.00520833333333333,-.332978724081257,.631964997028523,.118323478246618,.861908029049615,.201719335824397,-.0644245672412856,.139103250397961,-.519432531106475,.46553536298509,-.0852060822765764,-1,1,0,1,2,0,0,-.666666666666667,1.33333333333333,-.666666666666667,3,White,1,us,us,46,m,-.332978724081257,.118323478246618,-2,Non-Christian
2566583,Muslim,good,1,.109375,0,-.30692788554434,-.555216965460159,-.985378970491414,-.103165893610442,.72711759655977,.269538512710671,-.615841273831971,.309307123927091,.310293196164556,-.00375904625967595,0,-1,-1,1,0,0,-.666666666666667,.333333333333333,.333333333333333,0,2,South Asian,3,us,us,18,m,-.30692788554434,-.985378970491414,0,Non-Christian
2566608,Christian,good,1,.0416666666666667,0,-.535015225224219,.00965169200001684,.762475705534067,.975073758536714,.793191557256855,.449352157805353,.0790373907699549,-.178457764243792,.767760180339263,-.668339806865425,0,1,0,0,0,0,.333333333333333,0,0,-.333333333333333,2,White,3,us,sm,39,m,-.535015225224219,.762475705534067,1,Christian
2566782,Muslim,bad,-1,.09375,0,-.383107216125591,.428065392718,.0766865845567145,-.591666351638099,-.40731379709985,-.703715989357492,.0405482537163746,-.180038343479131,-.205290977537453,.344781067300209,1,1,1,-2,0,2,1,-1,-1,1,.,South Asian,2,us,sm,19,f,.383107216125591,-.0766865845567145,-2,Non-Christian
2566796,Hindu,bad,-1, , , , , , , , , , , , ,0,1,1,1, ,-1,.666666666666667, , ,-1,2,South Asian,2,in,sm,18,f, , ,0,Non-Christian
2566810,Christian,bad,-1,.260416666666667,.00520833333333333,-.0813428640106774,.779559710670603,.647152177488926,-.165590949916912,.326632777542222,-.198485191143436,.448456341382951,-.270817983965709,.0807948972119958,-.258433254629237,0,0,0,0,0,0,0,0,0,0,2,White,2,us,us,28,m,.0813428640106774,-.647152177488926,0,Christian
2566995,Christian,bad,-1,.0989583333333333,0,.252080397097933,.974598902322684,.25445915669107,.0710952549734588,.245586006850375,.0524362185255287,.493712818703895,-.331085979590205,.0215336215753002,-.184160460688991,3,3,3,2,2,-2,3,-1,.333333333333333,-2.33333333333333,2,White,4,us,sm,18,f,-.252080397097933,-.25445915669107,2,Christian
2567047,Christian,good,1,.0625,0,-.918021143796337,1.07578083608004,.458909125438059,1.03236350505621,.133528364748745,-.0236982989625907,.205556272573922,-.710614213366282,.694637671200432,-.189579730408071,3,3,3,3,2,-3,3,-.666666666666667,.666666666666667,-3,2,White,3,us,sm,30,m,-.918021143796337,.458909125438059,1,Christian
2567178,Muslim,bad,-1,.0989583333333333,0,-.33954642917721,-.117789836197835,-.125071680835896,-.0865692410671101,-.213134985994096,-.570654405124033,-.194135982070314,-.122098442619696,.0132807340386681,.302953690651342, , , , , , , , , , ,.,White,1,us,us,17,f,.33954642917721,.125071680835896,-1,Non-Christian
2567338,Christian,good,1, , , , , , , , , , , , ,1,1,0,0,0,0,.666666666666667,0,-.333333333333333,-.333333333333333,1,Other or Unknown,4,mx,us,26,f, , , ,Christian
2567553,Christian,good,1, , , , , , , , , , , , ,3,3,3,-3,-3,3,3,-1,-3,1,1,Black or African American,2,us,us,24,f, , ,1,Christian
2567712,Christian,bad,-1,.03125,0,.010813555539356,.537979341101337,.300510368560157,-.229249907240993,-.00918634194808585,-.161220391473551,.283101088400283,-.156649941777965,-.0830832682428117,-.0433678783795067,0,0,0,0,0,0,0,0,0,0,1,White,2,us,sm,19,f,-.010813555539356,-.300510368560157,-2,Christian
2567725,Muslim,good,1,.135416666666667,0,.771633412722173,.254319803251759,1.04592278248782,-.486848818940313,-.41217536828471,-1.10439492204906,.690625332820583,-.290621968786834,-.556885866649065,.156882502615316,0,0,0,0,0,0,0,0,0,0,2,Other or Unknown,1,tr,tr,23,f,.771633412722173,1.04592278248782,-2,Non-Christian
2567789,Christian,good,1,.0572916666666667,0,.588264608183118,-.21005304773048,.750324350120789,.408755221569244,-.46798546315608,.645798310464086,.376178636857809,.149032045541774,-.215831616589985,-.309379065809598,2,2,2,2,1,-1,2,-.666666666666667,.333333333333333,-1.66666666666667,2,White,2,pl,fr,26,m,.588264608183118,.750324350120789,0,Christian
2567928,Christian,bad,-1, , , , , , , , , , , , ,0,0,0,0,0,0,0,0,0,0,.,Black or African American,4,us,sm,26,f, , , ,Christian
2568127,Christian,good,1,.130208333333333,0,.0968036477604296,.0675664905482969,-.0959363806374754,.150426321656984,.481948618637137,.272225965639944,.0228112525570837,.0180777178115542,.178523764177897,-.219412734546535,0,1,0,1,0,0,.333333333333333,0,.333333333333333,-.666666666666667,2,White,4,us,sm,48,f,.0968036477604296,-.0959363806374754,3,Christian
2568253,Christian,bad,-1,.0666666666666667,0, , , , , , , , , , , , , , , , , , , , ,2,Black or African American,3,us,us,40,f, , ,0,Christian
2568530,Christian,bad,-1,0,0, , , , , , , , , , ,0,1,3,1,1,1,1.33333333333333,-1.66666666666667,.666666666666667,-.333333333333333,2,White,3,us,us,20,f, , ,0,Christian
2568557,Muslim,bad,-1,.46875,.697916666666667,.470874825500529,-1.59959805479388,-.353553390593274,1.13758721051843,-1.48008045659778,.568394600069896,-.494092206628874,.343468481448447,-.271122690526625,.421746415707052, ,-3, ,-3, ,3, , , ,3,3,Other or Unknown,4,sa,us,18,m,-.470874825500529,.353553390593274,0,Non-Christian
2568560,Christian,good,1,.25,0, , , , , , , , , , ,2,2,2,0,0,0,2,-.666666666666667,-.666666666666667,-.666666666666667,2,White,3,us,sm,19,m, , ,3,Christian
2568661,Christian,good,1,.213541666666667,0,.546490134784521,1.26571352451272,.98588161388076,-.212996407577329,.186813118266409,-.405513501958343,.932695091059335,-.486076872964579,-.190891141365147,-.255727076729609,3,3,3,0,-1,0,3,-.666666666666667,-1.33333333333333,-1,.,White,3,us,us,18,f,.546490134784521,.98588161388076,0,Christian
2568731,Christian,good,1,.0520833333333333,0,.883558432477945,1.40245169563085,.810207357174144,-.370331454998448,.0919098694466871,.0821239922194049,1.03207249509431,-.316665416137665,-.387326672676569,-.328080406280079,2,-3,-2,2,2,2,-1,-.666666666666667,.666666666666667,1,2,Black or African American,3,us,us,36,f,.883558432477945,.810207357174144,-2,Christian
2568805,Christian,bad,-1,.0833333333333333,0,1.35445827745366,-.250006812331532,.653821413590467,.357425302100997,-.611902227617404,.0854125812830466,.586090959570865,-.00733530282880599,-.536311734323356,-.0424439224187034,1,2,1,1,-1,-1,1.33333333333333,.333333333333333,-.333333333333333,-1.33333333333333,2,White,1,us,sm,18,m,-1.35445827745366,-.653821413590467,1,Christian
2569068,Muslim,good,1,.0729166666666667,0,.383390146309854,-.508168171300553,.716802742518861,-.328976429885132,-.473728683993075,.347005119718117,.197341572509387,.394716573634601,-.395365086729353,-.196693059414634,1,-3,-1,-3,-2,0,-1,1,-2,2,2,South Asian,2,id,id,24,f,.383390146309854,.716802742518861,0,Non-Christian
2569074,Christian,good,1,.0677083333333333,0,1.22455720419533,1.16926988423614,1.0795687735415,.0519588525954536,.105122560819345,.166968545847466,1.15779862065766,-.351420063661375,-.35582526359351,-.450553293402772,1,1,1,1,1, ,1, ,.333333333333333, ,2,White,3,us,us,45,f,1.22455720419533,1.0795687735415,0,Christian
2569112,Christian,good,1,.276041666666667,.09375,.617651753504028,1.12265929115882,-1.43521525607565,.118479712992242,.180308202389098,.305481203254176,.101698596195734,-.311885933632296,-.106287946040896,.316475283477458,0,0,0,0,0,0,0,0,0,0,2,White,3,us,us,19,f,.617651753504028,-1.43521525607565,0,Christian
2569471,Muslim,bad,-1,.125,0,-.647873733538153,-.363347004760573,.0535279293139986,-.433653230518701,.130310277765571,.134098762109656,-.319230936328242,.310366332462977,.114843593595008,-.105978989729742,0,0,0,0,0,0,0,0,0,0,2,East Asian,1,ca,us,18,f,.647873733538153,-.0535279293139986,-3,Non-Christian
2569520,Hindu,good,1,.119791666666667,.00520833333333333,.390926983416884,-.717383057494174,-1.25968292385775,-.555523758280988,-.623881038142368,-.841439847817621,-.528712999311679,.143822322652514,-.523443926613413,.908334603272579,0,1,0,0,0,-1,.333333333333333,.333333333333333,0,-.666666666666667,2,East Asian,3,fr,fr,27,f,.390926983416884,-1.25968292385775,1,Non-Christian
2569550,Christian,bad,-1,.0260416666666667,0,.691077482783073,.831296058830449,.156529232088939,.0299658302680792,-.656630281559868,-.583670680358367,.55963425790082,-.481644189818965,-.439247311358287,.361257243276432, , , , , , , , , , ,.,White,2,uk,sm,45,f,-.691077482783073,-.156529232088939,-3,Christian
2569607,Christian,good,1,.078125,0,.463726864455064,.856125351391272,.777164644968147,.66397352227329,-.17055594129723,1.00590315467614,.699005620271495,-.171398572996141,.00989690550699853,-.537503952782352, , , , , , , , , , ,.,White,3,ch,ch,22,m,.463726864455064,.777164644968147,0,Christian
2569696,Christian,good,1,.0364583333333333,0,.0129546770805946,.103922892426601,-.187082915950985,.141656129130853,.0443047306429583,.00573364567517893,-.0234017821479298,-.0799484586274252,.0576687275644057,.0456815132109494,0,0,0,0,0,0,0,0,0,0,2,White,2,us,sm,73,m,.0129546770805946,-.187082915950985,-3,Christian
2569775,Jewish,good,1,.015625,0,1.27038406622098,.900902487783898,.609274709066728,.62629664505344,.962899941556338,.387995752574834,.926853754357201,-.379734460087501,.106270840129601,-.6533901343993, , , , , , , , , , ,2,White,3,us,us,54,m,1.27038406622098,.609274709066728,-2,Non-Christian
2569860,Jewish,good,1,.427083333333333,.864583333333333, , ,.850219874482251,-1.2296036313089, , , , , , ,0,3,0,3,0,-3,1,1,1,-3,1,White,2,us,ca,19,m, ,.850219874482251,3,Non-Christian
2569994,Christian,bad,-1, , , , , , , , , , , , ,2,1,2,0,0,0,1.66666666666667,-.666666666666667,-.666666666666667,-.333333333333333,3,South Asian,3,ph,ph,18,f, , ,0,Christian
2570003,Christian,good,1,.46875,1, , , , , , , , , , , , , , , , , , , , ,2,White,2,us,sm,19,f, , ,-1,Christian
2570085,Christian,good,1, , , , , , , , , , , , ,2,2,2,0,0,0,2,-.666666666666667,-.666666666666667,-.666666666666667,2,White,3,us,us,20,f, , ,-2,Christian
2570188,Hindu,good,1,.046875,.00520833333333333,1.01241508469701,1.13777886613989,-.589137547833271,-.239646692234169,-.284890916121711,-.274766795500204,.520352134334545,-.39096632313531,-.512317564350964,.382931753151729,0,0,0,0,0,0,0,0,0,0,3,East Asian,3,in,us,28,f,1.01241508469701,-.589137547833271,0,Non-Christian
2570275,Christian,good,1,.046875,0,-.124089830614617,.0205757796989707,.193727380223094,.109782274501964,.350750281531568,-.277418822086169,.0300711097691491,-.135925625429035,.194874128882716,-.0890196132228308,0,0,1,1,0,-1,.333333333333333,0,.333333333333333,-.666666666666667,2,White,3,us,us,24,m,-.124089830614617,.193727380223094,0,Christian
2570286,Jewish,good,1,.114583333333333,0,-.292885139761544,.488641717195983,.4625678912742,.0776183447294653,.282696780509054,-.0497800293475883,.219441489569546,-.205346697091012,.217733421666688,-.231828214145222,-1,1,0,1,0,0,0,0,.666666666666667,-.666666666666667,3,American Indian/Alaska Native,2,us,sm,21,m,-.292885139761544,.4625678912742,2,Non-Christian
2570315,Muslim,good,1,0,.05, , , , , , , , , , ,2,0,2,-2,2,2,1.33333333333333,-2,-.666666666666667,1.33333333333333,2,White,3,iq,us,39,f, , ,2,Non-Christian
2570359,Christian,bad,-1,.078125,0,.15513092147903, ,.737989341607151, ,-.305960007591995, , , , , ,0,0,0,0,0,0,0,0,0,0,3,White,4,us,sm,38,m,-.15513092147903,-.737989341607151,0,Christian
2570364,Christian,good,1,.0625,0,.0821241019177712,.998782384788986,1.00196773924474,.53137210566439,1.187701432504,.789054317703799,.6942914086505,-.247033390916526,.545649812083539,-.992907829817514,1,3,3,2,3,0,2.33333333333333,-2,1.33333333333333,-1.66666666666667,2,Black or African American,4,us,us,44,f,.0821241019177712,1.00196773924474,-2,Christian
2570408,Christian,good,1,.015625,0,-.011344634177851,.688378980182091,.113500055404213,.386335828535047,.115988887754455,.564331042559354,.263511467136151,-.170127922052595,.171223116822451,-.264606661906007, , , , , , , , , , ,2,White,3,us,sm,54,f,-.011344634177851,.113500055404213,2,Christian
2570460,Muslim,good,1,.302083333333333,.0208333333333333,.311554441313214,.619395059716277,.984898723180794,-.202886548482004,.297127308892817,1.04672254112144,.638616074736762,.210071343295721,-.0724378936341335,-.776249524398349,0,0,3,0,3,3,1,-3,1,1,2,More than one race - Black/White,3,us,us,26,m,.311554441313214,.984898723180794,0,Non-Christian
2570526,Christian,bad,-1,.171875,0,-.00780176617101446,.885265924645677,.435691017668096,.135419392632372,.523376275676005,.151251945998552,.437718392047586,-.289811123759832,.222199144826464,-.370106413114217,0,0,0,0,0,0,0,0,0,0,2,White,1,us,us,44,f,.00780176617101446,-.435691017668096,1,Christian
2570560,Christian,bad,-1,.0785340314136126,0,.401326658830087,.595310905372248,.648789917288993,.0335549309435627,-.604588453964579,-.171825890145497,.548475827163776,-.266897242153769,-.324120060617034,.0425414756070275,2,3,0,2,0,-2,1.66666666666667,.666666666666667,0,-2.33333333333333,2,White,3,us,sm,69,m,-.401326658830087,-.648789917288993,2,Christian
2570610,Muslim,bad,-1,.151041666666667,0,.264609987690417,-.56793601917265,-.535223759047013,-.22422468673962,-.376242868538055,-.75770880694705,-.279516596843082,.0114839663217399,-.288359180989364,.556391811510706,2,0,2,-3,0,2,1.33333333333333,-1.33333333333333,-1.66666666666667,1.66666666666667,2,South Asian,3,us,us,22,m,-.264609987690417,.535223759047013,1,Non-Christian
2570622,Christian,bad,-1,.244791666666667,0,.521989088724967,.13063468347664,.273402429533817,.0932025165989611,.116855654763863,.0789218355633002,.308675400578475,-.0483051215041004,-.103976972454048,-.156393306620327,0,0,0,0,0,0,0,0,0,0,3,White,1,us,us,20,f,-.521989088724967,-.273402429533817,-1,Christian
2570705,Muslim,bad,-1,.130208333333333,0,.614884726717729, ,-.256658042868273, ,-.126161733158792, , , , , ,0,0,0,0,0,0,0,0,0,0,2,White,1,al,ch,23,f,-.614884726717729,.256658042868273,-3,Non-Christian
2570822,Christian,bad,-1,.0885416666666667,0,.282364356589361,.0282686614631008,.790462457022775,-.0906135294631129,-.288607564218446,-.569251952240486,.367031825025079,-.168969028080158,-.22052848342364,.0224656864787189,0,1,1,1,1,0,.666666666666667,-.666666666666667,.666666666666667,-.666666666666667,2,White,3,us,sm,58,m,-.282364356589361,-.790462457022775,-1,Christian
2570961,Christian,bad,-1,.03125,0,.791771877197688,.547832553821091,-.273769039423869,.212155424683679,.506275411615896,-.566906466502968,.35527846386497,-.442298148335913,-.0244470136327044,.111466698103647,0,2,1,2,0,-2,1,.333333333333333,.666666666666667,-2,2,White,4,us,sm,56,f,-.791771877197688,.273769039423869,3,Christian
2571038,Christian,good,1,.15625,0,.988395482497191,.948559229367059,.473843831062497,.7638270382083,-.16533553373992,-.0657231378559536,.803599514308916,-.592703135143771,-.12996799267627,-.0809283864888746, , , , , , , , , , ,.,White,2,us,us,23,m,.988395482497191,.473843831062497,1,Christian
2571267,Jewish,good,1, , , , , , , , , , , , ,2,1,0,3,3,0,1,-1,1.33333333333333,-1.33333333333333,2,White,2,us,us,18,m, , ,0,Non-Christian
2571381,Hindu,good,1,.0833333333333333,0,.398938487583695,.581054733513865,-.052212926232539,-.60890757639175,-1.01568827797714,-.678518850242408,.30926009828834,-.216888669121508,-.674511447317527,.582140018150694,0,0,0,0,0,0,0,0,0,0,2,South Asian,2,in,in,18,f,.398938487583695,-.052212926232539, ,Non-Christian
2571461,Christian,bad,-1,.0208333333333333,0,.16928909518887,.574751306180078,.0531274723094748,-.180278636383647,-.752020384013614,-.257955557143149,.265722624559474,-.217476075646527,-.36719603852871,.318949489615763,1,2,1,2,0,-2,1.33333333333333,.333333333333333,.333333333333333,-2,2,White,2,us,us,45,m,-.16928909518887,-.0531274723094748,-2,Christian
2571529,Jewish,good,1,.109375,0,-.484877250651614,-.0925338604678667,.831165682705104,.879117220992677,.577351073188681,-.135347997774669,.0845848571952078,-.307310452766493,.647115181610991,-.424389586039705,-1,1,1,2,1,-1,.333333333333333,-.333333333333333,1.33333333333333,-1.33333333333333,2,White,2,us,sm,20,m,-.484877250651614,.831165682705104,1,Non-Christian
2571681,Hindu,bad,-1,.00520833333333333,0,-.608674581800024,-.126475162908753,-1.00887940155345,1.29344688091064,.441698939258219,.893907063536673,-.581343048754075,-.0910215514884039,.78127346732296,-.108908867080481,0,0,-1,0,-2,-1,-.333333333333333,1.33333333333333,-.666666666666667,-.333333333333333,2,South Asian,1,in,in,32,m,.608674581800024,1.00887940155345,-3,Non-Christian
2572083,Christian,good,1,.078125,0,.697664032198248,-.0852158219975428,.55812560045095,-.773600896779794,-.530921316247593,.669791851382311,.390191270217219,.509536190053216,-.667395415075212,-.232332045195223,0,0,0,0,0,0,0,0,0,0,2,Black or African American,3,ke,us,35,f,.697664032198248,.55812560045095,-2,Christian
2572085,Jewish,good,1,.130208333333333,0,.841123904185319,.265782485140069,.365711739807485,.8126882798752,.757500010385944,-.430670375316842,.490872709710958,-.50304704677737,.243021462025275,-.230847124958862,0,2,0,3,0,-1,.666666666666667,.333333333333333,1,-2,.,White,1,ca,ca,22,f,.841123904185319,.365711739807485,-2,Non-Christian
2572102,Christian,good,1, , , , , , , , , , , , ,0,0,0,0,1,0,0,-.333333333333333,.333333333333333,0,1,White,1,ve,us,24,m, , ,0,Christian
2572171,Christian,bad,-1,.0625,0,.565253580325916,-.0876588701647141,1.00028165607504,.615264956974201,-.548436496114488,-.255822945177223,.492625455412079,-.261143010662236,-.166141706488734,-.0653407382611082,0,1,3,3,3,0,1.33333333333333,-2,2,-1.33333333333333,2,White,4,us,us,49,m,-.565253580325916,-1.00028165607504,3,Christian
2572216,Muslim,good,1,.135416666666667,0,-.50159379195315,.240426553716318,-.745146427986483,-1.07928660133695,-.29342157889038,.442624491167808,-.335437888741105,.427161512929479,-.290371462758059,.198647838569685,2,-2,-2,2,2,2,-.666666666666667,-.666666666666667,.666666666666667,.666666666666667,3,Other or Unknown,3,us,us,20,m,-.50159379195315,-.745146427986483,0,Non-Christian
2572771,Christian,bad,-1,.03125,0,.627680015928945,-.415494665219491,.154110618569403,-.152679759576523,.180543506095997,-.120410770618154,.122098656426285,.14925455139262,-.199938756469824,-.071414451349082,-1,0,-2,0,-2,-1,-1,1.66666666666667,-.333333333333333,-.333333333333333,3,Black or African American,3,us,us,39,m,-.627680015928945,-.154110618569403,0,Christian
2572884,Hindu,bad,-1, , , , , , , , , , , , ,0,0,0,0,-1,0,0,.333333333333333,-.333333333333333,0,3,South Asian,2,in,in,26,f, , ,-1,Non-Christian
2572902,Christian,good,1,.0625,.00520833333333333,-.489906517341074,.206492401182519,1.08407763669252,.468484850772848,.300456388258704,.116072181160325,.266887840177987,-.186301690265014,.419615918790875,-.500202068703848,1,2,2,2,1,-1,1.66666666666667,-.666666666666667,.666666666666667,-1.66666666666667,2,White,2,au,au,38,f,-.489906517341074,1.08407763669252,1,Christian
2572904,Christian,bad,-1,.3125,0, , , , , , , , , , ,0,0,0,0,0,0,0,0,0,0,1,Other or Unknown,2,us,us,18,f, , ,0,Christian
2573038,Christian,good,1,.0833333333333333,0,.978324748322695,1.08103247683428,.685573281844735,-.218353581653666,.190352684258841,.0969863440111132,.914976835667238,-.255230850389835,-.33544188190584,-.324304103371563,0,0,0,0,0,0,0,0,0,0,2,White,2,ie,ie,33,f,.978324748322695,.685573281844735,0,Christian
2573216,Muslim,bad,-1,.287958115183246,0,.640410268203589,.480081100202048,.523673101652239,-.0310047687253957,-.905697484548714,.767393290985275,.548054823352625,.106105653169541,-.5257041738259,-.128456302696266,0,-1,1,-2,0,1,0,-.666666666666667,-.666666666666667,1.33333333333333,3,South Asian,3,uk,uk,47,f,-.640410268203589,-.523673101652239,-3,Non-Christian
2573224,Christian,good,1,.1875,0, , , , , , , , , , , , , , , , , , , , ,1,South Asian, ,sg,sm,29,m, , , ,Christian
2573231,Christian,good,1,.0729166666666667,0,.0766131996508065,.717290175170773,.874449734014782,-.679149490069005,.362316851976563,.290889102931789,.556117702945454,.084249472610007,-.131148612581083,-.509218562974378,1,-1,-1,0,0,0,-.333333333333333,.333333333333333,-.333333333333333,.333333333333333,2,White,3,us,us,35,f,.0766131996508065,.874449734014782,2,Christian
2573433,Christian,good,1,.125,0,.392745865446035,1.58304338566869,.478233048432316,1.17054926785334,.467893889509423,-.247363852944106,.818007433182347,-1.00031883548871,.41523243063891,-.232921028332544,0,1,1,1,1,-1,.666666666666667,-.333333333333333,.666666666666667,-1,2,Black or African American,3,us,us,64,m,.392745865446035,.478233048432316,-2,Christian
2573437,Christian,bad,-1,.505208333333333,.432291666666667,-.727110967689775,-.720447305347523,-.132541745036561,-.504237886783856,.602526415057031,-.931586596093733,-.52670000602462,.0976995320125488,.275133165320983,.153867308691088,-1,1,-2,0,3,2,-.666666666666667,-1,1.33333333333333,.333333333333333,1,White,2,us,us,20,f,.727110967689775,.132541745036561,0,Christian
2573586,Muslim,bad,-1,0,.0555555555555556, , , , , ,-1.19592655883254, , , , , , , , , , , , , , ,3,White,4,be,be,18,f, , ,0,Non-Christian
2573636,Muslim,good,1,.0364583333333333,0,.19308500669593,-.643834984205167,.366852384120389,-.665398576786819,-.565708748839063,.78345173540755,-.0279658644629493,.697561765466512,-.474730777440604,-.194865123562959,0,0,0,0,0,0,0,0,0,0,3,White,3,tr,sm,37,m,.19308500669593,.366852384120389,-2,Non-Christian
2573679,Christian,good,1,.107954545454545,0,.713805473812901,.913750893028846,.329983466986232,-1.15527681607182,-.708973601228126, ,.65251327794266, ,-.859351963704281, ,0,0,0,0,0,0,0,0,0,0,.,Black or African American,3,us,sm,18,m,.713805473812901,.329983466986232, ,Christian
2573761,Hindu,bad,-1,.0572916666666667,0,.609052601943399,.787434158647555,-.645396850887925,.575551786565748,-.689904711764806,-.824414413169863,.250363303234343,-.729133452794389,-.241135175714153,.719905325274198,0,1,-1,1,-1,-1,0,1,0,-1,3,South Asian,3,in,us,34,m,-.609052601943399,.645396850887925,-2,Non-Christian
2573788,Christian,good,1, , , , , , , , , , , , ,2,2,2,2,2,-2,2,-.666666666666667,.666666666666667,-2,2,Black or African American,2,us,us,31,f, , ,0,Christian
2573897,Christian,good,1,.416666666666667,.046875,.446072746777388,-.205586386503615,.793144848755829,-.758296821259006,.0438385696397045,.355190879323138,.344543736343201,.43969136236192,-.38684366613223,-.397391432572891,2,0,2,0,0,0,1.33333333333333,-.666666666666667,-.666666666666667,0,.,., ,.,., ,f,.446072746777388,.793144848755829,0,Christian
2574116,Christian,bad,-1,.213541666666667,0,.35721026416047,-.250024471705305,.419899337051327,.562047103882807,-.212567165636172,.326356675258315,.175695043168831,.00477801436027077,-.00257677530461196,-.17789628222449,0,0,0,0,0,0,0,0,0,0,2,White,2,ca,ca,22,f,-.35721026416047,-.419899337051327,0,Christian
2574255,Christian,bad,-1,.0989583333333333,0,-.0918086441090459,.44649120363944,.575404241874031,-.542585060724005,.80341191400032,-.203725902992888,.310028933801475,-.0358773486361076,.11754516579512,-.391696750960488,0,0,2,0,2,2,.666666666666667,-2,.666666666666667,.666666666666667,.,White,3,ca,ca,21,f,.0918086441090459,-.575404241874031,0,Christian
2574345,Christian,good,1,.046875,0,1.21026943889669,.992069347239216,.751682335896728,-.227794297404815,-.656476473053731,.443470857677158,.98467370734421,-.106934730719081,-.698180069785078,-.179558906840051,2,2,3,1,1,0,2.33333333333333,-1.33333333333333,0,-1,3,White,2,ca,ca,20,f,1.21026943889669,.751682335896728,0,Christian
2574380,Hindu,bad,-1,.06282722513089,0,.0592716615561242,.65224959395061,-.0578330119054093,.864050757288808,.121317462572564,.180450751812845,.217896081200442,-.445283199808858,.308698852768416,-.0813117341599999,1,3,-2,3,-1,-3,.666666666666667,2,.333333333333333,-3,3,South Asian,3,in,in,31,m,-.0592716615561242,.0578330119054093,-3,Non-Christian
2574391,Jewish,good,1,.0833333333333333,0,-.694902071003912,.583900793552509,-.275295919470717,-.023597043347505,.0659377146811976,-.679341966223607,-.128765732307373,-.413215238809537,.245747580779201,.296233390337709,1,0,0,1,0,-1,.333333333333333,.333333333333333,0,-.666666666666667,2,White,1,il,il,29,f,-.694902071003912,-.275295919470717,-2,Non-Christian
2574392,Christian,bad,-1,.0364583333333333,0,.713177045024681,.865851755715813,.301296471558519,-.0824552564259639,-.695796798855575,-1.01394201561487,.626775090766337,-.599112838301574,-.497143033435407,.469480780970644,3,3,3,3,3,-1,3,-1.66666666666667,1,-2.33333333333333,3,Black or African American,4,ke,ke,26,m,-.713177045024681,-.301296471558519,3,Christian
2574519,Hindu,good,1,.0563380281690141,0, ,.508196034173929,-.581955286526253,.258730091845595,-.60281057806824, , , , , , , , , , , , , , , ,3,South Asian,3,in,in,21,f, ,-.581955286526253,0,Non-Christian
2574613,Christian,bad,-1,.32258064516129,0, , , , , , , , , , ,1,1,1,0,0,0,1,-.333333333333333,-.333333333333333,-.333333333333333,2,White,4,nl,nl,49,f, , ,-1,Christian
2574668,Christian,bad,-1,.03125,0,.178325952178731,.595644012430103,-.367135172163277,-.870457280647866,-1.12735844755052,.293252238135588,.135611597481852,.18935516878445,-.725380560125706,.400413793859403,0,0,0,0,0,0,0,0,0,0,2,White,1,fr,sm,40,m,-.178325952178731,.367135172163277, ,Christian
2574773,Christian,bad,-1,.145833333333333,0,.0687996616570729,.577180115228191,-.622847925986861,.29716415787611,.675451527472884,-.140343633726812,.00771061696613421,-.338229302277038,.301272007897307,.0292466774135964,0,0,0,0, ,0,0, , ,0,2,White,2,uk,uk,49,m,-.0687996616570729,.622847925986861,0,Christian
2574804,Muslim,good,1,.0625,0,.722974151812674,.181202550749565,.329377774655216,-.376503061851126,-1.02332109591357,-.667004002292623,.411184825739151,-.157234497063687,-.707599436525789,.453649107850325,0,0,0,0,0,0,0,0,0,0,.,White,2,tr,sm,38,m,.722974151812674,.329377774655216,0,Non-Christian
2574974,Christian,bad,-1,.130208333333333,0,.53067734952215,.730284692146209,1.22636140472096,.143069012896416,.0115794812984553,-1.38199419641283,.829107815463106,-.751782633818486,-.12534295177576,.0480177701311394,1,3,3,3,3,0,2.33333333333333,-2,1.66666666666667,-2,1,White,4,us,us,42,f,-.53067734952215,-1.22636140472096,2,Christian
2575117,Christian,good,1,.09375,0,.341684829922738,-.794803897992303,.474742411259133,.771885663940529,.567181866147552,.0090305345854447,.00720778106318939,.0106495895457394,.332460900055114,-.350318270664043,1,1,0,1,1,0,.666666666666667,-.333333333333333,.333333333333333,-.666666666666667,2,White,3,uk,sm,20,f,.341684829922738,.474742411259133,-2,Christian
2575342,Christian,good,1,.145833333333333,.00520833333333333,.487139414874398,.554254716584481,-.182755362168916,.0888531762056861,-.418668642472259,.440113859116516,.286212923096654,-.0676646778912171,-.272318293713657,.0537700485082195,2,2,-3,0,-3,-3,.333333333333333,3,-1.66666666666667,-1.66666666666667,1,White,1,us,us,17,f,.487139414874398,-.182755362168916,-3,Christian
2575457,Christian,bad,-1,.192708333333333,0,-.484116622012041,-.657355677095112,.665077151875787,.534634709330337,.270031054295032,-.342839066322085,-.158798382410455,-.0733726995191033,.429594128545803,-.197423046616245,0,0,0,0,0,0,0,0,0,0,2,White,3,us,us,21,m,.484116622012041,-.665077151875787,3,Christian
2575669,Christian,good,1,.0989583333333333,0,.783202627468127,1.0318730311938,.413001345921417,-.351875784968698,.421754619205346,-.0647621963959371,.742692334861115,-.248253147540347,-.237774597743826,-.256664589576942,0,0,0,0,0,-1,0,.333333333333333,0,-.333333333333333,2,White,3,us,cn,39,m,.783202627468127,.413001345921417,-3,Christian
2575713,Christian,good,1,.104166666666667,0,-.0333684939291793,.541171809002938,1.16818979995321,.883052296908365,.25351576450562,-.486651825214671,.558664371675658,-.636958643708658,.389978851781055,-.311684579748055,-1,1,1,1,1,1,.333333333333333,-1,1,-.333333333333333,3,White,1,uk,uk,25,m,-.0333684939291793,1.16818979995321,-1,Christian
2575799,Hindu,good,1,.03125,0,-.0811771051177497,.22706175749898,-.680717930823857,-.872517050832403,-.50003036825865,-.388475586868522,-.178277759480876,.085659902154967,-.430456771324434,.523074628650343,0,0,-1,-2,-2,-2,-.333333333333333,1.66666666666667,-1.33333333333333,0,3,South Asian,3,in,in,43,m,-.0811771051177497,-.680717930823857,-2,Non-Christian
2575848,Christian,bad,-1,.0625,0,.437095827502076,.787395154605062,.908334524458674,.497589077375066,.107744871295292,-.644151424973597,.710941835521937,-.643045218984575,.0560793737227607,-.123975990260123,0,0,0,0,0,0,0,0,0,0,1,White,1,us,sm,18,m,-.437095827502076,-.908334524458674,1,Christian
2575896,Christian,good,1,.0625,0,-.177564546999343,1.00503110975722,.684518611757104,-.571875361424041,-.667006179969853,-.490830031905239,.50399505817166,-.307995260079473,-.35377233146485,.157772533372663,0,2,2,1,1,0,1.33333333333333,-1,.666666666666667,-1,2,White,4,uk,sm,25,f,-.177564546999343,.684518611757104,1,Christian
2575939,Hindu,good,1,.0572916666666667,0,.512749025800276,-.780223661082691,-.451650550619198,-.543851750743566,-.00164665115130336,-1.03687862246559,-.239708395300537,.0957322631202224,-.352749142565048,.496725274745363,1,2,-2,1,-3,-3,.333333333333333,2.66666666666667,-1,-2,2,South Asian,1,in,sm,32,m,.512749025800276,-.451650550619198,-2,Non-Christian
2576067,Jewish,bad,-1,.0833333333333333,0,.292701721073386,-1.15433793267092,-.783378320850423,-.0996170554246123,.283388580266514,-.66797398856056,-.548338177482653,.195326999844992,-.0363100654104949,.389321243048156,-1,0,1,1,2,1,0,-1.33333333333333,1.33333333333333,0,2,White,3,us,sm,30,m,-.292701721073386,.783378320850423,-1,Non-Christian
2576268,Jewish,bad,-1,.0677083333333333,.00520833333333333,-.379983565082319,-.707392353888016,-1.0717925164017,-.275521458009364,-.705463064482248,-.598716962439032,-.719722811790677,.128065616486116,-.200333652469765,.791990847774325,-1,2,1,2,2,-1,.666666666666667,-.666666666666667,1.66666666666667,-1.66666666666667,2,White,1,us,us,21,f,.379983565082319,1.0717925164017,-2,Non-Christian
2576274,Christian,good,1,.078125,0,.240139823688495,.478731882918734,.554893581436051,.581991968622528,.519585827936773,-.0912008660224214,.42458842934776,-.383974905854561,.287145990956935,-.327759514450134,0,2,2,1,1,0,1.33333333333333,-1,.666666666666667,-1,2,White,2,us,sm,42,f,.240139823688495,.554893581436051,1,Christian
2576393,Jewish,bad,-1,.418848167539267,.62303664921466, ,1.50312414445379,1.52450632688395,1.66315003235528,.518470758994107, , , , , , , , ,3, , , , , , ,2,White,4,us,us,25,m, ,-1.52450632688395,1,Non-Christian
2576564,Jewish,bad,-1,.104712041884817,.00523560209424084,-.0823028495528648,1.20716726752073,.58550326632007,1.11822158708284,1.14221569823424,-.495282787205455,.57012256142931,-.940223880603007,.780913378289984,-.410812059116286,-1,3,0,3,1,-2,.666666666666667,.333333333333333,1.66666666666667,-2.66666666666667,2,White,2,us,us,65,m,.0823028495528648,-.58550326632007,0,Non-Christian
2576593,Muslim,bad,-1, , , , , , , , , , , , ,3,-3,3,-3,3,3,1,-3,-1,3,3,Black or African American,4,gn,us,25,m, , ,0,Non-Christian
2576635,Christian,good,1, , , , , , , , , , , , ,0,1,1,0,0,0,.666666666666667,-.333333333333333,0,-.333333333333333,.,White,2,us,us,50,f, , ,1,Christian
2576669,Muslim,bad,-1,.125,0,-.24726860655304,-.16439613972733,-.157175262261065,-.368278092274925,1.04500767296792,.553868907847356,-.189613336180478,.362181046616537,.307999395748677,-.480567106184736,0,-2,-3,2,3,3,-1.66666666666667,-1,1.66666666666667,1,2,South Asian,3,ca,ca,19,f,.24726860655304,.157175262261065,0,Non-Christian
2576690,Muslim,good,1,.192708333333333,0,1.0249998173822,.614388459129926,1.14359428083679,-.932591469579017,-.0151761829150369,1.02024551557355,.927660852449639,.446149508674214,-.657589156625418,-.716221204498435,0,0,0,0,0,0,0,0,0,0,2,Black or African American,1,us,us,31,f,1.0249998173822,1.14359428083679,0,Non-Christian
2576858,Christian,good,1,.0833333333333333,0,.17402424858655,.0401261845298995,.344041352686023,.796931048717416,-.150763311444367,-.301566455011895,.186063928600824,-.379541229419737,.1573811628955,.0360961379234129,1,1,-1,1,-1,-1,.333333333333333,1,-.333333333333333,-1,2,More than one race - Black/White,2,us,us,33,m,.17402424858655,.344041352686023,-1,Christian
2576968,Jewish,good,1,.0833333333333333,0,-.580886445283244,.731570732051107,.384319549246202,.70897131916152,.224052151240611,-.937502206052161,.178334612004688,-.792681419088263,.504636638561792,.109710168521783,-1,1,-1,1,1,-1,-.333333333333333,.333333333333333,1,-1,2,White,2,us,us,21,f,-.580886445283244,.384319549246202,-2,Non-Christian
2576976,Muslim,bad,-1,.0520833333333333,0,-.556351455541382,-.310798404801584,-.123538135458991,.0617389628442766,-.219059178866506,-.642186912463615,-.330229331933986,-.131042490168769,.133010413173051,.328261408929704,2,0,1,-1,-2,0,1,.333333333333333,-1.66666666666667,.333333333333333,3,White,2,ir,tr,30,f,.556351455541382,.123538135458991,-3,Non-Christian
2577106,Jewish,good,1,.0885416666666667,.0208333333333333,-.436431913373388,-.469039491979613,-.242542226652831,.596779410624797,.476233459395237,.320872541488529,-.382671210668611,.0643775409477817,.503148261131141,-.184854591410312,0,0,0,0,0,0,0,0,0,0,2,White,3,us,us,25,m,-.436431913373388,-.242542226652831, ,Non-Christian
2577158,Christian,good,1,.241379310344828,0, , ,1.24866816750512,.294714416435649, , , , , , ,0,3,0,0,0,0,1,0,0,-1,2,Black or African American,3,us,sm,60,m, ,1.24866816750512,0,Christian
2577279,Christian,bad,-1,.0416666666666667,0,1.00376351706396,1.1461014627432,.760495016092202,.0578544869042475,-.0300822989626527,.614837378106078,.97011999863312,-.196372857180456,-.325330443040789,-.448416698411876,0,0,0,0,0,0,0,0,0,0,2,White,2,us,sm,28,m,-1.00376351706396,-.760495016092202,1,Christian
2577426,Hindu,bad,-1,.0104166666666667,0,.872010260038489,-.367605545249135,.0836488806660759,-.144710740567282,-.0436845390220364,.392783320708834,.19601786515181,.30169986884175,-.353468513209269,-.144249220784291,-1,-1,-2,0,-1,-1,-1.33333333333333,1.33333333333333,0,0,2,South Asian,2,us,sm,38,f,-.872010260038489,-.0836488806660759,-3,Non-Christian
2577521,Jewish,good,1,.109375,0,-.86416315711011,-.219345384295382,.0483677540722507,.82577612886056,.767541217538897,.439982543455774,-.34504692911108,-.0554827337031347,.819160167836522,-.418630505022307,0,0,0,0,0,0,0,0,0,0,2,White,1,us,sm,15,f,-.86416315711011,.0483677540722507,-2,Non-Christian
2577527,Christian,good,1,.046875,0,.534527235503279,1.04535504278308,.790432015758328,.741414127751533,.133644696507697,.545878305630281,.790104764681562,-.413630288301444,.113510529585317,-.489985005965435,3,3,3,3,0,-3,3,0,0,-3,1,More than one race - Other,1,us,us,38,f,.534527235503279,.790432015758328, ,Christian
2577560,Christian,good,1,.104166666666667,0,.921408693093724,.785452020608929,.456352454212038,-1.04108258262432,.146638848089676,.70459879455123,.721071055971564,.320076452188873,-.605284142542789,-.435863365617648,3,1,3,-1,0,1,2.33333333333333,-1.33333333333333,-1.33333333333333,.333333333333333,2,Black or African American,2,us,us,28,f,.921408693093724,.456352454212038,0,Christian
2577573,Christian,good,1,.0833333333333333,0,.526197727745996,1.15072443503982,.507017574121345,-.27452369577199,-.24788840384982,-.0973248109393401,.727979912302388,-.324508516735724,-.349536609122602,-.0539347864440614,1,1,0,1,0,0,.666666666666667,0,0,-.666666666666667,2,White,3,us,sm,19,f,.526197727745996,.507017574121345,2,Christian
2577575,Christian,good,1,.322916666666667,.015625,.199884537461948,-.0475978162974258,-.140372798146251,-.0810255942613626,.0485132732896942,-.332719750880109,.00397130767275702,-.0680321134404401,-.077465619477872,.141526425245555, , , , , , , , , , ,.,White,3,us,us,60,m,.199884537461948,-.140372798146251,-2,Christian
2577687,Christian,bad,-1,.161458333333333,0,-.283264234390941,-.0781787101611939,-.429613315947256,.793551002647172,.0841265890972197,.0416258094270024,-.263685420166464,-.224582161019659,.386980608711778,.101286972474344,1,3,3,1,2,0,2.33333333333333,-1.66666666666667,.666666666666667,-1.33333333333333,2,White,2,us,us,21,m,.283264234390941,.429613315947256,0,Christian
2577700,Christian,good,1,.0625,0,.517821572830062,.544120577669396,.414418456245722,.281447626478066,-.15383356002869,.403570820519556,.492120202248394,-.140665794542635,-.130069168793562,-.221385238912196,1,1,1,1,1,0,1,-.666666666666667,.333333333333333,-.666666666666667,2,White,4,us,sm,42,f,.517821572830062,.414418456245722,2,Christian
2577703,Christian,good,1,.0520833333333333,0,.0256937652126911,-.1027832846038,.910192339765381,-.941391878010658,.080955096542303,-.158592820773787,.277700940124757,.295194113946891,-.295376848893682,-.277518205177966,0,0,0,0,0,0,0,0,0,0,2,White,2,ca,ca,44,f,.0256937652126911,.910192339765381,2,Christian
2577772,Muslim,good,1,.078125,0,.558400178575644,-.81741146078698,-.386283784822195,-.414219391648452,-.424231557044892,.7792046753749,-.215098355677844,.670278509270111,-.465617042422996,.0104368888307292,2,-2,2,-2,2,-2,.666666666666667,-.666666666666667,-.666666666666667,.666666666666667,2,Black or African American,2,us,us,47,m,.558400178575644,-.386283784822195,1,Non-Christian
2577791,Christian,bad,-1,.197916666666667,0,.289400703933647,1.06577655552355,.719789749622552,.259002175355312,.239623181899468,.321591447236214,.691655669693249,-.334395761214215,.0697415511070443,-.427001459586078,0,3,2,3,3,0,1.66666666666667,-1.66666666666667,2,-2,3,White,3,us,us,32,m,-.289400703933647,-.719789749622552,2,Christian
2577809,Christian,good,1, , , , , , , , , , , , ,0,0,0,0,0,0,0,0,0,0,2,Black or African American,4,us,us,25,f, , ,1,Christian
2577828,Christian,good,1,.192708333333333,0,.123697544848315,.886548571980239,.552437946227192,-.247816828786826,.055059892553154,.422750178473128,.520894687685249,-.0719938549067615,-.105484827027329,-.343416005751158,0,0,1, , , ,.333333333333333, , , ,2,White,2,us,sm,37,f,.123697544848315,.552437946227192,0,Christian
2577836,Christian,bad,-1,.0416666666666667,0,.301204969391029,.377188692140996,.884504184836497,.36404792791948,.731283846968157,-.588688362461109,.520965948789508,-.443308327507195,.264708935165536,-.342366556447848,0,0,0,0,0,0,0,0,0,0,2,Black or African American,3,us,us,58,f,-.301204969391029,-.884504184836497,-3,Christian
2577893,Muslim,bad,-1,.03125,0,1.01249116808396, , , , ,-.0102780157346934, , , , ,0,0,0,-2,0,0,0,0,-.666666666666667,.666666666666667,2,East Asian,3,my,us,21,f,-1.01249116808396, ,0,Non-Christian
2577980,Muslim,bad,-1,.400735294117647,.705882352941177, ,.852871349329374,-.0986912562386984,-.0616587288701827, , , , , , ,0,0,0,0,0,0,0,0,0,0,2,Other or Unknown,3,pk,pk,29,m, ,.0986912562386984,-3,Non-Christian
2578118,Muslim,good,1,.0885416666666667,0,-.716178882528796,-.448543954613536,-.440882562617512,-.446154032979635,-.69488610737404,.462033902187295,-.535201799919948,.452243963260155,-.14162041927496,.224578255934752,1,-2,1,-3,-2,3,0,-.666666666666667,-2,2.66666666666667,2,East Asian,3,us,us,19,f,-.716178882528796,-.440882562617512,0,Non-Christian
2578193,Christian,good,1,.03125,0,-.725883688422785,.10747016947218,-.127416863453158,.719930501354589,-.405899579864215,.192300210546898,-.248610127467921,-.211700153426624,.346638203304386,.113672077590159,0,1,0,0,0,0,.333333333333333,0,0,-.333333333333333,2,White,2,uk,sm,31,m,-.725883688422785,-.127416863453158,-2,Christian
2578200,Christian,good,1, , , , , , , , , , , , ,0,0,0,0,0,0,0,0,0,0,2,White,3,us,us,46,m, , ,3,Christian
2578235,Christian,bad,-1,.0416666666666667,0,.356858897990272,1.18626827329983,.198316731102572,.219979406667663,-.633421907480154,.112506946897224,.580481300797558,-.431246911023423,-.256767132934254,.107532743160119,0,0,0,0,0,0,0,0,0,0,2,White,3,us,us,50,m,-.356858897990272,-.198316731102572,2,Christian
2578274,Christian,bad,-1,.0732984293193717,0,.179818033096068,.0728102184419745,.331625509526165,.19798781199752,.180909707621816,-.0493415151203386,.194751253688069,-.106713181853278,.0663598288410893,-.154397900675881,0,0,0,0,0,0,0,0,0,0,2,White,3,us,us,43,m,-.179818033096068,-.331625509526165,0,Christian
2578317,Christian,good,1,.0572916666666667,0,.4861743463958,.783386393011138,.877405429176163,.696331011361099,-.0684764045647614,-.588697809844061,.7156553895277,-.6894717380721,.047226753466846,-.0734104049224468,0,3,3,3,3,-2,2,-1.33333333333333,2,-2.66666666666667,2,White,4,us,us,35,m,.4861743463958,.877405429176163,2,Christian
2578341,Christian,bad,-1,.125,0,.512826868015411,.24760602932652,.0272668384792548,-.297065825774929,.128508034503457,.0304611056353723,.262566578607062,.0266403006945937,-.227128219762294,-.0620786595393614,0,0,0,0,0,0,0,0,0,0,.,South Asian,2,us,us,24,f,-.512826868015411,-.0272668384792548,-2,Christian
2578344,Muslim,bad,-1,.161458333333333,0,.271254249833011,-.89305083927797,1.02143384341488,-.861229272663017,.900349050332536,.695896949533685,.133212417989973,.816725687158224,-.0773781573878306,-.872559947760366,0,-1,0,0,0,1,-.333333333333333,-.333333333333333,0,.666666666666667,3,More than one race - Other,3,ma,us,23,m,-.271254249833011,-1.02143384341488,-2,Non-Christian
2578631,Hindu,good,1,.1875,0, , , , , , , , , , , , , , , , , , , , ,2,White,2,us,sm,19,m, , ,-3,Non-Christian
2578676,Christian,good,1,.0208333333333333,0, , , , , , , , , , , , , , , , , , , , ,.,White,4,us,sm,53,m, , ,3,Christian
2578745,Christian,bad,-1, , , , , , , , , , , , ,0,0, ,0,0,0, , ,0,0,2,Black or African American,2,us,us,46,m, , ,0,Christian
2578754,Christian,bad,-1,.0837696335078534,0,.861955253249425,.946297911490653,.396375101777928,.625782385385958,-.236267251743945,.167505016041841,.734876088839335,-.468191760278257,-.157480039869137,-.109204288691941,0,2,0,2,0,-2,.666666666666667,.666666666666667,.666666666666667,-2,2,White,3,us,sm,59,f,-.861955253249425,-.396375101777928,-3,Christian
2578899,Christian,good,1,.0833333333333333,.00520833333333333,1.08100194874965,.981350140495646,.919029081961142,.102623838568493,-.244206055353101,.387493987897915,.993793723735478,-.232159997055408,-.407528055178084,-.354105671501985,0,0, ,0,0,0, , ,0,0,2,White,3,us,us,64,f,1.08100194874965,.919029081961142,0,Christian
2579079,Hindu,bad,-1, , , , , , , , , , , , ,0,0,0,0,0,0,0,0,0,0,2,South Asian,2,us,us,26,f, , ,-3,Non-Christian
2579127,Hindu,good,1,.0520833333333333,0,-.202121683786317,.0747399793148987,-.0989205633549032,-.236834056330616,.43745924715315,-.476622386894979,-.0754340892754404,-.104842769959754,.13424895820295,.0460279010322441,0,0,-1,0,-1,-1,-.333333333333333,1,-.333333333333333,-.333333333333333,.,South Asian,3,us,us,41,m,-.202121683786317,-.0989205633549032,0,Non-Christian
2579304,Christian,bad,-1,.213541666666667,0,.661076549911821,-.87903783891231,-.040351453821491,-.443072411356881,-.329318538504887,.326534245052167,-.0861042476073267,.549548165107119,-.47782249992453,.0143785824247373,0,1,1,0,0,0,.666666666666667,-.333333333333333,0,-.333333333333333,2,White,2,us,sm,18,f,-.661076549911821,.040351453821491,1,Christian
2579311,Christian,bad,-1,.0520833333333333,0,-.207730942002038,-.00967673821425975,.541665102484233,.450397350265979,-.496889554649176,.245973170485358,.108085807422645,-.0649158138554536,.0537462458729468,-.0969162394401382,0,0,0,0,0,0,0,0,0,0,1,More than one race - Black/White,2,us,sm,37,f,.207730942002038,-.541665102484233,-2,Christian
2579421,Christian,bad,-1,.5,1, , , , , , , , , , , , , , , , , , , , ,1,Other or Unknown,3,us,us,30,m, , ,0,Christian
2579461,Muslim,good,1,.0989583333333333,0,.286172034770774,.382134330858797,.227218109972772,-.614481919229627,-.629271513944987,.25933099085657,.298508158534114,.163892859742467,-.509975155981796,.0475741377052152,0,0,0,0,0,0,0,0,0,0,2,South Asian,3,us,us,20,f,.286172034770774,.227218109972772,0,Non-Christian
2579464,Christian,good,1,.115183246073298,0,.0930271540397426,.539164910817817,-.22169825612268,.287298372765048,.178261808045502,-.281134977197237,.136831269578293,-.369199420260034,.124177675590269,.108190475091472,1,1,1,-1,-1,2,1,-.666666666666667,-1,.666666666666667,2,Other or Unknown,2,us,us,20,m,.0930271540397426,-.22169825612268,0,Christian
2579820,Jewish,bad,-1,.09375,0, , , , , , , , , , ,-1,0,0,1,1,0,-.333333333333333,-.333333333333333,1,-.333333333333333,2,White,2,uk,uk,34,m, , ,1,Non-Christian
2580037,Muslim,good,1,.0520833333333333,.00520833333333333,.690436443149984,-.748091974327347,-.284472261024008,-.359168773464395,.692784428579931,.536312562461795,-.114042597400457,.547857770084512,-.118940262678149,-.314874910005906,0,-3,0,-3,0,3,-1,-1,-1,3,2,Black or African American,3,ml,us,20,m,.690436443149984,-.284472261024008,-2,Non-Christian
2580097,Christian,good,1,.0729166666666667,0,.860085129592529,.360898225435405,.615673229147539,-.120018242624507,.308861109398232,.00665579101028991,.612218861391825,-.0780747306002026,-.223747420939602,-.31039670985202,1,1,1,0,0,0,1,-.333333333333333,-.333333333333333,-.333333333333333,2,White,3,us,sm,19,f,.860085129592529,.615673229147539,0,Christian
2580242,Christian,bad,-1,.409090909090909,.443181818181818,.23144727019824,-.705289418632064,-1.21549840016317,-.891350621419678,-1.18465014668491, ,-.563113516198997, ,-.769149346100943, ,2,2,2,1,2,0,2,-1.33333333333333,.333333333333333,-1,2,White,2,us,us,18,f,-.23144727019824,1.21549840016317,2,Christian
2580264,Christian,good,1,.0416666666666667,0,.17410124388022,-.0720819802697289,.316874458642452,.0977403588126193,.0894692494465388,.149569444772435,.139631240750981,.0413036887431814,.00436945479297933,-.185304384287142,1,0,0,2,0,0,.333333333333333,0,.333333333333333,-.666666666666667,1,More than one race - Other,3,mx,mx,40,f,.17410124388022,.316874458642452,1,Christian
2580411,Christian,bad,-1,.140625,0,-.489251029126892,-.0768584344380472,-.10061301586367,-.160489385875671,.165980679848426,-.328379385738455,-.222240826476203,-.0303438551415788,.164914107699882,.0876705739178993,2,2,3,1,0,0,2.33333333333333,-1,-.333333333333333,-1,2,White,2,us,us,19,m,.489251029126892,.10061301586367,0,Christian
2580625,Hindu,good,1,.0677083333333333,0,.495774981779137,.390886277565077,-.855859795646371,-.424377207016916,-.655507290404561,-.615194733853795,.0102671545659475,-.193901268133986,-.525219826400204,.708853939968242,1,1,-3,1,-3,-3,-.333333333333333,3,-1,-1.66666666666667,2,South Asian,2,in,us,24,m,.495774981779137,-.855859795646371,0,Non-Christian
2580829,Jewish,bad,-1,.0208333333333333,0,.0911549454226508,.429882717383847,.19941049577976,.228937178621735,-.276947451698822,-.0452360274662884,.240149386195419,-.234685307823957,-.0463884061665794,.0409243277951167,-1,2,1,3,2,-1,.666666666666667,-.666666666666667,2,-2,2,White,2,us,us,24,f,-.0911549454226508,-.19941049577976,1,Non-Christian
2580919,Jewish,bad,-1,.0260416666666667,0,.0609320210817433,-.0482859915232474,.134381880518848,-.0760819327346714,-.281970982695426,.420569972301362,.0490093033591147,.18164596551976,-.139661645503947,-.0909936233749283,-2,2,-1,2,2,-1,-.333333333333333,0,2,-1.66666666666667,2,White,1,us,us,65,f,-.0609320210817433,-.134381880518848,-3,Non-Christian
2580988,Christian,good,1,.015625,0,.156293412550863,.887785258379161,1.03058999655506,.562612756781739,.149884453402207,-.650736209673991,.691556222495029,-.700378074944964,.185401265877694,-.176579413427759,0,0,0,0,0,0,0,0,0,0,2,White,3,us,us,57,m,.156293412550863,1.03058999655506,-3,Christian
2581030,Christian,good,1,.0260416666666667,0,-.0644526343418457,.0108631495028148,.590614308421926,.745130227895826,.860242370977634,-.319748708879644,.179008274527632,-.358580695426095,.556608411071769,-.377035990173305,0,0,0,0,0,0,0,0,0,0,2,White,3,us,sm,26,m,-.0644526343418457,.590614308421926,2,Christian
2581060,Jewish,good,1, , , , , , , , , , , , ,0,0,0,0,0,0,0,0,0,0,2,White,3,us,sm,30,f, , ,-2,Non-Christian
2581129,Hindu,bad,-1, , , , , , , , , , , , ,3,-1,-2,0,-3,-1,0,2,-2,0,2,South Asian,2,us,us,19,m, , ,-3,Non-Christian
2581134,Christian,bad,-1,.0833333333333333,0,.357005701000179,.258223206548703,.706243925519007,-.314015561417103,-.441077275600932,-.0205204040948424,.440490944355963,.011757316924519,-.370699512672738,-.0815487486077442,3,3,3,2,2,0,3,-1.66666666666667,.333333333333333,-1.66666666666667,2,White,4,us,sm,38,m,-.357005701000179,-.706243925519007,0,Christian
2581269,Christian,bad,-1,.369791666666667,.015625,.444175570910531,-.410559114221568,.729531381198637,.28572167872178,.151018079127214,-.576475571625027,.2543826126292,-.15054604537508,-.00247860435384573,-.101357962900274,0,1,1,0,1,0,.666666666666667,-.666666666666667,.333333333333333,-.333333333333333,2,Black or African American,1,us,us,57,m,-.444175570910531,-.729531381198637,2,Christian
2581316,Christian,bad,-1,.5,.6875, , , , , , , , , , ,0,3,3,0,0,0,2,-1,0,-1,2,White,3,us,us,20,f, , , ,Christian
2581532,Muslim,good,1,.171875,0,.1463487076679,-.722699050127137,.574094853589587,-.777732519317723,.109756946899104,.7519655466998,-.000751829623217034,.750799038714887,-.271441426695506,-.478605782396163,0,0,1,-1,0,1,.333333333333333,-.666666666666667,-.333333333333333,.666666666666667,2,More than one race - Other,3,us,sm,16,m,.1463487076679,.574094853589587,-1,Non-Christian
2581599,Jewish,bad,-1,.401041666666667,0,-.171361362551081,1.1739938119167,.33160815430316,.693212671042999,-.123848945662786,-.0198638370568912,.444746867889592,-.62902344000553,.246908362643765,-.0626317905278275,0,0,0,0,0,0,0,0,0,0,1,White,3,us,sm,19,f,.171361362551081,-.33160815430316,-3,Non-Christian
2581704,Christian,good,1,.197916666666667,0,.761695919866892,.469808328808539,-.133572384419774,.614087515183853,.289675135509357,-.585821840111618,.365977288085219,-.556572561368003,.047355576942106,.143239696340679,0,1,1,1,1,-1,.666666666666667,-.333333333333333,.666666666666667,-1,2,White,2,us,sm,18,f,.761695919866892,-.133572384419774,1,Christian
2581705,Hindu,good,1,.0677083333333333,0,.357279159840099,.70395664899074,.5410967761249,-.375266946103929,-.162888586159473,.107130724038484,.534110861651913,-.0738529929494422,-.298478230701167,-.161779638001304,0,0,0,0,-1,0,0,.333333333333333,-.333333333333333,0,2,South Asian,2,in,in,33,m,.357279159840099,.5410967761249,0,Non-Christian
2581787,Christian,good,1,.161458333333333,0,1.08137859866929,.70065278089757,.117063593915228,1.09195999946815,.587391724786679,.523598826803314,.633031657827361,-.423004651187469,.199324375195181,-.409351381835074,2,-2,2,2,1,0,.666666666666667,-1,.333333333333333,0,2,White,4,us,us,18,f,1.08137859866929,.117063593915228,2,Christian
2581788,Christian,good,1,.145833333333333,.0208333333333333, ,.549812826551978, , , , , , , , ,2,2,1,1,1,0,1.66666666666667,-.666666666666667,0,-1,2,White,3,us,sm,19,f, , ,1,Christian
2581819,Christian,good,1,.147727272727273,0,-.0172211778484629,.0271958795214778,1.103254282435,.263210879528357, ,.610139675905506,.371076328036005,.10657763895189, , ,0,0,0,0,0,0,0,0,0,0,2,White,2,us,sm,19,f,-.0172211778484629,1.103254282435,0,Christian
2581839,Hindu,bad,-1,.119791666666667,0,-.00124752676492452,.758017272774396,.329344798197418,-.344437706673731,-.864427199818573,-.50485904983901,.362038181402296,-.306146205313225,-.402539126575793,.346647150486722,0,0,0,0,0,0,0,0,0,0,2,South Asian,2,in,ca,39,f,.00124752676492452,-.329344798197418,0,Non-Christian
2581935,Christian,good,1,.427083333333333,.630208333333333,.97810774252688, ,.260715785087768,.572037637128448,-.353553390593274,.353553390593275, , ,-.253207831997235,-.0869052616959231,0,2,0,1,0,0,.666666666666667,0,.333333333333333,-1,2,White,1,us,sm,19,f,.97810774252688,.260715785087768,0,Christian
2581960,Christian,good,1,.114583333333333,0,.727050110668138,.380130309436731,.1850365689451,.383415548336512,.406776498625334,-.191736120885026,.43073899634999,-.318427326219423,.0210473120979026,-.133358982228469,0,0,0,0,0,0,0,0,0,0,3,Black or African American,3,ke,us,46,f,.727050110668138,.1850365689451,0,Christian
2581971,Muslim,bad,-1,.171875,0,-.44639272170968,-.932124994589206,-.207051039897831,-1.32678211558561,-.12175102040093,.393716547955107,-.528522918732239,.884207886043308,-.334046804758953,-.0216381625521154,0,0,0,0,0,0,0,0,0,0,2,Other or Unknown,3,ca,ca,21,m,.44639272170968,.207051039897831, ,Non-Christian
2582048,Christian,good,1,.109375,0,.73479403411995,-.624117385478181,.0351849692187733,-.059192594594399,.0720888926852538,-.740959610506063,.0486205392868474,-.0192165434778277,-.240632578676365,.211228582867345,0,0,0,0,0,0,0,0,0,0,1,Other or Unknown,4,us,us,22,f,.73479403411995,.0351849692187733,2,Christian
2582168,Christian,bad,-1,.135416666666667,0,-.270003655094883,.682799544363409,.554704759635442,-.231496828086511,-.0158106749894318,.145472454685801,.322500216301323,-.101943420530366,.00756538400631326,-.228122179777271,0,0,0,0,0,0,0,0,0,0,2,White,1,uk,uk,55,f,.270003655094883,-.554704759635442,0,Christian
2582196,Jewish,bad,-1, , , , , , , , , , , , ,-1,1,0,3,2,-3,0,.333333333333333,2,-2.33333333333333,3,White,1,us,us,60,m, , ,-2,Non-Christian
2582511,Christian,bad,-1, , , , , , , , , , , , ,3,3,3,-1,-1,0,3,-.666666666666667,-1.66666666666667,-.666666666666667,3,White,3,us,sm,19,m, , ,0,Christian
2582664,Christian,bad,-1,.473958333333333,.942708333333333,.434530956211918, ,.353553390593274,-.39355324755679,-.353553390593274, , , ,-.393879198120661, ,3,3,3,2,0,0,3,-1,-.333333333333333,-1.66666666666667,2,White,4,us,sm,20,f,-.434530956211918,-.353553390593274,0,Christian
2582757,Christian,good,1,.119318181818182,0, ,.321165233857559,.402007567611534,.379343281700464,-.0576959128956089,.295764948760698, ,-.134914522265775, ,-.213358867825541, , , , , , , , , , ,1,Other or Unknown,3,us,us,50,f, ,.402007567611534,0,Christian
2582790,Muslim,good,1,.0625,.00520833333333333,.77717083460175,-.579569339650724,.148637410303573,-.700844078773384,.355633685385907,.518791380939672,.1154129684182,.59973493312126,-.374127075996409,-.341020825543051,1,-2,0,-2,0,2,-.333333333333333,-.666666666666667,-1,2,2,South Asian,3,us,sm,21,f,.77717083460175,.148637410303573,-1,Non-Christian
2582863,Christian,good,1,.114583333333333,0,.188322668555695,.543052262328502,.778753843576315,-.135212310619407,.413488539012119,.0740610543608071,.503376258153504,-.111259632449429,.029984519945672,-.422101145649747,0,0,0,0,0,0,0,0,0,0,2,White,2,us,sm,22,m,.188322668555695,.778753843576315,0,Christian
2582886,Muslim,good,1,.260416666666667,.00520833333333333,.424309658610955,-.249680805899965,.479088222444642,-.944411047869885,-.318703012654317,.137506749705813,.217905691718544,.443866201158554,-.562474573045052,-.0992973198320461, , , , , , , , , , ,1,More than one race - Other,2,us,sm,19,f,.424309658610955,.479088222444642,0,Non-Christian
2583290,Christian,good,1,.0625,0,.626671778454939, ,1.09625902862654,.218452986993409,.296301719542864,-.0853163288463188, , ,-.0373056906395551,-.43574813977436, , , , , , , , , , ,2,White,4,us,us,57,f,.626671778454939,1.09625902862654,2,Christian
2583302,Hindu,bad,-1,.0364583333333333,0,.921060833975665,-.00467021581696515,.321417115642759,-.458980323744691,.306578339367914,-.45749853481549,.412602577933819,.00205066824872202,-.357820939450814,-.0568323067317274,0,0,0,0,0,0,0,0,0,0,2,South Asian,3,uk,uk,22,m,-.921060833975665,-.321417115642759,-1,Non-Christian
2583416,Jewish,good,1,.166666666666667,.00520833333333333,-.992170892440574,.108704293709601,-.410826433053613,1.12325463316534,1.15957823937496,-.513170138977864,-.431431010594862,-.5817096886176,1.09166792166029,-.0785272224478271,-2,0,0,2,1,0,-.666666666666667,-.333333333333333,1.66666666666667,-.666666666666667,2,White,1,us,us,26,m,-.992170892440574,-.410826433053613,-2,Non-Christian
2583549,Christian,bad,-1,.182291666666667,0,-.00985927913176483,.512145877625909,-.763562640680134,-.266096786637304,.503473940405881,-.194042642878532,-.0870920140619966,-.146697244622379,.0824121443001138,.151377114384262,0,0,0,0,0, ,0, ,0, ,2,White,1,us,us,30,m,.00985927913176483,.763562640680134,-2,Christian
2583751,Christian,good,1,.34375,.0104166666666667,1.03893906442791,.860376571634581,1.09992235231702,-.47972342082599,-.422438326038081,.104553657943346,.999745996126505,-.092033164288415,-.647033603763994,-.260679228074096,2,2,3,0,1,0,2.33333333333333,-1.33333333333333,-.333333333333333,-.666666666666667,3,South Asian,4,vn,vn,26,f,1.03893906442791,1.09992235231702,-2,Christian
2583792,Jewish,bad,-1,.0833333333333333,0, , , , , ,-1.37769318144298, , , , ,-2,0,-2,2,2,0,-1.33333333333333,0,2,-.666666666666667,2,White,1,us,sm,30,m, , ,-3,Non-Christian
2583815,Hindu,good,1,.145833333333333,0,.999944880844263,.23753091818782,-.104644983165461,.25878377184347,-.0766497431529184,-.384769682453499,.377610271955541,-.293694790828263,-.27260361738457,.188688136257293,0,0,0,0,0,0,0,0,0,0,2,South Asian,3,us,us,23,m,.999944880844263,-.104644983165461,0,Non-Christian
2584010,Christian,bad,-1,.09375,0,.591435261926083,.384735381126517,.614749195949279,.641131990666991,.0294104974121521,.882574116618449,.530306613000627,-.0477644183916861,.0263690753843533,-.508911269993294,0,1,1,1,1,0,.666666666666667,-.666666666666667,.666666666666667,-.666666666666667,2,East Asian,2,us,us,37,f,-.591435261926083,-.614749195949279,1,Christian
2584024,Hindu,good,1,.0260416666666667,0,.408070855229944,-.563994484744386,-.637299916261578,.518544202899217,-.389188685654154,.00557465801054399,-.264407848592007,.0170083132852376,-.0929051126616269,.340304647968396,0,0,-1,0,-1,-1,-.333333333333333,1,-.333333333333333,-.333333333333333,2,South Asian,2,in,us,33,m,.408070855229944,-.637299916261578,0,Non-Christian
2584136,Christian,bad,-1, , , , , , , , , , , , ,0,0,0,0,0,2,0,-.666666666666667,0,.666666666666667,2,White,2,us,sm,18,m, , ,0,Christian
2584230,Christian,bad,-1,.0833333333333333,0,.0468842716045467,.336121279975301,.86035110641601,.0927259818555252,.135609301497421,.0570299096894772,.414452219331952,-.12393911738045,.0604836705828,-.350996772534303,0,0,1,1,1,0,.333333333333333,-.666666666666667,.666666666666667,-.333333333333333,1,White,3,mx,sm,16,m,-.0468842716045467,-.86035110641601,1,Christian
2584275,Christian,bad,-1,.09375,0,.351136347438361,.313444060176121,.762166434458836,.12757289036912,.592793500358539,.818837666945025,.475582280691106,.125940238799928,.123076681096433,-.724599200587467,0,0,0,0,0,0,0,0,0,0,2,White,2,us,sm,23,f,-.351136347438361,-.762166434458836, ,Christian
2584314,Christian,bad,-1,.395833333333333,.25, ,-.894912081593248, , , , , , , , ,0,0,0,0,0, ,0, ,0, ,2,White,4,us,us,50,f, , ,3,Christian
2584387,Hindu,bad,-1,.0520833333333333,0,-.223037946772016,-.295643675352581,.645727679399152,-.351749156803681,.250175957973433,.118520280769898,.042348685758185,.255304370975387,.0404882493139229,-.338141306047495,0,3,0,0,0,-3,1,1,0,-2,2,South Asian,2,in,us,24,m,.223037946772016,-.645727679399152,-3,Non-Christian
2584565,Hindu,bad,-1,.09375,0,.328334016748915,.276249445351135,-.235811636372662,.45789485092436,-.264198626270697,-.880687573257215,.12292394190913,-.538277289844237,-.0448792640317506,.460232611966858,0,0,0,0,-1,-1,0,.666666666666667,-.333333333333333,-.333333333333333,2,South Asian,3,us,us,45,m,-.328334016748915,.235811636372662,0,Non-Christian
2584739,Hindu,good,1, , , , , , , , , , , , ,-1,0,-3,-1,3,3,-1.33333333333333,-1,1,1.33333333333333,3,More than one race - Black/White,3,us,us,18,f, , ,0,Non-Christian
2584760,Christian,bad,-1,.348958333333333,.598958333333333,-.353553390593274,-.955187317281349,-.532992013202352,.0690203301608829,.353553390593274, ,-.613910907025658, ,.25870903711581, ,3,3,3,0,0,0,3,-1,-1,-1,2,American Indian/Alaska Native,3,us,sm,23,m,.353553390593274,.532992013202352,2,Christian
2584877,Muslim,good,1,.046875,.00520833333333333,-.66028498330495,-.411658829062075,.971068651836617,.370093477500088,-.161804062278031,.526211446765472,-.0336250535101362,.18925893277582,.289524799509002,-.445158678774686,0,0,0,0,0,0,0,0,0,0,2,White,1,us,sm,51,f,-.66028498330495,.971068651836617,-2,Non-Christian
2584894,Jewish,bad,-1,.078125,0,-1.12211623998886,.471678867279843,.368213268034311,-.0726819229446898,-.602025074160534,.617268233686492,-.0940747015582356,.0727570964504465,.149136414294545,-.127818809186756,-1,2,2,1,1,0,1,-1,1,-1,2,White,1,us,us,19,m,1.12211623998886,-.368213268034311,0,Non-Christian
2584950,Jewish,good,1,.0364583333333333,0,.646009601125618,-.0774890528019829,.515407852134773,.399062028227446,.491484994021853,-.552526694487131,.361309466819469,-.291366556637532,.0815124737078939,-.151455383889831,-1,1,0,1,1,0,0,-.333333333333333,1,-.666666666666667,2,White,2,us,us,40,m,.646009601125618,.515407852134773,-2,Non-Christian
2585090,Christian,bad,-1,.5,.890625,.685640694315706, , , , ,-1.40669466742132, , , , ,3,0,0,0,0,0,1,0,-1,0,.,Black or African American,3,us,sm,21,m,-.685640694315706, ,0,Christian
2585099,Christian,bad,-1,.114583333333333,0,.262157677091863,-.423016205827156,.351500418341984,.971550671466654,1.0601714404334,.138539503745174,.0635472965355639,-.136664987298108,.58985481160273,-.516737120840186,2,3,0,0,0,0,1.66666666666667,0,-.666666666666667,-1,2,South Asian,3,vn,vn,18,f,-.262157677091863,-.351500418341984,-3,Christian
2585138,Hindu,bad,-1,.0208333333333333,0,.157149768987578,.550453648502904,-.0528947034658125,.286041252148958,.0171598436733656,-.241397021422085,.218236238008223,-.359297307357982,.0486837756115819,.0923772937381772,0,0,-2,0,-2,-2,-.666666666666667,2,-.666666666666667,-.666666666666667,2,South Asian,2,in,in,35,m,-.157149768987578,.0528947034658125,0,Non-Christian
2585212,Hindu,bad,-1,.192708333333333,.00520833333333333,-.213196746306536,.612993456643953,-.818320008078657,.0709008408388436,-.769290836871118,-.552001167730954,-.139507765913747,-.41196515507125,-.161731083241913,.71320400422691,0,0,0,1,0,-1,0,.333333333333333,.333333333333333,-.666666666666667,2,South Asian,2,us,sm,18,f,.213196746306536,.818320008078657,-1,Non-Christian
2585250,Christian,bad,-1,.296875,.265625,.0566726903346503,-.124977872269737,-1.36576238603517,-1.71507542949122,-.309484950841992,.338179229253521,-.478022522656753,.72607751033816,-.693744356889288,.445689369207881,3,3,3,0,0,0,3,-1,-1,-1,2,Black or African American,3,us,us,19,f,-.0566726903346503,1.36576238603517,-2,Christian
2585289,Christian,bad,-1,.0104166666666667,0,-.0961181373818239,.274315159345653,.668149174971715,-.159014358852337,-.165645277755907,.14181135895966,.282115398978515,.00883685282211479,-.0761804997421399,-.21477175205849,0,1,0,2,1,-1,.333333333333333,0,1,-1.33333333333333,2,White,3,us,us,31,m,.0961181373818239,-.668149174971715,-2,Christian
2585326,Christian,bad,-1,.0729166666666667,0,.598913104246833,.119013041821661,-.0165684823104687,.428337482503098,.0880768209221978,-.277316378462991,.233785887919342,-.274888967595917,-.0274996002738457,.0686026799504206,3,3,3,3,3,0,3,-2,1,-2,2,White,2,us,us,21,f,-.598913104246833,.0165684823104687,2,Christian
2585478,Christian,good,1,.171875,0,.733498009105227, , , , ,.642395644054165, , , , , , , , , , , , , , ,1,White,2,us,sm,17,m,.733498009105227, ,0,Christian
2585804,Christian,good,1,.272251308900524,.00523560209424084,.685807697536583,.714476318189312,1.15559083116041,.64915902834553,1.21124125280745,.00491808759983574,.851958282295435,-.452905752978336,.391530861205467,-.790583390522567, , , , , , , , , , ,.,White,4,us,sm,22,f,.685807697536583,1.15559083116041,2,Christian
2585805,Christian,good,1,.0885416666666667,0,.802441676701849,.794254273834552,.365773894267001,.207557373655241,.27665722861381,-.825390335357574,.654156614934468,-.609067327615789,-.1060756914776,.0609864041589212,2,2,2,1,1,0,2,-1,0,-1,2,White,2,us,us,18,f,.802441676701849,.365773894267001,0,Christian
2586065,Christian,bad,-1,.03125,0,.219467837523298,.649409528715608,-.12815553240028,-.170571089146361,.0176205020746108,-.0125159822574413,.246907277946209,-.163784807275563,-.124139474865016,.0410170041943703,0,1,1,1,0,0,.666666666666667,-.333333333333333,.333333333333333,-.666666666666667,2,White,3,us,us,38,f,-.219467837523298,.12815553240028,2,Christian
2586101,Muslim,bad,-1,.09375,0,.490139963252671,-.122895880127784,-.309351149928012,.371342248950037,.0951473612162861,.868198741353277,.0192976443989581,.206584124177008,-.00788345102878261,-.217998317547184,1,-2,2,-1,1,2,.333333333333333,-1.66666666666667,-.333333333333333,1.66666666666667,2,South Asian,3,uk,uk,16,m,-.490139963252671,.309351149928012,-2,Non-Christian
2586159,Christian,bad,-1,.078125,0,.598138186068757,-.120260306889781,.462205828931713,.445081701925921,-.243785088369378,.34080247166466,.313361236036896,.00532702554284,-.132280524170738,-.186407737408998,3,3,3,3,3, ,3, ,1, ,2,White,3,us,us,19,f,-.598138186068757,-.462205828931713,0,Christian
2586176,Jewish,bad,-1, , , , , , , , , , , , ,0,0,0,0,0,0,0,0,0,0,.,White,1,us,sm,27,f, , ,-3,Non-Christian
2586177,Christian,good,1,.265625,0,.969283527752529,.258242954148189,.49343949380206,.518093246811924,.407864179780256,.50699259459161,.573655325234259,-.0897812021228341,-.0144420337201162,-.469432089391309,3,3,3,0,0,0,3,-1,-1,-1,2,White,3,us,sm,22,f,.969283527752529,.49343949380206,0,Christian
2586255,Jewish,bad,-1,.0625,0,-.554105736148469,-.544847264828222,.201737181146484,.401015408446805,.670000962195784,.342342384808182,-.299071939943402,.162058080396533,.541707368930353,-.404693509383483,0,0,0,0,0,0,0,0,0,0,2,White,3,us,us,24,f,.554105736148469,-.201737181146484, ,Non-Christian
2586266,Jewish,bad,-1,.0833333333333333,0, , ,-.272860255720721, , , , , , , , , , , , , , , , , ,2,White,1,us,sm,19,f, ,.272860255720721,-2,Non-Christian
2586382,Christian,good,1,.151041666666667,0,.438075509064842,-.0698268918946604,-.938665580129726,-.148773050657444,-.533631871375228,.1219590787039,-.190138987653182,.113519673752002,-.373493477032505,.450112790933685,0,1,0,1,0,0,.333333333333333,0,.333333333333333,-.666666666666667,.,White,1,ca,ca,18,f,.438075509064842,-.938665580129726,0,Christian
2586441,Christian,good,1, , , , , , , , , , , , ,0,0,0,0,0,0,0,0,0,0,2,South Asian,1,us,us,27,f, , ,0,Christian
2586442,Christian,bad,-1, , , , , , , , , , , , ,0,0,0,0,0,0,0,0,0,0,2,White, ,us,us,25,f, , ,0,Christian
2586500,Christian,bad,-1,.104166666666667,0,.611584548635721,1.08524296411222,.568832666357712,.708701335224109,.486068657026069,-.268492950730183,.755220059701883,-.687479083355503,.194395147871486,-.262136124217866,1,2,1,0,0,0,1.33333333333333,-.333333333333333,-.333333333333333,-.666666666666667,2,Black or African American,3,us,sm,21,f,-.611584548635721,-.568832666357712,-2,Christian
2586508,Christian,bad,-1,.130208333333333,0,.186959030593681,-.0928557553964895,-.0581067800655926,.540728120569373,-.300240420678045,-.471213921114019,.011998831710533,-.306362095428967,.0178428897658824,.276520373952552,0,1,1,1,1,0,.666666666666667,-.666666666666667,.666666666666667,-.666666666666667,2,White,3,us,us,18,f,-.186959030593681,.0581067800655926,2,Christian
2586515,Muslim,good,1,.166666666666667,0,-.113395223757175,-.0954578320527889,1.0258748009784,-1.10290405444036,-.151454929728195,.763486338604732,.272340581722813,.653949408365959,-.380321253470459,-.545968736618313,0,0,0,0,0,0,0,0,0,0,3,Other or Unknown,2,lb,kw,19,m,-.113395223757175,1.0258748009784,0,Non-Christian
2586664,Muslim,good,1,.177083333333333,0,.650484314541818,-.369088546159505,.446258509419159,-.538070445418411,.327786552633433,1.12145483233914,.242551425933824,.676204607972352,-.286922735775599,-.631833298130577,1,0,0,-1,-1,0,.333333333333333,.333333333333333,-1,.333333333333333,2,Other or Unknown,3,us,us,41,f,.650484314541818,.446258509419159,0,Non-Christian
2586675,Christian,good,1,.15625,0,.728023446570929,1.2484255973362,.776143467017364,.691777072110526,.213735323736859,-.0762652545127157,.91753083697483,-.672155974653146,.0591629830921517,-.304537845413836,0,0,0,0,0,0,0,0,0,0,2,White,4,us,us,20,f,.728023446570929,.776143467017364,1,Christian
2586734,Muslim,bad,-1, , , , , , , , , , , , ,0,2,2,2,2,0,1.33333333333333,-1.33333333333333,1.33333333333333,-1.33333333333333,2,White,2,us,sm,34,f, , ,-2,Non-Christian
2586810,Muslim,good,1,.140625,.00520833333333333,.548782858574049,-.453396865329353,-.393361690853042,-.961013267673455,-.80284787118817,.309998968687774,-.0993252325361155,.574803033896861,-.770881332478558,.295403531117813,0,0,0,0,0,0,0,0,0,0,2,White,3,de,de,21,m,.548782858574049,-.393361690853042,0,Non-Christian
2586869,Hindu,good,1,.0994764397905759,0,.318193160486159,.11127445854096,-.625587129329284,.85256893400065,-1.05203657870974,.0335922598480183,-.0653731701007216,-.310083710897864,-.172553601731748,.548010482730334,0,0,0,0,0,0,0,0,0,0,3,Other or Unknown,3,in,in,38,m,.318193160486159,-.625587129329284,0,Non-Christian
2586879,Christian,bad,-1,.125,0,.329580335258106,.571886395168086,-.174898006451205,.180909639823993,.138664754450271,.139412509756738,.242189574658329,-.204461175078447,-.00333531366128094,-.0343930859186014,-2,1,0,0,-1,-1,-.333333333333333,.666666666666667,.333333333333333,-.666666666666667,2,White,3,uk,sm,24,m,-.329580335258106,.174898006451205,-2,Christian
2586903,Hindu,bad,-1, , , , , , , , , , , , ,0,0,0,0,0,0,0,0,0,0,2,Other or Unknown,2,uk,uk,37,f, , ,0,Non-Christian
2586925,Christian,bad,-1,.0833333333333333,0,.982164135695395,1.26648429091459,.610479548903859,.0717890881205363,.0412181030366203,-.0959635417325244,.953042658504614,-.478078973589216,-.289718981512746,-.185244703402652,0,0,0,0,0,0,0,0,0,0,2,White,2,us,us,50,f,-.982164135695395,-.610479548903859,-2,Christian
2587042,Christian,bad,-1, , , , , , , , , , , , ,0,0,0,0,0,0,0,0,0,0,2,White,1,us,us,26,m, , ,-2,Christian
2587315,Christian,good,1, , , , , , , , , , , , ,0,1,0,0,0,0,.333333333333333,0,0,-.333333333333333,2,White,1,uk,sm,22,f, , ,-3,Christian
2587336,Christian,good,1,.130208333333333,0,.269167664270212,.911618202318229,-.345475739959262,.1870580997897,.170809909989254,-.555972407387612,.278436708876393,-.551549569831847,.0295667818362474,.243546079119207,0,0,0,0,0,0,0,0,0,0,.,White,3,uk,sm,26,f,.269167664270212,-.345475739959262,0,Christian
2587443,Hindu,bad,-1,.21875,.03125,-.21191563192694,.0734458244938361,.349207304654706,.658254252261181,-.102943509181915,.0655580994996999,.0702458324072007,-.222047325751773,.255742125002069,-.103940631657497,-2,1,-3,0,-3,-3,-1.33333333333333,3,-.333333333333333,-1.33333333333333,.,South Asian,4,in,us,49,m,.21191563192694,-.349207304654706,0,Non-Christian
2587815,Christian,good,1,.145833333333333,0,.131741481317087,.154620338519094,.234235383784406,-.152105011914197,.345273525372534,-.0417036013625996,.173532401206862,-.0147396426558321,.0204756773804164,-.179268435931447,0,0,0,0,0,0,0,0,0,0,2,White,1,uk,uk,22,f,.131741481317087,.234235383784406,-2,Christian
2587816,Christian,good,1,.135416666666667,.015625,1.15020042038811,.319853082566596,.690512305069387,.120998332526446,-.340355080252293,-.112822962328101,.720188602674699,-.184558125807048,-.456519056037987,-.079111420829664,3,1,3,1,1,-1,2.33333333333333,-1,-.333333333333333,-1,2,Black or African American,2,us,us,18,f,1.15020042038811,.690512305069387,0,Christian
2587851,Christian,bad,-1,.348958333333333,.0833333333333333,1.2458043751957,.568279911100417,-.124076816543657,-1.51421404081005,-.40713307353417,.346355896917382,.563335823250821,.430763342209007,-1.05571716317998,.0616179977201484,1,1,1,0,0,0,1,-.333333333333333,-.333333333333333,-.333333333333333,2,White,3,us,sm,54,f,-1.2458043751957,.124076816543657,-2,Christian
2588105,Jewish,bad,-1,.104166666666667,0,.425150001714665,-.185324629179217,.350126056908305,-.543445526152325,-.96999383823149,-.54771256153818,.196650476481251,.0603525312644541,-.64619645536616,.389193447620455,0,0,0,0,0,0,0,0,0,0,2,White,2,us,sm,24,m,-.425150001714665,-.350126056908305,0,Non-Christian
2588218,Hindu,bad,-1,.0885416666666667,0,.221228204882257,-.0547028595926481,.844656296330975,.2987363984242,.511125911162096,.0457093621929289,.337060547206861,-.066108058879541,.19621136823468,-.467163856562,0,0,0,0,0,0,0,0,0,0,2,South Asian,1,us,sm,27,f,-.221228204882257,-.844656296330975,-2,Non-Christian
2588349,Christian,good,1, , , , , , , , , , , , ,0,0,0,0,0,0,0,0,0,0,2,East Asian,3,th,us,29,f, , ,-2,Christian
2588369,Christian,good,1,.0260416666666667,0,1.20922807441392,1.06686021973811,.523525347563999,.246524442371277,.145732814580561,-.320390646862695,.933204547238675,-.54459176965736,-.272323605820694,-.116289171760622,1,0,1,0,-1,0,.666666666666667,0,-.666666666666667,0,2,White,2,us,us,69,f,1.20922807441392,.523525347563999,-3,Christian
2588397,Hindu,bad,-1,.505208333333333,.00520833333333333,.720649406682949,1.28648892661181,-.709643473924453,.0496086729234597,-1.2900648933841,.663011552216614,.432498286456769,-.224362015772885,-.653701875714528,.445565605030645,0,0,0,0,0,0,0,0,0,0,3,South Asian,2,us,us,56,f,-.720649406682949,.709643473924453,0,Non-Christian
2588401,Christian,bad,-1, , , , , , , , , , , , ,0,1,0,2,0,-2,.333333333333333,.666666666666667,.666666666666667,-1.66666666666667,2,White,4,us,us,18,f, , ,-1,Christian
2588434,Christian,bad,-1,.109375,0,-.146048624675008,.870156685413704,.111065287426092,-.0256969752055233,-.371079095514451,-.739990322739684,.278391116054929,-.528150010982621,-.0835758153483221,.333334710276014,1,3,1,2,1,0,1.66666666666667,-.666666666666667,.666666666666667,-1.66666666666667,2,White,2,us,sm,19,f,.146048624675008,-.111065287426092,2,Christian
2588501,Christian,good,1,.03125,0,.879918366649724,.769317632739112,.680629166201666,-.028978649674367,-.0671578688063822,.0185986694305523,.776621721863501,-.240580104544731,-.325351628376824,-.210689988941946,0,3,0,3,0,-3,1,1,1,-3,2,White,3,us,us,44,f,.879918366649724,.680629166201666,2,Christian
2588529,Christian,bad,-1,.109375,0,.768989837141569,.728894867839028,.973651586571576,-.159349593357255,-.110827292258803,-.644858185768586,.823845430517391,-.404801153416786,-.346388907585876,-.072655369514729,0,2,0,2,0,-1,.666666666666667,.333333333333333,.666666666666667,-1.66666666666667,2,White,3,us,sm,38,f,-.768989837141569,-.973651586571576,-3,Christian
2588551,Muslim,good,1,.142045454545455,0, ,-.0476661511659287,.595575937698747,-1.1425848050975,-.506096856383699,-.0820826664020688, ,.369389429953787, ,-.00246547163765962,2,-1,2,-2,-1,2,1,-1,-1.66666666666667,1.66666666666667,2,White,2,us,us,14,f, ,.595575937698747,0,Non-Christian
2588559,Jewish,good,1,.0572916666666667,0,.129709013769419,1.29730064087572,.379895021830549,.859144189353314,.142009129534911,-.109951777107847,.60230155882523,-.755465535778961,.290481435039602,-.137317458085871,-2,1,-1,2,1,-2,-.666666666666667,.666666666666667,1.66666666666667,-1.66666666666667,2,White,4,ca,sm,43,m,.129709013769419,.379895021830549,-2,Non-Christian
2588745,Jewish,good,1,.109375,0,.517385567212982,-1.17999230259926,-.433132735256464,.348953698782727,-.917127484113336,-.50978109044709,-.365246490214248,.107085837789815,-.361853117514531,.620013769938963,-2,-3,-3,0,0,0,-2.66666666666667,1,.666666666666667,1,2,White,3,us,sm,20,f,.517385567212982,-.433132735256464,-1,Non-Christian
2588750,Christian,good,1,.114583333333333,0,.272701033650577,.539463622390254,.916914478807598,.323522364337806,.492975087887893,.257598544002617,.576359711616143,-.201795814241814,.181265472858374,-.555829370232702,0,0,0,0,0,0,0,0,0,0,2,White,4,us,sm,21,m,.272701033650577,.916914478807598,0,Christian
2588970,Christian,bad,-1,.125,.0104166666666667,.520368152219806,.530854174356793,-.650063405944789,-.00343812661582036,.12244194867584,.176698865603765,.133719640210603,-.116905727379069,-.133788110053262,.116974197221728,0,0,1,0,0,0,.333333333333333,-.333333333333333,0,0,2,White,1,nz,uk,36,f,-.520368152219806,.650063405944789,0,Christian
2589033,Muslim,bad,-1,.395833333333333,.442708333333333,-1.31443839320178,-.547254557384545,-.00352438834785973,.106498743356851,.0533895324444729,.376108311617183,-.621739112978061,.272288041881625,.491442223001034,-.141991151904599, , , , , , , , , , ,3,White,2,al,de,28,f,1.31443839320178,.00352438834785973,0,Non-Christian
2589038,Muslim,good,1,.151041666666667,0,.539755333470323,.634685454538558,-.658241233993545,-.979881394620952,-.796468569967504,-.449155198724775,.172066518005112,-.034653086214127,-.772035099352926,.634621667561941,0,0,0,0,0,0,0,0,0,0,2,Other or Unknown,2,ca,ca,35,f,.539755333470323,-.658241233993545,-1,Non-Christian
2589127,Christian,bad,-1,.385416666666667,.00520833333333333,-.498302825644946,-.152148659608003,.0431774547080782,.470601760891142,-.566141747351782,-.366528700049936,-.20242467684829,-.228327267111025,.134254279728102,.296497664231213,0,2,0,1,0,-1,.666666666666667,.333333333333333,.333333333333333,-1.33333333333333,2,Black or African American,3,us,us,20,f,.498302825644946,-.0431774547080782,0,Christian
2589253,Hindu,good,1,.0572916666666667,.00520833333333333,.730704135411889,.671337551115253,-.182797164757314,.639321017283666,-.457548083583129,-.74818147508556,.406414840589943,-.686280014494826,-.182977067237118,.462842241142001,0,3,0,3,0,-3,1,1,1,-3,2,Other or Unknown,1,uk,uk,16,f,.730704135411889,-.182797164757314,-1,Non-Christian
2589320,Christian,good,1,.109375,0,.786011689231959,1.37536152052318,1.1277117497268,1.26836541064736,.549432238627021,-.386592728404466,1.09636165316064,-1.01010655319167,.343928653347476,-.43018375331645,2,3,3,2,0,0,2.66666666666667,-1,0,-1.66666666666667,2,White,4,us,us,20,m,.786011689231959,1.1277117497268,2,Christian
2589415,Christian,bad,-1,.0885416666666667,0,.551630537786491,-.145665600131697,-.108267761900278,-.304860910075858,.399508893020262,.0763054573286161,.099232391918172,.17561065584539,-.152327518280696,-.122515529482867,0,2,1,2,1,-1,1,-.333333333333333,1,-1.66666666666667,2,White,2,us,us,71,m,-.551630537786491,.108267761900278,-3,Christian
2589510,Hindu,bad,-1,.09375,0,.780846090091165,-.0512276204331085,.246749876468444,-1.08926147850233,.175138808030172,-.175784145221753,.3254561153755,.321568317904561,-.56498958685444,-.0820348464256209,-1,0,-1,0,0,-1,-.666666666666667,.666666666666667,.333333333333333,-.333333333333333,2,South Asian,2,us,us,19,m,-.780846090091165,-.246749876468444,-1,Non-Christian
2589940,Christian,good,1,.130208333333333,0,.669388256006018,1.33304244629202,.377380317366811,-.0436582898487672,-.10276784302227,-.466945792236225,.793270339888283,-.585443316226493,-.271938129625685,.0641111059638945,0,0,0,0,0,0,0,0,0,0,.,White,3,ro,ro,23,m,.669388256006018,.377380317366811,0,Christian
2589965,Christian,good,1,.140625,0,1.11705040469875,.802146025571292,.740362813716909,-.270494977452287,-.266429759110364,-.578308283972893,.886519747995652,-.369986444030633,-.551325047087135,.0347917431221161,0,0,0,0,0,0,0,0,0,0,2,White,3,us,us,22,f,1.11705040469875,.740362813716909,0,Christian
2590166,Hindu,good,1,.03125,0,.915342468547471,-.232417696937321,-.428466701800689,-.728892641884946,-.579491002227072,-1.0618332038275,.0848193566031536,-.0335076216684114,-.741242037553163,.689930302618421,0,0,-1,0,0,0,-.333333333333333,.333333333333333,0,0,.,South Asian,1,us,sm,23,m,.915342468547471,-.428466701800689,-2,Non-Christian
2590368,Christian,bad,-1,.0416666666666667,0,.142783997443906,.405330964230965,-.147691831187274,-.268259366996814,-.54037156229559,-.779455919297141,.133474376829199,-.305509172177097,-.317138308912103,.489173104260002,1,2,2,1,0,0,1.66666666666667,-.666666666666667,0,-1,2,White,4,us,sm,42,f,-.142783997443906,.147691831187274,2,Christian
2590394,Christian,bad,-1,.0625,0,-.218735364553126,.594936285384406,.495322397105852,.736478735245975,-.112906733839584,-.306745646420644,.290507772645711,-.546053555683675,.280769121986505,-.0252233389485413,0,0,0,0,0,0,0,0,0,0,2,White,2,us,sm,40,f,.218735364553126,-.495322397105852,0,Christian
2590421,Jewish,bad,-1,.28125,.0104166666666667,-.364166678838872,.563169437862793,.811390937707208,.413473440716357,.607036779856377,.675485839668634,.336797898910376,-.100385679636839,.461558966470535,-.697971185744073,-1,0,0,1,1,0,-.333333333333333,-.333333333333333,1,-.333333333333333,2,More than one race - Other,2,us,us,16,f,.364166678838872,-.811390937707208, ,Non-Christian
2590476,Jewish,good,1,.0885416666666667,0,-.04129612793466,1.04132865289474,-.262382089663285,.434104366040161,.111178493728395,-.346291050467047,.245883478432264,-.607241356467315,.195526329234406,.165831548800646,0,1,0,3,2,-2,.333333333333333,0,1.66666666666667,-2,2,White,1,us,us,52,f,-.04129612793466,-.262382089663285,-3,Non-Christian
2590575,Muslim,good,1,.0260416666666667,0,-.0234322992968107,-.731252260728324,.100819762277584,-.573488081855225,-.256778768412923,.772088941417435,-.217954932582517,.692276428000328,-.268944850323779,-.205376645094032,1,1,-1,-1,-1,-1,.333333333333333,1,-1,-.333333333333333,3,South Asian,1,ir,ir,42,m,-.0234322992968107,.100819762277584,-2,Non-Christian
2590607,Jewish,bad,-1,.0989583333333333,0,.196931524921892,.563741851617957,-.593723603523011,-.217473301939445,.00791424637876179,-.504276253290029,.0556499243389457,-.283514934322847,-.135496860160858,.36336187014476,-1,1,0,3,0,-1,0,.333333333333333,1.33333333333333,-1.66666666666667,2,White,1,us,sm,19,f,-.196931524921892,.593723603523011,-2,Non-Christian
2590632,Hindu,good,1,.0989583333333333,0,.908744213346374,.109391146511181,-.787726810357113,-.425072777077535,-.443546694375679,-.756517543812203,.0768028498334811,-.146945304415283,-.592454561599863,.662597016181665,0,2,0,1,-1,-2,.666666666666667,1,0,-1.66666666666667,3,South Asian,3,uk,uk,22,f,.908744213346374,-.787726810357113,-2,Non-Christian
2590640,Hindu,bad,-1,.239583333333333,0,.836738627948937,.265825953608042,-.652025663752107,.295848906230729,-1.07292707711478,-.663922002186495,.150179639268291,-.408532287341755,-.537938932944329,.796291581017794,0,1,0,0,0,-1,.333333333333333,.333333333333333,0,-.666666666666667,3,South Asian,3,uk,sm,48,f,-.836738627948937,.652025663752107,-2,Non-Christian
2590768,Jewish,good,1,.270833333333333,0, , , , ,.97683969272472, , , , , ,-1,0,0,0,0,0,-.333333333333333,0,.333333333333333,0,2,White,1,us,sm,19,m, , ,0,Non-Christian
2590888,Christian,bad,-1,.34375,0,.92172719777205,.382339690200137,-.233529863373306,.454717629407375,.273115713309687,.191836722971489,.356845674866294,-.215073532212008,-.0646312850183291,-.0771408576359566,0,1,1,1,1,0,.666666666666667,-.666666666666667,.666666666666667,-.666666666666667,2,White,3,us,us,29,f,-.92172719777205,.233529863373306,0,Christian
2591071,Christian,good,1,.130208333333333,.0104166666666667,.29644534044897,.236072233775382,.276631606438616,-.357199371815884,.606664040064394,-.11183853630033,.269716393554323,.00309620058005729,-.0156602240668199,-.25715237006756,0,0,0,0,0,0,0,0,0,0,2,White,3,us,sm,20,f,.29644534044897,.276631606438616,0,Christian
2591157,Hindu,good,1,.03125,0,.280369697234929,-.323006923160873,-.350190023996256,.211923289093592,-.671184157583499,-.281967865789224,-.130942416640733,-.0569614105739812,-.246543521908279,.434447349122993,0,0,-1,0,-2,-3,-.333333333333333,2,-.666666666666667,-1,2,South Asian,3,us,us,20,f,.280369697234929,-.350190023996256,0,Non-Christian
2591173,Christian,good,1,.328125,.348958333333333,-.239056433616558,.442051563117094, , ,-.0631313587562331,.0791185902798889, , , , ,1,1,1,-1,-1,0,1,0,-1,0,1,More than one race - Black/White,2,mx,mx,19,m,-.239056433616558, ,-3,Christian
2591197,Christian,bad,-1,.0104166666666667,0,1.14998555322747,-.0486314110874652,.331894204422918,.00826725606117337,.380976731838255,-.529855999405808,.477749448854308,-.163163948126505,-.253580521776014,-.0610049789517884,0,0,0,0,0,0,0,0,0,0,1,White,3,us,sm,30,f,-1.14998555322747,-.331894204422918,0,Christian
2591404,Christian,good,1,.109375,0,.80042885551442,.905844825907483,1.55245861470145,.493377338083045,.184869526184894,-.44805365989582,1.08624409870778,-.615758607962116,-.0407273304154939,-.429758160330174, ,3,3,0, ,-2, , , ,-1.66666666666667,2,White,4,us,sm,23,m,.80042885551442,1.55245861470145,2,Christian
2591435,Muslim,bad,-1,.421875,.984375, , ,.353553390593274, , , , , , , , , , , , , , , , , ,2,South Asian,3,us,us,17,f, ,-.353553390593274,-2,Non-Christian
2591567,Muslim,bad,-1,.0260416666666667,0,.266207872732844,.0351165311780463,.0787488638078641,-1.19361122470504,.76215971654895,.273783797994975,.126691089239585,.477426163840657,-.232553126962979,-.371564126117263, ,-3, ,-3, ,3, , , ,3,2,Other or Unknown,4,us,us,18,f,-.266207872732844,-.0787488638078641,2,Non-Christian
2591581,Jewish,good,1,.09375,0,-.166497263688334,-.0467457697681303,.674017562817964,.760460718991599,.57971391745912,-.191146580716005,.153591509787167,-.301620509979825,.502223966713018,-.354194966520359,0,0,0,0,0,0,0,0,0,0,2,White,2,us,us,63,f,-.166497263688334,.674017562817964,-3,Non-Christian
2591643,Christian,good,1,.0625,0,1.10742355605284,1.00287179348975,.736472975273918,.49965933614333,-.225917928806742,.294728654353159,.948922774938837,-.402600825093306,-.277894049572085,-.268427900273445,1,1,2,1,1,0,1.33333333333333,-1,.333333333333333,-.666666666666667,2,White,3,us,sm,47,m,1.10742355605284,.736472975273918,0,Christian
2591811,Jewish,bad,-1,.0625,0,-.147447556680017,-.388776328889207,.44726505023991,.450169995667715,.447608769482259,-.102042343016599,-.0296529451097716,-.0544786699317023,.34840877394333,-.264277158901856,1,3,3,3,3,0,2.33333333333333,-2,1.66666666666667,-2,2,White,2,us,us,39,m,.147447556680017,-.44726505023991,2,Non-Christian
2591816,Christian,good,1,.0833333333333333,0,-.5637964439554,.614530550147903,.247216937668883,.975969569756801,.596594792425353,-.167937198612708,.0993170146204622,-.586145772839137,.712120268712518,-.225291510493843,0,3,1,3,1,-3,1.33333333333333,.333333333333333,1.33333333333333,-3,2,White,1,us,us,57,m,-.5637964439554,.247216937668883,3,Christian
2592020,Muslim,good,1,.0989583333333333,0,.263477566094001,-.553565411701544,-.0137099568539046,-.748861491420231,-.330496219524722,.321802944509339,-.101265934153816,.541409949210371,-.447611759012985,.00746774395642909,0,0,0,0,0,0,0,0,0,0,2,White,3,ba,us,29,m,.263477566094001,-.0137099568539046,-1,Non-Christian
2592257,Muslim,good,1,.0729166666666667,0,-.45514350396332,.35406054045598,-.0529397856048295,.387222178014983,.677831349603659,.0227803935031562,-.0513409163707234,-.239500774989269,.506732343860654,-.215890652500662,0,0,0,0,0,0,0,0,0,0,2,White,1,jo,es,25,m,-.45514350396332,-.0529397856048295,-2,Non-Christian
2592487,Christian,good,1,.0416666666666667,0,.0702243755392208,.331789910317751,.558480232725838,.320476850461531,.271117234041412,.559415592037171,.320164839527603,-.0309503895807032,.173789902987907,-.463004352934807,0,0,0,0,0,0,0,0,0,0,3,White,3,us,sm,22,m,.0702243755392208,.558480232725838,0,Christian
2592547,Christian,good,1,.0572916666666667,.00520833333333333,.295148956996449,.314075011514265,1.13370351354268,-.0403244584954932,-.0386123139827509,.35412234908171,.58097582735113,.0267905986876463,-.124695243158231,-.483071182880545,2,1,3,3,2,-2,2,-1,1,-2,2,Black or African American,3,us,us,19,f,.295148956996449,1.13370351354268,-3,Christian
2592788,Christian,good,1,.09375,0,.645386560519518,.664751612234864,.782415363764611,-.119894940552126,.50094022358412,.541593440135821,.697517845506331,-.00108774384897217,-.0881137591625077,-.608316342494851,0,1,0,1,0,-1,.333333333333333,.333333333333333,.333333333333333,-1,2,White,2,us,sm,19,m,.645386560519518,.782415363764611, ,Christian
2592982,Muslim,good,1,.119791666666667,0,1.00584151062536,-.449107702331552,1.04850452128845,-.712887884514362,1.03613159515704,.982144497037097,.535079443194086,.714713361294337,-.22753259999423,-1.02226020449419,0,1,3,1,3,3,1.33333333333333,-3,1.33333333333333,.333333333333333,2,White,1,ch,ch,41,f,1.00584151062536,1.04850452128845, ,Non-Christian
2593053,Muslim,bad,-1,.0260416666666667,.765625,.119028149689698,.0918557073520831,.0112289875331692,.634349157017894,-.173746013058788,.178810433431787,.0740376148583167,-.18246481031273,.113858331423136,-.00543113596872299,0,2,1,-2,0,2,1,-1,-.666666666666667,.666666666666667,2,White,3,tr,de,18,f,-.119028149689698,-.0112289875331692,0,Non-Christian
2593059,Christian,good,1,.0729166666666667,0,.633707801908455,-.232424128372502,1.1824205039491,.365006848516814,.170559797851152,-.10629705353878,.527901392495018,-.0796265912276976,-.0327137185134963,-.415561082753824,0, ,0,0, ,0, , , , ,2,White,2,uk,uk,42,m,.633707801908455,1.1824205039491,1,Christian
2593079,Muslim,bad,-1,.104166666666667,.322916666666667, , ,.756474147302558,.74774416421773, , , , , , , , , , , , , , , , ,.,White,3,tr,de,19,f, ,-.756474147302558, ,Non-Christian
2593083,Christian,bad,-1,.0625,.9,-.434965590122958, , , , ,.465411598916281, , , , ,1,2,2,1,1,-1,1.66666666666667,-.666666666666667,.333333333333333,-1.33333333333333,3,White,2,de,de,19,m,.434965590122958, ,1,Christian
2593177,Christian,bad,-1, , , , , , , , , , , , ,0,3,3,0,1,0,2,-1.33333333333333,.333333333333333,-1,2,White,2,us,sm,29,f, , ,0,Christian
2593187,Christian,good,1,.109375,.015625,.259755093332084, , , , , , , , , ,1,2,-1,0,0,-1,.666666666666667,.666666666666667,-.333333333333333,-1,2,White,2,pl,il,27,f,.259755093332084, ,-2,Christian
2593205,Christian,good,1,.0208333333333333,0,.474610529552879,.101907412360259,.499169547152981,-.397984054338844,.116112253124276,.347458606250731,.358562496355373,.214511749409772,-.252160776922482,-.320913468842663,1,1,1,0,0,0,1,-.333333333333333,-.333333333333333,-.333333333333333,2,White,3,us,us,70,m,.474610529552879,.499169547152981,-1,Christian
2593270,Christian,good,1,.4375,.90625, , , , , , , , , , , , , , , , , , , , ,2,East Asian,2,vn,us,22,f, , ,-2,Christian
2593320,Muslim,good,1,.0520833333333333,0,1.11652866785164,.477901191735859,-.248384355883157,-.139651589592141,-.718642302928331,.477687240755606,.448681834568114,.0464792128706292,-.658274186790704,.163113139351961,0,-1,1,-2,1,3,0,-1.66666666666667,-.333333333333333,2,.,Black or African American,3,us,sm,41,m,1.11652866785164,-.248384355883157,0,Non-Christian
2593353,Christian,bad,-1,.125,0,1.05873793096516,.48148185644852,.962346800247553,.0962032633313413,.824634987893214,.419238220630956,.834188862553746,-.0528156330496352,-.0459665599135361,-.735406669590574,0,2,2,0,0,0,1.33333333333333,-.666666666666667,0,-.666666666666667,2,White,3,us,us,40,f,-1.05873793096516,-.962346800247553,0,Christian
2593391,Hindu,good,1,.0423280423280423,0,-.24857938927211,.421377148577552,.112737045817509,-.366314034618828,-.418163884545704,.492358231139327,.0951782683743174,.145765039060201,-.178632843297474,-.0623104641370442,0,2,0,1,0,-2,.666666666666667,.666666666666667,.333333333333333,-1.66666666666667,.,South Asian,2,ca,ca,45,f,-.24857938927211,.112737045817509,-2,Non-Christian
2593412,Christian,bad,-1,.0625,0,.900740644503513,.267246355218172,-.427517886515419,-.0526611667210599,-.0887216371916298,-.267479569340493,.246823037735422,-.160688252612535,-.347374482805401,.261239697682514,0,3,0,3,0,0,1,0,1,-2,2,White,3,us,us,49,f,-.900740644503513,.427517886515419,2,Christian
2593571,Christian,bad,-1,.0523560209424084,0,.793125909909146,-.843120862069293,-.686752574083975,-.256424514644147,-.108260022902096,-.125542482691737,-.245582508748041,.324667631340568,-.385936815818463,.306851693225936,0,0,0,0,0,0,0,0,0,0,2,Black or African American,4,us,us,33,f,-.793125909909146,.686752574083975,-3,Christian
2593592,Christian,bad,-1,.442708333333333,0,.479697223874405,-1.01508289225607,-.192831311488884,.353649778381425,-.349286293322507,.365435923054179,-.242738993290182,.342289678976274,-.158444579605162,.0588938939190707,2,3,2,1,1,0,2.33333333333333,-1,0,-1.33333333333333,2,White,2,ca,ca,66,m,-.479697223874405,.192831311488884,-2,Christian
2594115,Jewish,bad,-1,.265625,0,.0933611984787154,.939245437357873,-.106529588928298,.705288225460462,.53153875154516,-.143883732938221,.30869234896943,-.596139131918852,.381155259508969,-.093708476559547,-3,3,2,3,3,-3,.666666666666667,-.666666666666667,3,-3,2,White,3,us,us,20,f,-.0933611984787154,.106529588928298,0,Non-Christian
2594156,Christian,good,1,.078125,0,-.00279901043039285,.893253817076129,.743110088355888,.574034491253007,-.0454507862839988,-.0456879653756482,.544521631667208,-.504325424568261,.1771275717998,-.217323778898747,0,0,0,0,0,0,0,0,0,0,2,More than one race - Other,1,us,us,19,f,-.00279901043039285,.743110088355888,3,Christian
2594258,Christian,good,1,.229166666666667,.0416666666666667, ,-.0437396662259198, , , , , , , , , , , , , , , , , , ,.,White,2,au,au,43,f, , ,1,Christian
2594355,Christian,good,1,.00520833333333333,0,-.574428550245834,-.0674653249995154,-.154620583846849,1.10741404191745,.435680324645489,.511820532408197,-.265504819697399,-.176042728169914,.705840972269593,-.264293424402279,0,0,0,0,0,0,0,0,0,0,2,White,3,us,us,50,m,-.574428550245834,-.154620583846849,1,Christian
2594488,Muslim,bad,-1,.0104712041884817,0,.0332301155770542,.446335020114836,1.16996136097335,-.610273652520893,-.849205884839138,-.701192167482186,.54984216555508,-.179084511692043,-.497569884312362,.126812230449325,0,0,0,0,0,0,0,0,0,0,2,Other or Unknown,2,ir,sm,19,f,-.0332301155770542,-1.16996136097335,0,Non-Christian
2594527,Christian,good,1,0,0,.696230678211103, , , , ,-.139618583884263, , , , ,0,0,0,0,0,0,0,0,0,0,3,White,3,ca,ca,39,f,.696230678211103, ,0,Christian
2594563,Christian,good,1,.0572916666666667,.00520833333333333,.544975134699477,-.099023437440307,.921848438682505,.878525120037219,-.241520536326156,-.66346010009684,.455933378647225,-.480987260897917,.030676483003862,-.00562260075316974,0,2,1,1,1,0,1,-.666666666666667,.666666666666667,-1,2,White,1,ie,hk,39,m,.544975134699477,.921848438682505,-1,Christian
2594689,Christian,bad,-1,.130208333333333,0,.76344635551115,.388916389739617,.71023702864294,.867928328038892,-.121638783376631,-.159455451521065,.620866591297902,-.472100056433191,-.0057189369496294,-.143047597915081,0,3,3,3,2,-2,2,-1,1.66666666666667,-2.66666666666667,.,White,3,us,us,21,m,-.76344635551115,-.71023702864294,1,Christian
2594693,Christian,good,1,.145348837209302,.00578034682080925,.859040931054854,.872023409450969,.795466995088725, ,-.0999230776040383,-.419956936630281,.842177111864849, , ,-.0918623269514687,3,3,3,2,0,0,3,-1,-.333333333333333,-1.66666666666667,2,White,2,us,us,17,f,.859040931054854,.795466995088725,0,Christian
2594708,Jewish,good,1,.0208333333333333,0,-.994586305982897,-.296107573561871,.281005328967742,.112420818646749,.336279176194221,-.253304465473444,-.336562850192342,-.0232059035194405,.481095433607955,-.121326679896173,-2,0,-1,1,1,0,-1,0,1.33333333333333,-.333333333333333,2,White,2,us,us,58,f,-.994586305982897,.281005328967742,-3,Non-Christian
2594753,Christian,good,1,.03125,0,.933853114592495,.640935708096138,.68036284138145,-.15553213816627,-.385271486834015,-.318083207583471,.751717221356694,-.26782892583778,-.491552246530927,.00766395101201219,0,0,0,0,0,0,0,0,0,0,1,More than one race - Other,2,us,sm,24,m,.933853114592495,.68036284138145,0,Christian
2594768,Hindu,bad,-1,.0833333333333333,0,.0594885504799078,.329891334587516,-.147212164408509,-.417808226519779,-.643593426899079,-.274235909673296,.0807225735529715,-.0621063392470109,-.373630067966255,.355013833660295,0,0,0,0,0,0,0,0,0,0,3,South Asian,3,in,in,34,m,-.0594885504799078,.147212164408509,0,Non-Christian
2594777,Christian,bad,-1,.125,0,-.364444504931017,.0696197995716676,.77522125457861,-.259621104937612,.937084605137062,-.147471683503708,.160132183073087,.0141765406207453,.347302668376822,-.521611392070655,-1,2,1,1,0,-2,.666666666666667,.333333333333333,.666666666666667,-1.66666666666667,2,American Indian/Alaska Native,2,us,sm,18,m,.364444504931017,-.77522125457861,-3,Christian
2594833,Christian,good,1, , , , , , , , , , , , ,0,3,0,1,0,-3,1,1,.333333333333333,-2.33333333333333,2,White,2,it,it,38,f, , ,-2,Christian
2594850,Christian,good,1,.09375,0,.845477848228451,.256024871132146,.136242216603168,.56029904495718,-.0113919511760684,.360716793197281,.412581645321255,-.151869040964015,-.0988569181491133,-.161855686208127,0,1,2,2,0,-1,1,-.333333333333333,.666666666666667,-1.33333333333333,2,White,2,kg,kg,27,m,.845477848228451,.136242216603168,0,Christian
2594854,Jewish,bad,-1,.0833333333333333,0,.0225173561135098,.372376667424549,-.60906831992079,-.214818062284083,-.0939284656708743,-.797823318928863,-.0713914321275768,-.318460641356443,-.110421294689489,.500273368173509,0,2,1,2,1,0,1,-.666666666666667,1,-1.33333333333333,2,White,1,de,ch,27,f,-.0225173561135098,.60906831992079,0,Non-Christian
2594856,Hindu,bad,-1,.03125,0,.0904765710613165,-.638066284131946,-.439573276814904,.579565672890472,-1.13213468572388,-.971668827346775,-.329054329961845,-.304389405368434,-.214348527964906,.847792263295185,0,1,0,1,-1,-1,.333333333333333,.666666666666667,0,-1,3,East Asian,2,in,sm,44,m,-.0904765710613165,.439573276814904,0,Non-Christian
2594969,Christian,bad,-1,.3125,.5625, , , , , , , , , , , , , , , , , , , , ,1,White,2,it,it,45,f, , ,-2,Christian
2594970,Muslim,bad,-1,.03125,0,.384481389052819,.0366583715749992,.683052624486375,-.1000084059921,.189876972360307,-.0728793423669915,.368064128371398,-.00317643598329689,-.0982042742282041,-.266683418159897,0,0,0,0,0,0,0,0,0,0,3,East Asian,3,sg,sg,23,f,-.384481389052819,-.683052624486375,1,Non-Christian
2594983,Christian,bad,-1,.0416666666666667,0,.14785150457139,.429668284362389,-.398785769246406,.683923344025592,.0153046580841735,-.583962979653924,.0595780065624579,-.565851536013968,.183792165846125,.322481363605385,0,0,0,0,0,0,0,0,0,0,2,White,4,us,us,22,f,-.14785150457139,.398785769246406,-2,Christian
2594995,Christian,bad,-1,.0833333333333333,0,.879840769802574,.210368563385445,.467498594876349,-.0284423246912402,-.737408610887007,-.398852738673257,.519235976021456,-.193592992455821,-.548563901793607,.222920918227972,0,0,0,0,0,0,0,0,0,0,2,White,3,us,us,42,f,-.879840769802574,-.467498594876349,0,Christian
2595009,Christian,bad,-1,.293193717277487,0,.424791759761074,-.780395589518058,-.133040884078892,-.356935272607676,-.540341497746607,.0448194105469175,-.162881571278625,.394050090890884,-.440689510038452,.209520990426194,0,0,0,0,0,0,0,0,0,0,2,White,4,us,sm,40,m,-.424791759761074,.133040884078892,3,Christian
2595034,Christian,good,1,.0625,0,.706493581064848,.742540666943238,1.05915387602506,.291437813497066,.117793996329018,-.779112307054108,.836062708011048,-.604363595831471,-.0990872570795881,-.13261185509999,0,0,0,0,0,0,0,0,0,0,2,Black or African American,2,us,us,20,m,.706493581064848,1.05915387602506,-2,Christian
2595063,Jewish,good,1,.046875,0,-.97134087241387,.325133537900491,.591594509093786,.872390997322665,.592865968491299,-.266641961447936,-.0182042751398642,-.488055498890364,.812199279409278,-.30593950537905, , , , , , , , , , ,2,White,3,us,us,65,f,-.97134087241387,.591594509093786,1,Non-Christian
2595091,Muslim,good,1,.015625,0,.39295877051192,.213731052060121,-.519663674450966,-.206561388080728,-.704840443804306,.688389196755034,.0290087160403587,.22707317759188,-.434786867465651,.178704973833412, , , , , , , , , , ,2,Black or African American,3,us,us,51,f,.39295877051192,-.519663674450966,-2,Non-Christian
2595151,Christian,good,1,.10752688172043,0,.424598622783782,1.5521427238071,1.49784660327673,.64930140536538,.202177112495657,.140509801024007,1.15819598328921,-.686978109382825,.142293298359085,-.613511172265466,0,0,0,0,0,0,0,0,0,0,2,Black or African American,4,ht,ht,41,f,.424598622783782,1.49784660327673,-2,Christian
2595153,Muslim,bad,-1, , , , , , , , , , , , ,0,0,0,0,0,0,0,0,0,0,2,White,2,al,at,28,m, , ,-2,Non-Christian
2595166,Christian,bad,-1,.03125,0,-.525671679996166,.0870292534391981,.147126197645345,-.429342964646783,-.761215282340203,.523870008612284,-.0971720763038743,.288727906606623,-.221628855663607,.030073025360858,0,2,1,1,0,-1,1,0,.333333333333333,-1.33333333333333,1,White,2,pt,pt,30,f,.525671679996166,-.147126197645345,0,Christian
2595219,Christian,good,1,.00520833333333333,0,-.709625754100669,.439756840832691,.0684133848878573,1.01486153536182,.19538818829023,.496107709672456,-.0671518427933735,-.319503555507351,.639958492584239,-.253303094283515,0,0,0,0,0,0,0,0,0,0,1,White,3,it,it,40,m,-.709625754100669,.0684133848878573,-2,Christian
2595233,Christian,bad,-1,.0368421052631579,0,.9820950669187,.551729483234075,-.506267312754479,.529525693957099,-.855086468914809,-1.54104291109264,.342519079132765,-.874099362761273,-.43588528062547,.967465564253978,0,0,0,0,0,0,0,0,0,0,2,South Asian,4,uk,uk,51,m,-.9820950669187,.506267312754479,1,Christian
2595281,Hindu,bad,-1,.0520833333333333,0,-.353300660168035,.911920190760775,1.11457147195217,-.0210583904087531,.0125418451325488,-.167432185741914,.557730334181637,-.352764662031312,.114928038297277,-.319893710447602,0,0,0,0,0,0,0,0,0,0,2,South Asian,2,us,us,34,m,.353300660168035,-1.11457147195217,0,Non-Christian
2595288,Muslim,good,1,.151041666666667,.00520833333333333,.849703907810168,-.364976249871574,.386027558281898,-1.25580900206842,-.0562457765339575,.607142948704032,.290251738740164,.742642733548008,-.720586228804181,-.312308243483991,3,-3,2,-3,-3,3,.666666666666667,-.666666666666667,-3,3,2,Other or Unknown,2,us,us,18,f,.849703907810168,.386027558281898,0,Non-Christian
2595293,Christian,bad,-1, , , , , , , , , , , , ,0,0,0,0,0,0,0,0,0,0,2,Black or African American,2,us,us,54,f, , ,-2,Christian
2595296,Christian,bad,-1,.0572916666666667,0,-.0693955626694582,-.798828295633256,-.420733292371586,-.711276378499457,-.095497162540947,-.233173114291126,-.4296523835581,.425643853280529,-.245792659456982,.249801189734553,0,0,0,0,0,0,0,0,0,0,2,White,3,us,sm,18,f,.0693955626694582,.420733292371586,-2,Christian
2595300,Christian,bad,-1,.0364583333333333,0,-.215704837839005,-.379454901098915,.701306784855766,.291033106450618,.498293899521838,.233349523290892,.0353823486392819,.10725710597973,.33501061460382,-.477650069222832,0,0,0,0,0,0,0,0,0,0,2,White,2,us,sm,50,f,.215704837839005,-.701306784855766,-3,Christian
2595328,Christian,good,1,.109375,0,1.15673399208083,.992230111183349,1.05442806040907,.405443194914133,.490904138543954,-.214043190705025,1.06779738789108,-.537238832267502,-.0867955528742465,-.443763002749333,0,0,0,0,0,0,0,0,0,0,2,White,3,us,sm,19,m,1.15673399208083,1.05442806040907,0,Christian
2595375,Christian,good,1,.0416666666666667,0,.0370021790332405,-.317674569445439,-.0283164880560079,-.302913179981551,.08766451645419,-.182664767622513,-.102996292822735,.145974327268159,-.084083614186867,.0411055797414436,0,0,0,0,0,0,0,0,0,0,2,Black or African American,2,fr,ch,53,m,.0370021790332405,-.0283164880560079,-1,Christian
2595391,Muslim,good,1,.0364583333333333,0,.946239780162283,-.33810153276826,-.459158785686431,-.164580107730787,-.144767488139236,-.171043305576216,.0496598205691972,.110546111640944,-.418529125344102,.258323193133961,0,0,0,0,0,0,0,0,0,0,3,Black or African American,3,us,us,33,m,.946239780162283,-.459158785686431,0,Non-Christian
2595404,Hindu,bad,-1,.0625,0, , ,.669821401082246,.00915872923745372, , , , , , , , , , , , , , , , ,3,South Asian,2,in,in,18,f, ,-.669821401082246,0,Non-Christian
2595411,Christian,good,1,.5,.640625,.093874600830219,1.41339027155772,-.104446005730226,.449794335959656,-1.28479188104162,-.111060784138491,.467606288885903,-.658081797218621,-.309624048637396,.500099556970114, ,0,0,0,0,0, ,0, ,0,2,Black or African American,3,us,sm,36,f,.093874600830219,-.104446005730226,0,Christian
2595440,Hindu,good,1, , , , , , , , , , , , ,0,0,0,1,0,0,0,0,.333333333333333,-.333333333333333,2,South Asian,1,in,in,24,m, , ,0,Non-Christian
2595450,Christian,bad,-1,.0833333333333333,0,.591008878604948,.974919087115337,.242023396731022,.276657954000978,.065119707092169,-.757828865520838,.602650454150436,-.669801968879051,-.0830770725039334,.150228587232549,0,1,0,1,0,0,.333333333333333,0,.333333333333333,-.666666666666667,2,White,2,be,be,42,m,-.591008878604948,-.242023396731022,-1,Christian
2595481,Christian,bad,-1,.104166666666667,0,.76942473268045,-.48637166881855,.654044589779971,.504372290809533,-.444463214464795,.0380810264960277,.31236588454729,.00669346816834811,-.23650521877857,-.0825541339370681,0,0,0,0,0,0,0,0,0,0,2,White,3,us,us,47,f,-.76942473268045,-.654044589779971,-2,Christian
2595486,Christian,good,1,.427083333333333,.671875,1.39074179288635,.141117914907003,-1.2780197438526,-.375687796137232,.633953549032686,-1.09297750987228,.0846133213135854,-.286135876214016,-.377492013330298,.579014568230729,0,1,0,0,0,0,.333333333333333,0,0,-.333333333333333,2,White,3,us,sm,31,f,1.39074179288635,-1.2780197438526,0,Christian
2595551,Christian,bad,-1, , , , , , , , , , , , ,0,0,0,0,0,0,0,0,0,0,2,White,3,us,us,54,f, , ,-1,Christian
2595571,Christian,bad,-1, , , , , , , , , , , , ,0,1,0,0,0,0,.333333333333333,0,0,-.333333333333333,.,White,3,us,us,52,f, , ,-2,Christian
2595611,Christian,good,1,.015625,.015625,.184849670063407,.558427165049517,.992040731986847,.253885949719136,.498469788029084,.195131654298407,.578439189033257,-.205727153490082,.189168689228271,-.561880724771446,0,0,0,0,0,0,0,0,0,0,3,White,2,us,us,21,f,.184849670063407,.992040731986847,0,Christian
2595689,Jewish,bad,-1, , , , , , , , , , , , ,0,0,0,0,0,0,0,0,0,0,2,White,1,us,us,54,m, , ,-1,Non-Christian
2595702,Christian,bad,-1,.302083333333333,0,-.108668156152506,.970919386539127,.186673965368649,.293643166899409,.450942694047211,.458559553047593,.349641731918423,-.268667666796981,.284418005699709,-.365392070821151,0,1,0,0,-1,-1,.333333333333333,.666666666666667,-.333333333333333,-.666666666666667,2,American Indian/Alaska Native,3,us,us,46,f,.108668156152506,-.186673965368649,-1,Christian
2595705,Christian,bad,-1,.453125,.848958333333333,-.104123139648058,1.6238955673057,-.353553390593272,.51020019859835,.843039320098665, ,.388739679021455, ,.485787552781691, ,2,2,2,0,0,0,2,-.666666666666667,-.666666666666667,-.666666666666667,2,White,4,us,us,23,m,.104123139648058,.353553390593272,3,Christian
2595751,Christian,good,1,.119791666666667,0,.479499305395827,-.130523867357482,.490880231701524,.0914711154169264,-.461540723278363,-.884870223903535,.279951889913289,-.281939157320993,-.283189637752421,.285176905160125,0,0,0,0,0,0,0,0,0,0,2,White,1,uk,sm,45,m,.479499305395827,.490880231701524,0,Christian
2595890,Christian,bad,-1, , , , , , , , , , , , ,0,0,-1,0,0,0,-.333333333333333,.333333333333333,0,0,2,More than one race - Other,1,de,mx,24,f, , ,-3,Christian
2595914,Hindu,good,1,.125,0,.797895981140062,-.02849823339411,-.138838044806502,-.364583138695189,-.310243744003933,-.12207768844605,.210186567646483,.0903345612144162,-.490907621279728,.190386492418828, , , , ,-1, , , , , ,2,South Asian,2,ca,ca,21,f,.797895981140062,-.138838044806502,0,Non-Christian
2595941,Muslim,bad,-1,.09375,0,.626613358860187,-1.45404164062474,.286053407989064,-.993672684624377,-.146664135294052,.918401495761767,-.180458291258496,1.12203860700363,-.588983392926205,-.352596922818927,1,-2,0,-2,-1,2,-.333333333333333,-.333333333333333,-1.33333333333333,2,3,Other or Unknown,3,tr,us,29,m,-.626613358860187,-.286053407989064,-2,Non-Christian
2595957,Christian,bad,-1, , , , , , , , , , , , ,3,1,2, ,0,0,2,-.666666666666667, , ,.,White,2,us,us,18,f, , ,2,Christian
2596012,Hindu,good,1,.0729166666666667,0,.581674082780765,.634758789705376,-.178810940700249,-.260629909236452,-.272882910813072,-.794834715343984,.345873977261964,-.389654531937636,-.371728967610096,.415509522285768,-1,0,-2,1,-3,-3,-1,2.66666666666667,-.333333333333333,-1.33333333333333,2,South Asian,2,in,in,24,f,.581674082780765,-.178810940700249,-3,Non-Christian
2596025,Jewish,good,1,.0965909090909091,.0340909090909091,-.617392807051711, ,.895280555797077,.238123069701918,.149321407012285,-.482749268525034, , ,.334945761255305,-.187284231428109,-3,0,2,3,3,2,-.333333333333333,-2.33333333333333,3,-.333333333333333,2,White,3,us,us,19,m,-.617392807051711,.895280555797077,2,Non-Christian
2596112,Christian,good,1, , , , , , , , , , , , ,1,0,1,1,2,1,.666666666666667,-1.33333333333333,.666666666666667,0,2,White,2,us,sm,22,f, , ,-3,Christian
2596123,Christian,bad,-1, , , , , , , , , , , , ,1,1,1,0,0,0,1,-.333333333333333,-.333333333333333,-.333333333333333,2,East Asian,2,hk,hk,34,f, , ,-2,Christian
2596181,Christian,bad,-1,.0729166666666667,.00520833333333333,.365597034199442,.900189351449471,.686027004185195,-.0925710061480754,-.678097161213661,-.441335222867101,.650604463278036,-.416317856056166,-.378755067187059,.144468459965189,0,2,1,2,1,0,1,-.666666666666667,1,-1.33333333333333,2,White,4,us,us,40,f,-.365597034199442,-.686027004185195,2,Christian
2596184,Muslim,bad,-1,.03125,0,.66571027339083,.475572371783183,-.360515288094894,.547257606113958,-.490019792629664,-.0844386671675609,.26025578569304,-.3690895483549,-.202824153302179,.31165791596404,0,0,0,0,0,0,0,0,0,0,1,White,2,us,us,45,f,-.66571027339083,.360515288094894,0,Non-Christian
2596351,Hindu,bad,-1,.492146596858639,.0732984293193717,-.247628251493458,.349352638922712,.0752089318599568,-.437707291283514,.14469295410299,-.305407605165702,.0589777730964035,-.0723509842682999,-.015128695229022,.0285019064009184, , , , , , , , , , ,2,South Asian,2,in,in,48,f,.247628251493458,-.0752089318599568,-2,Non-Christian
2596438,Christian,good,1,.03125,0,.46151622922953,.203067417905911,-.437544512207335,-.650794812525995,.948355851088576,.133205599304556,.0756797116427018,.193644331308214,-.0546517302223164,-.214672312728599,0,0,0,0,0,0,0,0,0,0,2,White,3,uk,uk,49,m,.46151622922953,-.437544512207335,2,Christian
2596487,Hindu,good,1, , , , , , , , , , , , ,0,-1,-1,-1,-2,-1,-.666666666666667,1.33333333333333,-1,.333333333333333,3,South Asian,4,in,sg,30,m, , ,2,Non-Christian
2596519,Christian,good,1,.270833333333333,.0260416666666667,-.0250667318497882,.277049310902474,.318646423061989,-.436755966729427,.227567369432578,.170862227626399,.190209667371558,.110189627817784,-.0613739551490205,-.239025340040322, , , , , , , , , , ,2,White,2,us,us,31,f,-.0250667318497882,.318646423061989,0,Christian
2596520,Christian,good,1,.0729166666666667,0,.27271880403393,1.01260617629053,1.40581718980998,.554762643974549,.197405269386997,.355724393769621,.897047390044812,-.403881475498486,.159816369775872,-.652982284322198,0, ,0, , , , , , , ,2,Black or African American,2,us,sm,36,m,.27271880403393,1.40581718980998,0,Christian
2596613,Christian,bad,-1, , , , , , , , , , , , ,1,2,0,0,-1,-1,1,.666666666666667,-.666666666666667,-1,2,White,2,us,sm,40,f, , ,-2,Christian
2596640,Christian,bad,-1,.119791666666667,.015625,-.151364505440297,.257280377548994,.294447061075268,-.0724597872416737,-.96113553540528,-.669957104144979,.133454311061322,-.284925898150767,-.294076939068885,.44554852615833,0,1,1,0,0,0,.666666666666667,-.333333333333333,0,-.333333333333333,2,More than one race - Other,4,ca,ca,18,f,.151364505440297,-.294447061075268,-2,Christian
2596650,Christian,good,1,.0364583333333333,0,.558533816313681,.13660592898664,.173799234654761,.468775766417473,-.696985824189866,-.175570988333944,.289646326651694,-.260317561246019,-.262247958028691,.232919192623016,1,0,0,-1,-1,0,.333333333333333,.333333333333333,-1,.333333333333333,.,White,2,gr,gr,37,m,.558533816313681,.173799234654761, ,Christian
2596704,Muslim,good,1,.0833333333333333,0,.13783524621237,-.716253394273541,.273198919814071,-.308528653242382,.0809811741217273,-.00226520900135306,-.101739742749034,.340838946171523,-.121794241777675,-.117304961644815,1,0,0,-1,0,0,.333333333333333,0,-.666666666666667,.333333333333333,2,South Asian,2,us,us,20,f,.13783524621237,.273198919814071,1,Non-Christian
2596736,Hindu,good,1, , , , , , , , , , , , ,0,0,0,0,0,0,0,0,0,0,2,South Asian,3,in,in,30,m, , ,-3,Non-Christian
2596764,Muslim,good,1,.0208333333333333,0,-.0825829955907928,-.237291350633067,.264894311936593,-.208304339229532,-.776703239797624,.668091108370217,-.0183266780957558,.371228932744272,-.300808194478788,-.0520940601697285,1,0,0,-2,-1,0,.333333333333333,.333333333333333,-1.33333333333333,.666666666666667,3,Other or Unknown,2,ir,uk,25,m,-.0825829955907928,.264894311936593,2,Non-Christian
2596817,Jewish,bad,-1, , , , , , , , , , , , ,0,0,0,0,0,0,0,0,0,0,2,White,2,us,sm,18,f, , ,-1,Non-Christian
2596841,Christian,good,1,.0416666666666667,0,.328108724014581,.698029615217283,.0498962967224316,.104976417904774,.353794220234113,.454510932765769,.358678211984766,-.116165033452096,.0435539713747683,-.286067149907438,1,1,1,0,0,0,1,-.333333333333333,-.333333333333333,-.333333333333333,2,White,3,gr,se,31,m,.328108724014581,.0498962967224316,1,Christian
2596993,Christian,good,1,.03125,0,.0305132762758273,.484107815573577,.424824892113823,.0136496903354541,.602851419483811,.046629757747049,.313148661321076,-.150375916053994,.195329277847813,-.358102023114894,0,0,0,0,0,0,0,0,0,0,2,White,2,us,us,34,f,.0305132762758273,.424824892113823,0,Christian
2597018,Christian,good,1,.046875,0,.106314505597709,1.17090928255561,.895146870183647,.195297496344746,-.792394651013331,.0404963893813021,.724123552778988,-.441903463173017,-.234470553422098,-.0477495361838727,1,1,0,0,0,-1,.666666666666667,.333333333333333,-.333333333333333,-.666666666666667,1,More than one race - Other,2,sv,sv,30,m,.106314505597709,.895146870183647,-1,Christian
2597069,Christian,bad,-1,.15625,0,.540416768331555,.974086718011822,.883610829881006,1.0014908663838,.180415705021429,-1.0297146730726,.799371438741461,-1.00176408582274,.213829934357892,-.0114372872766106,2,2,2,1,1,-1,2,-.666666666666667,0,-1.33333333333333,2,White,2,us,sm,21,m,-.540416768331555,-.883610829881006,3,Christian
2597190,Hindu,bad,-1,.182291666666667,0,.18394160517714,.0705902836633827,.533946168343768,.27073896737504,.493668627770634,-.329578902227938,.26282601906143,-.223636051088787,.193488663322844,-.232678631295488,2,3,0,3,-2,-3,1.66666666666667,1.66666666666667,-.333333333333333,-3,3,Other or Unknown,1,mu,uk,27,m,-.18394160517714,-.533946168343768,0,Non-Christian
2597193,Christian,bad,-1,.0885416666666667,0,.00650950009327067,.911269326924224,.817240661579924,.243830412140857,.131536657153196,.0759347064182857,.578339829532473,-.359721677548932,.122952523066927,-.341570675050469,2,2,2,2,2,0,2,-1.33333333333333,.666666666666667,-1.33333333333333,2,White,3,us,us,48,f,-.00650950009327067,-.817240661579924,-3,Christian
2597317,Christian,bad,-1,.40625,.0104166666666667,.338467264073978,-.220128028579619,.621784381478589,-.590031481583302,-.202535357602307,-.377233996530137,.246707872324316,.144308504544262,-.377011367753196,-.0140050091153818,0,0,0,0,0,0,0,0,0,0,2,White,3,ca,ca,47,f,-.338467264073978,-.621784381478589,2,Christian
2597342,Jewish,good,1,.0208333333333333,0,-.919803410411056,-.165429717053283,-.860900257894318,.801659713401192,.628880270737198,-.50104010005081,-.648711128452885,-.379090032132906,.783447798183149,.244353362402643,0,0,0,0,0,0,0,0,0,0,2,White,2,us,sm,37,f,-.919803410411056,-.860900257894318,-3,Non-Christian
2597364,Christian,good,1, , , , , , , , , , , , ,1,3,3,2,2,-2,2.33333333333333,-1,1,-2.33333333333333,2,American Indian/Alaska Native,3,us,us,44,f, , ,0,Christian
2597528,Christian,bad,-1, , , , , , , , , , , , ,2,2,2,2,3,0,2,-1.66666666666667,1,-1.33333333333333,3,White,4,um,um,77,m, , ,3,Christian
2597560,Christian,bad,-1,.0625,0,.500956305008019,.534762556235049,.0650872101693379,.055230614554307,-.774070799094926,.235309314583003,.366935357137468,-.118227952068784,-.406598829849546,.157891424780862,0,0,0,0,0,0,0,0,0,0,2,White,2,us,us,35,f,-.500956305008019,-.0650872101693379,-2,Christian
2597569,Christian,good,1,.03125,0,.534487441276872,1.10130720602282,1.00373365214202,.234450500317184,.182874897882326,-.306353260897333,.879842766480572,-.547370322412447,-.0390540143591207,-.293418429709005,2,0,0,0,0,0,.666666666666667,0,-.666666666666667,0,2,White,2,us,sm,43,m,.534487441276872,1.00373365214202,-3,Christian
2597631,Hindu,bad,-1,.0364583333333333,0,.748268781964494,.0613894964280267,.183429658134132,-.566296435706125,1.23032037791948,-.52370039641274,.331029312175551,-.00626448571154729,-.0280816132503809,-.296683213213623, , , , , , , , , , ,2,South Asian,3,in,in,49,f,-.748268781964494,-.183429658134132,-2,Non-Christian
2597651,Christian,good,1,.0416666666666667,0,.227163039698048,.129229741636758,.165615864785882,-.241867190154251,-.431617095011296,.770597094553968,.174002882040229,.294411514357154,-.300215774954532,-.168198621442851, , , , , , , , , , ,2,Black or African American,3,us,us,36,f,.227163039698048,.165615864785882,2,Christian
2597695,Christian,good,1,.182291666666667,0,.222100337496665,-.0568898405376422,.727484300456989,.00385427649350868,.765315760503311,.305048495073969,.297564932472004,.119361353039367,.182356566500051,-.599282852011423,0,0,0,0,0,0,0,0,0,0,2,White,3,us,us,21,f,.222100337496665,.727484300456989,1,Christian
2597700,Christian,good,1,.03125,0,.0762077239999297,.346887265564596,.45793222950833,.250958118459745,.323892794956576,-.363309349953776,.293675739690952,-.320384911326039,.166214396472131,-.139505224837043,1,2,1,0,0,0,1.33333333333333,-.333333333333333,-.333333333333333,-.666666666666667,2,White,1,us,sm,17,m,.0762077239999297,.45793222950833,2,Christian
2597731,Christian,bad,-1,.260416666666667,0, , ,1.35396256882498,.916318880185244, , , , , , ,0,3,3,0,0,0,2,-1,0,-1,2,South Asian,3,ph,ph,24,f, ,-1.35396256882498,-1,Christian
2597784,Hindu,bad,-1, , , , , , , , , , , , ,0,2,0,1,-2,-2,.666666666666667,1.33333333333333,-.333333333333333,-1.66666666666667,3,East Asian,1,in,in,48,f, , ,-3,Non-Christian
2597795,Jewish,good,1,.447916666666667,.921875,-.455679362296338,.353553390593274,.420809785461276,.353553390593274,-.121637088420113,-.693929671912162,.106227937919404,-.467012151032903,.229198554823166,.131585658290333, , , , , , , , , , ,3,White,1,us,sm,23,f,-.455679362296338,.420809785461276,0,Non-Christian
2597822,Christian,bad,-1,.161458333333333,0,-.0869577018601969,.84634756794862,.0785194828612755,-.131800415719898,.620612257604497,-.23090999631344,.279303116316566,-.315152382847387,.191923181248265,-.156073914717444, , , , , , , , , , ,3,East Asian, ,id,kr,27,f,.0869577018601969,-.0785194828612755, ,Christian
2597835,Christian,bad,-1,.0833333333333333,0,-.306613736581523,-.234387811868065,.181488862568629,.867637599215598,.442569041113045,-.530597834717047,-.11983756196032,-.38794920735486,.538940125636722,-.0311533563215423,0,1,1,1,1,0,.666666666666667,-.666666666666667,.666666666666667,-.666666666666667,2,White,3,ro,sm,32,f,.306613736581523,-.181488862568629, ,Christian
2597882,Jewish,good,1,.0260416666666667,0,.268350665322112,.750070477954099,.668627965224891,-.146008501707057,.945984419211166,.00970206606229128,.562349702833701,-.198119970061584,.177208417393999,-.541438150166116,-1,-1,0,0,1,0,-.666666666666667,-.333333333333333,.666666666666667,.333333333333333,2,White,3,ca,be,37,f,.268350665322112,.668627965224891,-3,Non-Christian
2597886,Christian,bad,-1, , , , , , , , , , , , ,-2,1,2,0,0,-2,.333333333333333,0,.666666666666667,-1,3,South Asian,3,in,in,24,m, , ,-1,Christian
2597937,Christian,bad,-1,.0416666666666667,.875,-.264864448707059,.5980750472018,.446595613825095,.324392371183385,-.424963285615565,-.463014398478074,.259935404106612,-.461827272287753,.0547645114249597,.147127356756181,0,2,2,0,0,0,1.33333333333333,-.666666666666667,0,-.666666666666667,.,White,2,hr,de,18,f,.264864448707059,-.446595613825095,0,Christian
2597964,Christian,good,1,.625,1, , , , , , , , , , , , , , , , , , , , ,.,White,3,yu,yu,23,f, , ,-1,Christian
2597971,Christian,bad,-1,.145833333333333,0,.288096661461859,.38212196466819,.176776079309308,-.524201441529717,-.212328747625603,.0747878511225874,.282331568479786,.072289109328038,-.34154228353906,-.0130783942687641,0,0,0,1,0,0,0,0,.333333333333333,-.333333333333333,2,White,2,ie,ie,69,m,-.288096661461859,-.176776079309308,-2,Christian
2598004,Christian,good,1,.0520833333333333,0,-.456226084754075,.406241148761244,.159821869969558,.0806267171258815,.49714277651122,-.604389444233731,.0366123113255755,-.363752436706952,.344665192797059,-.0175250674156827,0,0,0,0,0,0,0,0,0,0,.,White,4,ca,ca,49,f,-.456226084754075,.159821869969558,-2,Christian
2598008,Muslim,bad,-1,.270833333333333,.0104166666666667,-.167392012760625,-.888063273048501,.352137542771193,-.945521632234473,-.209995837656707,-.0793327903708553,-.234439247679311,.584750704970706,-.329375152376852,-.0209363049145436,0,0,0,0,0,0,0,0,0,0,2,White,3,tr,tr,20,f,.167392012760625,-.352137542771193,0,Non-Christian
2598025,Christian,good,1,.0625,0,.52844279709463,1.14297481107052,1.00293741097919,.419505335918389,-.167438224710479,-.187352053858626,.891451673048114,-.583277400282512,-.0921252286289068,-.216049044136695,3,0,0,0,0,0,1,0,-1,0,2,South Asian,3,my,my,42,f,.52844279709463,1.00293741097919,0,Christian
2598056,Muslim,bad,-1,.479166666666667,.78125,-.0484788546321842, , ,-.353553390593274,.499446565289229,1.48833431914655, , ,.0647906764427131, ,0,0,1,-2,0,2,.333333333333333,-1,-.666666666666667,1.33333333333333,.,More than one race - Other,2,us,sm,19,f,.0484788546321842, ,-2,Non-Christian
2598059,Christian,good,1,.0842105263157895,0,-.031060241736037,.118385728163185,-.172993697321426,-.221538419497937,.200378671690069,.206174113872605,-.0285560702980926,.103108935069119,.00330016464272305,-.0778530294137495,3,3,3,-1,0,0,3,-1,-1.33333333333333,-.666666666666667,2,Black or African American,3,jm,us,18,m,-.031060241736037,-.172993697321426,0,Christian
2598073,Christian,good,1,.109375,0,.926111269011935,.20881417797901,.265343796883697,-.100794802626817,.18038128866573,-.124827925070257,.466756414624881,-.0776157668074832,-.282174927657674,-.106965720159723,3,0,0,-2,-1,0,1,.333333333333333,-2,.666666666666667,2,White,2,uk,bg,62,f,.926111269011935,.265343796883697,0,Christian
2598077,Christian,bad,-1,.119791666666667,0,-.0211709214318645,.543801050931667,.460044753704517,-.894939701753584,-.378734504174763,-.409207899128291,.32755829440144,-.0193564161021244,-.417501094832161,.109299216532845,0,2,0,1,0,-2,.666666666666667,.666666666666667,.333333333333333,-1.66666666666667,3,White,3,gr,gr,18,f,.0211709214318645,-.460044753704517,0,Christian
2598140,Christian,bad,-1,.078125,0,.0369918922736469,-.410640448129484,-.313374718725321,.441758267420822,1.29374622593329,-.0363197741188101,-.229007758193719,-.0224791978033825,.566170867026822,-.31468391102972,0,0,0,0,0,0,0,0,0,0,2,White,3,ro,ro,45,m,-.0369918922736469,.313374718725321,-3,Christian
2598148,Christian,bad,-1,.265625,0,.339040199544603,1.42382867769395,1.46088615709357,.037167832428512,-.0629867944511547,.484083964993044,1.07458501144404,-.32563751504314,-.121619720522415,-.627327775878487,0,0,0,0,0,0,0,0,0,0,2,Black or African American,3,us,us,60,f,-.339040199544603,-1.46088615709357, ,Christian
2598251,Muslim,bad,-1,.161458333333333,0,-.585101482183405,-.123745246007364,.245803148876925,.411684769896187,.521976162284195,.874960380063586,-.154347859771282,.195673618724921,.506254138121262,-.547579897074902,3,0,0,3,0,0,1,0,0,-1,2,White,3,ir,ir,30,m,.585101482183405,-.245803148876925,0,Non-Christian
2598282,Muslim,bad,-1,.0989583333333333,0,-.670805183543597,.15559449016861,-.0611506637043322,-.530064199716223,.194670726941236,.493281334881237,-.192120452359773,.28925034814295,.111803903589536,-.208933799372714,0,0,0,0,0,0,0,0,0,0,2,White,1,us,sm,52,m,.670805183543597,.0611506637043322,-2,Non-Christian
2598299,Christian,bad,-1,0,0,-.479750757868029,.571173510793491,.0115994930694165,-.558954817254289,.032243447302423,-.379279681399243,.0343407486649593,-.130499458312815,-.0156535373612791,.111812247009134,1,2,1,0,0,0,1.33333333333333,-.333333333333333,-.333333333333333,-.666666666666667,.,White,2,gr,gr,40,f,.479750757868029,-.0115994930694165,0,Christian
2598337,Christian,good,1,.130208333333333,0,.942600636855223,.0237304010985941,.0429518087850591,-.34205318570487,-.270235394964373,-.207695776195215,.336427615579625,.0368756694703537,-.518296405841489,.14499312079151, , , , , , , , , , ,2,Black or African American,3,us,us,44,f,.942600636855223,.0429518087850591,-2,Christian
2598338,Christian,good,1,.0625,0,.0788103075766647,-.240888062313999,-.0317332947995372,.764326446373305,-.667265413308837,-1.01551902259337,-.064603683178957,-.51298580221756,.0060835751626012,.571505910233916,0,0,0,0,0,0,0,0,0,0,1,Other or Unknown, ,us,us,45,f,.0788103075766647,-.0317332947995372, ,Christian
2598361,Christian,good,1,.166666666666667,.0104166666666667,.469861009655026,.476133083892642,.00434230370953633,-.166394510518158,.0397439207732642,.825132398910191,.316778799085735,.171797941845235,-.198837199799973,-.289739541130997,0,0,0,-1,0,1,0,-.333333333333333,-.333333333333333,.666666666666667,2,East Asian,2,sg,mm,28,f,.469861009655026,.00434230370953633,1,Christian
2598413,Christian,bad,-1,.0483870967741935,0,.541960191264266, , , , ,-.594992332319287, , , , , , , , , , , , , , ,3,South Asian,2,ca,ca,53,f,-.541960191264266, ,0,Christian
2598448,Muslim,bad,-1,.0260416666666667,0,-.424131242681298,-1.00208992295463,.473178184721978,.25511268011109,.702141542662327,.831819074368975,-.317680993637985,.52626543907084,.460461821818238,-.669046267251093, ,-3,1,-2,-1,3, ,-1, ,2.66666666666667,3,Other or Unknown,3,in,in,34,f,.424131242681298,-.473178184721978,-1,Non-Christian
2598503,Christian,good,1,.125,0, , ,.174929869534145,-.334097825324087,.271367145455092, , , , , ,1,2,1,1,-1,-1,1.33333333333333,.333333333333333,-.333333333333333,-1.33333333333333,1,White,3,gr,gr,22,m, ,.174929869534145,0,Christian
2598520,Christian,bad,-1, , , , , , , , , , , , ,0,0,0,0,0,0,0,0,0,0,1,White,3,it,it,27,f, , ,0,Christian
2598530,Christian,bad,-1,.401041666666667,.0260416666666667,1.08912814969507,.644390994044068,.673432904139456,.935199840868894,-.563894669744331,-.421636526972984,.802317349292863,-.667075787295315,-.239274326190168,.10403276419262, , , , , , , , , , ,.,White,2,us,us,33,m,-1.08912814969507,-.673432904139456,-2,Christian
2598538,Jewish,bad,-1,.0625,0,-.207002720488811,.594526030972987,.603371680291848,.427176862456123,-.338566828221418,.0647277046235667,.330298330258675,-.318991729601848,.0985375849078387,-.109844185564666, , , , , , , , , , ,2,White,2,us,sm,17,f,.207002720488811,-.603371680291848,1,Non-Christian
2598549,Muslim,good,1,.0572916666666667,0,.421078110058874,.342893673369328,.161658082476131,-.646861706454644,.406280297858892,.347479688480939,.308543288634778,.217149240522085,-.220553172884875,-.305139356271987, , , , , , , , , , ,3,South Asian,3,pk,us,18,f,.421078110058874,.161658082476131,1,Non-Christian
2598561,Muslim,good,1, , , , , , , , , , , , ,0,-2,3,-3,3,3,.333333333333333,-3,0,2.66666666666667,2,Black or African American,3,ng,sm,30,m, , ,0,Non-Christian
2598585,Christian,bad,-1,.53125,.635416666666667,1.57070214974199,-.353553390593274,-.709988498372706,1.05913657984097,.353553390593274,-.205158752028623,.16905342025867,-.303580647092106,-.0526707264359155,.187197953269352,3,1,3,2,0,0,2.33333333333333,-1,-.333333333333333,-1,.,Black or African American,3,gh,be,21,m,-1.57070214974199,.709988498372706,-3,Christian
2598639,Muslim,good,1,.255208333333333,0,.737506410253826,-.899369399442411,-.178892978991073,-.552455010582665,-.146961122493599,-.656523573950394,-.113585322726553,.26510027869156,-.47897418111003,.327459225145022,3,0,2,-1,-3,2,1.66666666666667,-.333333333333333,-2.33333333333333,1,3,Other or Unknown,3,sa,sa,21,f,.737506410253826,-.178892978991073,0,Non-Christian
2598644,Christian,good,1,.1625,0,-.045606921419534, , , , ,-.262919170707031, , , , , , , , , , , , , , ,1,Other or Unknown,2,us,sm,29,f,-.045606921419534, ,0,Christian
2598667,Jewish,good,1,.0625,0, , , , , , , , , , , , , , , , , , , , ,2,White,2,us,sm,51,f, , ,-3,Non-Christian
2598684,Christian,bad,-1,.0833333333333333,0,-.261551822553903,.713446309594662,-.392815250901463,.304520065796948,-.182767317341849,.423372521057977,.0196930787130988,-.198197951444544,.127768190336334,.0507366823951115,1,1,1,0,0,0,1,-.333333333333333,-.333333333333333,-.333333333333333,.,White,3,cy,cy,25,f,.261551822553903,.392815250901463, ,Christian
2598702,Jewish,good,1,.025,0, ,.231252801423856, , ,-.375177591490995, , , , , , , , , , , , , , , ,2,White,1,us,sm,61,f, , ,-3,Non-Christian
2598729,Christian,good,1,.177083333333333,.00520833333333333,.426971083151358,.468123983175533,.835217835249499,-.505357382919895,.0511824648655643,.354509602264088,.57677096719213,.130581000669483,-.29371533373523,-.413636634126384,2,2,1,0,0,0,1.66666666666667,-.333333333333333,-.666666666666667,-.666666666666667,2,Other or Unknown,2,co,co,21,f,.426971083151358,.835217835249499,0,Christian
2598760,Christian,good,1,.296875,.0989583333333333,.00891905121318803,.407614912719212,-.356300872864758,.179782295786956,.649887516090115,-.278227463026773,.0200776970225473,-.288541557177647,.273583586887961,-.00511972673286128,-2,-2,-3,0,0,0,-2.33333333333333,1,.666666666666667,.666666666666667,1,White,1,us,sm,21,f,.00891905121318803,-.356300872864758,-3,Christian
2598786,Christian,good,1,.255208333333333,.00520833333333333,-.0839824769192561,.310079555040132,.613653205415756,-.781546412156442,.199523447191162,.428117495652295,.279916761178877,.299861450922868,-.166013496015341,-.413764716086404,2,2,2,0,0,0,2,-.666666666666667,-.666666666666667,-.666666666666667,3,White,3,cy,cy,22,f,-.0839824769192561,.613653205415756,0,Christian
2598836,Muslim,good,1,.104166666666667,.0104166666666667,.378279880435351,-.237452543881929,.1730531108285,-.813570384889019,-.235840051427659,.321108774592653,.104626815793974,.457377234454534,-.475896772250676,-.0861072779978315,2,-2,2,-2,-1,2,.666666666666667,-1,-1.66666666666667,2,2,South Asian,3,us,sm,19,f,.378279880435351,.1730531108285,-2,Non-Christian
2598937,Hindu,good,1, , , , , , , , , , , , ,-1,-1,-1,0,-1,0,-1,.666666666666667,0,.333333333333333,2,South Asian,1,us,sm,17,f, , ,-3,Non-Christian
2599079,Christian,good,1,.0625,0,.070012575534679,.5382236402336,1.10330730600411,-.374052462695564,-.0153080364188198,.0709033488271763,.570514507257463,-.0310892762369533,-.153124358216354,-.386300872804155,1,0,0,0,0,0,.333333333333333,0,-.333333333333333,0,1,More than one race - Black/White,2,pr,us,30,f,.070012575534679,1.10330730600411,0,Christian
2599082,Christian,good,1,.0625,0,.648380091649719,.395554994594522,-.360471718918225,.457289262873307,-.0205525639759803,.192580826452207,.227821122442005,-.220087810338541,-.0705477975841307,.0628144854806664,0,0,0,0,0,0,0,0,0,0,1,White,2,ve,ca,38,f,.648380091649719,-.360471718918225,-2,Christian
2599271,Christian,good,1,.15625,.0104166666666667,.662351886291152,1.05924346958385,.63086484459153,.0679745880362835,-.128400410665792,.485202105555035,.784153400155511,-.214005317355033,-.240925902973553,-.329222179826924,3,3,3,2,2,1,3,-2,.333333333333333,-1.33333333333333,2,East Asian,3,hk,cn,16,f,.662351886291152,.63086484459153,0,Christian
2599272,Jewish,bad,-1,.0260416666666667,0,-.0466072773972467,.79208756183842,.421726501522966,.606060005588067,-.399907466210587,-.0399938117919389,.389068928654713,-.479380459739475,.0842532722582424,.00605825882652006,-1,-1,-1,1,1,-1,-1,.333333333333333,1,-.333333333333333,2,White,1,us,us,50,m,.0466072773972467,-.421726501522966,-3,Non-Christian
2599311,Christian,good,1,.255208333333333,0,.685320100834633,.267384473549901,.172585682600872,.445479855372068,.0704735979243929,.0973835599772795,.375096752328469,-.205160256314897,-.0564555491793908,-.113480946834182, , , , , , , , , , ,2,White,2,us,us,54,f,.685320100834633,.172585682600872,0,Christian
2599336,Christian,good,1,.09375,0, ,.401297198063044, , ,.0185835675413831, , , , , ,0,0,0,0,0,0,0,0,0,0,2,South Asian,3,sg,sg,74,m, , ,-2,Christian
2599357,Muslim,good,1,.198952879581152,.00523560209424084,.19028703438294,-.993851481373698,-.57117346783236,-.46458306298891,-.17935547574251,.325410573652581,-.458245971607706,.594615039338396,-.27807519103812,.14170612330743,0,-3,0,-1,0,3,-1,-1,-.333333333333333,2.33333333333333,3,South Asian,3,pk,pk,24,f,.19028703438294,-.57117346783236,0,Non-Christian
2599421,Jewish,good,1,.114583333333333,0,-.18257620161455,.942744093986461,.479149170387596,.195581331267379,.30664082878349,-.386649746903365,.413105687586502,-.508325057385735,.22826612055514,-.133046750755907,0,0,0,1,1,0,0,-.333333333333333,.666666666666667,-.333333333333333,2,White,2,us,sm,45,f,-.18257620161455,.479149170387596,-2,Non-Christian
2599424,Hindu,good,1,.0729166666666667,0,.481036652482336,-.111292499151964,.392528552072655,-.117278921196369,.32023009068661,-.63706850483397,.254090901801009,-.136165694828546,-.0926951609973648,-.0252300459750984,0,0,0,0, ,0,0, , ,0,.,South Asian,1,in,in,26,f,.481036652482336,.392528552072655,0,Non-Christian
2599468,Christian,bad,-1,.198863636363636,.00568181818181818,.338996210498368, ,.291381989757223,.970267653096654,-.0178131749210082,-.487988814572814, , ,.204486089225759,.0714733332455328, , , , , , , , , , ,.,White,2,ua,uk,28,f,-.338996210498368,-.291381989757223,0,Christian
2599514,Jewish,bad,-1,.0902777777777778,0, ,.409758146573849,.571744552551421,.0543845788435599,-.406636691346658, , , , , , , , , , , , , , , ,2,White,2,us,sm,26,f, ,-.571744552551421,-1,Non-Christian
2599551,Christian,bad,-1,.177083333333333,0,-.387843868324051,-.756024260752367,-.221186936658184,.418225897370497,-.585767900220326,-1.16092552398428,-.455018355244867,-.274375720200804,.0734339551580741,.655960120287597,0,1,0,1,0,-1,.333333333333333,.333333333333333,.333333333333333,-1,2,White,3,us,us,54,m,.387843868324051,.221186936658184,1,Christian
2599611,Christian,bad,-1,.00520833333333333,0,.137238692454685,.468470467773302,.468575087837212,.303275145615897,.231526352711842,-.703315431550997,.358094749355066,-.491687014980065,.132520935291018,.00107133033398088,1,1,-1,1,-1,-1,.333333333333333,1,-.333333333333333,-1,2,White,1,us,an,53,m,-.137238692454685,-.468575087837212,-2,Christian
2599649,Hindu,good,1,.0260416666666667,0,-.0876531801138968,-.421147792773854,-.442936836640958,-.154276875275764,-.945053341965106,-.256689109854498,-.317245936509569,.10624518606504,-.337225679042324,.548226429486854,0,0,0,0,0,0,0,0,0,0,2,South Asian,2,in,sm,29,f,-.0876531801138968,-.442936836640958,0,Non-Christian
2599666,Christian,bad,-1,.276041666666667,0,-.446971427943541,.100267941004743,.293798819096391,.29674605837319,.724466801906305,.0131983452910821,-.0176348892808023,-.127938551362284,.489394762741012,-.343821322097926,0,0,0,0,0,0,0,0,0,0,2,White,3,us,us,22,f,.446971427943541,-.293798819096391,-1,Christian
2599710,Christian,good,1,.09375,0,.334872056440334,.980809212207799,.540233270457984,.699386609409673,-.21895787848396,.042698371311562,.618638179702039,-.545832483435303,.0485188914951262,-.121324587761862,3,3,3,1,1,0,3,-1.33333333333333,-.333333333333333,-1.33333333333333,1,More than one race - Other,3,us,sm,26,m,.334872056440334,.540233270457984,0,Christian
2599716,Christian,bad,-1, , , , , , , , , , , , ,0,1,0,1,0,0,.333333333333333,0,.333333333333333,-.666666666666667,2,White,2,uk,uk,18,m, , ,0,Christian
2599808,Christian,bad,-1,.0157068062827225,0,.121810475286183,.405107829282381,-.114190311262412,.555761350734751,.108245592512718,-.484648774347439,.137575997768717,-.481839318121524,.180732155987095,.163531164365711,0,3,-2,3,0,-3,.333333333333333,1.66666666666667,1,-3,3,More than one race - Other,2,uk,uk,45,f,-.121810475286183,.114190311262412,-2,Christian
2599848,Jewish,bad,-1,.0625,0,.747958174423194,.370009425792301,.0520854171728798,.786330180876417,-.416721684374046,-.916621612070566,.390017672462792,-.690987072913095,-.126116559306941,.427085959757244,0,2,0,2,0,-2,.666666666666667,.666666666666667,.666666666666667,-2,2,White,1,il,sm,22,f,-.747958174423194,-.0520854171728798,-2,Non-Christian
2599869,Hindu,bad,-1,.364583333333333,.0729166666666667,1.47343842294489,-.0986013388486539,.0507147086357288,.229343134000889,.392333417255689,-.540371217114802,.475183930910655,-.223704337422346,-.283920623896104,.0324410304077947, , , , , , , , , , ,3,East Asian,4,in,in,19,m,-1.47343842294489,-.0507147086357288,1,Non-Christian
2599897,Hindu,bad,-1,.0885416666666667,0,-.13291371117578,.0319150670094458,-.56995832899559,.454430566608843,-.101150531923341,-.0280183440154606,-.223652324387308,-.17145465921125,.162064581953761,.233042401644797,1,0,-1,0,-1,3,0,-.333333333333333,-.666666666666667,1,3,South Asian,4,in,in,19,m,.13291371117578,.56995832899559,0,Non-Christian
2599908,Christian,bad,-1,.015625,0,.171373446115598,1.22302074707577,-.338281331111779,.445597916225058,-.06454234482341,-.338293479346667,.352037620693196,-.668970714215832,.0698940417620168,.247039051760619,0,0,0,0,0,0,0,0,0,0,2,White,1,us,sm,43,f,-.171373446115598,.338281331111779,-3,Christian
2599915,Christian,good,1,.015625,0,.418394904332053,-.00109229249450443,-.124074780195742,.46024166407408,-.27623133377346,.30553819758241,.0977426105472689,-.0512037246657218,-.0781281913438111,.031589305462264,1,3,3,0,1,0,2.33333333333333,-1.33333333333333,0,-1,2,More than one race - Other,3,tt,us,29,f,.418394904332053,-.124074780195742,2,Christian
2599931,Christian,good,1,.166666666666667,0,.707013745251827,.195278450214047,.597495122652719,-.539102673242559,-.0374656769880565,-.0493087475633141,.499929106039531,.098171825155066,-.427860698494147,-.170240232700449,0,1,1,-1,0,0,.666666666666667,-.333333333333333,-.333333333333333,0,2,White,3,gr,gr,39,m,.707013745251827,.597495122652719,0,Christian
2599978,Christian,bad,-1, , , , , , , , , , , , ,0,0,0,0,0,0,0,0,0,0,.,Black or African American,2,us,us,19,f, , ,0,Christian
2600041,Christian,bad,-1, , , , , , , , , , , , ,3,3,3,0,1,0,3,-1.33333333333333,-.666666666666667,-1,3,Black or African American,3,ke,it,27,m, , ,0,Christian
2600069,Jewish,good,1,.0625,0,-.475094319120325,-.270448906417429,-.12413416936572,.701348316767006,.755810428206096,.0882892830211977,-.289892464967825,-.114203375776126,.644084354697809,-.239988513953858,-2,1,-2,2,2,2,-1,-.666666666666667,2,-.333333333333333,2,White,2,au,au,45,f,-.475094319120325,-.12413416936572,0,Non-Christian
2600071,Christian,good,1,.203125,0,.320211690715964,.0992194073187621,.348898251253447,-.198026659151115,.295529625937011,-.478592734958371,.256109783096058,-.126595161042006,-.0742362413100224,-.055278380744029,2,-1,-2,2,0,-1,-.333333333333333,1,0,-.666666666666667,1,Other or Unknown,2,mx,mx,25,f,.320211690715964,.348898251253447,-2,Christian
2600078,Christian,bad,-1,.28125,0,.713092623770598,.29905316016972,.755772588280512,-.901098269622203,.486150331800252,-.608098780667749,.58930612407361,-.00201789040508871,-.37601352053085,-.211274713137672,0,0,0,0,0,0,0,0,0,0,2,Black or African American,2,us,us,56,m,-.713092623770598,-.755772588280512,0,Christian
2600246,Christian,good,1,.385416666666667,.00520833333333333,-.148350407087596,-.311498510810433,.553185490500289,.0146667489683184,.633100507542205,-.879013439074743,.0311121908674202,-.194060559077543,.265372554532706,-.102424186322584,0,0,0,0,0,0,0,0,0,0,2,White,2,us,sm,19,f,-.148350407087596,.553185490500289,-2,Christian
2600394,Hindu,good,1,.0677083333333333,0,-.756465035621386,-.297779233971205,-.763855117157429,-.220191741242641,.3404276191448,-.55278676358533,-.606033128916673,-.011605262790495,.292233637841182,.325404753865986,0,0,0,0,0,0,0,0,0,0,2,East Asian,1,uk,sm,46,f,-.756465035621386,-.763855117157429,-3,Non-Christian
2600409,Hindu,bad,-1,.03125,0,-.199325932550922,.912016872853725,.295930764478613,.120737152240729,-.334962464676419,-.11203881855799,.336207234927139,-.381597614550815,-.00496645996158924,.0503568395852651,0,0,0,0,0,0,0,0,0,0,3,South Asian,3,in,in,19,m,.199325932550922,-.295930764478613,0,Non-Christian
2600428,Christian,good,1,.0104166666666667,0,-.441406712239553,.761805617438902,.0836866695885586,-.126947270856962,.373011035930512,.192241384643935,.134695191595969,-.147538987312668,.229156825771034,-.216313030054335,0,0,0,0,0,0,0,0,0,0,2,Black or African American,2,us,sm,31,m,-.441406712239553,.0836866695885586,-1,Christian
2600453,Muslim,bad,-1,.0677083333333333,0,.0853274755953329,.137329703314954,-.273775714557844,-.910407812276416,-.631092655272055,-.50736879921769,-.0170395118825193,.0885697699145908,-.542275981047934,.470745723015863,1,-1,0,3,0,2,0,-.666666666666667,.666666666666667,0,3,Other or Unknown,3,eg,eg,27,f,-.0853274755953329,.273775714557844,0,Non-Christian
2600502,Muslim,bad,-1,.0260416666666667,0,.0171960182625474,.028143812927599,.867933031096284,-.0802908978580422,-.934033067577395,.289975654298551,.30442428742881,.114040913076331,-.343839994565995,-.0746252059391469,2,-2,1,-3,-2,3,.333333333333333,-.666666666666667,-2.33333333333333,2.66666666666667,2,Other or Unknown,4,eg,sa,29,m,-.0171960182625474,-.867933031096284,0,Non-Christian
2600557,Jewish,bad,-1,.0625,0,.318988506452865,.265586534710673,.607347612510502,-.856218119158889,-.524148097340935,-.616887832130569,.39730755122468,-.00875208256078441,-.566451574317563,.177896105653668,-1,-1,-2,-1,0,-1,-1.33333333333333,1,0,.333333333333333,2,White,1,us,sm,43,f,-.318988506452865,-.607347612510502,-2,Non-Christian
2600566,Christian,bad,-1, , , , , , , , , , , , ,0,0,0,0,0,0,0,0,0,0,1,More than one race - Other,1,es,es,43,f, , ,0,Christian
2600572,Muslim,bad,-1,.0989583333333333,0,.763204687441,-.157228968424676,-.429178774107984,-.822465813278411,.244586255514656,-.213422544651064,.0589323149694467,.255424079017341,-.447028081734918,.132671687748131,0,0,0,0,0,0,0,0,0,0,3,White,1,ir,ir,28,m,-.763204687441,.429178774107984,0,Non-Christian
2600574,Christian,good,1, , , , , , , , , , , , ,2,0,0,0,0,0,.666666666666667,0,-.666666666666667,0,2,White,3,us,us,56,f, , ,0,Christian
2600576,Christian,bad,-1,.09375,0,.140153394654997,.41973509934665,.204013680328615,-.0475017490168062,-.0716094304254334,.195372705221381,.254634058110087,-.0589535483694876,-.0864215246990789,-.109258985041521,0,0,0,0,0,0,0,0,0,0,.,East Asian,2,ca,sm,18,f,-.140153394654997,-.204013680328615,0,Christian
2600671,Muslim,good,1,.431547619047619,.0326409495548961,-.610487473114502,-.0287674559768087,-.0655942749512831,-.115962589043918,.734785951545577,.136750409635589,-.234949734680864,.093826818218772,.40977027853872,-.268647362076628,0,0,0,0,0,0,0,0,0,0,2,Black or African American,3,us,sm,43,m,-.610487473114502,-.0655942749512831,0,Non-Christian
2600675,Jewish,bad,-1,.0208333333333333,0,.0321111058480001,1.00094869818653,.337195933690177,1.10146105029961,.475311245752808,-.139647634527168,.456751912574901,-.747352461004435,.514887063401473,-.224286514971939, , , , , , , , , , ,2,White,1,nl,sm,54,f,-.0321111058480001,-.337195933690177,-2,Non-Christian
2600687,Muslim,good,1, , , , , , , , , , , , ,0,0,0,-1,-1,0,0,.333333333333333,-.666666666666667,.333333333333333,2,Other or Unknown,3,us,sm,20,m, , ,0,Non-Christian
2600702,Christian,good,1,.0729166666666667,0,.4952668701897,.761200558899717,.29464828812659,.188207816811204,.181306236373303,-.0241239499770555,.517038572405336,-.324510775229325,-.0419176056683979,-.150610191507612,1,1,0,0,0,0,.666666666666667,0,-.333333333333333,-.333333333333333,2,East Asian,2,jp,jp,19,f,.4952668701897,.29464828812659,0,Christian
2600753,Christian,good,1, , , , , , , , , , , , ,0,1,0,0,0,0,.333333333333333,0,0,-.333333333333333,3,White,1,ch,ch,47,m, , ,-3,Christian
2600768,Christian,bad,-1,.1875,0,.38141585515689,.612110189899959,.737582097606921,.732213097641722,.433440004300734,.288504935382731,.57703604755459,-.35193945071965,.261412415595189,-.486509012430128,0,0,0,0,0,0,0,0,0,0,2,White,1,de,sm,16,f,-.38141585515689,-.737582097606921,-2,Christian
2600814,Christian,good,1,.046875,.0104166666666667,.285892428691191,-.000866750207490855,.104223476877986,.171379521550109,-.379884659472468,-.304563055402607,.129749718453896,-.158358608915075,-.164799188871183,.193408079332363,1,1,1,0,0,0,1,-.333333333333333,-.333333333333333,-.333333333333333,2,White,3,us,us,39,f,.285892428691191,.104223476877986,-3,Christian
2600821,Jewish,good,1,.0625,0,.0187279284209145,.209498266366808,.133477359090047,.985895461022266,-.340219156652546,-.457069047503816,.12056785129259,-.550820924964297,.208982791982935,.221270281688772,0,0,0,0,0,0,0,0,0,0,2,White,1,uk,sm,40,f,.0187279284209145,.133477359090047,-3,Non-Christian
2600837,Christian,good,1,.0416666666666667,0,-.15775243250465,.747707394846375,1.47070965012498,-.472541992677297,.68633309281546,-.242880473296991,.68688820415557,-.17268195848869,.123847844214271,-.638054089881151,0,0,1,0,1,1,.333333333333333,-1,.333333333333333,.333333333333333,2,White,1,se,se,46,m,-.15775243250465,1.47070965012498,-2,Christian
2600875,Jewish,good,1,.140625,.015625,-.482952941580727,.141116585831511,-.387844144584748,.689308430757287,.583451909656251,-.454739934084832,-.243226833444655,-.42838831689121,.585237760664755,.0863773896711097,-2,0,0,2,2,0,-.666666666666667,-.666666666666667,2,-.666666666666667,2,White,2,us,us,17,f,-.482952941580727,-.387844144584748,-3,Non-Christian
2600919,Jewish,good,1,.0104166666666667,0,-.236472899095569,-.506828129901578,.669962384319921,.600383347084322,.574750904106805,-.325507962330959,-.0244462148924085,-.139687726504568,.470535716762232,-.306401775365256,0,0,0,1,0,0,0,0,.333333333333333,-.333333333333333,.,White,1,us,us,32,f,-.236472899095569,.669962384319921,-2,Non-Christian
2601010,Hindu,bad,-1,.0104166666666667,0,.415696738680084,.210974295507272,-.244778470487711,.432136580703587,-.68277877109194,-.0193977122384487,.127297521233215,-.220836196149769,-.222112976356146,.3156516512727,0,1,0,2,-1,-1,.333333333333333,.666666666666667,.333333333333333,-1.33333333333333,2,South Asian,1,in,in,29,m,-.415696738680084,.244778470487711,-2,Non-Christian
2601022,Muslim,bad,-1, , , , , , , , , , , , ,0,-2,1,-2,1,2,-.333333333333333,-1.33333333333333,-.333333333333333,2,2,White,2,au,au,43,f, , ,-2,Non-Christian
2601052,Christian,bad,-1,.151041666666667,0,-.679706325292505,.413311694824709,.644369880228633,.277623003621854,.770471557974683,.590979542755632,.125991749920279,-.0333183852303104,.575933628963014,-.668606993652983,1,1,0,0,0,0,.666666666666667,0,-.333333333333333,-.333333333333333,1,Other or Unknown,2,us,us,18,m,.679706325292505,-.644369880228633,-2,Christian
2601054,Hindu,good,1,.0104166666666667,0,.0598341988341529,-.871960638715588,-.523930551710576,-.364198126813292,-.881203120735267,.00863508819942696,-.44535233053067,.414931284576102,-.435078482127571,.465499528082139,0,0,-3,0,-3,0,-1,2,-1,0,3,South Asian,2,in,in,49,m,.0598341988341529,-.523930551710576,-3,Non-Christian
2601072,Christian,good,1,.119791666666667,0,.0518054709097888,.354179622744368,.619973740403436,-.500371388746705,.793825219493029,.616746428130885,.341986278019197,.254312731377741,.080549453278845,-.676848462675783,3,3,3,0,0,0,3,-1,-1,-1,3,White,4,dk,dk,28,m,.0518054709097888,.619973740403436,-1,Christian
2601075,Christian,good,1,.171875,.00520833333333333,.445223111716509,.17288325277223,.510146948431061,-.397085202511559,.512553161162873,-.0654862776691061,.376084437639934,.0529052240234076,-.109918384355065,-.319071277308276,0,0,0,0,0,0,0,0,0,0,2,East Asian,2,sg,sg,20,m,.445223111716509,.510146948431061,0,Christian
2601091,Christian,good,1,.15625,0,.248237223950412,.0349566729273795,.888183220958023,.145095279630216,.0309678880652581,.303461451521371,.390459039278605,.0411364996545916,-.0240580187516457,-.407537520181551,0, ,0, ,0,0, ,0, , ,3,White,3,us,sm,63,f,.248237223950412,.888183220958023,-2,Christian
2601117,Hindu,good,1,.104166666666667,0,.161555707895966,.617102170823316,.0746182048587534,-.52106449548214,-.582721769189123,-.802391398704257,.284425361192679,-.299476358015144,-.42178065752241,.436831654344876,0,0,0,0,0,0,0,0,0,0,2,South Asian,3,in,sm,27,f,.161555707895966,.0746182048587534,0,Non-Christian
2601223,Christian,good,1, , , , , , , , , , , , ,0,0,0,0,0,0,0,0,0,0,2,White,1,au,au,48,m, , ,0,Christian
2601226,Hindu,good,1,0,0,.519497721128798, ,-.0469144262216613,.16429069665315,.0722002500252242,.311055873101561, , ,-.0943355914834747,-.112113898968375,0,0,0,0,0,0,0,0,0,0,3,South Asian,2,in,in,34,m,.519497721128798,-.0469144262216613,0,Non-Christian
2601277,Hindu,good,1,.161458333333333,0,.402182597291762,.0174772204074369,-.135310608855116,-.0719854169041115,-.568206264412072,-.859100093568336,.0947830696146943,-.268197299023887,-.347458092869315,.520872322278508,0,3,0,3,0,0,1,0,1,-2,3,More than one race - Other,1,in,sm,20,m,.402182597291762,-.135310608855116,0,Non-Christian
2601279,Christian,good,1,.0416666666666667,0,.664511350962565,.364106459637497,-.412623532093097,.437605199741781,-.516983596401681,-.760693619519645,.205331426168988,-.520801759632974,-.247963249207488,.563433582671474,0,0,-1,0,0,-1,-.333333333333333,.666666666666667,0,-.333333333333333,2,Other or Unknown,2,uk,za,50,f,.664511350962565,-.412623532093097, ,Christian
2601293,Muslim,good,1, , , , , , , , , , , , ,-1, ,1,-1,-1,-1, ,.333333333333333,-.333333333333333, ,2,East Asian,3,ir,ir,15,m, , , ,Non-Christian
2601295,Jewish,bad,-1,.385416666666667,.0833333333333333,-.534245333725093,.36800522086574,.162479795950028,.239139473420746,.819076863238299,.285183657747289,-.00125343896977493,-.107320345513066,.530820556794713,-.422246772311872,-3,0,-3,3,0,-1,-2,1.33333333333333,2,-1.33333333333333,2,White,2,us,sm,18,f,.534245333725093,-.162479795950028,-3,Non-Christian
2601306,Christian,good,1,.03125,0,-.199735215265596,.606177699945818,.0974506119608555,.116698076925471,.358703458102708,.0183900271746334,.167964365547026,-.234828583232218,.225045583431258,-.158181365746065,2,1,0,0,0,0,1,0,-.666666666666667,-.333333333333333,2,White,3,by,by,24,m,-.199735215265596,.0974506119608555,-2,Christian
2601316,Christian,bad,-1, , , , , , , , , , , , ,0,0,0,0,0,0,0,0,0,0,1,White,1,es,es,23,f, , ,-2,Christian
2601331,Hindu,bad,-1,.0104166666666667,0,-.208739872774432,-.521272521095065,1.04031765486618,.752252825630545,-.0380392330422417,-.154789099345115,.103435086998894,-.128589801293531,.307651155120912,-.282496440826274,0,1,0,1,0,-1,.333333333333333,.333333333333333,.333333333333333,-1,2,South Asian,2,in,in,48,m,.208739872774432,-1.04031765486618,-1,Non-Christian
2601408,Hindu,good,1,.0104166666666667,0,.174205949038325,.0902054250608678,-.352813075991659,.065750530977735,.302471282583742,-.179284285461822,-.0294672339641553,-.111746747166808,.0646719548410505,.0765420262899131,0,0,0,0,0,0,0,0,0,0,3,South Asian,2,in,in,29,m,.174205949038325,-.352813075991659,0,Non-Christian
2601430,Jewish,good,1,.0677083333333333,0,.785950993981994,.52650788690051,1.14300225679662,.823783839115497,-.0798026404240959,-.71300125394886,.81848704589304,-.687764326654955,-.0139899317635311,-.116732787474554,0,0,0,0,0,0,0,0,0,0,2,White,2,uk,sm,57,m,.785950993981994,1.14300225679662,-2,Non-Christian
2601607,Christian,bad,-1,.197916666666667,0,1.46337926623084,1.10568155768846,.536936796549093,.342768657830415,-.838200257265811,-.134063815892554,1.03533254015613,-.527504677137143,-.652936955222078,.145109092203091, , , , , , , , , , ,2,White,1,uk,uk,38,f,-1.46337926623084,-.536936796549093,-3,Christian
2601639,Christian,good,1,.140625,0,.260211550542794,.0653372736384115,1.1537564091334,-.130322579004572,.520121292837724,.381971292354169,.493101744438201,.148985532573443,.0431957210967861,-.685282998108431,0,0,0,0,0,0,0,0,0,0,.,White,4,uk,sm,22,m,.260211550542794,1.1537564091334,-3,Christian
2601719,Christian,good,1,.0795454545454545,0,-.0901300218219786,.287087361358767, ,.395796275119368,.353553390593274,-.379634006053709, ,-.354172547510615,.27982656251154, ,3,3,3,3,1,-3,3,-.333333333333333,.333333333333333,-3,1,Other or Unknown,3,mx,mx,54,m,-.0901300218219786, ,-2,Christian
2601721,Hindu,bad,-1,.130208333333333,0,.528447426111144,.359044163214433,-.0165232166042581,.231525899775207,.459475324061474,-.494565956676192,.290322790907106,-.361712006555277,.0541845992418454,.0172046164063256,0,0,0,0,0,0,0,0,0,0,2,South Asian,2,us,sm,19,f,-.528447426111144,.0165232166042581,-3,Non-Christian
2601751,Hindu,good,1, , , , , , , , , , , , ,-1,0,-2,1,-2,-2,-1,2,0,-1,3,South Asian,3,in,in,25,m, , ,0,Non-Christian
2601819,Christian,bad,-1,.03125,0,.673395979022575,1.09045818233643,.464791672397429,.086032059086975,-.665817885214463,.3981593429741,.742881944585478,-.259443632816435,-.417727268383354,-.0657110433856886, , , , , , , , , , ,2,White,3,us,sm,59,f,-.673395979022575,-.464791672397429,0,Christian
2601848,Christian,bad,-1, , , , , , , , , , , , ,0,0,0,0,0,0,0,0,0,0,2,Black or African American,2,us,us,33,m, , ,0,Christian
2601896,Christian,good,1,.473958333333333,.90625, , , ,1.33249062983475,.29173278050354, , , , , ,0,1,0,0,0,0,.333333333333333,0,0,-.333333333333333,2,White,2,ca,ca,21,f, , ,-1,Christian
2601953,Christian,good,1,.40625,.609375,.447353573905131, , , ,1.50662111662158,-.0998370415067557, , , , ,3,-1,-3,1,2,2,-.333333333333333,-.333333333333333,0,.666666666666667,1,White,2,us,us,22,m,.447353573905131, ,0,Christian
2602001,Christian,good,1,.0208333333333333,0,.3123900264122,.809338620226745,.717912846397364,.0918833199186152,-.34381783986225,-.565032980171511,.613213831012103,-.488751640105624,-.188108182118611,.0636459912121319,1,2,2,1,0,-1,1.66666666666667,-.333333333333333,0,-1.33333333333333,2,White,3,us,us,27,f,.3123900264122,.717912846397364,-1,Christian
2602080,Hindu,good,1,.145833333333333,0,.811329273449363,.614159565128145,.136441185999844,.647515613737042,-.269006087493432,-.558969313462403,.520643341525784,-.60688149744253,-.144273249068584,.230511404985331,0,0,0,0,-1,-1,0,.666666666666667,-.333333333333333,-.333333333333333,3,Other or Unknown,2,nz,nz,20,f,.811329273449363,.136441185999844,0,Non-Christian
2602183,Hindu,good,1,.0989583333333333,0,.960011669372273,-.15046030214027,.577483859316712,-.532418714513708,-.958857343619377,.712743856189877,.462345075516238,.465207624281285,-.817095909168453,-.110456790629071,0,1,0,0,1,-1,.333333333333333,0,.333333333333333,-.666666666666667,2,South Asian,2,in,in,39,f,.960011669372273,.577483859316712,-1,Non-Christian
2602208,Hindu,good,1,.046875,0,.64319462686871,-.630173160755551,-.108058622372432,-.277504268941498,-1.20778688109202,-.558517812620959,-.0316790520864244,.116386539025363,-.709495258967409,.624787772028471,0,3,0,3,-2,-3,1,1.66666666666667,.333333333333333,-3,2,East Asian,2,in,in,56,m,.64319462686871,-.108058622372432,0,Non-Christian
2602236,Muslim,good,1,.0520833333333333,0,-.258091484138397,.18290434320556,.445458668367042,.376223100499934,.46163345379074,1.00193322266166,.123423842478068,.147601926318721,.36531601280969,-.63634178160648,3,-3,0,-3,-3,3,0,0,-3,3,3,White,3,ma,ma,25,m,-.258091484138397,.445458668367042,0,Non-Christian
2602264,Muslim,good,1,0,0, , , , , , , , , , , ,-3, ,-3,3,3, , , ,3,.,Black or African American,3,so,so,43,m, , ,1,Non-Christian
2602366,Christian,good,1,.015625,0,.866252836263136,1.60174970752735,1.06786300115401,.70218305739836,.771384840364299,-.944306693943283,1.17862184831483,-1.08274648628966,.202438353833175,-.298313715858343,1,2,1,1,1,-1,1.33333333333333,-.333333333333333,.333333333333333,-1.33333333333333,3,Other or Unknown,2,us,us,50,m,.866252836263136,1.06786300115401,0,Christian
2602370,Christian,bad,-1, , , , , , , , , , , , ,0,3,3,3,3,0,2,-2,2,-2,.,Black or African American,4,ng,ng,45,f, , ,0,Christian
2602374,Christian,good,1,.0729166666666667,0,.107892337641652,-.0136582599743222,.0948486348769454,.318144061701299,-.222643024014827,-.313916878875632,.0630275708480916,-.206134226867536,-.00413043331839318,.147237089337838, , , , , , , , , , ,2,White,1,uk,sm,47,f,.107892337641652,.0948486348769454,2,Christian
2602396,Christian,good,1, , , , , , , , , , , , ,0,3,3,3,3, ,2, ,2, ,2,Black or African American,4,uk,uk,45,f, , ,0,Christian
2602408,Christian,good,1,.104166666666667,0,.567765326089796,.747877180645242,-.232276754906416,-.275218666044848,-.666028706987519,-.195333808860508,.361121917276207,-.222664107820301,-.503004233040721,.364546423584814,0,1,1,1,0,-1,.666666666666667,0,.333333333333333,-1,1,White,1,es,de,40,f,.567765326089796,-.232276754906416,0,Christian
2602521,Muslim,bad,-1,.135416666666667,0,1.22705625617158,.332004711872488,.307265212211281,-.140517266126124,-.317732095191049,.824936546135719,.622108726751783,.211149700129785,-.561768539162918,-.27148988771865,2,0,1,-3,-1,1,1,-.333333333333333,-2,1.33333333333333,.,Other or Unknown,1,us,sm,20,m,-1.22705625617158,-.307265212211281,1,Non-Christian
2602535,Christian,good,1,.0989583333333333,0,.818336415370204,.498830707067358,.578604941804957,-.232236573727114,-.682509319312666,.466775861042394,.631924021414173,.0667272425673833,-.577694102803328,-.120957161178228,0,0,0,0,0,0,0,0,0,0,2,White,1,ca,ca,41,f,.818336415370204,.578604941804957,0,Christian
2602542,Christian,bad,-1,.0260416666666667,0,-1.01072840980923,-.354294944474872,.499779746398701,-.269520554055424,.363989342889627,-.637878400340544,-.288414535961801,-.00468763393674963,.368399066214479,-.075296896315928,0,0,0,0,0,0,0,0,0,0,2,White,2,ca,sm,55,m,1.01072840980923,-.499779746398701,-1,Christian
2602561,Christian,bad,-1,.1875,0,-.49740474569996,1.13253009929277,.367274957118017,-.0524733556939096,.315389514042927,.230285515155215,.334133436903609,-.283257076147882,.253440301349659,-.304316662105386,3,3,3,2,2,-2,3,-1,.333333333333333,-2.33333333333333,2,White,4,us,sm,20,m,.49740474569996,-.367274957118017,2,Christian
2602597,Christian,good,1,.0260416666666667,0,.844406346409731,.734032885440517,.71833136160727,-.0367969094599754,-.0253929610415326,-.0426215190921163,.765590197819173,-.246619165024219,-.302198738970413,-.21677229382454,0,0,0,0,0,0,0,0,0,0,2,White,3,us,us,44,f,.844406346409731,.71833136160727,1,Christian
2602678,Christian,good,1,.0989583333333333,0,-.138369860358421,-.10782193665317,.266142736737591,-.194040906132321,.329327517840479,.326818276974968,.00665031324199983,.209560373253486,.0912188240221928,-.307429510517679,0,1,1,1,1,1,.666666666666667,-1,.666666666666667,-.333333333333333,2,White,4,fi,fi,21,f,-.138369860358421,.266142736737591,0,Christian
2602715,Christian,good,1,.0104166666666667,0,.368499393595034,.984282285698456,-.367783184187203,-.411945349147128,-.311947197156474,-.473292630462386,.328332831702095,-.348543189004571,-.364130646632879,.384341003935354,0,0,0,0,0,0,0,0,0,0,3,Black or African American,3,us,us,39,m,.368499393595034,-.367783184187203,0,Christian
2602733,Hindu,bad,-1,.0364583333333333,0,.288037526377327,.508170827340032,.55383989729061,.509808646956966,.331496710630889,-.407227833540969,.450016083669323,-.475069102612656,.184422610403509,-.159369591460177,2,-2,-3,-2,-3,-2,-1,2.66666666666667,-2.33333333333333,.666666666666667,2,White,2,mk,mk,37,f,-.288037526377327,-.55383989729061,0,Non-Christian
2602762,Jewish,good,1, , , , , , , , , , , , ,-2,2,-3,3,3,0,-1,0,2.66666666666667,-1.66666666666667,1,White,2,uk,us,70,f, , ,0,Non-Christian
2602813,Christian,bad,-1,.4125,.0875, , ,.289868724650319,.420036107337353, , , , , , , , , , , , , , , , ,2,White,3,us,us,22,f, ,-.289868724650319, ,Christian
2602894,Muslim,bad,-1,.260416666666667,0,.416792632982632,.332068131033067,.370000013935983,-.733157791253668,-.241518782854086,-.00387148492296058,.372953592650561,.132406058432547,-.463823069030129,-.0415365820529788,0,0,0,-3,0,3,0,-1,-1,2,3,Other or Unknown,3,ma,ma,53,m,-.416792632982632,-.370000013935983,0,Non-Christian
2602974,Christian,bad,-1,.078125,0,.144099647091587,.397676409376779,.106889647527095,.730408939627445,-.0464791099545748,.185376517041554,.21622190133182,-.31423627732089,.179943394193761,-.0819290182046914,3,3,3,1,-1,-1,3,-.333333333333333,-1,-1.66666666666667,2,Black or African American,3,ng,ng,28,m,-.144099647091587,-.106889647527095,-2,Christian
2603007,Christian,good,1,.0104166666666667,0,.287466803319026,.200208132122119,.269962944794474,-.0708693906715412,.148774257365829,.477183193338148,.25254596007854,.11594815062919,-.0698539788749128,-.298640131832817,1,1,1,1,1,-1,1,-.333333333333333,.333333333333333,-1,2,White,3,ca,sm,71,f,.287466803319026,.269962944794474,1,Christian
2603022,Christian,bad,-1, , , , , , , , , , , , ,0,0,0,0,0,0,0,0,0,0,2,East Asian,4,us,sm,27,m, , ,2,Christian
2603024,Hindu,good,1,.0261780104712042,0,-.241013131665738,.211437095788753,.487501617649582,-.191490280703414,-.290914129906006,-.241259431721374,.152641860590866,-.087068748935571,-.0804637596478942,.0148906479925992,0,0,0,0,0,0,0,0,0,0,2,South Asian,3,nz,sg,45,m,-.241013131665738,.487501617649582,0,Non-Christian
2603121,Christian,good,1,.197916666666667,.0260416666666667,.930648903170907,.384595980783542,.704805578719302,.00869130453341076,-.549145088684128,.0264328331745215,.673350154224584,-.12228481738081,-.490367562440541,-.060697774403232, ,1, , , , , , , , ,2,Black or African American,3,us,us,28,f,.930648903170907,.704805578719302,0,Christian
2603136,Christian,good,1,.0885416666666667,0,.608953257663493,.760202825021602,.516784833644712,.17930678382449,-.594583726492013,.412460549212446,.628646972109936,-.175683019877882,-.341410066777005,-.111553885455048,0,0,0,0,0,0,0,0,0,0,.,White,2,us,sm,55,f,.608953257663493,.516784833644712,0,Christian
2603256,Jewish,good,1,.161458333333333,.00520833333333333,.303838096701082,.451352977342884,.921864686748784,.596196458135822,.566318337259925,-.634555675446892,.559018586930917,-.560701703641866,.286225566231555,-.284542449520606,0,0,0,0,0,0,0,0,0,0,1,White,2,br,br,32,m,.303838096701082,.921864686748784,0,Non-Christian
2603323,Jewish,bad,-1,.375,.125, , , , , , , , , , ,-1,0,0,1,0,-1,-.333333333333333,.333333333333333,.666666666666667,-.666666666666667,2,White,1,us,sm,26,f, , ,-2,Non-Christian
2603346,Christian,bad,-1,.0364583333333333,0,-.327948461264239,.622794792754816,.670438493807545,.73163903828204,-.361467648708865,.635692278307867,.321761608432708,-.23958051757633,.232706616945805,-.314887707802183,0,1,1,1,0,0,.666666666666667,-.333333333333333,.333333333333333,-.666666666666667,2,South Asian,3,ph,th,32,f,.327948461264239,-.670438493807545,2,Christian
2603349,Hindu,good,1,.09375,0,.534346795576733,.270497225863706,-.0526403361577708,-.203820400790283,-.469971155736418,-.586529373746254,.250734561760889,-.217735399606559,-.402712784034478,.369713621880147,3,3,-3,3,-3,-3,1,3,-1,-3,3,South Asian,4,in,in,36,m,.534346795576733,-.0526403361577708,-2,Non-Christian
2603364,Muslim,bad,-1, , , , , , , , , , , , ,0,0,0,0,0,0,0,0,0,0,3,South Asian,3,bd,bd,34,m, , ,0,Non-Christian
2603411,Christian,bad,-1,.0416666666666667,0,.50191799978305,-.434642763456407,1.21978029426088,.298716764409685,.540084271018839,-.127597549293281,.429018510195842,.00277614991781381,.112294345215158,-.544089005328814,0,0,0,0,0,0,0,0,0,0,.,White,3,pl,uk,29,f,-.50191799978305,-1.21978029426088,0,Christian
2603425,Christian,good,1,.0875,.0125,.54956568232712, , , , ,.328142576545359, , , , ,2,2,0,2,0,0,1.33333333333333,0,0,-1.33333333333333,1,White, ,it,it,36,f,.54956568232712, , ,Christian
2603435,Hindu,bad,-1,.0260416666666667,0,-.445077977018076,-.0100202515056305,.0120015013500966,.177572040348828,-.608878948834053,.496127220378469,-.14769890905787,.10952514384509,.00459035617761727,.0335834090351625,-1,0,-1,1,-1,-1,-.666666666666667,1,.333333333333333,-.666666666666667,3,South Asian,3,in,in,28,m,.445077977018076,-.0120015013500966,0,Non-Christian
2603442,Christian,good,1, , , , , , , , , , , , ,1,3,3,2,0,-1,2.33333333333333,-.666666666666667,.333333333333333,-2,2,White,2,ru,ru,43,m, , ,-2,Christian
2603512,Muslim,good,1,.0520833333333333,0,-.228554229214949,-.556767397976062,.437198937507592,-1.09926446476175,.120782527519453,.603126649817907,-.11604089656114,.753052837518572,-.249975902675781,-.387036038281651,0,-3,0,-3,-1,3,-1,-.666666666666667,-1.33333333333333,3,.,Black or African American,4,ng,ng,29,m,-.228554229214949,.437198937507592,0,Non-Christian
2603551,Christian,bad,-1,.3125,.0364583333333333,.141758587670872,-.0784353488802488,-.124661923987424,-.175656862643332,-.199767173459695,.437113727727867,-.0204462283989335,.230401979750483,-.172394207924633,-.0375615434269163,0,3,2,2,1,-1,1.66666666666667,-.666666666666667,1,-2,3,White,3,us,us,20,m,-.141758587670872,.124661923987424,0,Christian
2603555,Christian,bad,-1, , , , , , , , , , , , ,2,3,3,2,2,-1,2.66666666666667,-1.33333333333333,.666666666666667,-2,.,White,3,us,us,19,m, , ,-3,Christian
2603652,Christian,good,1,.0208333333333333,0,.323426468099094,.503202605539026,.797715332358872,.529922512934061,.230186304762211,-.207569891366391,.541448135332331,-.413565003279826,.145560783199059,-.273443915251564,2,3,2,2,0,-2,2.33333333333333,0,0,-2.33333333333333,2,White,2,de,sm,28,m,.323426468099094,.797715332358872,1,Christian
2603671,Hindu,bad,-1,.03125,0,.375210575908675,.275231568802538,-.434716780587215,-.528114752540658,.0101133837196436,-.464888706625291,.0719084547079994,-.0706685076290572,-.297737314909896,.296497367830954,1,2,0,0,-2,-2,1,1.33333333333333,-1,-1.33333333333333,3,.,3,in,in,19,f,-.375210575908675,.434716780587215,-3,Non-Christian
2603703,Jewish,bad,-1,.104166666666667,0,.135891735240647,.482464543146325,-.159725628103333,.318753620031225,-.613590898024731,.0307962267066771,.15287688342788,-.256807312156957,-.143576337744718,.247506766473796,-1,1,-1,2,0,-2,-.333333333333333,1,1,-1.66666666666667,2,White,3,us,mx,50,m,-.135891735240647,.159725628103333,-3,Non-Christian
2603705,Christian,good,1,.0989583333333333,0,.314627328615818,.665880602316509,.0687256648309888,.0634577100273306,.708618617379647,.410025556253723,.349744531921105,-.106437585363372,.152482999597053,-.395789946154786,1,3,-3,2,1, ,.333333333333333, ,.666666666666667, ,2,Black or African American,4,ng,ng,31,m,.314627328615818,.0687256648309888,-2,Christian
2603762,Christian,good,1,.0625,0,.358549875589636,.655851271409986,.123327023116117,.119357179038654,.154313799086066,-1.17712282873222,.379242723371913,-.650777093060285,-.0282929658216388,.299827335510011,0, ,0, , , , , , , ,3,White,1,us,us,52,f,.358549875589636,.123327023116117,0,Christian
2603804,Christian,bad,-1,.182291666666667,0,.403141010400653,.522048775678257,.375104317654167,-.848415210965206,.128837028208462,.0741170224159433,.433431367911025,.133494485900964,-.374239731052466,-.192686122759524,0,0,0,0,0,0,0,0,0,0,2,White,2,us,sm,52,f,-.403141010400653,-.375104317654167,-1,Christian
2603879,Jewish,good,1,.146853146853147,.020979020979021,-.00265876215518341,-.685640826541451, , ,-.160169275202695,-.445593548366068, , , , ,0,1,-1,0,0,0,0,.333333333333333,0,-.333333333333333,2,White,1,us,us,47,f,-.00265876215518341, ,-3,Non-Christian
2603963,Christian,bad,-1,.130208333333333,.00520833333333333,-.344717403085292,.854613485076295,1.10462269221038,.688371723176928,.342714804317536,-.0038044960501836,.538172924733794,-.515596568101136,.458601310193252,-.481177666825911,1,-2,-2,-2,-2,1,-1,1,-1.66666666666667,1.66666666666667,2,Black or African American,3,us,us,19,f,.344717403085292,-1.10462269221038,-2,Christian
2604112,Christian,good,1,.046875,0,-.0664387271479341,.17447728367329,.647351150571122,.713587767769778,.938733489359435,-.218401556290875,.251796569032159,-.368822202577981,.572919994759049,-.455894361213228,0,0,0,0,0,0,0,0,0,0,2,White,4,us,us,29,f,-.0664387271479341,.647351150571122, ,Christian
2604133,Jewish,bad,-1,.453125,.114583333333333,.271345543085551,-.316423915965754,.388113107523897,-1.15836425251663,-.0794499486189146,-.705592764451935,.114344911547898,.25639846801015,-.503053248073698,.132309868515651,-2,0,0,2,2,0,-.666666666666667,-.666666666666667,2,-.666666666666667,2,White,3,us,us,29,f,-.271345543085551,-.388113107523897,-2,Non-Christian
2604200,Christian,bad,-1,.046875,0,-.0663972344729402,.585372451561184,.142810667199139,.0977856039671974,.295114684692109,.402700774561005,.220595294762461,-.0934857603224587,.153099174377416,-.280208708817417,1,1,1,1,1,-1,1,-.333333333333333,.333333333333333,-1,2,White,3,us,sm,39,f,.0663972344729402,-.142810667199139,1,Christian
2604202,Christian,good,1, , , , , , , , , , , , ,0,0,0,0,0,0,0,0,0,0,2,White,3,us,us,48,f, , ,1,Christian
2604204,Christian,good,1, , , , , , , , , , , , ,0,3,0,2,0,-1,1,.333333333333333,.666666666666667,-2,2,White,3,us,us,40,f, , ,0,Christian
2604305,Christian,bad,-1,.130208333333333,.00520833333333333,.445632397850104,1.16013681921758,-.329468903033629,.679394973836502,-.238681676986164,-.742407605617122,.42543343801135,-.860646466223733,-.00163970033325544,.436852728545639,2,3,-2,2,2,0,1,0,.666666666666667,-1.66666666666667,2,White,2,us,sm,20,m,-.445632397850104,.329468903033629,0,Christian
2604328,Hindu,bad,-1, , , , , , , , , , , , ,-1,0,0,0,-1,0,-.333333333333333,.333333333333333,0,0,2,South Asian,3,us,sm,24,m, , ,-3,Non-Christian
2604434,Hindu,good,1,.0729166666666667,0,.361158240808757,.477333859577099,.29671952770555,.268941783023168,.109958258194561,-.563013212945066,.378403876030469,-.436429618515111,.00591393346965741,.0521118090149847,0,2,0,3,0,-3,.666666666666667,1,1,-2.66666666666667,2,South Asian,2,us,sm,28,f,.361158240808757,.29671952770555,-2,Non-Christian
2604462,Hindu,good,1,.0885416666666667,0,-.259023672996996,.208713239925945,.0382590308277507,-.0160938468042729,-.807213131482921,-.878026878250444,-.00401713408109998,-.356882090457372,-.188094435096732,.548993659635205,0,-2,-3,0,-2,0,-1.66666666666667,1.66666666666667,-.666666666666667,.666666666666667,3,South Asian,3,in,in,22,f,-.259023672996996,.0382590308277507,-2,Non-Christian
2604539,Christian,good,1,.09375,0,-.0685019231015551,.347615563266536,.475517675234628,-.119522506402085,.0914261672962965,-.0653777072882661,.251543771799869,-.0978235880509056,.0134685279985889,-.167188711747553, , , , , , , , , , ,2,More than one race - Other,3,us,us,29,m,-.0685019231015551,.475517675234628,-2,Christian
2604618,Hindu,good,1,.05625,0,-.275189419862525, ,-.426560947905426,-.622921170354992, ,-.533753753568775, , , , , , , , , , , , , , ,2,South Asian,3,pk,pk,36,m,-.275189419862525,-.426560947905426,-3,Non-Christian
2604665,Hindu,bad,-1,.03125,0,-.00358051475027225,.248744484090522,.321377305680469,.334511299471404,-.720364961695753,-.0126531324229298,.188847091673573,-.198636305328285,-.127424382491359,.137213596146071,1,2,-2,1,-2,-3,.333333333333333,2.33333333333333,-.666666666666667,-2,3,South Asian,2,in,in,32,f,.00358051475027225,-.321377305680469,-2,Non-Christian
2604741,Jewish,good,1,.0208333333333333,0,-.418643136339721,.495161580208725,.362453773967907,.302072186422609,.300887954110428,.69929979044436,.146324072612304,-.0326446587289912,.340534425624252,-.454213839507565,-2,0,-2,1,-2,-1,-1.33333333333333,1.66666666666667,.333333333333333,-.666666666666667,.,White,1,za,il,31,f,-.418643136339721,.362453773967907,-3,Non-Christian
2604750,Hindu,bad,-1,0,0,-.0717356869049824,.106350097403471,-.518628165025953,-.037712753123955,-.62806623316593,.145676824051293,-.161337918175822,.0256798265905924,-.198014433128301,.33367252471353,0,0,0,0,0,0,0,0,0,0,3,Other or Unknown,3,in,sm,44,m,.0717356869049824,.518628165025953,-2,Non-Christian
2604755,Hindu,good,1,.0989583333333333,0,.550175877891312,.188443233666879,.181411667720046,-.491527941915608,-.657556963770188,-.902122834673897,.306676926426079,-.199679375475056,-.566420261192369,.459422710241346,0,0,0,0,0,0,0,0,0,0,.,.,2,in,ae,35,m,.550175877891312,.181411667720046, ,Non-Christian
2604781,Hindu,good,1, , , , , , , , , , , , ,0,0,0,0,0,0,0,0,0,0,.,South Asian,1,my,my,35,f, , ,-3,Non-Christian
2604851,Christian,bad,-1,.0260416666666667,0,.852994062437757,.467769560841889,.235014098017606,.704762683522337,.312795813579995,.0593443749454229,.518592573765751,-.371062623139601,.0548548115548583,-.202384762181008,1,1,1,1,1,0,1,-.666666666666667,.333333333333333,-.666666666666667,2,White,4,se,se,45,m,-.852994062437757,-.235014098017606,1,Christian
2604880,Jewish,good,1,.0520833333333333,.015625,-.962121918487002,.433433129193662,.859020278584314,1.01233629590658,.970745070304024,.417822313450152,.110110496430325,-.342649037216697,.981734428232536,-.749195887446163,-1,0,0,2,2,-1,-.333333333333333,-.333333333333333,1.66666666666667,-1,2,White,2,us,us,26,f,-.962121918487002,.859020278584314,-2,Non-Christian
2604914,Christian,good,1,.182291666666667,0,.925569476633952,.542811048353462,-.0907309236758193,.471532624509576,-.30595364763262,-.881544067943538,.459216533770531,-.631962580268858,-.253330166585665,.426076213083992,0,-1,0,1,0,0,-.333333333333333,0,.333333333333333,0,1,More than one race - Other,3,us,mx,56,f,.925569476633952,-.0907309236758193,-2,Christian
2604997,Hindu,good,1,.0260416666666667,0,-.0329845772936879,.17065882436224,-.261736059385935,-.596884551530744,.0451637600596078,-.858167781540544,-.0413539374391275,-.14398068479068,-.172912071392483,.35824669362229,0,0,0,0,0,0,0,0,0,0,2,South Asian,1,us,us,33,f,-.0329845772936879,-.261736059385935,-3,Non-Christian
2605000,Christian,good,1, , , , , , , , , , , , ,0,1,1,0,0,0,.666666666666667,-.333333333333333,0,-.333333333333333,2,South Asian,3,us,us,53,m, , ,-1,Christian
2605003,Hindu,bad,-1,.0909090909090909,0,.351146970937544,-.618714285610282, ,.345336728221069,.570423963119052,-.716743174645025, ,-.147788539085271,.188204573467526, , , , , , , , , , , ,3,Other or Unknown,2,in,in,25,m,-.351146970937544, ,0,Non-Christian
2605217,Christian,good,1,.197916666666667,.046875,.923108493983863,.935842183358441,.925193919317228,.034589461168743,.145516612634951,-.796892177993821,.928048198886511,-.589107940840335,-.24766747339339,-.0912727846527859,2,2,2,0,0,0,2,-.666666666666667,-.666666666666667,-.666666666666667,2,White,1,us,sm,19,m,.923108493983863,.925193919317228,0,Christian
2605233,Christian,bad,-1,.34375,.197916666666667,-.276198270537171,.66248335839402,-.143276581322619,-.385614294496476,.256822803947448,.508573252872691,.0810028355114098,.0772347296583826,.0491355933293808,-.207373158499173,0,0,0,0,0,0,0,0,0,0,2,White,3,us,sm,21,m,.276198270537171,.143276581322619,-2,Christian
2605244,Christian,good,1,.338541666666667,.015625,.752087512387564,.716733260575777,.28036783064342,-.526662531947374,.264109237693747,-.322710726663632,.58306286786892,-.170927151764012,-.338213602213731,-.0739221138911781,2,-3,2,2,3,0,.333333333333333,-1.66666666666667,1,.333333333333333,.,White,3,us,us,18,f,.752087512387564,.28036783064342,0,Christian
2605275,Christian,bad,-1,.328125,.078125,-.287963579134108,.144443722209296,.752795893405723,.879710740361659,.295373984196814,-.502034851349171,.203092012160304,-.508729771306709,.487682767897527,-.182045008751122,0,0,0,0,0,0,0,0,0,0,2,White,1,us,sm,23,m,.287963579134108,-.752795893405723,0,Christian
2605287,Christian,bad,-1,.125,0, , , , , , , , , , , , , , , , , , , , ,1,White,2,us,us,18,m, , ,0,Christian
2605301,Christian,good,1,.075,.0125, , ,1.25072491496408,.64301260094697, , , , , , , , , , , , , , , , ,2,White,2,us,sm,18,f, ,1.25072491496408,0,Christian
2605340,Christian,good,1,.0625,0,.313553267038993,.132293992095483,.942365660342199,-.28427925970754,-.181343966124775,-.540374808329603,.462737639825558,-.129463180239182,-.259725497623769,-.073548961962607,0,0,0,0,0,0,0,0,0,0,2,White,1,ca,sm,35,f,.313553267038993,.942365660342199,1,Christian
2605346,Jewish,good,1,.0885416666666667,0,-.943661415204446,-.959029867585688,.350992432162561,.428267331915992,.163285456573205,.0200897207518581,-.517232950209191,.183617418807184,.511738067897881,-.178122536495875,0,0,0,0,0,0,0,0,0,0,2,American Indian/Alaska Native,1,us,sm,22,f,-.943661415204446,.350992432162561,-3,Non-Christian
2605354,Christian,bad,-1,.125,0,-.0526111569415812,1.16666142350355,.883018356585789,-.0640413410866881,.0869886398890695,-.280742010286839,.665689541049252,-.4611206975679,.0251861519146542,-.229754995396007,0,2,-1,1,1,-1,.333333333333333,.333333333333333,.666666666666667,-1.33333333333333,2,White,2,pt,uk,22,f,.0526111569415812,-.883018356585789,-1,Christian
2605395,Christian,good,1,.078125,0,.630641355495596,.040754038886816,.31426844499217,.315949197584464,.373893786697364,.587427579989554,.32855461312486,.0769081145060911,.0197338762620776,-.425196603893029,2,1,2,0,0,0,1.66666666666667,-.666666666666667,-.666666666666667,-.333333333333333,1,White,3,us,us,31,f,.630641355495596,.31426844499217,1,Christian
2605436,Muslim,good,1,.0364583333333333,.00520833333333333,.475227005346053,-.0262480591275016,.554776657946053,-.387317841484297,-.203886939634731,.488468210220738,.334585201388202,.300678036944179,-.355477262155027,-.279785976177353,0,0,0,-1,0,0,0,0,-.333333333333333,.333333333333333,2,East Asian,2,us,us,30,f,.475227005346053,.554776657946053,-2,Non-Christian
2605588,Muslim,good,1,.0364583333333333,0,-.0340763195550493,-.226312285583264,.45951945238079,-1.07265384666414,.119089957584049,-.145318515188854,.0663769490808254,.384549205686185,-.306495856508349,-.144430298258661,0,0,0,0,0,0,0,0,0,0,2,White,2,tr,us,28,m,-.0340763195550493,.45951945238079,-3,Non-Christian
2605595,Christian,good,1, , , , , , , , , , , , ,0,0,0,0,0,0,0,0,0,0,2,White,4,us,us,30,f, , ,0,Christian
2606009,Hindu,bad,-1,.473958333333333,.885416666666667,-.78033223046362,.594269262493497,.0746779724035192,.353553390593274,.353553390593274,-.372701330760288,-.0371283318555347,-.440174661282353,.495813003883389,-.0185100107455016,0,0,0,0,0,0,0,0,0,0,2,South Asian,3,in,us,25,m,.78033223046362,-.0746779724035192,-2,Non-Christian
2606122,Muslim,good,1,.0208333333333333,.00520833333333333,-.334365450123507,-.0788603504098486,-.00328876643368655,-.184989217216421,-.629660453952248,.0655487917993735,-.138838188989014,.109799453141881,-.160094740348387,.18913347619552,0,0,0,0,0,0,0,0,0,0,2,South Asian,3,ca,ca,27,f,-.334365450123507,-.00328876643368655,-3,Non-Christian
2606183,Hindu,bad,-1,.046875,0,.113825200559279,-.439085686725929,-1.20675317888116,.126472399506425,-.491472493068381,-.648799680066387,-.510671221682604,-.112062130948961,-.159608431373745,.78234178400531,-1,0,-3,0,-3,-3,-1.33333333333333,3,-.666666666666667,-1,2,South Asian,2,us,sm,21,f,-.113825200559279,1.20675317888116,-3,Non-Christian
2606206,Christian,good,1,.0625,0,.0129618716710207,-.166537412514114,.30604562192513,-.0574636070533843,-.0236117705373946,.38119348882106,.0508233603606789,.201731502796186,-.0313457497539332,-.221209113402932,0,-1,0,1,0,-1,-.333333333333333,.333333333333333,.333333333333333,-.333333333333333,2,White,2,fr,cn,35,f,.0129618716710207,.30604562192513,0,Christian
2606214,Christian,bad,-1,.00520833333333333,0,.44216390546585,.0424954141340503,-.667531077777861,-.348485004473016,-.161582155045833,-.1366534283566,-.0609572527259869,.0564453873274552,-.3174103549949,.321922220393431,1,1,0,0,0,0,.666666666666667,0,-.333333333333333,-.333333333333333,2,White,2,fr,rw,28,f,-.44216390546585,.667531077777861,-2,Christian
2606250,Hindu,bad,-1,.114583333333333,0,-.0842053561974378,.375875044697334,.235051292955994,-.0701459230857905,.101333768819157,.478634327017722,.175573660485297,.0576350684687263,.0384644006436014,-.271673129597625,1,2,0,2,-2,-3,1,1.66666666666667,-.333333333333333,-2.33333333333333,2,South Asian,1,in,uk,30,m,.0842053561974378,-.235051292955994,-1,Non-Christian
2606265,Jewish,good,1,.0729166666666667,0,.561907226168844,.469889262988938,.816690315440413,.00442366393067874,.219341927802059,.83926664310579,.616162268199399,.121651238728724,-.112713878145369,-.625099628782754,0,0,0,0,0,0,0,0,0,0,2,Black or African American,3,us,us,31,f,.561907226168844,.816690315440413,1,Non-Christian
2606306,Jewish,bad,-1,.25,0, , , , , , , , , , ,-1,1,-1,1,0,-3,-.333333333333333,1.33333333333333,.666666666666667,-1.66666666666667,2,White,1,us,us,59,m, , ,1,Non-Christian
2606404,Hindu,bad,-1,.0260416666666667,0,.0254678740059866,.522179564669066,.37133956214467,.349406148523659,.632574124386707,.0502474589876015,.306329000273241,-.273779418068374,.31883746630146,-.351387048506326,1,0,-3,1,-3,-3,-.666666666666667,3,-1,-1.33333333333333,2,South Asian,3,in,us,30,f,-.0254678740059866,-.37133956214467,0,Non-Christian
2606474,Christian,bad,-1,.142857142857143,0, , ,.552063783244846,-.381102184094808, ,-.405128686167165, , , , , , , , , , , , , , ,2,East Asian,4,uk,uk,35,m, ,-.552063783244846,1,Christian
2606475,Christian,good,1,.213541666666667,0,.745855951642166,.398482365419407,.971561641354342,-.220449874789672,-.348475664747221,.0299576492655447,.705299986138638,-.0493582804547302,-.438260497059686,-.217681208624222,0,0,1,-1,-2,0,.333333333333333,.333333333333333,-1,.333333333333333,2,Black or African American,3,us,sm,66,m,.745855951642166,.971561641354342,0,Christian
2606541,Christian,bad,-1,.0260416666666667,0,.840248869576961,.69111293203814,-.321642521276685,-.314369077194994,.449709586989417,.983180815015736,.403239760112806,.202145653390863,-.234969453260846,-.370415960242823,0,0,0,0,0,0,0,0,0,0,2,White,3,us,us,51,m,-.840248869576961,.321642521276685,-1,Christian
2606574,Jewish,good,1,.0520833333333333,.00520833333333333,.151462804272228,-.253640312877644,-.170369504130311,-.113841460209231,.36541809372393,.0860125071577185,-.0908490042452425,.151164760081531,.033371276414157,-.0936870322504458,0,0,0,0,0,0,0,0,0,0,2,White,1,il,ca,43,m,.151462804272228,-.170369504130311,-1,Non-Christian
2606605,Christian,good,1, , , , , , , , , , , , ,0,0,0,0,0,0,0,0,0,0,2,White,1,za,za,25,m, , ,-2,Christian
2606639,Christian,good,1,.0572916666666667,0,.64390756916792,.466113545394541,.645092952180211,.0826922276838717,.152997993346939,-.235058763829156,.585038022247557,-.261288178969189,-.136072449379036,-.187677393899331,0,0,0,0,0,0,0,0,0,0,2,White, ,ie,uk,33,f,.64390756916792,.645092952180211, ,Christian
2606651,Christian,good,1,.0989583333333333,0,.322228665015049,.58655802762154,.869808946956708,.879722839297289,-.0321188591611313,-.203164777832884,.592865213197766,-.556481881583904,.175125105040369,-.211508436654231,3,3,3,2,0,-2,3,-.333333333333333,-.333333333333333,-2.33333333333333,1,More than one race - Black/White,4,cr,cr,23,f,.322228665015049,.869808946956708,1,Christian
2606676,Christian,good,1, , , , , , , , , , , , ,0,0,0,0,0,0,0,0,0,0,1,White,4,br,be,31,f, , ,1,Christian
2606682,Christian,bad,-1,.28125,0, , , , , , , , , , ,2,3,2,3,0,-3,2.33333333333333,.333333333333333,.333333333333333,-3,2,White,1,at,sm,22,m, , ,3,Christian
2606713,Muslim,good,1,.046875,0, ,-.176509884075211,.0109157346273556,.235890063455723,.159835704312603, , , , , , , , , , , , , , , ,2,Black or African American,3,us,sm,53,f, ,.0109157346273556,-2,Non-Christian
2606754,Christian,good,1, , , , , , , , , , , , ,0,0,0,0,0,0,0,0,0,0,3,White,3,yu,sm,21,f, , ,0,Christian
2606776,Christian,bad,-1,.0729166666666667,0,.856775826100174,.978550756190038,.312669019555924,-.227803729578765,.979291730704765,.367502266156879,.715998533948712,-.127748253484798,-.0350959416580581,-.553154338805856,0,0,0,0,0,0,0,0,0,0,2,White,2,us,sm,61,m,-.856775826100174,-.312669019555924,-2,Christian
2606813,Christian,bad,-1, , , , , , , , , , , , ,0,2,0,0,-2,-2,.666666666666667,1.33333333333333,-.666666666666667,-1.33333333333333,2,White,3,us,us,59,f, , ,-3,Christian
2606826,Jewish,good,1,.0738636363636364,0,.354275318479885,.243030681827297,.943406883605642,.533264263361771,.322963124354183, ,.513570961304275, ,.167317356412023, , , , , , , , , , , ,2,White,3,us,us,62,m,.354275318479885,.943406883605642,1,Non-Christian
2606923,Hindu,bad,-1,.260416666666667,0,-.652446229615296,.474407750698854,.488302386495458,.38322016561445,.399182789114819,.245939748405636,.103421302526338,-.203896055969223,.478283061448188,-.377808308005304,2,2,0,1,-1,-3,1.33333333333333,1.33333333333333,-.666666666666667,-2,.,South Asian,1,ca,ca,44,m,.652446229615296,-.488302386495458,-2,Non-Christian
2606930,Christian,bad,-1,.270833333333333,0,-.387347331389302,.938345394926919,.934810917188555,.455089850963545,.675040655722005,.766053846602613,.495269660242058,-.209127133095951,.50582594602495,-.791968473171057,0,0,0,0,0,0,0,0,0,0,1,More than one race - Black/White,3,br,br,36,m,.387347331389302,-.934810917188555,1,Christian
2606995,Christian,bad,-1,.401041666666667,0,.138335744597785,-.299306375687137,-.121907002482115,-.700758335478259,.321768807185454,-.028126393548673,-.0942925445238224,.323979439205574,-.172441757630197,-.0572451370515554,3,3,0,3,0,-3,2,1,0,-3,1,White,3,co,co,37,f,-.138335744597785,.121907002482115,0,Christian
2607175,Jewish,good,1,.078125,0,-1.02316101643189,-.0974646945458293,-.480810454769142,1.12399214824114,.800841163482817,-.570271742296113,-.533812055248952,-.532266398663809,.982664776051948,.0834136778608128,-2,0,-2,3,1,-2,-1.33333333333333,1,2,-1.66666666666667,2,White,1,us,us,22,f,-1.02316101643189,-.480810454769142,0,Non-Christian
2607227,Christian,bad,-1,.0677083333333333,0,1.0125961695686,1.25338813740953,.441150533263326,-.742310187202592,.568912660450047,-.862801313643511,.902378280080487,-.457959754616817,-.395331232107049,-.0490872933566206, , , , , , , , , , ,3,White,3,us,us,28,f,-1.0125961695686,-.441150533263326,0,Christian
2607258,Christian,bad,-1,.1328125,0, ,-.856448993216208,-.201336027833233,-.257898363035304,-.13197675271446, , , , , ,0,0,0,0,0,0,0,0,0,0,2,Black or African American,3,us,um,20,f, ,.201336027833233,0,Christian
2607265,Christian,bad,-1,.131578947368421,0,.093892845728814,.0964968214511983,.188690172722415,-.328386107483338,-.0732891505808411,-.255107337858705,.126359946634143,-.00773935060885513,-.165189367930998,.0465687719057104,0,0,0,0,0,0,0,0,0,0,2,White,2,us,sm,20,f,-.093892845728814,-.188690172722415,-3,Christian
2607301,Hindu,good,1,.0989583333333333,0,.270467050622197,-.274873984527641,.350984893009238,-.68372765927933,.140240298234502,.106863580623566,.115525986367932,.355155074810179,-.271318137222342,-.199362923955769,0,0,0,0,0,0,0,0,0,0,2,White,2,us,sm,18,f,.270467050622197,.350984893009238,-1,Non-Christian
2607332,Jewish,good,1,.0885416666666667,0,-.0953980736509978,1.07614289893434,.187503737498477,-.527345940147125,-.411212545881164,.124743684642806,.389416187593939,-.141351091381469,-.28105347079243,.0329883745799605,2,0,0,2,2,0,.666666666666667,-.666666666666667,.666666666666667,-.666666666666667,2,White,3,us,sm,19,m,-.0953980736509978,.187503737498477,-2,Non-Christian
2607374,Christian,bad,-1,.145833333333333,0,-.311134460253724,.468833094332039,.426126076517543,.425066689461389,.435003417085941,-.56692161398018,.194608236865286,-.486940465924536,.390401522267018,-.0980692932077678,0,0,0,0,0,0,0,0,0,0,2,White,1,us,us,20,f,.311134460253724,-.426126076517543,-2,Christian
2607375,Hindu,bad,-1,.119791666666667,.00520833333333333,-.649433668533266,-.197672345146561,-.572891702678825,-.307235201960254,.35733967388409,-.205980875021311,-.473332572119551,.099642224028501,.233179380152368,.140510967938682,0,1,0,1,-1,-3,.333333333333333,1.33333333333333,0,-1.66666666666667,2,South Asian,2,in,sm,28,m,.649433668533266,.572891702678825,0,Non-Christian
2607380,Hindu,good,1,.046875,0,.0715418693659473,-.218844993598937,-1.06584149891019,-.534677771229845,-.215062656624446,-.885039353174891,-.404381541047725,-.0438388627820367,-.273760765740079,.721981169569841,-1,1,0,3,-1,-3,0,1.33333333333333,1,-2.33333333333333,.,South Asian,2,in,in,40,f,.0715418693659473,-1.06584149891019,-1,Non-Christian
2607424,Christian,good,1,.078125,0,-.362425306734586,.476085721292717,.792578735451484,-.448588279198826,-.0313625696173376,.857619478523628,.302079716669871,.276707345476579,-.0391751806938589,-.539611881452592,0,3,2,3,2,-1,1.66666666666667,-1,1.66666666666667,-2.33333333333333,2,East Asian,3,id,id,32,f,-.362425306734586,.792578735451484,0,Christian
2607436,Hindu,good,1,.0555555555555556,0,.286312939587248, ,.373845894342699,.0698830056478118, ,.188351622197901, , , , , , , , , , , , , , ,2,South Asian,2,in,uk,33,m,.286312939587248,.373845894342699,0,Non-Christian
2607463,Christian,good,1,.161458333333333,0,.608521704207728,.22401496965402,.342242093360205,-.0191917034579791,.195649706895042,.0696718949500222,.391592922407318,-.0450504570820062,-.144021233590222,-.20252123173509,0,0,0,0,0,0,0,0,0,0,1,White,2,us,sm,43,f,.608521704207728,.342242093360205,0,Christian
2607474,Christian,bad,-1,.1,.375, , ,1.15293937178827, ,-1.11095650843081, , , , , ,0,0,0,0,0,0,0,0,0,0,2,White,1,us,us,48,f, ,-1.15293937178827,-2,Christian
2607502,Hindu,good,1,.0885416666666667,0,.1928046188218,1.14406248480338,-.552178195957658,-.0773512953260291,-.548421395421816,-1.10529055074209,.261562969222509,-.724000580073149,-.272859103189882,.735296714040523,0,0,-2,0,-1,-1,-.666666666666667,1.33333333333333,-.333333333333333,-.333333333333333,2,South Asian,2,in,in,24,m,.1928046188218,-.552178195957658,-2,Non-Christian
2607579,Muslim,good,1,.0342857142857143,0,1.04368794846967,-.787669540714118,-.275210899443207, ,-1.59423192323075,-1.06327419057964,-.00639749722921984, , ,.977572337751198, , , , , , , , , , ,3,Black or African American,4,sn,sn,25,m,1.04368794846967,-.275210899443207,0,Non-Christian
2607710,Christian,good,1,.046875,0,.547685859504783,.497450806567017,1.01792157119894,1.1761323647626,.515539409280941,-.0891035638120656,.687686079090247,-.587562245047228,.381328638179587,-.481452472222605,2,3,3,0,0,0,2.66666666666667,-1,-.666666666666667,-1,3,Black or African American,4,ng,us,55,.,.547685859504783,1.01792157119894,-3,Christian
2607961,Christian,bad,-1, , , , , , , , , , , , ,0,3,2,2,2,-1,1.66666666666667,-1,1.33333333333333,-2,3,White,4,us,sm,52,f, , ,0,Christian
2607971,Christian,good,1,.239583333333333,0,.875893794266516,.315786054613981,1.28464599180349,.356050758849021,-.189249952199656,-.838474493210768,.825441946894661,-.50343710222459,-.236364329205717,-.0856405154643541,0,0,2,0,1,1,.666666666666667,-1.33333333333333,.333333333333333,.333333333333333,1,White,3,us,sm,14,f,.875893794266516,1.28464599180349,-1,Christian
2608232,Jewish,good,1,.182291666666667,0,-1.2975255022427,-.232804708735851,-.168044076328217,-.07010635127674,.956425169916433,-.132700883615211,-.56612476243559,.0567367254657931,.727948106960798,-.218560069991001,0,0,0,0,0,0,0,0,0,0,2,White,2,us,sm,18,f,-1.2975255022427,-.168044076328217,-3,Non-Christian
2608267,Christian,bad,-1,.14375,.00625,-.203840315595594,1.10433625402951, , ,1.19698717619289,.489017139608793, , , , , , , , , , , , , , ,2,White,1,us,sm,59,f,.203840315595594, ,-3,Christian
2608317,Hindu,bad,-1,.046875,0,.523870159065481,-.791835019612488,-.510569143716231,.569800943673474,-.47309399345801,-1.3843254980638,-.259511334754413,-.387430474041597,-.142387736283339,.789329545079348,1,1,-3,-1,-1,-3,-.333333333333333,2.33333333333333,-1,-1,2,South Asian,3,us,us,34,f,-.523870159065481,.510569143716231,0,Non-Christian
2608331,Christian,bad,-1,.505681818181818,.352272727272727,.0577378052296617,1.49856010750422, ,.825432253488519,-1.42405480785208,.363217457256341, ,-.653591634578798,-.218786786531075, , , , , , , , , , , ,2,Black or African American,2,us,us,30,f,-.0577378052296617, ,0,Christian
2608414,Hindu,bad,-1,.046875,0,-.131026078218015,-.0585673937181138,.113271882143418,-.23334443083518,-.787064311939905,-1.0766090675597,-.0254405299309036,-.261565747668803,-.29646088818569,.583467165785397,0,0,2,0,-1,-1,.666666666666667,0,-.333333333333333,-.333333333333333,2,South Asian,1,us,us,19,f,.131026078218015,-.113271882143418,-2,Non-Christian
2608468,Hindu,good,1,.09375,.0104166666666667,.0438568419345549,.140015152852966,-.649928174147021,.399318252937633,-.753066525206537,-.778746205150537,-.1553520597865,-.439359870313712,-.13253503806782,.727246968168032,3,3,-3,3,-3,-3,1,3,-1,-3,3,South Asian,3,in,in,27,m,.0438568419345549,-.649928174147021,-2,Non-Christian
2608511,Christian,good,1,.046875,0,-.306965543577613,1.14616058370105,.19709214654732,-.345476512228864,-.819281810828642,-.0933827084548569,.345429062223587,-.298022259975682,-.285930926493298,.238524124245393,0,0,0,0,0,0,0,0,0,0,2,White,2,de,ch,24,f,-.306965543577613,.19709214654732, ,Christian
2608646,Christian,good,1,.0208333333333333,0,-.0505154212625132,.658969205273479,1.37895678447009,.0504784652471461,.544230084265738,.0247072456081007,.662470189493684,-.228246808304175,.215074656925133,-.649298038114642,-2,1,1,2,3,1,0,-1.66666666666667,2.33333333333333,-.666666666666667,2,White,3,us,us,61,m,-.0505154212625132,1.37895678447009,-3,Christian
2608686,Christian,good,1,.0208333333333333,0,.428574740484508,.367662405722871,.356773169486789,.389888970638699,.856829059491305,.280352378748671,.384336771898056,-.159066332537633,.272714429881832,-.497984869242255, , , , , , , , , , ,2,Black or African American,3,us,sm,40,m,.428574740484508,.356773169486789,-2,Christian
2608871,Muslim,bad,-1,.0572916666666667,0,.163615730099425,.146443294302126,-.509910391372561,.103699273988267,-.715119332202009,-.432429721969491,-.0666171223236699,-.227524096753295,-.258345262771056,.55248648184802,2,-2,1,2,-2,2,.333333333333333,-.333333333333333,-.666666666666667,.666666666666667,2,More than one race - Other,3,us,us,12,f,-.163615730099425,.509910391372561,0,Non-Christian
2608944,Christian,bad,-1,.114583333333333,0,.621204425450879,.270277474463063,.374233536064677,-.154686807814183,.574531958752184,-.62179038722479,.421905145326206,-.245793684624556,-.0671197581709593,-.10899170253069, , , , , , , , , , ,2,White,3,us,us,40,f,-.621204425450879,-.374233536064677,2,Christian
2609088,Christian,bad,-1,.625,.0625, , , , , , , , , , ,0,0,0,0,0,0,0,0,0,0,2,White,1,uk,uk,52,m, , ,-2,Christian
2609273,Jewish,good,1,.046875,0,-.205392626991801,.56375903306261,1.17699035281069,.869360100035247,.170283839413838,.237721307429517,.511785586293833,-.398465941889447,.415012188813628,-.528331833218014,-3,3,0,3,3,-3,0,0,3,-3,2,White,3,ca,ca,63,m,-.205392626991801,1.17699035281069,-2,Non-Christian
2609308,Muslim,bad,-1,0,.0576923076923077, ,-.105584598879096, ,.174634415939205,.598868096852839,.528613617080613, ,.153187933340168, , ,0,-1,0,-1,0,1,-.333333333333333,-.333333333333333,-.333333333333333,1,3,Other or Unknown,3,om,om,31,m, , ,0,Non-Christian
2609417,Hindu,good,1,.1875,0,1.05768521393832,1.21846340619469,-.498726420593225,.0802261062118105,-1.13909266807961,-1.05502378610877,.592474066513262,-.78457109950509,-.705517258602039,.897614291593867,0,1,1,0,-2,-1,.666666666666667,.666666666666667,-.666666666666667,-.666666666666667,3,South Asian,2,in,in,24,m,1.05768521393832,-.498726420593225,-1,Non-Christian
2609478,Muslim,good,1,.0366492146596859,0,.6778832110311,-.346333021568372,-.543114548810001,.0597187805589265,.0897865826252505,.615203780035949,-.0705214531157577,.300606007015132,-.176125949282308,-.0539586046170662,0,-1,2,0,2,1,.333333333333333,-1.66666666666667,.666666666666667,.666666666666667,.,.,3,au,au,51,m,.6778832110311,-.543114548810001,-2,Non-Christian
2609582,Christian,good,1,.0078125,0, ,1.07904889771771,.81828322190966,.0650010359335385,.805810595683054, , , , , ,0,0,0,0,0,0,0,0,0,0,2,White,2,bg,il,43,f, ,.81828322190966,-2,Christian
2609626,Christian,bad,-1, , , , , , , , , , , , ,0,0,0,0,0,0,0,0,0,0,.,White,3,nl,nl,45,f, , ,-1,Christian
2609636,Christian,good,1,.0885416666666667,0,-.73961322583001,.806963097026543,.496166771899578,-.205034873297929,.225202576854955,.494039038729307,.187838881032037,-.0359630616664355,.253260309795679,-.40513612916128,0,1,2,1,1,0,1,-1,.666666666666667,-.666666666666667,3,East Asian,4,my,my,25,m,-.73961322583001,.496166771899578,0,Christian
2609696,Christian,bad,-1,.0833333333333333,0,.269658726320572,.620383444229784,.29575166496883,.656433662808914,.7509951507487,.134271922215776,.395264611839729,-.380848394940974,.379256695745681,-.393672912644436,1,1,1,0,0,0,1,-.333333333333333,-.333333333333333,-.333333333333333,2,White,3,us,vn,23,f,-.269658726320572,-.29575166496883,-2,Christian
2609770,Christian,good,1,.177083333333333,.00520833333333333,-.314376753859956,.243410468545028,.0196100401249433,-.110157846170103,-.222676449034189,-.569490724472714,-.0171187483966617,-.234247782282546,-.00615251378144505,.257519044460653,1,1,2,0,1,0,1.33333333333333,-1,0,-.333333333333333,2,White,1,at,at,28,f,-.314376753859956,.0196100401249433,0,Christian
2609805,Christian,good,1,.15625,0,.851243983104022,.496804359974609,-.719085050159966,.275878774934607,-.148926576749852,-.0680414278650637,.209654430972888,-.28024152092476,-.241430594973089,.312017684924961,0,2,0,2,0,-2,.666666666666667,.666666666666667,.666666666666667,-2,2,White,2,ro,ro,29,f,.851243983104022,-.719085050159966,-1,Christian
2609987,Jewish,good,1,.046875,0,-1.12269487537094,-.243060729096267,-.153300208744051,.437071505962627,.527361011767097,.0364246024048694,-.506351937737086,-.0525287248204967,.695709131033555,-.136828468475972,0,0,0,0,0,0,0,0,0,0,2,White,2,us,us,56,f,-1.12269487537094,-.153300208744051,-3,Non-Christian
2610036,Hindu,good,1,.234375,0,.189413564365117,.0306195094848432,.233746892250503,.312263384175304,-.525387737374611,.115886655878162,.151259988700155,-.075665412593995,-.134179305854808,.0585847297486486,0,0,0,0,0,0,0,0,0,0,2,South Asian,1,np,us,24,m,.189413564365117,.233746892250503,0,Non-Christian
2610066,Christian,bad,-1,.0364583333333333,0,.691295943384647,.361107891673797,.85239223861361,.466724981778439,.700261547943922,-.409464549829688,.634932024557351,-.412432474427308,.158563528779238,-.381063078909281,1,1,0,0,-1,0,.666666666666667,.333333333333333,-.666666666666667,-.333333333333333,2,White,2,fr,au,48,m,-.691295943384647,-.85239223861361,-1,Christian
2610181,Hindu,bad,-1, , , , , , , , , , , , ,-1,0,1,2,0,-2,0,.333333333333333,1,-1.33333333333333,3,South Asian,2,in,in,33,m, , ,-2,Non-Christian
2610241,Christian,good,1,.03125,0,-.00348434176294627,-.490780589626072,-.969018976357901,.0376477046894155,-.450308761752315,.00586234062949701,-.487761302582306,.152998408522051,-.136392238433318,.471155132493573,0,0,0,0,0,0,0,0,0,0,2,White,2,us,us,20,f,-.00348434176294627,-.969018976357901,-1,Christian
2610311,Muslim,bad,-1,.0989583333333333,0,.827895741794965,.620030031098395,.440710786916769,.885715310903528,.921562096054549,-.279858661140289,.62954551993671,-.595201334380737,.326460555054371,-.360804740610343,3,2,3,-2,0,2,2.66666666666667,-1.66666666666667,-1.66666666666667,.666666666666667,2,White,3,sa,us,20,m,-.827895741794965,-.440710786916769,-3,Non-Christian
2610318,Christian,bad,-1,.078125,0,.463993431180332,.227332424055184,-.113966524299715,.506736728035573,-.380332012491544,-.0167593476014223,.192453110311933,-.25027616656406,-.112529571878767,.170352628130894,1,3,2,2,1,-1,2,-.666666666666667,.666666666666667,-2,2,White,3,us,sm,31,f,-.463993431180332,.113966524299715,1,Christian
2610322,Muslim,good,1,.283422459893048,.0641711229946524,1.13861037862821,-.0954928566205033,-.0190675995737015,.188182098600738,-.466815460640048,.263289626834342,.34134997414467,.056866794951369,-.472414580222508,.0741978111264694,1,0,1,-1,1,3,.666666666666667,-1.66666666666667,-.333333333333333,1.33333333333333,2,Other or Unknown,3,om,om,40,m,1.13861037862821,-.0190675995737015,0,Non-Christian
2610369,Muslim,good,1,.0677083333333333,0,.10336705193566,-.121261048136411,.193484801126709,-.446902174107361,-.390101184226952,.277370629811134,.0585302683086525,.281844617351635,-.313456803423324,-.0269180822369637,3,-2,3,-3,-2,3,1.33333333333333,-1.33333333333333,-2.66666666666667,2.66666666666667,2,South Asian,3,bd,bd,23,m,.10336705193566,.193484801126709,-2,Non-Christian
2610378,Jewish,good,1,.0625,.00520833333333333,.0681427321351861,.178679977653535,.750090032386936,.677954099671702,.912598001497749,.452576047293436,.332304247391886,-.1346860100106,.507469789678088,-.705088027059374, , , , , , , , , , ,.,White,4,il,il,31,m,.0681427321351861,.750090032386936,2,Non-Christian
2610427,Christian,good,1,.166666666666667,0,.0230750836924051,.0336020231332991,.183932587510205,.335843242902065,.339252480623182,.744008862247319,.080203231445303,.124854532070652,.217340213277614,-.422397976793569,0,0,0,0,0,0,0,0,0,0,2,White,2,us,us,19,f,.0230750836924051,.183932587510205,0,Christian
2610491,Christian,bad,-1,.135416666666667,0,.317732669982301,1.05329270027761,.0163474731004954,.872426554084969,.685243468503987,-.676104217845797,.46245761445347,-.867274490736126,.413312450868885,-.00849557458622855,0,0,0,0,0,0,0,0,0,0,.,White, ,uk,uk,37,f,-.317732669982301,-.0163474731004954, ,Christian
2610531,Jewish,bad,-1,.5,0, , , , , , , , , , ,0,0,0,0,0,0,0,0,0,0,2,White,1,us,sm,62,f, , ,-3,Non-Christian
2610564,Hindu,good,1,.0942408376963351,0,.246097692817762,.967246326085634,-.22086162871551,.685984600128422,-.899016619762264,-.680067734609293,.330827463395962,-.77776622027445,-.153043237483868,.599981994362356,0,-1,-2, , ,-2,-1, , , ,3,South Asian,3,in,sm,26,f,.246097692817762,-.22086162871551,1,Non-Christian
2610574,Christian,bad,-1,.1875,0, , , , , , , , , , , , , , , , , , , , ,2,East Asian,3,us,sm,20,f, , ,-1,Christian
