session_id,TooFast,StraightGayBIATGood,StraightGayBIATBad,StraightGayExp,TempGay,TempStraight,citizenship,residence,uscitorres,SexualOrientation,SexualOrientationRecode,Ethnicity,Race,Gender,Age,ThermDiff
2518809,.734375, , , , , ,.,., ,., ,3,.,f,20, 
2526323,0,1.5495089872987,1.16715114322616, , , ,.,., ,., ,.,.,.,36, 
2543728,0,1.38582880629063,1.3731024166163,3,0,5,.,., ,., ,.,.,., ,5
2560804,0,.818726810582961,.818726810582961, , , ,us,us,1, , ,2,Black or African American,f,29, 
2519401,0,.38652127840286,1.27656143427994, , , ,us,us,1,., ,2,Black or African American,m,61, 
2526733,.90625,.396491543912584, , , , ,us,sm,1,., ,2,Black or African American,m,25, 
2526419,0,-.127241581359207,.351456780021545, , , ,us,sm,1,., ,2,Black or African American,f,23, 
2559876,0,.79197587731728,1.08857617593101, , , ,us,us,1,., ,2,Black or African American,f,28, 
2544949,0,.0180909463834802,.107254200643996, , , ,us,us,1,., ,2,East Asian,f,19, 
2544533,.6484375,-.618096737978407,-.0170907698629658, , , ,au,sm,0,., ,2,More than one race - Black/White,m,28, 
2555177,0,.27718530357766,.27718530357766, , , ,us,us,1, , ,2,More than one race - Other,m,44, 
2538678,0,-.363038823700401,-.098051857661317,0,5,5,us,sm,1,., ,2,Other or Unknown,f,21,0
2533809,0,.124395141317237,.689949335281957, , , ,us,sm,1,., ,1,Other or Unknown,f,20, 
2568538,.578125,-.527628898890046,.916750974270654,2,5,5,sa,us,1,., ,3,Other or Unknown,m,18,0
2518379,.4921875,-.0375150242876938, , , , ,no,ca,0,., ,3,South Asian,f,24, 
2525587,0,-.27042871502132, , , , ,es,es,0, , ,1,White,f,20, 
2569264,0,.363822894260708, , , , ,us,us,1, , ,.,White,m,19, 
2519947,0,1.01385677520209,.989072374233666, , , ,uk,uk,0,., ,2,White,m,30, 
2523737,.025,-.401425274836882,.582483033687682, , , ,lt,lt,0,., ,2,White,f,23, 
2525392,0,.26079572118859,.836176585844707, , , ,us,sm,1,., ,.,White,m,34, 
2526168,.0078125,-.148998790453089,.604503613306013, , , ,us,sm,1,., ,2,White,f,22, 
2528257, , , ,0,0,0,us,sm,1,., ,2,White,f,42,0
2534038,.125,-.518183122918524,1.10248314066035,0,5,5,us,us,1,., ,2,White,f,48,0
2534379,0,.533917346195515,.451215628357552, , , ,us,us,1,., ,2,White,f,29, 
2549192,0,-.427921799074836,.473308821626165, , , ,us,us,1,., ,2,White,f,19, 
2549796,.0078125,.468399743785092,.519107992387886, , , ,us,sm,1,., ,.,White,m,18, 
2559765,.015625,.642811838403057,.764284240635261, , , ,ca,ca,0,., ,2,White,f,20, 
2553575,0,-.153230689268329,.540733347640031, , , ,uk,sm,0,., ,2,White,m,20, 
2562604,.640625,.862154106751029,.862154106751029, , , ,us,us,1,., ,2,White,f,18, 
2559621,0,.246856898386383,1.07561569189333, , , ,us,sm,1,., ,.,White,f,20, 
2560216,0,.131349227649625,-.244890373125716,0,0,0,us,sm,1,., ,2,White,m,22,0
2564587,0,.672787960440821,.683381837133668, , , ,us,sm,1,., ,2,White,f,49, 
2569033,0,.297708482175126,.193953952076637, , , ,us,us,1,., ,1,White,m,37, 
2519054,0,-.314459581850659,-.0787737433732948,0,0,0,tr,tr,0,1,1,.,.,m,39,0
2541158,0,-.136135524554892,.379711139873122,0,0,0,us,us,1,1,1,.,.,f,50,0
2517788, , , ,0,4,4,.,., ,1,1,.,.,., ,0
2523128, , , ,0,0,0,uk,sm,0,1,1,.,.,f, ,0
2517908,0,-.49796163280417,.889194702968293,0,4,4,.,., ,1,1,.,.,.,24,0
2518382,0,.936147716138276,.653637419437121,0,3,5,us,us,1,1,1,1,.,f,24,2
2519180,0,.20651429330772,.511952902073814,1,0,0,.,., ,1,1,.,.,f,21,0
2519655,0,-.448792100386056,-.0574134585753225,0,5,5,.,., ,1,1,.,.,f,26,0
2519657,0,-.0466074834670458,.591044361741657,0,4,4,.,., ,1,1,.,.,.,20,0
2519833,0,.912895562386335,-.00472047763639323,1,0,0,.,., ,1,1,.,.,m,26,0
2519990, ,.721437766812371,.721437766812371,2,-1,5,.,., ,1,1,.,.,f,31,6
2520547,0,-.235429189688082,.871121635373171,1,-1,1,.,., ,1,1,.,.,m,41,2
2520841,0,-.0209637380856131,-.213780135067467,0,0,0,.,., ,1,1,.,.,f,24,0
2521956,0,.741742190908692,.183488386192343,0,5,5,.,., ,1,1,.,.,f, ,0
2522679, , , ,0,5,5,us,us,1,1,1,1,.,f,19,0
2522871, , , ,3,-3,5,.,., ,1,1,.,.,f,21,8
2524028,0,-.221502871910168,.0829268520506394,0,5,5,.,., ,1,1,.,.,., ,0
2525106,0,.512335779481638,.280474018254854,0,1,4,us,sm,1,1,1,2,.,m,61,3
2525354, , , ,2,1,5,.,., ,1,1,.,.,., ,4
2526061,0,-.643612299885714,.140397857418219,0,0,0,.,., ,1,1,.,.,f,41,0
2527509,0,.10697868263878,.876981018674923,3,-5,5,.,., ,1,1,.,.,., ,10
2527500,0,.440958466340973,.168508065849519,2,3,4,.,., ,1,1,.,.,., ,1
2527852,0,-.290399834770375,.0843978422044779,0,5,5,.,., ,1,1,.,.,f,18,0
2529997,.8671875,-.0761941830971836,-.0761941830971836,0,4,5,.,., ,1,1,.,.,f, ,1
2532729,.0078125,1.12008338648342,1.23189528610946,2,2,5,.,., ,1,1,.,.,.,21,3
2534125, ,.0384662430422034,.0384662430422034,0,5,5,.,., ,1,1,.,.,m,36,0
2534193,0,-.416344764733395,.225875574298862,0,4,4,.,., ,1,1,.,.,m,36,0
2537243, ,-.196245662418409, ,0,3,4,.,., ,1,1,.,.,., ,1
2540400,0,.0397539713685617,.147309358076386,0,0,0,.,., ,1,1,.,.,f,25,0
2540569,0,-.226182588868218,.100157424332666,1,0,4,.,., ,1,1,.,.,.,19,4
2541709,1, , ,0,0,0,.,., ,1,1,.,.,.,28,0
2542449, , , ,2,0,0,us,.,1,1,1,1,.,m,18,0
2543665,0,.547478875636029,.65148118323999,3,2,4,.,., ,1,1,.,.,., ,2
2544536,.0078125,.11176786622298,.138644079556135,3,3,5,.,., ,1,1,.,.,.,18,2
2552376,.0078125,.131917498492509,.155210030060956,0,3,3,.,., ,1,1,.,.,f,18,0
2552424,0,.292409683581448,.206601355400448,0,0,0,.,., ,1,1,.,.,f,18,0
2556799,0,.572669631891508,.274390229079425,1,3,4,ec,us,1,1,1,1,.,m,45,1
2556983,0,.97803686840974,1.40246967964382,0,1,5,.,., ,1,1,.,.,., ,4
2560281, , , ,-2,5,5,.,., ,1,1,.,.,f,21,0
2560882, , , ,1,2,3,us,sm,1,1,1,1,.,f,18,1
2565236,0,.238153365867688,.326053943250854,0,0,0,.,., ,1,1,.,.,f,31,0
2565259,0,.354129304702026,.776756227778223,3,-1,3,de,de,0,1,1,.,.,f,20,4
2568867, ,.872433025476197,.872433025476197,0,3,4,.,., ,1,1,.,.,.,20,1
2518390,0,.645921233567962,.419843125332939,1,-2,0,mx,mx,0,1,1,1,American Indian/Alaska Native,m,28,2
2520252,0,-.15439178407666,.250610849482473,-1,0,0,us,us,1,1,1,2,American Indian/Alaska Native,m,23,0
2536750,0,.0174180995645304,.595856427737909,1,0,3,us,sm,1,1,1,2,American Indian/Alaska Native,f,29,3
2540423,0,-.176058842648363,.277088698419192,0,0,0,ca,sm,0,1,1,.,American Indian/Alaska Native,f,28,0
2540564,0,-.0411936191812937,.554036419142227,0,0,0,us,us,1,1,1,1,American Indian/Alaska Native,f,35,0
2540655,.0078125,-.464807249379847,.120976501086282,0,4,4,us,sm,1,1,1,2,American Indian/Alaska Native,f,19,0
2547643,0,.689316223906859,-.285435432635662,0,5,5,ca,ca,0,1,1,3,American Indian/Alaska Native,f,45,0
2558753,0,.346801364672004,.609578592515745,0,4,5,us,us,1,1,1,2,American Indian/Alaska Native,f,17,1
2562829,0,1.14783880851472,.495149075395573,0,5,5,us,us,1,1,1,2,American Indian/Alaska Native,f,36,0
2564539, , , ,-2,3,4,us,sm,1,1,1,2,American Indian/Alaska Native,f,23,1
2567317,.0234375,.713297235461164,1.01537198073895,2,-1,5,us,us,1,1,1,2,American Indian/Alaska Native,m,54,6
2526904,0,1.0102568210572,1.0141048084034,0,3,4,us,sm,1,1,1,2,Black or African American,f,44,1
2560850,0,.191399258808323,-.110651861756663,3,-5,4,us,us,1,1,1,2,Black or African American,m,44,9
2519759,0,.865821103904314,.25232385801599,0,2,4,us,us,1,1,1,2,Black or African American,f,50,2
2521358,.0078125,1.06600300954368,.668632443007534,0,4,4,us,us,1,1,1,3,Black or African American,f,35,0
2517724,0,.169377880218455,.835876023283595,0,3,4,us,us,1,1,1,2,Black or African American,f,35,1
2517861,0,-.179814163400496,.149217995033023,-3,4,4,us,us,1,1,1,2,Black or African American,f,45,0
2518057,0,.814916726049527,1.23223477482344,0,3,3,us,sm,1,1,1,2,Black or African American,f,34,0
2518075,0,.423368372258019,.412797438608836,1,0,0,us,sm,1,1,1,2,Black or African American,f,51,0
2518175,0,1.26334857332494,1.22174523965072,0,5,5,us,us,1,1,1,2,Black or African American,f,26,0
2518364,0,.422444833931695,1.05457774913566,0,0,0,us,us,1,1,1,2,Black or African American,f,29,0
2518296,0,1.07487977512293,-.888687674823409,3,-3,-3,us,sm,1,1,1,2,Black or African American,f,35,0
2518555,0,.436285898264383,.638673816455123,1,-1,5,us,us,1,1,1,2,Black or African American,f,20,6
2518984,0,1.11645373762565,.617302623155776,3,0,0,us,sm,1,1,1,2,Black or African American,f,21,0
2518987,0,.427282692688831,.163906810800501,3,1,5,us,sm,1,1,1,2,Black or African American,f,31,4
2519028,.0078125,.496647544882928,1.37557813745906,1,3,5,us,us,1,1,1,2,Black or African American,f,31,2
2519549,0,-.264540928558206,-.0904714002758206,0,4,4,cm,ca,0,1,1,2,Black or African American,f,30,0
2519949, , , , ,0,0,us,us,1,1,1,2,Black or African American,f,41,0
2520502,0,.0391217235968839,.0492856440764312,0,3,3,us,us,1,1,1,2,Black or African American,m,51,0
2520441,0,.781125888071383,.355680979271063,0,3,3,us,sm,1,1,1,1,Black or African American,f,20,0
2520448,0,.0055994201726452,-.346263218533108,0,3,3,us,us,1,1,1,2,Black or African American,f,24,0
2521940,.0078125,1.00433068835725,.463430353134995,0,5,5,us,sm,1,1,1,2,Black or African American,f,25,0
2520688, , , ,1,0,0,us,us,1,1,1,2,Black or African American,f,64,0
2520704,0,.623225381992425,.956230520949801,0,0,0,us,us,1,1,1,2,Black or African American,f,29,0
2520882,.28125,-.0439846751041112,-1.29015141289758,1,3,3,us,sm,1,1,1,2,Black or African American,m,43,0
2521297,.4921875,.765074747089206,.765074747089206,3,0,5,us,us,1,1,1,2,Black or African American,m,18,5
2521503, , , ,3,4,5,us,us,1,1,1,3,Black or African American,f,23,1
2521474,.0234375,1.03056858826344,.230526831648198,1,4,5,us,us,1,1,1,2,Black or African American,m,33,1
2521549, , , ,-2,0,4,ug,ca,0,1,1,3,Black or African American,f,19,4
2521814, ,.189776763863321, ,0,0,0,us,us,1,1,1,3,Black or African American,f,42,0
2521920,.0078125,.226661473904479,.152191173532501,2,3,5,us,sm,1,1,1,2,Black or African American,m,28,2
2522432,0,.750542913030026,-.250394330878245,0,0,0,us,us,1,1,1,2,Black or African American,f,25,0
2522495,0,1.43461198795621,1.01750375237143,3,-5,5,us,us,1,1,1,2,Black or African American,f,20,10
2522581, , , ,0,5,5,us,sm,1,1,1,2,Black or African American,f,49,0
2522850,0,.162979604632122,-.052946240043324,0,0,0,us,sm,1,1,1,2,Black or African American,f,19,0
2522861, ,.317292406982094, ,0,3,5,us,us,1,1,1,2,Black or African American,f,31,2
2523383,0,.261290290852768,.731396602577357,3,-4,4,us,us,1,1,1,2,Black or African American,m,33,8
2523447,.0078125,1.52900408040169,-.00156457523677162,3,-3,4,us,sm,1,1,1,2,Black or African American,m,19,7
2523311,0,.765938242554582,.948546607379482,1,2,5,us,us,1,1,1,2,Black or African American,f,30,3
2525052,.4140625,1.16899536163411,.660757210345038,0,5,5,us,us,1,1,1,3,Black or African American,f,31,0
2525091,0,.427388094023043,1.03915965351643,0,0,0,us,us,1,1,1,2,Black or African American,f,48,0
2524016,0,.598397881778092,.368502414909516,0,5,5,us,sm,1,1,1,2,Black or African American,f,36,0
2524010,0,.859038786952659,.911079207255244,0,3,5,gh,us,1,1,1,2,Black or African American,f,22,2
2524454,0,.536127505141809,.359736338046301,0,4,4,us,sm,1,1,1,2,Black or African American,f,46,0
2524306,.015625,1.03548491589212,.89942135770906,3,0,5,.,., ,1,1,.,Black or African American,f,23,5
2524337,0,.375663307975029,-.0646688690721211,3,4,4,us,us,1,1,1,2,Black or African American,f,59,0
2524758,0,.259990149028232,1.1906391741155,0,5,5,us,us,1,1,1,2,Black or African American,f,34,0
2524750,0,.573733235237062,.37021496279865,3,2,5,us,us,1,1,1,.,Black or African American,m,21,3
2524927,0,.399638703428441, ,3,0,5,us,us,1,1,1,2,Black or African American,f,19,5
2524959,0,.677178443032268,.782875663779225,0,5,5,us,us,1,1,1,2,Black or African American,m,34,0
2525055,0,.446733783876852,1.09883660766686,1,3,4,us,us,1,1,1,2,Black or African American,f,20,1
2525408,.0546875,.90508363196084,.104293527035815,0,2,5,us,us,1,1,1,.,Black or African American,f,49,3
2525465,0,-.808212236954144,.00865305225004817,0,4,4,us,sm,1,1,1,2,Black or African American,f,41,0
2525583,0,.301087945117991,.164961797346479,0,5,5,bs,af,0,1,1,3,Black or African American,m,90,0
2526402,0,.79405364286575,.421967077488396,0,4,4,us,sm,1,1,1,2,Black or African American,f,22,0
2526551, , , ,0,5,5,us,us,1,1,1,2,Black or African American,f,44,0
2526692,.5078125,-.089750010744998,-.384826036372269,0,5,5,us,us,1,1,1,2,Black or African American,f,24,0
2526725,.0234375,.805688625463114,.170354145424898,1,3,3,us,sm,1,1,1,2,Black or African American,m,54,0
2526816, , , , , , ,ca,us,1,1,1,.,Black or African American,m,19, 
2527482, , , ,0,4,4,us,us,1,1,1,2,Black or African American,f,27,0
2527554,0,.759281920160997,.0833558661591248,2,-2,-2,us,us,1,1,1,.,Black or African American,m,50,0
2528145,.0625,.959255995572297,.558734564037874,-1,5, ,us,us,1,1,1,2,Black or African American,f,37, 
2536338,0,.851586356031641,1.04081849556816,3,1,5,us,us,1,1,1,2,Black or African American,f,24,4
2529326,0,.440027837349553,1.11723668374886,-1,5,5,us,sm,1,1,1,2,Black or African American,f,25,0
2529697,0,1.05138370457214,1.3473369164844,0,4,5,us,sm,1,1,1,1,Black or African American,m,32,1
2551245,0,.746197647551773,.815973386889887,3,-1,5,ke,us,1,1,1,2,Black or African American,m,45,6
2530831,0,.972713528605796,1.08270572731072,0,4,5,uk,uk,0,1,1,.,Black or African American,f,32,1
2531434,0,.819558753315943,.968387194161101,2,2,5,ht,us,1,1,1,2,Black or African American,f,42,3
2531677, , , ,0,4,4,us,us,1,1,1,2,Black or African American,f,46,0
2531725,0,.819502963054495,.713666015989592,3,-4,4,us,us,1,1,1,3,Black or African American,f,20,8
2531919,0,-.144721518567161,.820465146079196,0,0,0,us,us,1,1,1,1,Black or African American,f,44,0
2532266,.046875,1.00028260512879,.270043865597191,2,-1,5,us,us,1,1,1,2,Black or African American,m,25,6
2532441,0,.760010766404631,.202361541259099,3,0,5,us,us,1,1,1,2,Black or African American,m,22,5
2532524,0,.49464948358328,.260749970543344,3,2,3,us,us,1,1,1,2,Black or African American,f,45,1
2532856,.9296875,-.0715010314881046,-.0715010314881046,0,1,4,us,us,1,1,1,2,Black or African American,f,18,3
2533047,.140625,.472269973405173,-.536841373053256,3,0,5,us,sm,1,1,1,2,Black or African American,f,21,5
2533249,0,1.24230435106002,.779464884528045,3,-1,4,us,sm,1,1,1,2,Black or African American,m,43,5
2533666,0,-.209169142847434,-.00809055787845119,0,0,0,us,sm,1,1,1,2,Black or African American,m,56,0
2534268,0,.838076979056685,.322928915863022,1,-1,5,us,sm,1,1,1,2,Black or African American,f,23,6
2534538,.0234375,.363247324227009,1.02513695960777,0,0,0,us,sm,1,1,1,.,Black or African American,m,24,0
2535368,0,.626308348797107,.305970701973417,0,5,5,us,us,1,1,1,2,Black or African American,f,18,0
2536098,0,.484882529885881,.666000614647212,0,0,0,us,us,1,1,1,2,Black or African American,f,29,0
2536306,0,.300575599411359,.979175213756597,1,-1,0,us,us,1,1,1,2,Black or African American,m,20,1
2537307,0,-.0426855322100636,1.44982898327306,0,3,5,uk,sm,0,1,1,2,Black or African American,m,30,2
2537623, , , ,3,-2,5,us,us,1,1,1,2,Black or African American,f,56,7
2537854,0,.430535834562471,.104563194711895,2,3,4,us,us,1,1,1,2,Black or African American,f,34,1
2538270,0,-.218393616586254,.281714421525946,-3,5,5,us,us,1,1,1,2,Black or African American,f,52,0
2538545,.375,.0167242136331825,1.11764621627092,0,0,0,us,sm,1,1,1,2,Black or African American,f,55,0
2538629,0,.754300989711926,.592241698894573,0,0,0,us,us,1,1,1,2,Black or African American,m,52,0
2538701,.0078125,-.442560247778723,.471978333307418,0,0,0,us,sm,1,1,1,2,Black or African American,f,44,0
2540151,0,.876015493999542,1.17035377715974,3,-4,5,ao,ao,0,1,1,2,Black or African American,m,35,9
2540003,.0078125,.740730753909067,.547313063357069,0,4,4,us,sm,1,1,1,2,Black or African American,m,30,0
2540019,0,-.224896712210928,.703451972322058,3,0,5,us,us,1,1,1,2,Black or African American,f,32,5
2540245, , , ,0,-1,2,gh,us,1,1,1,3,Black or African American,f,24,3
2540299, , , ,0,2,3,us,af,1,1,1,2,Black or African American,f,32,1
2541268,0,-.245913452022259,.770794313203308,3, ,5,tc,us,1,1,1,2,Black or African American,f,18, 
2541401, , , ,2,2,4,us,sm,1,1,1,2,Black or African American,f,25,2
2541419, , , ,0,1,4,us,sm,1,1,1,.,Black or African American,m,59,3
2541847,0,1.09082643712544,.349451768822871,0,5,5,us,us,1,1,1,2,Black or African American,m,19,0
2552152, , , ,0,0,0,us,us,1,1,1,2,Black or African American,f,49,0
2544324,0,.523480990679208,1.3516140238967,2,-1,5,us,us,1,1,1,2,Black or African American,f,38,6
2544433, , , ,2,3,4,us,sm,1,1,1,2,Black or African American,f,26,1
2545695,.0078125,.642776796170751,-.632528111537336,3,1,3,us,us,1,1,1,2,Black or African American,f,27,2
2544598,0,.639522570352204,1.34273155838823,2,4,4,us,us,1,1,1,2,Black or African American,f,28,0
2545797,0,.152771350803223,-.227796054606857,0,0,0,us,us,1,1,1,2,Black or African American,f,47,0
2546682,0,.938185548030394,.309041299977782,3,3,5,us,us,1,1,1,2,Black or African American,m,54,2
2546974,0,.560060227748903,.417290866036216,0,3,5,us,sm,1,1,1,2,Black or African American,f,45,2
2546966,0,.956002131035153,.431496026008803,0,3,5,us,sm,1,1,1,2,Black or African American,m,24,2
2548048,0,.337818009478926,.355509399660648,0,4,4,us,us,1,1,1,2,Black or African American,f,18,0
2549467, , , ,0,0,0,us,us,1,1,1,2,Black or African American,f,49,0
2550012, , , ,0,5,5,us,sm,1,1,1,2,Black or African American,f,19,0
2551132,.484375,.749878953533007,.385477033370087,0,5,5,us,us,1,1,1,2,Black or African American,f,30,0
2551195,0,.0743347223195729,.155880103861244,0,2,4,us,sm,1,1,1,2,Black or African American,m,19,2
2551433,0,.742163385187598,1.0850770411863,0,0,4,il,be,0,1,1,2,Black or African American,m,22,4
2551560,0,.352443153172273,.650641366515041,0,5,5,us,sm,1,1,1,2,Black or African American,f,36,0
2553105,0,.350651329999267,.380350921220901,0,4,5,gh,us,1,1,1,2,Black or African American,f,19,1
2553260,0,.0828987405666649,.177830148120677,-1,3,4,us,us,1,1,1,2,Black or African American,f,51,1
2554017,0,.420187770478573,.553300471710303,0,4,4,us,sm,1,1,1,2,Black or African American,f,45,0
2554168, , , ,2,-1,0,us,sm,1,1,1,2,Black or African American,f,65,1
2556281, , , ,3,5,5,us,sm,1,1,1,2,Black or African American,f,34,0
2554562,0,-.111562856975329,.250143676170905,3,0,4,us,us,1,1,1,2,Black or African American,f,55,4
2554954,0,.691829533228278,1.04396198225337,3,0,5,us,sm,1,1,1,2,Black or African American,f,18,5
2555747,.00390625,.716653969908466,.0358038353505852,2,1,4,us,us,1,1,1,2,Black or African American,f,19,3
2555189, , , ,3,0,5,br,br,0,1,1,1,Black or African American,m,22,5
2555519, , , ,0,0,0,us,sm,1,1,1,.,Black or African American,f,37,0
2555383,0,.915788633401011,.522109060992593,0,5,5,us,sm,1,1,1,2,Black or African American,f,44,0
2555883,0,.76124518772784,.93793496041166,3,3,4,us,us,1,1,1,2,Black or African American,m,65,1
2556426,0,1.00934043197368,.286095242893131,0,0,5,us,us,1,1,1,.,Black or African American,m,20,5
2556579,0,1.05948586308562,-.226414206816637,1,1,3,us,us,1,1,1,2,Black or African American,m,23,2
2556766,0,1.09237625852978,.336126772952263,3,-1,5,us,us,1,1,1,2,Black or African American,f,18,6
2556973, , , ,0,0,5,co,us,1,1,1,1,Black or African American,f,36,5
2557597,0,.621984286289646,1.13565913326623,0,3,4,uk,sm,0,1,1,.,Black or African American,f,29,1
2557648, , , ,-2,-2,5,us,us,1,1,1,.,Black or African American,m,23,7
2557945,.379032258064516,.686359098107482, ,0,4,4,us,sm,1,1,1,3,Black or African American,f,20,0
2558117,0,-.268297659366042,.355977844129124,0,5,5,us,us,1,1,1,2,Black or African American,f,20,0
2558270,0,.590769018549601,.538867067781213,0,5,5,us,us,1,1,1,2,Black or African American,m,34,0
2558348,0,.862613595929907,.841401285572495,2,1,5,us,sm,1,1,1,2,Black or African American,f,47,4
2558453,0,-.363850132799723,.913813405315458,2,2,2,us,sm,1,1,1,2,Black or African American,f,38,0
2558766,.0546875,.725149549705227,1.20399205689939,2,-2,5,us,sm,1,1,1,2,Black or African American,f,34,7
2559320,0,-.245611518058848,-.0650251471831369,1,4,4,us,us,1,1,1,2,Black or African American,f,64,0
2559495,.015625,.501260671001159,.327961090720277, , , ,us,us,1,1,1,2,Black or African American,f,25, 
2560079,.0078125,.217710625786455,.442153438766857,0,5,5,us,us,1,1,1,2,Black or African American,m,19,0
2559778,0,.129203419519657,.939996922088381,0,3,3,ke,us,1,1,1,3,Black or African American,f,46,0
2560572,.0625,.304459831769858,.185396301946048,0,3,5,us,us,1,1,1,.,Black or African American,m,23,2
2560693,0,.678683392849536,.804795339736035,0,4,5,us,us,1,1,1,3,Black or African American,f,18,1
2560764,0,.0590395502457116,1.32636188206533,-2,4,4,us,sm,1,1,1,2,Black or African American,f,48,0
2561919,0,.419491796135386,.373464372289111,0,4,5,us,us,1,1,1,2,Black or African American,f,19,1
2562198,0,.252012664923623,-.0190355490258809,0,3,3,us,us,1,1,1,2,Black or African American,m,23,0
2562222,0,.150697038001435,.839645456999667,0,2,0,us,sm,1,1,1,1,Black or African American,f,25,-2
2562485,0,.546999295923014,1.1450592961247,1,3,4,us,us,1,1,1,2,Black or African American,f,23,1
2563256,0,.308971236541415,1.32526329213435,1,3,5,us,us,1,1,1,3,Black or African American,f,27,2
2564938, , , ,0,1,1,us,us,1,1,1,3,Black or African American,f,38,0
2566598,.1171875,.466685036842418,.266218597919717,3,0,5,us,us,1,1,1,2,Black or African American,m,24,5
2565951,0,.366440430276232,.1945884673117,0,3,4,us,sm,1,1,1,2,Black or African American,f,65,1
2567967,0,.115267378939791,.484616369444446,3,2,5,ke,us,1,1,1,2,Black or African American,m,29,3
2566485,0,.492750682585026,.696651976026863,0,5,5,us,sm,1,1,1,2,Black or African American,m,27,0
2566999,0,-.163986686695989,.37831893836266,1,5,5,us,us,1,1,1,2,Black or African American,f,41,0
2567257, ,.0955648826852886,.0955648826852886,0,5,5,us,sm,1,1,1,.,Black or African American,f,57,0
2567288,0,.740758420156038,1.02908246198232,1,4,4,us,us,1,1,1,1,Black or African American,f,27,0
2567796,0,.188309891638751,.651197683499631,2,3,3,us,sm,1,1,1,2,Black or African American,f,57,0
2567941, , , ,0,3,5,us,sm,1,1,1,.,Black or African American,f,26,2
2568243,0,.514888491973359,1.04282863009048,-1,3,1,us,us,1,1,1,2,Black or African American,f,48,-2
2568877, , , ,3,2,0,cv,us,1,1,1,2,Black or African American,f,35,-2
2569814,.0078125,-.713551218514697,-.307142934677845,0,4,4,us,us,1,1,1,2,Black or African American,f,19,0
2569993,0,-.0932432370725606,.775325099001544,1,-1,-1,us,us,1,1,1,2,Black or African American,f,70,0
2517851,0,1.39784751261795,1.1676088430063,0,0,1,kr,kr,0,1,1,2,East Asian,m,28,1
2518392,0,.476851626290936,.242367369527756,1,3,5,hk,hk,0,1,1,2,East Asian,m,20,2
2518489,.0078125,.987264348785109,.348953008937949,2,-2,5,id,id,0,1,1,3,East Asian,m,20,7
2518647, , , ,1,-1,2,fr,fr,0,1,1,2,East Asian,m,32,3
2518872,.0078125,.207481913386676,-.0769787593632556,0,3,3,us,sm,1,1,1,2,East Asian,f,23,0
2518900,.3125,-.0646033953429442,.544537414593009,3,-3,4,my,my,0,1,1,3,East Asian,m,31,7
2521689, , , ,0, , ,cn,cn,0,1,1,3,East Asian,f,21, 
2520637,.0078125,.146980272985304,.30175910057972,0,0,0,cn,cn,0,1,1,2,East Asian,f,21,0
2523014,0,.853651505576363,.811861926284995,0,0,0,us,us,1,1,1,2,East Asian,f,18,0
2523188,.015625,.0672773368640466,.689036490338705,0,5,5,us,sm,1,1,1,2,East Asian,f,20,0
2523227,0,.558764450549784,-.0500329401057537,0,0,0,tw,tw,0,1,1,2,East Asian,f,24,0
2524181,0,.935867375652753,-.171083706557134,2,3,4,cn,cn,0,1,1,3,East Asian,f,23,1
2524596, , , ,0,3,3,cn,us,1,1,1,2,East Asian,f,23,0
2524524, , , ,0,2,2,us,us,1,1,1,3,East Asian,f,18,0
2525305,0,.487314919360161,-.315028163762271,0,1,3,us,sm,1,1,1,2,East Asian,m,13,2
2525546,1, , ,3,-3,4,cn,de,0,1,1,3,East Asian,m,23,7
2526159,0,.505729750769123,1.07303786980704,0,2,-1,jp,us,1,1,1,2,East Asian,m,20,-3
2526197,0,.558674984480257,.313192684629189,2,2,3,us,sm,1,1,1,2,East Asian,m,23,1
2528002,0,.598213613587195,-.0709397911855305,2,-2,1,ca,ca,0,1,1,2,East Asian,m,20,3
2527506, , , ,0,3,3,jp,jp,0,1,1,3,East Asian,f,29,0
2527470, , , ,0,0,0,jp,jp,0,1,1,2,East Asian,m,40,0
2527996,0,.148611006585295,.0403982491192932,-1,1,0,au,sm,0,1,1,3,East Asian,f,32,-1
2528478,0,.257950609349471,.432479718873949,2,4,4,us,us,1,1,1,2,East Asian,f,19,0
2528720,0,.13773595373055,.505892714226163,0,0,0,cn,cn,0,1,1,2,East Asian,f,23,0
2528971,0,-.21613754438681,.479507233125112,2,2,3,us,sm,1,1,1,2,East Asian,f,28,1
2529774,0,.353169323947039,.644581957582785,3,-1,4,cn,us,1,1,1,3,East Asian,m,21,5
2530147,0,.582948092827556,.498430286411027,0,0,0,us,us,1,1,1,2,East Asian,f,39,0
2530459,.109375,.544310577367135,-.666101502589493,0,0,0,mm,mm,0,1,1,2,East Asian,f,19,0
2530777,.0078125,.179980462686414,.732897063276863,2,3,4,kr,kr,0,1,1,.,East Asian,f,21,1
2533652,0,.511987589093212,.642780508664992,1,0,1,my,my,0,1,1,2,East Asian,m,27,1
2533851,0,.0360198557426008,.892916198516492,0,5,5,us,us,1,1,1,.,East Asian,f,21,0
2534172,0,.490774423053618,.656716418617613,0,0,0,am,.,0,1,1,2,East Asian,f,18,0
2535138,0,.468073459242917,.691854686407084,0,1,1,us,sm,1,1,1,2,East Asian,f,20,0
2536679,0,.772158081098237,.366073982562999,2,4,4,ph,uk,0,1,1,.,East Asian,f,47,0
2536744,0,.0868555471923586,-.0139250499081146,0,0,0,ir,ir,0,1,1,2,East Asian,m,27,0
2540314,0,.352923743228501, ,2,3,4,us,sm,1,1,1,2,East Asian,m,88,1
2541301, , , ,2,-4,5,us,us,1,1,1,2,East Asian,m,45,9
2541716,0,.431292035525657,.87822367698251,0,4,4,us,us,1,1,1,2,East Asian,f,21,0
2544057,0,.21301211565437,.404887860720874,2,-1,5,gy,us,1,1,1,2,East Asian,f,21,6
2544165,0,.519018554488813,.663060499364408,1,0,4,us,sm,1,1,1,2,East Asian,f,32,4
2544373,0,.542097722162881,-.116896544825771,2,-2,3,cn,ca,0,1,1,2,East Asian,m,18,5
2547187,0,-.269463647241754,-.056923320265327,0,0,0,jp,hk,0,1,1,2,East Asian,f,15,0
2547583,0,.284358557569119,.535292555487831,2,3,5,us,us,1,1,1,2,East Asian,m,21,2
2548885,0,.670215972232033,1.32518991663984,0,0,0,ca,ca,0,1,1,2,East Asian,f,22,0
2552702,0,.100944049438927,.635336010291369,0,5,5,us,sm,1,1,1,3,East Asian,f,46,0
2553810, , , ,3,-2,4,us,sm,1,1,1,2,East Asian,f,19,6
2554006,.0078125,1.05261175672216,.493009370877748,1,0,0,cn,cn,0,1,1,3,East Asian,f,18,0
2558089,.015625,.662351969175138,.364380616055653,0,5,5,us,sm,1,1,1,2,East Asian,f,18,0
2559588,.015625,-.611850681031225,.0191866780006072,2,4,4,jp,us,1,1,1,2,East Asian,f,23,0
2566764,.1328125,.673721122899051,.0852495006002323,0,3,3,tw,tw,0,1,1,3,East Asian,f,24,0
2563104,0,.387030413669992,.505115388280529,0,0,0,us,us,1,1,1,3,East Asian,m,62,0
2566708,0,1.21515301563871,1.40055008300976,3,-3,5,tw,tw,0,1,1,2,East Asian,m,28,8
2567962,0,.58981612805671,.954384577417382,1,3,4,us,af,1,1,1,2,East Asian,f,19,1
2568667,0,.235720875894871,.267414657900772,0,5,5,us,us,1,1,1,2,East Asian,f,28,0
2568918,0,.791690268374741,.791690268374741,1,-1,-2,tw,tw,0,1,1,2,East Asian,f,19,-1
2569185,0,.695220743568349,.726572888144786,0,2,3,id,id,0,1,1,2,East Asian,f,24,1
2569409,0,.570589472007644,.505843932503121,2,-2,2,cn,us,1,1,1,2,East Asian,m,19,4
2570059, , , ,0,0,0,us,us,1,1,1,2,East Asian,f,45,0
2520934,0,.218634523497606,.873662700846338,1,-1,0,br,br,0,1,1,1,More than one race - Black/White,m,36,1
2522147,0,.417761564846847,1.42995432672034,3,-1,5,us,us,1,1,1,2,More than one race - Black/White,f,21,6
2526568,0,-.0155056062765165,.459474581789276,2,-1,0,us,us,1,1,1,1,More than one race - Black/White,f,19,1
2527557,0,-.0900059870740259,-.036861478993568,0,4,4,us,us,1,1,1,3,More than one race - Black/White,f,18,0
2528318,0,-.156353655793571,.490528874179604,0,5,5,us,sm,1,1,1,.,More than one race - Black/White,f,18,0
2529036,0,.393331913109545,.989490529555676,0,4,4,ca,.,0,1,1,.,More than one race - Black/White,f,29,0
2532587,0,.185457624954155,.00666769709873593,0,3,3,us,us,1,1,1,2,More than one race - Black/White,m,20,0
2537407,0,.634768185009864,1.34555845633251,0,4,5,us,sm,1,1,1,2,More than one race - Black/White,m,21,1
2544848,0,1.26859756607566,1.2258774375862,3,-1,5,us,sm,1,1,1,.,More than one race - Black/White,f,19,6
2550008,0,.866659086251106,1.23024858352296,3,-1,4,us,us,1,1,1,2,More than one race - Black/White,m,23,5
2551068, , , ,0,5,5,us,us,1,1,1,2,More than one race - Black/White,f,21,0
2554439,0,-.453859241210002,1.0726770997923,0,4,5,us,us,1,1,1,2,More than one race - Black/White,f,18,1
2556586, , , ,0,0,0,ca,us,1,1,1,3,More than one race - Black/White,f,45,0
2560713, , , ,2,1,4,us,us,1,1,1,2,More than one race - Black/White,m,25,3
2562075,.015625,.26512900133222,.692764735558034,-1,4,4,us,us,1,1,1,2,More than one race - Black/White,f,16,0
2562216,0,.499782037446054,1.17305781962765,0,5,5,us,us,1,1,1,2,More than one race - Black/White,f,22,0
2562488,.0962701612903226,.164585845599308,-.422925644715872,0,4,3,us,us,1,1,1,2,More than one race - Black/White,f,18,-1
2566357,0,.255155500245717,.936257679333153,0,3,4,dm,us,1,1,1,2,More than one race - Black/White,m,27,1
2518878,.921875,-.00887291133903428,-.071656394884724,0,2,1,us,sm,1,1,1,1,More than one race - Other,f,24,-1
2517700,0,.517945288119347,.703380076720146,2,0,4,us,sm,1,1,1,2,More than one race - Other,m,32,4
2518422,0,.244905445244374,.315327858645259,2,4,5,us,us,1,1,1,2,More than one race - Other,f,22,1
2518569,0,-.45602093666682,.986139248185316,0,0,0,us,us,1,1,1,3,More than one race - Other,f,35,0
2518732,0,.723725235511138,.821562336372741,1,1,2,at,at,0,1,1,2,More than one race - Other,m,30,1
2518922,0,.0533498513946108,.435560444952491,1,5,5,uk,sm,0,1,1,2,More than one race - Other,f,26,0
2519102,0,.584385395159959,.78025045222846,0,3,3,us,sm,1,1,1,2,More than one race - Other,f,25,0
2520622, , , ,0,2,2,us,us,1,1,1,2,More than one race - Other,f,39,0
2521085,0,-.158148204754947,.459560938461215,0,0, ,ca,sm,0,1,1,2,More than one race - Other,f,25, 
2521076,0,.221785325191475,.647161930927869,0,4,4,us,sm,1,1,1,2,More than one race - Other,f,31,0
2521470, , , ,1,-2,1,br,br,0,1,1,1,More than one race - Other,m,32,3
2521977,0,-.329993111638283,.881248082259335,0,4,4,us,us,1,1,1,2,More than one race - Other,f,36,0
2522252,0,-.618924187006542,.276192573696561,0,0,0,us,us,1,1,1,2,More than one race - Other,m,45,0
2524523,0,.00234525052967161,.960620817808515,0,5,5,us,us,1,1,1,1,More than one race - Other,f,27,0
2525497,0,.443133338248956,.0721181780234836,0,5,5,us,us,1,1,1,2,More than one race - Other,m,19,0
2525306, , , ,0,4,4,ca,ca,0,1,1,3,More than one race - Other,f,43,0
2530610,0,.242433514955048,.57666410573237,0,5,5,us,sm,1,1,1,1,More than one race - Other,f,24,0
2525529,0,-.0599877365233077, ,1,-2,0,ca,ca,0,1,1,1,More than one race - Other,f,48,2
2526435, , , ,0,4,5,us,sm,1,1,1,3,More than one race - Other,f,34,1
2527633, , , ,3,-5,0,at,ba,0,1,1,2,More than one race - Other,m,19,5
2528965,0,.104872000201232,-.0177561932415797,1,-1,0,us,us,1,1,1,1,More than one race - Other,f,20,1
2529951,0,.409917438975983,.0147815439049513,0,3,5,us,sm,1,1,1,1,More than one race - Other,f,21,2
2530487,0,-.0880193937059079,.332310614241798,0,3,3,us,sm,1,1,1,2,More than one race - Other,m,35,0
2531118,.0078125,-.000712669781632314,-.507867215436033,0,5,5,za,za,0,1,1,3,More than one race - Other,f,43,0
2531295, , , ,2,5,5,us,us,1,1,1,2,More than one race - Other,f,20,0
2531317,0,.983823163634832,.316829087514412,1,0,5,us,sm,1,1,1,2,More than one race - Other,f,33,5
2532879,0,.37423972109935,-.419707529470567,3,-2,5,us,us,1,1,1,1,More than one race - Other,f,33,7
2532968,0,.031500050985212,.575021472996352,0,0,0,us,us,1,1,1,1,More than one race - Other,f,23,0
2538809,.1328125,.274751546000226,-.185023300215009,0,4,4,ca,ca,0,1,1,2,More than one race - Other,f,23,0
2535439,0,-.130034118986994,1.01202306299983,0,5,5,us,sm,1,1,1,1,More than one race - Other,f,32,0
2540333,0,.678068624643734,.590239850563852,0,0,0,us,us,1,1,1,2,More than one race - Other,f,29,0
2544176,0,-.331899576664477,.269573666790607,0,0,0,us,us,1,1,1,3,More than one race - Other,m,20,0
2537142, , , , ,-1,0,us,us,1,1,1,3,More than one race - Other,f,42,1
2539540,0,-.256488158685534,.297899316807731,0,0,0,us,sm,1,1,1,1,More than one race - Other,f,19,0
2540376,0,1.17907953049571,.627754897961028,3,5,5,us,us,1,1,1,3,More than one race - Other,f,52,0
2541062,0,.488602944602431,1.20262322903699,2,-1,0,mx,es,0,1,1,1,More than one race - Other,m,47,1
2544273,.00806451612903226,.0462433209993366,.0140050298439009,3,1,5,us,us,1,1,1,1,More than one race - Other,f,19,4
2542964,0,.588839220570684,.657410894319865,1,0,3,uk,uk,0,1,1,2,More than one race - Other,m,30,3
2544444,.0078125,.646110302998456,.326131700905755,2,1,4,mx,us,1,1,1,1,More than one race - Other,f,20,3
2544584, , , ,1,0,4,us,sm,1,1,1,1,More than one race - Other,f,19,4
2546635,0,.354791647162127,-.210518854737342,0,-1,3,us,us,1,1,1,2,More than one race - Other,f,19,4
2546708, , , ,0,0,1,gt,gt,0,1,1,1,More than one race - Other,m,19,1
2547331,0,.312702426562356,.583129087269344,0,3,3,au,au,0,1,1,2,More than one race - Other,f,37,0
2566588,0,-.129100135177255,-.104979857306052,0,3,4,us,us,1,1,1,2,More than one race - Other,m,18,1
2551578,0,.0701402977977924,.925933011223539,0,0,0,us,us,1,1,1,1,More than one race - Other,f,19,0
2551993,0,.3977426540914,.584430706931813,0,3,4,us,sm,1,1,1,2,More than one race - Other,m,18,1
2552039,0,.369534333511394,.804126361371381,0,0,0,us,us,1,1,1,1,More than one race - Other,f,44,0
2553093,0,.785564077139314,.590063542496458,1,1,3,us,us,1,1,1,2,More than one race - Other,f,16,2
2555248, , , ,0,5,5,us,sm,1,1,1,2,More than one race - Other,m,39,0
2555749,.9765625, , ,0,5,5,gy,us,1,1,1,2,More than one race - Other,f,23,0
2555845,0,-.176374199961672,.272550182026491,0,3,3,us,sm,1,1,1,1,More than one race - Other,m,20,0
2556266,0,-.0671569468468659,.474005689929249,0,3,3,us,sm,1,1,1,2,More than one race - Other,f,47,0
2556668,.0078125,-.812611829352428,.301004708388128,-1,3,-2,us,us,1,1,1,1,More than one race - Other,m,42,-5
2556801,0,.0686545086098774,.776764108086739,2,0,0,us,us,1,1,1,2,More than one race - Other,f,37,0
2558007,0,.218783903823108,.904303696236883,0,3,4,us,sm,1,1,1,1,More than one race - Other,m,19,1
2558908,.59375,-.406727059892572,-.406727059892572,0,0,0,us,us,1,1,1,2,More than one race - Other,f,37,0
2559478,0,.780729837182383,.569154542536671,1,3,5,us,us,1,1,1,2,More than one race - Other,f,18,2
2561092,0,.0266030095298829,.267728095262629,1,2,3,.,., ,1,1,2,More than one race - Other,m,19,1
2562170,0,-.00924235671314444,.77256991330093,0,0,0,us,us,1,1,1,2,More than one race - Other,f,49,0
2565129,0,.231643918693177,.468145110147433,1,4,5,ca,sm,0,1,1,.,More than one race - Other,m,23,1
2564899, , , ,0,5,5,sg,sg,0,1,1,2,More than one race - Other,f,32,0
2566950,0,.77788196914218,.56567152513137,2,3,5,us,us,1,1,1,1,More than one race - Other,f,24,2
2568705,0,1.27083440748741,.624092700650929,3,1,5,us,us,1,1,1,2,More than one race - Other,f,24,4
2570143,0,.739706568679132,-.0279040190841571,0,1,1,us,us,1,1,1,1,More than one race - Other,m,22,0
2570198,.015625,.319177479768295,.849291180528623,0,5,5,us,sm,1,1,1,2,More than one race - Other,f,19,0
2523425, , , ,0,5,5,nz,nz,0,1,1,.,Native Hawaiian or other Pacific Islander,f,38,0
2526149,0,.145027881890478,.52943558143523,1,4,4,us,us,1,1,1,1,Native Hawaiian or other Pacific Islander,f,19,0
2532521,0,.0877681253209172,.558705633334102,0,4,4,us,sm,1,1,1,1,Other or Unknown,f,24,0
2559535,0,1.00072688252367,.472512344732661,1,0,0,ve,ve,0,1,1,1,Other or Unknown,m,23,0
2565877,0,-.377042864205048,.54984790794056,-1,4,2,us,us,1,1,1,2,Other or Unknown,f,36,-2
2524881,0,.336843056666077,.938298726541912,0,5,5,us,sm,1,1,1,1,Other or Unknown,f,49,0
2533108,0,.864632920681218,1.38255916186385,3,-5,5,rw,au,0,1,1,3,Other or Unknown,f,43,10
2518139,0,-.845357112111979,-.738401429853106,0,4,4,us,sm,1,1,1,1,Other or Unknown,f,21,0
2518328,0,.844254827728497,.59201625575393,0,0,0,us,sm,1,1,1,2,Other or Unknown,m,36,0
2518565, , , ,0,4,4,sv,us,1,1,1,1,Other or Unknown,m,52,0
2519118,0,-.0386039950091008,.470464460833103,-2,3,3,co,fr,0,1,1,1,Other or Unknown,f,30,0
2519248,0,-.470258974575217, ,0,0,0,us,sm,1,1,1,2,Other or Unknown,m,52,0
2519404,0,-.677847422822238,.561078473742412,1,0,1,us,us,1,1,1,1,Other or Unknown,f,32,1
2520296,0,.45779421215829,-.371810709357681,0,4,4,us,us,1,1,1,3,Other or Unknown,f,19,0
2522083,0,.793662750093855,.943736065113697,0,3,3,uk,uk,0,1,1,3,Other or Unknown,f,19,0
2522437,0,-.135375672368566,.677066197894448,1,4,4,mx,mx,0,1,1,1,Other or Unknown,f,26,0
2522888,0,.162123248394275,-.0470544507725869,0,0,0,us,us,1,1,1,3,Other or Unknown,m,30,0
2522947, , , ,1,4,4,us,sm,1,1,1,1,Other or Unknown,f,22,0
2525370,0,.642984845095194,.866009894766255,0,0,0,us,us,1,1,1,1,Other or Unknown,f,43,0
2523356,0,.839897929234551,.84256284663375,1,2,5,us,us,1,1,1,1,Other or Unknown,f,21,3
2524508,0,-.252881998269386,.627338141523865,0,4,4,us,sm,1,1,1,3,Other or Unknown,f,21,0
2524978,0,.884714896990217,.812871710513247,0,3,4,us,us,1,1,1,1,Other or Unknown,f,18,1
2526093,0,-.449096350371409,.356223211088483,-1,5,3,us,us,1,1,1,1,Other or Unknown,f,28,-2
2526628,0,1.18118712507271,1.00245052126784,1,1,4,ma,us,1,1,1,2,Other or Unknown,f,21,3
2527536,0,.94206223042984,.822506470813972,3,-2,5,us,us,1,1,1,1,Other or Unknown,f,18,7
2528065, , , ,2,-2,2,lb,lb,0,1,1,3,Other or Unknown,m,28,4
2530167,0,.30078220625247, ,3,0,3,es,us,1,1,1,1,Other or Unknown,m,18,3
2530390, ,.104650976168402,.104650976168402,1,1,1,pe,us,1,1,1,1,Other or Unknown,f,42,0
2532779,0,.481988712681402,.81613411117581,3,0,4,cn,.,0,1,1,3,Other or Unknown,f,27,4
2533932,0,1.06862822666855,1.06354220120576,0,3,5,us,sm,1,1,1,1,Other or Unknown,m,20,2
2536865, , , ,1,0,3,br,us,1,1,1,1,Other or Unknown,f,19,3
2537897,0,-.126138766575404,.166954134473469,0,5,5,us,us,1,1,1,3,Other or Unknown,f,39,0
2539644,0,.913830537022771,.94042003968091,1,1,5,us,sm,1,1,1,1,Other or Unknown,m,18,4
2541180,0,-.336600129131514,.156992632053981,0,5,5,us,us,1,1,1,2,Other or Unknown,f,20,0
2540713,.0859375,.505242310183707,.198082135005897,0,1,3,us,sm,1,1,1,1,Other or Unknown,m,24,2
2546342, , , ,1,-1,2,br,br,0,1,1,1,Other or Unknown,m,18,3
2543808, , , ,0,0,2,us,us,1,1,1,1,Other or Unknown,f,17,2
2543786, , , ,1,0,4,mx,sm,0,1,1,1,Other or Unknown,f,18,4
2546528,0,1.20588420174436,.469434189555335,3,-3,5,gt,gt,0,1,1,1,Other or Unknown,f,29,8
2547675,.0078125,-.0960100036526023,.676177825520458,2,0,4,us,.,1,1,1,1,Other or Unknown,m,18,4
2548362,0,-.360195708488367,.996335783515381,-1,0,0,br,us,1,1,1,1,Other or Unknown,f,29,0
2549147,0,1.12082722415254,.974953942479255,3,-3,5,us,us,1,1,1,1,Other or Unknown,f,19,8
2549987,0,.443520909397675,.91224947584271,0,5,5,us,us,1,1,1,1,Other or Unknown,f,25,0
2551875,0,.0429984194504166,.879326191157846,0,5,5,us,us,1,1,1,1,Other or Unknown,f,18,0
2553596, , , ,1,-5,5,us,us,1,1,1,3,Other or Unknown,f,46,10
2554391,0,.875451272339824,.942882700327264,1,2,3,au,au,0,1,1,1,Other or Unknown,m,34,1
2554784,.0483870967741935,1.42199518312818,.135591497643579,1,4,4,mx,mx,0,1,1,1,Other or Unknown,f,17,0
2555766, , , ,0,0,0,us,sm,1,1,1,2,Other or Unknown,f,38,0
2557019,.1015625,.148385740841952,.727781740166852,-2,4,4,us,sm,1,1,1,3,Other or Unknown,f,19,0
2565066,0,.507717783910439,.495634119687115,0,3,4,us,sm,1,1,1,1,Other or Unknown,f,48,1
2561454,0,1.13446602439093,.813048627223635,3,-1,5,gt,us,1,1,1,1,Other or Unknown,f,18,6
2560989, , , ,1,0,5,us,us,1,1,1,1,Other or Unknown,m,18,5
2563159, , , ,0,0,0,ni,us,1,1,1,1,Other or Unknown,f,47,0
2564812,0,-.408754429692118,-.0993192945151843,1,3,3,us,us,1,1,1,1,Other or Unknown,f,24,0
2567534,0,.463324008275234,1.14711242535619,1,3,4,mx,us,1,1,1,1,Other or Unknown,f,26,1
2567626, , , ,1,3,5,ca,ca,0,1,1,.,Other or Unknown,f,25,2
2568575,0,.592056082197405,.687214288902017,0,5,5,us,us,1,1,1,1,Other or Unknown,f,22,0
2568760,0,-.138386712439281,.151561078743941,1,4,4,ca,ca,0,1,1,3,Other or Unknown,f,34,0
2569288,0,.0398284834023974,-.430552026747286,0,0,0,us,us,1,1,1,.,Other or Unknown,m,18,0
2569363,0,.460142663042956,1.27303717735836,0,3,5,us,sm,1,1,1,1,Other or Unknown,f,20,2
2569816,.015625,-.371526417756356,.925668478452509,1,4,4,us,us,1,1,1,1,Other or Unknown,m,33,0
2546373,0,1.2452504006117,1.01053783939688,1,-2,1,pk,kw,0,1,1,3,South Asian,m,23,3
2525782,.171875,.154364922111355,.11336153775336,3,-5,5,bo,aw,0,1,1,1,South Asian,m,17,10
2517892,.0625,.473149375024279,.223476936187625,0,4,4,au,au,0,1,1,2,South Asian,m,33,0
2517899,0,.427425491047007,.394939563754076,0,2,0,us,us,1,1,1,2,South Asian,f,21,-2
2517971, , , ,2,0,0,.,., ,1,1,.,South Asian,f,39,0
2518088,0,1.06344017814463,.432551798661516,3,-1,0,in,uk,0,1,1,2,South Asian,m,27,1
2518677,0,.584006218710196,.721999235845249,0,0,2,tw,tw,0,1,1,2,South Asian,m,26,2
2518817, , , ,3,-5,3,ir,ir,0,1,1,2,South Asian,f,27,8
2518923,0,.0122016662939035,.611567941735913,3,-1,5,in,uk,0,1,1,2,South Asian,m,27,6
2520877, , , ,0,2,0,ph,ph,0,1,1,2,South Asian,f,21,-2
2520884,0,.613295433482446,.970028541873312,2,3,4,pk,pk,0,1,1,2,South Asian,f,22,1
2520910,.015625,-.332162960381869,-.18914330807466,1,0,0,my,my,0,1,1,2,South Asian,f,19,0
2522540,0,-.0347493623057627,.68405812664441,3,0,0,in,in,0,1,1,2,South Asian,m,21,0
2522944,.09375,.38458139464417,.120230021368977,0,5,5,us,sm,1,1,1,2,South Asian,f,21,0
2523099,.0234375,.61216996631521,.843856874127454,3,-4,5,uk,uk,0,1,1,2,South Asian,m,19,9
2523834,0,-.534060166335258,.296273507519295,0,5,5,in,br,0,1,1,2,South Asian,m,30,0
2524356, , , ,3,-4,5,ca,ca,0,1,1,3,South Asian,f,26,9
2525746,0,.773464052516674,.921712671466309,3,-2,4,us,sm,1,1,1,2,South Asian,f,48,6
2526014,0,.767996643263281,1.24634122699255,1,0,3,sg,sg,0,1,1,2,South Asian,m,22,3
2527097, , , ,1,-1,0,de,sm,0,1,1,2,South Asian,m,33,1
2527202,0,.804449547926249,.38941590755926,3,-4,4,in,us,1,1,1,2,South Asian,f,24,8
2528993,0,-.162072859547685,.405357421911308,0,5,5,.,., ,1,1,.,South Asian,f,13,0
2529242,0,.226967452835856,.214773315345125,1,-1,3,vn,us,1,1,1,3,South Asian,f,20,4
2534399,0,.364582469622107,1.04578909496474,0,5,5,us,sm,1,1,1,2,South Asian,f,24,0
2535448,0,1.25954031154107,.63280967414352,1,2,2,my,my,0,1,1,.,South Asian,f,38,0
2537211,0,-.185672491718561,.602305265579515,0,3,0,uk,uk,0,1,1,2,South Asian,f,18,-3
2538622,0,1.01272066935621,.459696900006716,-1,4,4,us,sm,1,1,1,2,South Asian,f,32,0
2539646,0,-.465616837466276,.0844421317779189,0,4,5,in,in,0,1,1,1,South Asian,m,33,1
2542660,0,.0376480446723843,.848545498919002,0,4,5,us,us,1,1,1,2,South Asian,m,26,1
2543989, , , ,0,0,0,us,us,1,1,1,2,South Asian,f,46,0
2548775,.5390625,-.0089131503073866,.381430421088585,2,5,3,us,us,1,1,1,2,South Asian,f,18,-2
2552792,0,-.309921314968909,.874552699423513,0,3,3,ca,ca,0,1,1,3,South Asian,f,43,0
2553441, , , ,2,3,3,in,sm,0,1,1,2,South Asian,m,22,0
2554162,0,.0294531162109886,.418495814085679,-2,4,4,us,sm,1,1,1,.,South Asian,f,23,0
2556369,0,-.193208147802022,.788741650463062,0,3,4,us,us,1,1,1,2,South Asian,m,23,1
2556588, , , ,0,0,0,uk,de,0,1,1,.,South Asian,f,28,0
2561811,0,.73083255826678,.592940839812857,0,0,0,us,us,1,1,1,2,South Asian,f,19,0
2568920,0,.0286664252203411,.924310427812287,0,2,2,id,id,0,1,1,2,South Asian,f,24,0
2569782,0,1.20937451893076,.865316231480763,0,3,5,ph,ph,0,1,1,3,South Asian,f,18,2
2536791,0,.0225205349898286,.238497185010174,0,3,4,es,sm,0,1,1,2,White,f,43,1
2531585,0,.218818380093847,1.06760352608061,1,0,0,tr,fr,0,1,1,2,White,f,27,0
2534685,0,.262451422838262,-.400401846668124,0,4,4,us,us,1,1,1,2,White,f,65,0
2528012,0,-.0545978975148714,-.100238300063737,0,2,2,us,us,1,1,1,2,White,f,55,0
2561466,0,.387719753051469,-.19698524312133,1,0,0,us,us,1,1,1,2,White,m,31,0
2544127, , , ,0,0,0,us,sm,1,1,1,2,White,f,25,0
2548963,0,.240447546167799,.26015016522196,0,3,3,co,us,1,1,1,1,White,m,36,0
2543751,0,-.136956267214638,.382564098539127,0,1,0,us,us,1,1,1,2,White,f,53,-1
2520418,0,.192399586867567,.822668129159086,0,3,3,us,sm,1,1,1,2,White,f,27,0
2525687,0,.212379134676291,.75205275941623,1,0,0,nl,nl,0,1,1,2,White,m,23,0
2548933,0,.725570340786722,.0411357793134499,0,4,4,us,us,1,1,1,2,White,f,38,0
2523943,0,.0277246393121114,.750770153087714,0,3,3,us,us,1,1,1,2,White,f,53,0
2559406,0,-.688913706567379,-.123651441768903,0,-1,1,us,sm,1,1,1,2,White,m,27,2
2537688,0,-.011696924087104,.236524353334726,0,3,3,us,sm,1,1,1,2,White,f,38,0
2552713, , , ,0,5,5,us,us,1,1,1,2,White,f,45,0
2522177,0,.00617220125613022,.0675542555541274,0,3,3,us,us,1,1,1,2,White,m,51,0
2530282,.015625,.489236618117515,.759261138198988,0,2,3,us,us,1,1,1,2,White,f,29,1
2562239,0,.516508939229257,.0458042769615261,1,5,5,us,sm,1,1,1,2,White,m,20,0
2535867,0,.817995867831857,.132381341127427,1,1,4,us,us,1,1,1,2,White,f,45,3
2531234,0,-.5016271270524,-.0596845649947413,0,3,3,us,sm,1,1,1,2,White,f,35,0
2517764,0,1.03592381171023,1.03284006898014,3,-2,5,us,us,1,1,1,.,White,m,22,7
2518639,.0078125,.850287078086404,.711982738913226,0,0,0,us,us,1,1,1,2,White,m,21,0
2558962,0,.279308729093148,1.08098530031791,0,1,0,us,us,1,1,1,1,White,f,55,-1
2522569, , , ,0,4,4,uk,uk,0,1,1,2,White,f,44,0
2534118, , , ,0,0,1,us,us,1,1,1,.,White,m,20,1
2518157,0,.673095087555395,-.107374697598423,0,4,4,us,sm,1,1,1,2,White,f,54,0
2542227,.0234375,-.265293510955213,.261591306006914,0,4,4,us,sm,1,1,1,.,White,f,21,0
2524684,0,.48081810226072,.0738091457257294,0,5,5,us,us,1,1,1,1,White,f,18,0
2527232, , , ,0,4,4,us,us,1,1,1,1,White,m,37,0
2521064, , , ,3,-3,5,us,us,1,1,1,.,White,m,19,8
2518326,0,.876586205434332,.0662007668648618,1,-1,0,us,us,1,1,1,2,White,m,47,1
2519819, ,.48322554816829,.48322554816829,0,0,0,us,us,1,1,1,2,White,f,30,0
2531393,.0078125,-.156980438968034,.969719569837424,0,4,0,us,us,1,1,1,2,White,m,20,-4
2528104,0,.0471156464540183,-.047865941476438,0,0,0,uk,sg,0,1,1,2,White,f,31,0
2534994,0,.587246746984204,1.25482699935786,1,1,2,us,sm,1,1,1,2,White,f,38,1
2536038,0,.32292529285773,.544191835439883,0,2,2,nl,sm,0,1,1,2,White,m,30,0
2520928,0,.21628550529388,.512939317519004,0,5,5,uk,uk,0,1,1,2,White,f,48,0
2519556,0,.894516797662293,.982016824353169,3,-2,5,us,sm,1,1,1,2,White,f,18,7
2524629,0,.646544141208773,.783133560713775,0,4,5,us,sm,1,1,1,2,White,f,19,1
2525551,0,-.333205128348088,-.240047987281478,0,4,3,dk,uk,0,1,1,2,White,f,43,-1
2524655,0,.363957788184211,-.110915931648806,0,3,3,us,us,1,1,1,2,White,m,31,0
2521980,0,-.535946766415613,.700343450419364,0,0,0,us,us,1,1,1,2,White,f,47,0
2526811,0,.269383562259164,.581698469059559,2,2,4,us,us,1,1,1,2,White,m,34,2
2519107, , , ,0,3,3,us,sm,1,1,1,3,White,m,21,0
2530170, , , ,0,3,5,sa,sa,0,1,1,2,White,m,47,2
2520036,0,-.468360125790049,-.084326950771649,0,5,5,us,us,1,1,1,2,White,f,17,0
2518682,.015625,.699708227848731,.26267719277269,0,5,5,us,us,1,1,1,2,White,f,35,0
2519689,0,.667230954149233,.50264900283075,0,5,5,us,us,1,1,1,2,White,f,26,0
2522620,0,-.309315762251036,.484210692535704,1,3,4,uk,cn,0,1,1,2,White,m,26,1
2518087,0,.0876306104173024,.726098914255616,0,0,0,us,us,1,1,1,2,White,f,54,0
2518004,0,1.00347148591189,.902417722802368,2,0,4,us,sm,1,1,1,.,White,m,60,4
2517776,0,-.38273273584701,.245298084746679,1,0,0,us,sm,1,1,1,2,White,m,26,0
2518058,0,-.963463397302907,-.186954070229497,0,4,4,nz,nz,0,1,1,3,White,f,25,0
2517736,0,.349853667911163,.440921196661743,1,0,0,us,us,1,1,1,2,White,f,21,0
2517731,.015625,.387162016685545,.36942979847822,0,0,0,au,sm,0,1,1,2,White,f,25,0
2517794,0,.350319442861048,.814851684907763,2,4,5,us,us,1,1,1,2,White,m,19,1
2517856,0,.509355616097136,.37402441067193,0,4,4,uk,uk,0,1,1,.,White,f,51,0
2517905,0,.697506055747506,.984059734807067,2,2,5,us,us,1,1,1,2,White,f,33,3
2517909,0,-.106798923870149,-.257396933932863,2,-1,5,uk,sm,0,1,1,2,White,m,34,6
2518113,0,-.0154407962555093,.330128503485484,0,4,4,ca,us,1,1,1,2,White,f,38,0
2517967,.0078125,.0605987836606298,.448897462564359,1,3,5,us,sm,1,1,1,2,White,m,21,2
2518008,0,.443671839087891,.882761960876904,0,5,5,ca,ca,0,1,1,2,White,m,23,0
2518048,0,-.0106978421265612,.333858935640037,0,0,0,us,sm,1,1,1,2,White,f,22,0
2518120,0,.299601904608273,-.44342267324457,0,3,3,us,us,1,1,1,2,White,m,17,0
2518191,0,.134138416721737,.147909113413517,0,0,0,us,us,1,1,1,2,White,f,49,0
2518345,0,.351226450847496,.104834533107321,1,0,0,us,us,1,1,1,2,White,m,32,0
2518591, , , ,0,0,0,it,it,0,1,1,2,White,f,28,0
2518332,0,-.237172440355286,-.0548487799769206,0,5,5,us,sm,1,1,1,2,White,f,19,0
2518370,0,-.0996303947676009,.209980754496349,0,5,5,us,sm,1,1,1,2,White,f,23,0
2518465,0,.637741563227677,1.10927313022305,0,2,5,us,us,1,1,1,2,White,f,21,3
2518485,0,-.394200126037374,.112344491629605,0,5,5,us,sm,1,1,1,2,White,m,22,0
2518502,0,1.02288284640937,.763191245822171,3,1,5,us,us,1,1,1,2,White,m,21,4
2518590, , , ,1,1,1,de,sm,0,1,1,2,White,f,64,0
2518652, , , ,0,3,3,uk,hk,0,1,1,2,White,m,45,0
2518655,0,.200291349026748,.881799259899524,0,0,0,us,sm,1,1,1,1,White,f,28,0
2518665,0,.424475151650003,1.02727332708882,0,0,0,us,us,1,1,1,2,White,f,44,0
2518686,0,.412773654455756,.952412320296591,0,0,0,us,sm,1,1,1,1,White,f,21,0
2518791,0,.137691117349647,.458993259743337,0,1,0,de,de,0,1,1,2,White,f,44,-1
2518761,.046875,.777007291149586,.383832101331385,0,0,5,dk,dk,0,1,1,2,White,f,15,5
2518769,0,-.170275931375609,.314574295587789,0,4,4,pl,se,0,1,1,2,White,f,34,0
2518803,0,.771625403584248,.964954959319011,-3,1,5,us,us,1,1,1,2,White,f,21,4
2518891,0,.460471264141411,.916079738813966,0,3,4,uk,uk,0,1,1,2,White,f,51,1
2518912,0,-.154221085452406,.547405710388812,0,4,4,us,sm,1,1,1,2,White,m,30,0
2518966, , , ,3,-4,4,us,us,1,1,1,.,White,m,19,8
2518983,0,.528617794234103,.986298724324564,0,5,5,us,us,1,1,1,2,White,f,27,0
2519057,0,-.371671835752059,.650173957332606,0,3,3,us,us,1,1,1,2,White,f,55,0
2519063,0,.104290881705075,-.978343061909509,0,0,0,se,se,0,1,1,2,White,f,45,0
2522754,0,.437003223986857,.51624898125454,0,1,0,de,us,1,1,1,2,White,f,26,-1
2519185,0,-.373931882227289,.269820461878151,0,5,5,za,us,1,1,1,2,White,f,30,0
2524221,0,.178585912599677,-.143626517869839,-1,2,0,us,sm,1,1,1,2,White,m,81,-2
2519230,0,.404633790469665,1.27666400940974,1,2,3,us,sm,1,1,1,2,White,f,50,1
2519265,0,-.0122872071601006,.061284436033763,0,5,5,us,sm,1,1,1,2,White,f,21,0
2519317,0,-.212413196659975,-.0706721101132101,0,1,4,us,sm,1,1,1,2,White,f,21,3
2519360,.265625,.653653374807372,.0923856392855532,0,0,0,us,sm,1,1,1,2,White,f,21,0
2519353, , , ,3,-3,4,ar,ar,0,1,1,2,White,f,38,7
2519389, ,-.12177518000579,-.12177518000579,1,0,3,us,us,1,1,1,3,White,m,18,3
2519414,0,.65813275217012,.205987573924483,2,2,3,us,us,1,1,1,2,White,m,25,1
2519436, , , ,0,0,0,uk,uk,0,1,1,2,White,f,54,0
2519476,0,.225746331098626,.331236234825027,0,4,4,us,sm,1,1,1,2,White,f,18,0
2519966,.0078125,.845672344917303,.578018424683512,3,-2,4,us,us,1,1,1,2,White,f,18,6
2519509,0,-.305367981122641,-.342150058827202,0,4,4,uk,uk,0,1,1,2,White,m,62,0
2520205,.6953125,.890181044501044,.890181044501044,0,2,3,us,us,1,1,1,2,White,m,27,1
2519597,0,.925238139047383,.925238139047383,0,4,4,us,us,1,1,1,2,White,f,45,0
2519629,0,.126871068611828,-.0081631230687004,1,-1,3,de,de,0,1,1,3,White,f,48,4
2519864,0,.92190166373496,-.0982218864160731,0,3,4,us,us,1,1,1,2,White,m,24,1
2519884,0,-.938301757562367,1.04096391819505,0,4,4,br,br,0,1,1,1,White,f,34,0
2521818,0,-.352166164151792,-.557917239083249,0,0,0,us,sm,1,1,1,2,White,m,45,0
2519992,0,-.173856005683453,-.264379306649938,0,5,5,us,sm,1,1,1,2,White,f,74,0
2520134,0,-.303818458990267,1.10860953587666,0,0,0,us,sm,1,1,1,2,White,f,20,0
2520191,0,.157771872208551,-.0606332775060949,0,3,3,us,sm,1,1,1,2,White,f,28,0
2520212,0,.560092620568831,.0665146506856218,-3,2,4,de,de,0,1,1,2,White,m,42,2
2520217, , , ,0,0,0,us,us,1,1,1,3,White,f,43,0
2520253,0,-.30924104691749,.51705775136538,1,4,3,us,us,1,1,1,2,White,f,24,-1
2520257,.4921875,.0777354528859592, ,0,0,0,uk,uk,0,1,1,2,White,m,31,0
2520299, , , ,0,4,4,us,sm,1,1,1,1,White,f,18,0
2520323,.0078125,-.0186462521258317,.68817617110503,0,2,3,uk,sm,0,1,1,2,White,f,18,1
2520356, , , ,0,4,4,us,us,1,1,1,2,White,f,30,0
2520447,0,-.0375287574468916,.991182592566799,1,4,4,us,us,1,1,1,2,White,m,23,0
2523249,.00833333333333333,.221217020012797,-.166979145501906,0,1,4,us,sm,1,1,1,2,White,m,55,3
2520476,0,.406285377821623,-.158677121585621,0,3,4,us,us,1,1,1,2,White,f,20,1
2520484,0,.54646066646811,.780980763205183,2,5,5,ca,ca,0,1,1,2,White,f,21,0
2520534,0,1.13368801061501,1.05612054611731,1,-2,5,us,sm,1,1,1,2,White,f,20,7
2520572,0,.688923441075276,.740136582928518,0,1,1,ca,ca,0,1,1,.,White,f,25,0
2524709,0,.918550862107148,1.02599946574822,3,-5,5,us,us,1,1,1,2,White,f,52,10
2522393,0,.132878104595734,.76246397175552,1,-1,0,us,us,1,1,1,2,White,f,26,1
2520621,0,.157878863950671,.179707129311612,0,0,0,.,., ,1,1,.,White,f,16,0
2520684,0,.449262866371297,.723564998295143,0,0,0,us,us,1,1,1,2,White,m,25,0
2520686,0,.682398855487947,1.19186441652512,2,-3,4,us,us,1,1,1,2,White,m,35,7
2520722,0,.432885973367393,-.343477981150446,0,4,3,us,us,1,1,1,2,White,f,26,-1
2520783,0,.558950492173028,.202072304471626,0,3,3,il,sm,0,1,1,2,White,f,34,0
2520795, , , ,0,0,0,au,au,0,1,1,.,White,m,62,0
2520805,0,.35941924432258,-.335078047825766,0,4,4,us,us,1,1,1,2,White,m,18,0
2520823,0,.0616303768521023,.538945026030639,0,0,0,au,au,0,1,1,2,White,f,39,0
2520921, , , ,0,0,0,br,sm,0,1,1,1,White,m,56,0
2520923,0,.229252548165667,1.17063992950923,1,0,2,at,at,0,1,1,2,White,m,49,2
2520963,0,-.198739987104315,-.210822973247408,0,0,0,us,us,1,1,1,2,White,f,49,0
2520983,0,-.0790673376294151,.754406260277414,0,1,0,il,il,0,1,1,2,White,f,23,-1
2520987,.8515625,-.33425703623662,.22682999466605,0,0,0,ie,sm,0,1,1,2,White,f,33,0
2521011,.3984375,.240519602118495,.236232702538733,0,3,5,us,sm,1,1,1,3,White,f,41,2
2521039,0,-.200859668850042,-.268188245300921,0,5,5,us,sm,1,1,1,2,White,f,31,0
2521025, , , ,1,-1,0,nz,sm,0,1,1,2,White,f,49,1
2521002,0,-.39158061740581,.408098680874652,0,3,3,nl,sm,0,1,1,2,White,f,18,0
2521044,0,.10086842795173,.422147590376762,0,2,2,at,ch,0,1,1,2,White,m,38,0
2521079,0,-.166791629506103,-.571592903672345,0,2,2,fr,fr,0,1,1,2,White,f,24,0
2521111,0,.450000390563338,.859460924675207,0,3,3,uk,uk,0,1,1,2,White,f,55,0
2521104,0,-.034495760661993,-.224850873382199,0,4,4,ie,ie,0,1,1,2,White,f,48,0
2521182,0,.101826748429019,.41167962488203,0,0,0,uk,uk,0,1,1,2,White,f,37,0
2521235,0,.585854709081425,.889225038546552,3,-5,5,us,sm,1,1,1,2,White,m,19,10
2521143,0,.0691211461894069,.37619650527244,0,3,3,uk,uk,0,1,1,2,White,f,20,0
2521211,0,.206695229420797,-.196788534481601,0,0,0,us,us,1,1,1,2,White,f,44,0
2521407,0,.517939379198156,.484509661133692,1,3,3,us,us,1,1,1,2,White,f,48,0
2521275,.015625,.255662815916665,.512215398821589,2,3,3,ca,ca,0,1,1,2,White,f,43,0
2521321, , , ,0,4,4,us,us,1,1,1,2,White,f,20,0
2521473,0,-.291721765991746,.682363169034402,0,3,3,fr,ch,0,1,1,2,White,m,33,0
2521334,.0078125,.00767162318379265,.346030606917115,0,3,5,uk,uk,0,1,1,2,White,m,42,2
2521350,0,.100554365819595,.424092487390574,0,3,2,pl,at,0,1,1,2,White,f,23,-1
2521486,0,-.677795295651539,-.732837683540858,0,4,4,us,us,1,1,1,2,White,f,43,0
2521467,0,.772547867673693,.48882310992059,0,4,4,us,sm,1,1,1,2,White,f,33,0
2521523,0,.159067459162768,1.11143820650628,3,-2,5,hu,dk,0,1,1,2,White,f,20,7
2521541,0,.115108705879071,-.19725657012456,0,4,4,us,sm,1,1,1,2,White,f,37,0
2521801,0,.566975713502476,.229540798835313,0,0,0,us,sm,1,1,1,2,White,f,65,0
2521981,0,.041835529642872,1.08025272253359,0,4,4,us,sm,1,1,1,2,White,m,73,0
2521664,0,.56651392216906,.384072682176906,0,3,4,uk,uk,0,1,1,2,White,m,20,1
2521772,0,.559560443940249,.764044398205003,0,3,3,us,sm,1,1,1,2,White,m,38,0
2521810,0,.305246576415359,.733250554921856,3,3,4,us,us,1,1,1,2,White,m,73,1
2521760,0,.0542829287704343,-.00302428329103333,0,0,0,de,de,0,1,1,2,White,m,45,0
2522801,0,-.120619224366578,.315894297180563,-1,1,-1,us,sm,1,1,1,2,White,f,28,-2
2521799,0,.221690383912328,-.280273154217827,0,4,4,us,us,1,1,1,2,White,f,46,0
2521879,0,-.257483674883067,-.425595055543315,0,3,5,us,us,1,1,1,2,White,m,75,2
2521927, , , ,0,4,4,de,de,0,1,1,.,White,f,58,0
2521968, , , ,-1,2,0,fi,fi,0,1,1,2,White,m,39,-2
2521973, , , ,1,1,1,ar,ar,0,1,1,2,White,m,50,0
2522012,0,.588809606496517,-.139185723310471,0,3,2,us,us,1,1,1,2,White,m,39,-1
2522093,0,-.36821095868567,-.188685468680557,0,4,4,us,us,1,1,1,2,White,f,66,0
2525473,.7109375,.738550900100041,.738550900100041,3,2,5,us,us,1,1,1,1,White,m,19,3
2522248,0,-.041860537251014,.508460440086466,1,1,1,ca,ca,0,1,1,2,White,m,42,0
2522250,0,-.0874637096106571,.264843182621603,0,0,0,us,sm,1,1,1,2,White,m,20,0
2522273,0,-.0134992003195627,.449322308823737,-1,2,0,us,us,1,1,1,2,White,f,26,-2
2539281,0,-.337690227697235,.545251123198353,0,3,3,us,us,1,1,1,2,White,f,29,0
2522523,0,-.132065630774413,.0172972192378934,0,4,4,us,sm,1,1,1,2,White,f,40,0
2522558,0,.431848276950235,.972417204112105,3,-1,3,il,il,0,1,1,3,White,f,48,4
2522589,0,.900375280746336,.894428044572956,1,1,4,fi,fi,0,1,1,2,White,m,29,3
2522590,0,-1.18627090669696,-.137142339905224,0,0,0,pl,de,0,1,1,2,White,f,27,0
2522612,0,.182857183172375,.517785299910564,0,-1,0,ch,fr,0,1,1,.,White,m,38,1
2522621,.0078125,.411162955352238,-.381819454438086,0,0,0,uk,uk,0,1,1,2,White,f,18,0
2522641, , , ,-1,0,2,ch,de,0,1,1,2,White,f,35,2
2522651,0,.445171333311479,.82299168572071,0,4,4,us,sm,1,1,1,2,White,f,22,0
2522682,0,.0523653695174621,-.21177829742699,0,0,0,gr,ch,0,1,1,2,White,m,31,0
2522712,0,-.221099064557817,.970376804606013,0,3,3,uk,sm,0,1,1,2,White,f,36,0
2522717,0,-.115903607033056,.970636889453852,0,5,4,uk,sm,0,1,1,2,White,f,51,-1
2522729,.0078125,-.670956294028286,-.545391722179949,0,0,0,us,us,1,1,1,2,White,f,23,0
2522772, , , ,1,0,0,uk,sm,0,1,1,2,White,f,53,0
2532679,0,.697644706444232,-.380676642700503,1,3,5,us,sm,1,1,1,.,White,m,17,2
2522858,0,-.135830749920811,1.21293441398552,0,0,1,no,no,0,1,1,3,White,f,26,1
2522869,0,.19938872652909,-.0958742250229652,0,4,4,us,us,1,1,1,2,White,f,28,0
2522903, , , ,0,-3,-2,us,sm,1,1,1,.,White,f,19,1
2522958, , , ,0,0,0,us,sm,1,1,1,2,White,m,67,0
2522935,0,.773510204819597,.912700394928989,3,1,5,us,us,1,1,1,.,White,f,18,4
2522949,0,.45863641659638,1.19489273409353,0,5,5,us,us,1,1,1,2,White,f,20,0
2527813,.015625,.618051048465568,1.02663351039654,3,-2,5,us,us,1,1,1,2,White,m,18,7
2523167,0,.0105256274167971,.639303960848893,0,2,2,us,sm,1,1,1,2,White,f,22,0
2523164,.1328125,-.0140043483052206,.950595863996785,0,4,4,us,sm,1,1,1,2,White,f,24,0
2523456,0,-.321194512499601,.687423863921855,0,4,3,uk,uk,0,1,1,2,White,f,19,-1
2523465,0,-.366052607282651,-.64892386742724,0,4,4,ee,uk,0,1,1,2,White,f,18,0
2524198,0,-.0513638739795182,.645497843868299,0,3,4,us,sv,1,1,1,1,White,f,20,1
2529930,0,.584727374239837,.698935781549809,1,0,0,us,sm,1,1,1,2,White,f,45,0
2526923,.0078125,.948966214070819,.159248277895218,0,-1,0,us,us,1,1,1,2,White,m,19,1
2523554,0,.259099298153721,.741778766219093,2,2,4,us,sm,1,1,1,2,White,f,43,2
2523543,0,-.474116492844419,.0664571336890635,-1,1,0,de,de,0,1,1,2,White,m,19,-1
2523608,.0078125,.438913091539689,1.12593012104072,0,4,4,us,sm,1,1,1,2,White,f,38,0
2523617,0,.187111958376447,-.84536699163311,1,4,4,us,us,1,1,1,2,White,f,38,0
2523644,0,-.181213147450463,.216747831445165,-2,4,3,us,us,1,1,1,3,White,f,25,-1
2523666,0,.345953676610299,.84853215763063,2,0,0,au,au,0,1,1,2,White,m,69,0
2523664,.0078125,-.467705257743166,.0740556031059102,0,0,0,lt,be,0,1,1,2,White,f,27,0
2523766, , , ,3,0,0,lt,lt,0,1,1,1,White,m,28,0
2523779,0,1.06556086898978,.480081895337194,0,4,3,fr,fr,0,1,1,2,White,f,36,-1
2523819,0,.368028139140629,.427475573851888,3,-3,3,es,es,0,1,1,1,White,m,24,6
2523793, , , ,-1,4,4,us,us,1,1,1,2,White,f,57,0
2523807,0,1.10451794241829,.654994253475918,1,0,1,za,ng,0,1,1,2,White,m,46,1
2523827,0,.941192045063546,.670138214166106,0,3,4,us,us,1,1,1,.,White,f,17,1
2523835,0,-.0122647947336514,.296008036153439,1,3,4,uk,uk,0,1,1,3,White,f,18,1
2523836,0,.235103469734443,.226649587184215,1,2,3,nl,nl,0,1,1,2,White,f,43,1
2523911,0,-.0540123413042712,.934311672103943,0,4,4,ie,sm,0,1,1,2,White,f,25,0
2523917,0,.226246013789885,.391961369466529,0,0,0,lv,lv,0,1,1,2,White,f,23,0
2523938,0,.172946575331997,.236497136531496,0,5,5,uk,ch,0,1,1,2,White,f,26,0
2523948, ,-.404390315506077,-.404390315506077,0,5,5,lt,fr,0,1,1,2,White,f,28,0
2524049,0,.233147339890322,1.15282167124111,2,2,4,us,sm,1,1,1,2,White,m,61,2
2524031,0,.109040020885184,.287477737804031,0,2,2,us,sm,1,1,1,2,White,m,51,0
2524037, , , ,0,5,5,us,sm,1,1,1,2,White,f,18,0
2524056,0,.835449861824719,1.00840634013354,0,3,3,us,us,1,1,1,2,White,m,43,0
2524064,0,-.814443179081477,-.476548121694969,0,1,1,de,.,0,1,1,.,White,m,26,0
2524066,0,.370822492045998,.955579738198434,0,4,4,uk,uk,0,1,1,2,White,f,20,0
2524649,0,.0822991570063351,.632239482422287,0,1,0,us,sm,1,1,1,2,White,f,36,-1
2524989,0,.106899249851484,.379791721071672,0,4,4,us,us,1,1,1,2,White,f,19,0
2524149, , , ,0,0,0,de,fr,0,1,1,2,White,f,45,0
2524310,0,.520307015407109,.692139576498015,0,4,5,us,sm,1,1,1,2,White,f,27,1
2524237, , , ,0,3,5,it,it,0,1,1,1,White,f,20,2
2524339,0,-.0054015414168799,.201593194818006,0,4,4,us,sm,1,1,1,2,White,m,20,0
2524404, , , ,0,3,4,ca,sm,0,1,1,.,White,f,20,1
2524513,0,-.354145349013473,.0141455741684061,0,3,3,uk,sm,0,1,1,.,White,m,24,0
2524567,0,.11472806989127,1.19974194050506,0,2,2,us,us,1,1,1,2,White,f,22,0
2524570,0,.938731856664271,1.09818328740649,3,-2,5,us,sm,1,1,1,2,White,f,18,7
2524675,0,-.556332362143369,.960401308674355,0,0,0,us,us,1,1,1,2,White,m,21,0
2524604,0,-.900419389135213,.363694640725597,0,0,0,us,sm,1,1,1,2,White,m,34,0
2524689,0,-1.00592773282251,.275680041331758,0,0,0,us,us,1,1,1,2,White,f,17,0
2524683,0,.0871973572404179,.662742814800487,0,5,5,br,br,0,1,1,1,White,f,19,0
2524714,0,.204433831959578,.990919687370058,-1,2,0,us,sm,1,1,1,2,White,m,28,-2
2524727,0,.804750544114022,.223597507188383,2,3,5,us,sm,1,1,1,1,White,m,20,2
2524791,0,.0551292528589687,-.0045139464812934,1,0,0,us,sm,1,1,1,.,White,f,26,0
2524897,0,.160577717573013,.641422058550458,1,2,4,us,us,1,1,1,2,White,f,46,2
2525006,0,-.126846400147226,.739564602051925,0,3,3,us,sm,1,1,1,2,White,f,20,0
2524855,0,.718007898516815,.439080167556175,1,2,5,us,us,1,1,1,2,White,f,20,3
2524864,.0078125,.706571662845021,.640485587742999,1,3,4,us,us,1,1,1,2,White,f,24,1
2524896,0,.731140596756296,.470040373651561,2,0,5,us,us,1,1,1,3,White,m,22,5
2524884,.0078125,.550187401051528,.440291304446272,0,3,3,us,us,1,1,1,2,White,f,28,0
2524923,.125,.278048333534536,1.16727461980443,1,-1,5,us,us,1,1,1,2,White,m,18,6
2524973,0,-.179682725744697,.256015525502778,0,0,0,au,au,0,1,1,2,White,f,49,0
2524953,0,.917807195157986,.645069601090998,2,-1,3,au,au,0,1,1,2,White,m,53,4
2525016,0,-.39099512447029,-.345556918904039,0,5,5,us,us,1,1,1,2,White,f,20,0
2525110,.0078125,.615401629012793,.404688977674541,0,3,5,us,sm,1,1,1,.,White,f,19,2
2525191,0,1.19470824000654,.45840786987143,3,0,0,us,us,1,1,1,2,White,f,19,0
2525204,0,-.174825468793153,.243463921854518,0,0,0,se,hk,0,1,1,2,White,f,22,0
2525356,0,.192156085812217,.421573464710953,0,5,5,br,us,1,1,1,1,White,m,18,0
2525398,0,.426810869598727,.138704177627831,3,0,0,us,sm,1,1,1,.,White,m,23,0
2525503,0,-.0123171915139092,.952850176126695,2,-1,0,us,us,1,1,1,2,White,m,19,1
2525560,0,-.0399013367697544,.685024743126235,0,3,4,uk,sm,0,1,1,3,White,m,26,1
2525592,0,.959103336915161,1.13112128323934,0,0,0,fr,fr,0,1,1,2,White,f,40,0
2525623, , , ,0,3,3,nl,nl,0,1,1,.,White,f,35,0
2525625,0,.373938208426709,-.0750060607107725,0,0,0,fr,fr,0,1,1,.,White,f,41,0
2525627,.0390625,.426590500407523, ,0,0,0,uk,uk,0,1,1,.,White,m,53,0
2526013,0,-.138900643119859,.10253216505949,0,4,4,za,sm,0,1,1,2,White,m,66,0
2525646, ,.536197804794583, ,0,0,0,uk,sm,0,1,1,2,White,m,29,0
2525742, , , ,0,0,0,uk,uk,0,1,1,2,White,m,46,0
2525756, , , ,0,4,4,uk,uk,0,1,1,3,White,f,50,0
2525776,0,.146015972375639,.333165170992752,-1,4,4,us,sm,1,1,1,2,White,f,18,0
2525816,0,1.09508109330166,.786146676556798,1,3,5,us,us,1,1,1,2,White,m,57,2
2525829,0,.198441075184624,.146648839668247,0,2,2,nl,nl,0,1,1,2,White,f,21,0
2525830,.953125,0,.151766108791541,0,3,3,uk,sm,0,1,1,3,White,f,28,0
2525844,0,.186430759332014,.423813220519492,0,1,1,fr,fr,0,1,1,2,White,f,20,0
2525907,.7421875,2.77555756156289E-17,2.77555756156289E-17,2,0,0,uk,sm,0,1,1,3,White,f,19,0
2526103,0,.857739939891775,.777466728545787,2,0,5,us,us,1,1,1,2,White,f,39,5
2529500,0,.29746071816645,.641011040160195,0,2,3,us,sm,1,1,1,.,White,f,20,1
2526037, , , ,0,4,4,it,it,0,1,1,3,White,f,50,0
2527175, , , ,0,0,0,no,no,0,1,1,2,White,m,24,0
2526163,0,.248661458782074,.485684887825141,0,3,4,us,us,1,1,1,2,White,f,22,1
2531030,0,-1.15821671191699,-.00589022949662787,0,5,4,us,us,1,1,1,2,White,f,47,-1
2526138,0,.277014249857749,1.02743242551551,0,2,2,mx,us,1,1,1,1,White,f,22,0
2526155,0,.123650631446942,1.31585167112481,2,1,4,uk,uk,0,1,1,2,White,m,57,3
2526173,0,-.322701375685368,.608246284750945,0,3,3,us,us,1,1,1,2,White,m,59,0
2526306, , , ,1,3,3,us,sm,1,1,1,2,White,f,16,0
2526307,0,.491035926483185,-.906899564232666,2,-1,3,us,us,1,1,1,2,White,m,23,4
2526330,0,-.123556383865033,.47640370948263,0,0,0,us,sm,1,1,1,2,White,f,36,0
2526412,0,.147801086670255,.099215137048594,0,4,5,us,sm,1,1,1,2,White,m,82,1
2526666,0,-.426869385954859,.580731450966954,0,0,0,us,sm,1,1,1,2,White,f,37,0
2526544, , , ,1,5,5,us,us,1,1,1,2,White,f,17,0
2526473,0,.0363671003457193,1.3008303451383,2,3,5,us,us,1,1,1,2,White,f,21,2
2526502,0,.677931529435288,.336733340314549,0,3,5,us,sm,1,1,1,2,White,f,19,2
2526582,.0625,-.173131263582947,.210840494077689,0,4,5,us,sm,1,1,1,2,White,f,18,1
2526482,0,-.250414512971585,.523141181890648,0,4,5,us,sm,1,1,1,2,White,m,18,1
2526719,0,-.197221110711784,-.170451931836985,0,1,0,us,sm,1,1,1,2,White,m,30,-1
2526643,0,-.0239633145741991,.351648788644571,2,2,4,us,sm,1,1,1,2,White,m,40,2
2526698,0,.629549438288408,.307512709879543,1,3,5,us,us,1,1,1,2,White,f,29,2
2526671,0,.702181313571984,1.29919961468215,2,-2,3,us,sm,1,1,1,.,White,f, ,5
2526716,.00806451612903226,-.187512687009427,.139416869781363,0,5,5,us,us,1,1,1,2,White,f,38,0
2526721,0,1.33055366155253,.773771492732114,3,-1,5,ca,ca,0,1,1,2,White,f,26,6
2526741,0,.360670343104211,.600765937920552,-1,4,4,us,us,1,1,1,2,White,m,48,0
2526789,0,.79695321833434,1.25506516825966,3,-3,-3,us,us,1,1,1,.,White,m,41,0
2526875,0,.609602560478098,1.04879040761456,3,-1,4,us,us,1,1,1,2,White,f,57,5
2526910,0,.451316261397856,.777740182572894,1,0,3,us,sm,1,1,1,2,White,m,22,3
2526911,0,.739079183976589,.0642349434142812,1,0,0,us,sm,1,1,1,2,White,m,18,0
2531794,0,.829083455257544,1.38677124731429,1,4,4,us,us,1,1,1,2,White,f,51,0
2526978,0,-.860129855776971,-.692368525096902,0,3,0,us,sm,1,1,1,2,White,f,57,-3
2527013,.0078125,.451079715197915,.356125687037902,0,4,4,uk,uk,0,1,1,2,White,f,20,0
2527041,0,.196073268708958,.741902696458894,1,2,4,us,sm,1,1,1,.,White,m,28,2
2527135,0,.403269618766119,.69970573393238,0,4,4,uk,uk,0,1,1,.,White,f,19,0
2527155, , , ,0,4,4,us,us,1,1,1,2,White,m,32,0
2527240, , , ,0,0,0,us,sm,1,1,1,2,White,f,18,0
2527355, , , ,3,0,5,us,us,1,1,1,3,White,f,40,5
2527330, , , ,0,0,0,de,us,1,1,1,2,White,f,45,0
2527514,0,.654992785515461,.653398310122505,1,3,5,us,sm,1,1,1,2,White,f,18,2
2527479,0,.611289038676487,.704357778377497,2,0,4,ar,.,0,1,1,1,White,m,34,4
2527522,0,-.152111966801865,.11827179196335,0,0,0,us,us,1,1,1,2,White,f,17,0
2527716,0,.55143973911697,1.32609793835803,2,-1,3,us,us,1,1,1,2,White,f,24,4
2527674,0,1.13536806905048,.592705245794669,2,0,3,ca,sm,0,1,1,2,White,m,34,3
2527951,0,.0175230792294556,.149624270120504,0,4,4,ca,sm,0,1,1,.,White,m,19,0
2527723,0,.100338808152555,.408553050781552,0,5,5,ca,ca,0,1,1,2,White,f,19,0
2527833,0,.778431116875143,.523198219466653,1,0,0,us,us,1,1,1,2,White,f,58,0
2527865,0,.469483886171323,.108426281576967,2,3,4,.,., ,1,1,.,White,m,24,1
2528110,0,-.122415261146484,.668554670505971,0,4,4,uk,uk,0,1,1,2,White,f,52,0
2529350,0,.311555233078447,1.09662259041144,0,3,5,us,us,1,1,1,2,White,f,33,2
2528288,0,-.224323436165357,.672811769091555,1,3,3,uk,uk,0,1,1,2,White,m,46,0
2529150,0,-.268801516720634,-.129142117317517,0,4,4,ca,sm,0,1,1,2,White,f,21,0
2528358, , , ,0,0,0,at,at,0,1,1,.,White,f,37,0
2528455,.0078125,.583741194705096,-.15636381399553,1,3,4,us,sm,1,1,1,2,White,m,67,1
2528533,0,-.700156417784684,-.388583524831347,0,4,3,us,sm,1,1,1,2,White,f,22,-1
2528549, , , ,0,5,5,us,us,1,1,1,1,White,f,23,0
2528554,0,.0677271208468795,.376900788884385,0,2,2,uk,sm,0,1,1,2,White,f,62,0
2528654,.0078125,.381999260539827,.129997395839802,0,2,2,us,sm,1,1,1,2,White,f,25,0
2528661,0,.0422081791184225,.162285024306395,0,4,4,us,sm,1,1,1,2,White,f,22,0
2528738,0,-.464241561322195,.880017820058096,0,4,4,fr,fr,0,1,1,2,White,m,33,0
2528719,0,-.281399197728563,-.00964066698148622,0,4,4,us,sm,1,1,1,2,White,f,21,0
2528772, , , ,0,0,0,uk,sm,0,1,1,2,White,m,43,0
2532455,0,.864104658060823,.623530847826138,1,0,0,us,us,1,1,1,2,White,f,50,0
2528813,0,.35587786386487,.385363613498791,0,3,1,us,us,1,1,1,2,White,m,26,-2
2532721,0,.867568507894612,.444033606037598,2,0,4,us,sm,1,1,1,2,White,f,65,4
2528873,.015625,.134644342131078,.776032254382062,0,5,5,us,sm,1,1,1,2,White,f,21,0
2528941,.5859375,.00723824326495029,.00723824326495029,3,-3,5,us,us,1,1,1,3,White,m,21,8
2529079,0,-.0852823472308989,.599853239668557,0,4,4,us,sm,1,1,1,2,White,f,18,0
2529114, , , ,0,0,0,fr,fr,0,1,1,3,White,m,48,0
2529110,0,.95926235062358,1.14916185263966,3,1,5,us,us,1,1,1,2,White,f,49,4
2529236,0,.859767784545447,.830778212499952,3,-3,5,us,us,1,1,1,2,White,m,19,8
2529253,0,.292048284795117,.916428772625317,0,5,5,us,us,1,1,1,2,White,f,17,0
2529303,0,.354213729419119,.118962391500299,0,3,3,us,us,1,1,1,2,White,f,34,0
2529319,0,.425026976805042,.180685168334228,0,1,0,ca,uk,0,1,1,3,White,f,27,-1
2531037,0,.690780695514513,.792256964770012,0,4,4,us,sm,1,1,1,.,White,f,18,0
2529397,0,1.1507445025746,.837747795358171,0,3,3,ca,ca,0,1,1,2,White,f,40,0
2529696,0,.496619980708823,.285711666391036,2,3,5,uk,uk,0,1,1,2,White,f,18,2
2529682, , , ,0,0,0,uk,sm,0,1,1,2,White,f,21,0
2529797,0,-.859101741693312,.236345515559637,0,0,0,.,., ,1,1,2,White,f,41,0
2529804,0,.562865093638094,.201086371709041,0,4,4,us,us,1,1,1,2,White,f,65,0
2529885,0,-.510404656903406,.422867251633979,0,4,4,au,au,0,1,1,2,White,f,36,0
2529955,0,.566071702412215,1.20050251541339,2,0,0,us,us,1,1,1,2,White,m,28,0
2529967,0,.519248397040355,.661581603037884,0,3,3,us,sm,1,1,1,2,White,m,24,0
2530016,0,.896286002936015,.997562837408488,2,1,4,us,sm,1,1,1,2,White,m,25,3
2530218,0,-.128300582114387,.334056973987069,1,2,2,ca,ca,0,1,1,2,White,f,19,0
2530417,0,.378428563342941,.75890184195792,0,3,3,us,sm,1,1,1,2,White,m,16,0
2530387,0,.400509473704897,.264487408788084,0,4,4,us,sm,1,1,1,2,White,f,20,0
2530494,0,.365092605102203,.586129300737993,1,1,3,ec,us,1,1,1,1,White,f,35,2
2530339, , , ,0,0,0,nz,nz,0,1,1,2,White,f,35,0
2530397,0,.89517583166406,1.03620280606692,1,3,5,ca,ca,0,1,1,2,White,f,25,2
2530534,0,.161509469423535,.144811192908191,0,0,0,us,us,1,1,1,2,White,f,27,0
2530473,0,.091478324357584,.45356701575071,2,3,5,us,sm,1,1,1,1,White,f,20,2
2530676,0,.0645783057789648,-.249348825406519,0,2,2,us,sm,1,1,1,2,White,f,18,0
2530841,0,.444811373301118,.491687407571938,1,4,5,uk,uk,0,1,1,2,White,f,19,1
2538027,0,.165148289060146,.219267772687645,0,0,0,de,de,0,1,1,2,White,f,23,0
2530905,.0078125,.50073051284341,.30209378343602,0,3,3,uk,uk,0,1,1,2,White,f,19,0
2530944, , , ,0,0,0,uk,uk,0,1,1,3,White,f,36,0
2531282, , , ,0,3,5,ie,ie,0,1,1,2,White,f,53,2
2531598,0,-.0819283155757216,.845824885956872,3,-4,5,us,us,1,1,1,3,White,f,19,9
2531436,0,.311446035076852,1.05670621863738,0,0,0,ca,ca,0,1,1,2,White,f,30,0
2531406,0,-.173878950602949,.282665658343679,0,0,0,nl,nl,0,1,1,2,White,f,33,0
2531431, , , ,0,1,1,ca,ca,0,1,1,2,White,.,47,0
2545885,0,-.354037124402693,.442983203612181,0,0,0,us,sm,1,1,1,2,White,f,22,0
2531652,.9921875, , ,2,-5,5,us,sm,1,1,1,2,White,m,19,10
2531719,0,.508349682921582,1.20494578821876,3,0,0,us,us,1,1,1,2,White,f,54,0
2531737,0,1.17556390285638,.357917984086246,2,-1,3,nl,nl,0,1,1,2,White,f,20,4
2531912,0,.142337118125735,.292363517702406,0,5,5,uk,uk,0,1,1,2,White,f,19,0
2531989,0,.35646607979355,.762182337794963,0,5,5,us,us,1,1,1,2,White,f,20,0
2532003,0,.975721426089724,.270203038587826,2,3,5,us,sm,1,1,1,2,White,m,19,2
2532123,0,.406406660435966,.521323791574062,1,2,3,us,sm,1,1,1,2,White,f,53,1
2532146, , , ,2,0,4,us,us,1,1,1,2,White,m,20,4
2536442,0,-.311054114578872,.0200864952076439,0,5,5,us,sm,1,1,1,3,White,f,18,0
2537441,0,1.41220363791061,1.11751076557745,2,0,4,us,us,1,1,1,.,White,f,40,4
2532314,0,.600195785840418,.840124422365725,0,5,5,ec,us,1,1,1,1,White,f,21,0
2532340,0,.177941992747732,.303212592117067,1,0,0,us,sm,1,1,1,2,White,f,29,0
2532375,0,.439714495628965,.593597110697579,1,2,2,au,au,0,1,1,2,White,f,56,0
2532359, ,.0942459037720733,.0942459037720733,0,4,4,us,us,1,1,1,2,White,m,54,0
2532540,.0234375,.209941690508315,.0926153305125484,0,5,5,us,sm,1,1,1,2,White,f,17,0
2532692,0,.65970287162478,1.3237294348791,0,4,4,us,sm,1,1,1,2,White,f,28,0
2532708,0,.514208004758258,.98023587956354,0,-1,0,us,us,1,1,1,2,White,m,19,1
2532713,0,-.588923094629016,-.120606715298112,-1,5,4,uk,ca,0,1,1,2,White,f,18,-1
2532785,0,.826704923216653,1.24419573706939,2,2,5,us,sm,1,1,1,2,White,f,26,3
2532810,0,.754072540310722,1.08976392050367,3,1,1,br,br,0,1,1,1,White,f,25,0
2532816,.0078125,-.162799021588189,.312865408013811,1,3,5,us,sm,1,1,1,2,White,f,21,2
2532911,0,.160892220801699,.709864604181413,0,4,4,us,sm,1,1,1,2,White,m,41,0
2533086,0,.948990897497001,.209666606444,0,4,4,us,sm,1,1,1,2,White,m,18,0
2533213,0,.728339413655917,.494608865001975,2,3,4,se,se,0,1,1,2,White,m,21,1
2533234,0,.0427291183837448,.544250561020732,0,3,3,nl,nl,0,1,1,2,White,m,39,0
2533270, , , ,0,0,0,uk,sm,0,1,1,2,White,f,26,0
2533295,0,-.618266055162595,.412335802446011,2,3,4,us,sm,1,1,1,2,White,m,22,1
2538394,0,.24606496270008,1.24716652129267,0,4,4,us,sm,1,1,1,2,White,f,55,0
2533415, , , ,1,-4,3,it,it,0,1,1,1,White,m,19,7
2533510,0,-.445589614557092,-.33859206529109,0,5,4,us,us,1,1,1,2,White,f,24,-1
2533508,0,.168917808241135,.235715803493909,0,3,2,us,sm,1,1,1,2,White,f,18,-1
2533640,0,-.0104235865063548,.838767610508809,0,3,3,uk,sm,0,1,1,2,White,f,18,0
2533620,0,.0386855039695347,.341659783671665,0,3,3,uk,sm,0,1,1,2,White,m,36,0
2533699,.00806451612903226,-.0196499845357633,.736580382465749,0,2,2,us,sm,1,1,1,2,White,m,60,0
2534003,0,.901227437812688,.790512375969324,2,-1,5,us,us,1,1,1,2,White,f,19,6
2533968,0,1.2170488120001,1.31827899665066,0,0,3,us,us,1,1,1,2,White,m,53,3
2534028,0,.575353788557777,1.08938058344181,0,0,0,us,us,1,1,1,2,White,f,27,0
2534091,0,-.609995045170532,-.231805687772012,0,3,3,us,sm,1,1,1,2,White,f,26,0
2534971,0,-.373451961555703,.898460170008794,1,5,5,us,sm,1,1,1,2,White,f,18,0
2534252,0,.162169555317372,.149032215776498,0,5,5,us,sm,1,1,1,2,White,m,22,0
2534433,.0078125,.459819838261385,.179881610582307,0,0,0,us,sm,1,1,1,3,White,f,24,0
2534664,0,.764250102250761,-.130313131186225,2,3,5,us,us,1,1,1,.,White,m,21,2
2534861,0,.0117924650959995,.811009415457686,1,2,3,us,sm,1,1,1,2,White,f,45,1
2534936, , , ,1,4,4,us,sm,1,1,1,2,White,f,19,0
2540214, , , ,2,0,0,us,us,1,1,1,2,White,f,21,0
2535059,0,.980909071911706,.774628017228387,0,-1,0,us,sm,1,1,1,2,White,f,20,1
2535108,.0078125,.256009521465442,.544917753467725,0,3,3,us,sm,1,1,1,2,White,m,26,0
2535243,.0390625,.641514354482209,.491209963593394,0,4,4,us,sm,1,1,1,2,White,f,21,0
2535322,0,.342980441909536,.569518126986209,0,4,5,ca,ca,0,1,1,.,White,f,18,1
2535442,.0234375,.687889191505676,.453753122078797,0,0,0,us,sm,1,1,1,1,White,m,24,0
2535469,0,.390550426633737,1.61701932335055,3,0,5,us,sm,1,1,1,3,White,f,18,5
2541792,0,-.383681247412626,.203965646188216,0,4,4,us,sm,1,1,1,2,White,f,29,0
2535606,0,.0789773165846301,.351005980849035,0,3,3,us,us,1,1,1,2,White,f,25,0
2535655,0,1.18893831763062,.530584750704001,1,3,4,us,us,1,1,1,2,White,f,49,1
2535811, , , ,0,4,0,fi,fi,0,1,1,.,White,f,41,-4
2535862,0,-.153942827160685,.115048131375045,2,0,0,cz,at,0,1,1,.,White,f,38,0
2535914,0,-.523127144028475,1.26295655315472,0,1,0,uk,sm,0,1,1,2,White,f,32,-1
2536029,0,-.523400333281355,.88392449817422,0,4,4,be,be,0,1,1,2,White,m,38,0
2536222,0,.150973563102254,.252472859210275,0,0,0,uk,uk,0,1,1,2,White,m,30,0
2535984,0,.517360464387046,.882810584691011,1,3,4,fi,fi,0,1,1,2,White,f,38,1
2536000,0,.35714814748868,.544351982521387,1,2,2,uk,uk,0,1,1,2,White,m,50,0
2536009, , , ,2,0,0,se,se,0,1,1,3,White,f,18,0
2536102, , , ,1,3,3,ca,ca,0,1,1,1,White,m,64,0
2536582,0,-.0366506382025674,.893503998037306,0,4,4,se,it,0,1,1,2,White,f,29,0
2542599,0,.154089654118979,.596185205342878,2,3,4,ca,ca,0,1,1,2,White,m,47,1
2538163,0,.244944072379307,.54956053238186,0,1,3,us,sm,1,1,1,3,White,f,66,2
2536633,0,.245046692551213,.666428234706576,1,0,0,us,us,1,1,1,2,White,f,46,0
2536689, , , ,0,3,3,us,sm,1,1,1,1,White,f,57,0
2536646,0,.00890576246791851,-.252756435160355,0,1,1,ca,sm,0,1,1,2,White,f,22,0
2536735, , , ,1,1,1,de,de,0,1,1,2,White,m,22,0
2536792,0,-.701547468915172,-.745242227465347,1,4,5,us,us,1,1,1,2,White,m,28,1
2536844,0,.32447455653659,.202018148023832,1,1,4,us,sm,1,1,1,2,White,m,51,3
2536903,0,.393582590359195,.929324732905587,3,-5,3,us,us,1,1,1,.,White,f,21,8
2539789, ,-.0426305627625404, ,0,0,0,ca,sm,0,1,1,2,White,m,29,0
2536994,0,-.052905406662324,-.183112511077375,-1,4,0,us,sm,1,1,1,2,White,f,28,-4
2537011,0,-.0616906483813154,1.06547735618102,0,4,4,us,sm,1,1,1,2,White,m,26,0
2537180,0,-.224616815401843,.629173012285375,1,-1,0,us,sm,1,1,1,2,White,m,29,1
2537073,0,.610313466106357,1.07953979063917,1,5,5,us,us,1,1,1,2,White,f,26,0
2537094,0,1.04630755261024,-.196798881366078,2,-3,5,us,sm,1,1,1,2,White,f,20,8
2541899,0,1.33079749753755,.626664588268193,3,2,5,us,us,1,1,1,.,White,m,24,3
2537245,0,.164968315462529,-.184059287259848,0,5,5,us,sm,1,1,1,2,White,f,20,0
2537265,0,-.0751238606105182,-.13285122557261,0,0,0,us,sm,1,1,1,2,White,m,28,0
2537274, , , ,3,0,0,uk,sm,0,1,1,3,White,f,65,0
2537505,0,-.266247663702097,.158313764535217,0,0,0,ca,sm,0,1,1,2,White,f,25,0
2537540,0,.585350391049303,.758331036829239,0,2,4,uk,uk,0,1,1,2,White,m,52,2
2537583,0,.233374275385878,1.23174610366899,2,3,4,us,us,1,1,1,2,White,f,32,1
2537784,0,.0892033171273775,.0769408064040271,1,5,5,us,us,1,1,1,2,White,f,21,0
2550235,0,.531864597486798,.938636749697332,2,-3,4,us,sm,1,1,1,.,White,m,21,7
2539001,0,-.475337848561153,-.145586605495583,0,3,3,se,cn,0,1,1,2,White,m,27,0
2537991,0,.442917335669981,-.387250582470596,1,0,0,us,us,1,1,1,2,White,m,39,0
2541463,0,.640479769263238,.535768777312053,2,-1,0,us,us,1,1,1,3,White,m,36,1
2538197,0,.345688241387701,1.16241604328907,2,-1,1,fr,ch,0,1,1,2,White,m,47,2
2538215,0,.326642561026437,.529804165785006,0,2,2,uk,jo,0,1,1,.,White,m,43,0
2538231,.015625,-.0871740064146663,-.499646806251147,0,5,5,us,us,1,1,1,2,White,m,18,0
2538293,0,.067561909495272,.356386746643098,1,-1,3,us,us,1,1,1,2,White,m,29,4
2538315,0,.293519538116756,-.202249294159179,2,3,3,us,sm,1,1,1,2,White,f,26,0
2538322,0,.674839762088053,.452381317458558,0,3,5,us,sm,1,1,1,2,White,m,18,2
2538363,0,.91021609277318,1.22576922740779,3,-3,5,us,sm,1,1,1,.,White,f,17,8
2538429,0,-.589141818602314,.134820119283998,0,3,2,us,us,1,1,1,2,White,f,35,-1
2538523,0,-.326943229580935,.504833461430219,0,4,4,.,us,1,1,1,1,White,f,39,0
2538651,0,.0173328546503203,.479890279937337,0,0,0,ie,sm,0,1,1,2,White,m,34,0
2538826, , , ,2,-1,0,us,us,1,1,1,2,White,f,48,1
2538948,0,.563864055116508,1.41204456888051,3,0,5,us,sm,1,1,1,2,White,f,26,5
2540064,0,-.233564695601474,.413576104078183,0,4,4,us,us,1,1,1,2,White,f,62,0
2539049,0,-.178466157586747,.188160342592068,-3,5,4,us,sm,1,1,1,2,White,f,61,-1
2539186,.015625,.188359218505277,.623562340715812,-1,5,0,us,uk,1,1,1,2,White,f,25,-5
2539217,0,.435417770210455,.397221749940128,0,3,4,no,no,0,1,1,2,White,m,24,1
2539294,0,-.0141051459604757,.180137899022185,2,2,5,es,us,1,1,1,1,White,f,50,3
2539357,0,.0751691676403135,-.520434399476929,0,0,0,uk,uk,0,1,1,2,White,f,18,0
2539377,0,-.247501275065665,.453880510474118,0,0,0,au,au,0,1,1,2,White,m,25,0
2549450,0,.0323116680866613,.338511019865733, , , ,de,sm,0,1,1,2,White,f,36, 
2539708,0,-.0173368588199452,.34345361499772,0,4,3,de,sm,0,1,1,2,White,f,20,-1
2539765,0,.150104730917557,.572171426943326,0,0,0,us,sm,1,1,1,2,White,m,28,0
2539890,.296875,.686491430189833,-.714801526444854,0,1,3,um,um,0,1,1,.,White,f,22,2
2543955,.0078125,.574127262953259,.527969870982285,0,5,5,us,us,1,1,1,1,White,f,18,0
2540434, , , ,1,-2, ,us,sm,1,1,1,2,White,m,20, 
2554348,0,-.0190339074573604,.576140495610322,0,4,4,us,us,1,1,1,2,White,f,41,0
2540341,0,.540768342178811,1.21415472970526,2,1,4,us,us,1,1,1,1,White,f,26,3
2540345,0,.0126774990627221,.318077595619534,0,0,0,us,sm,1,1,1,2,White,f,21,0
2540477,0,-.094153031991429,.017566575896217,0,4,4,us,sm,1,1,1,2,White,f,20,0
2540619,.0078125,.160375059866866,1.13481073629847,0,4,4,us,sm,1,1,1,2,White,m,23,0
2540728,.015625,.594590014166946,.79759331401327,0,5,5,us,us,1,1,1,2,White,f,19,0
2540801,0,.389290307672541,1.186302812314,0,3,3,us,uk,1,1,1,2,White,f,33,0
2555053,0,.668301500980491,-.0773984612574254,0,0,0,uk,sm,0,1,1,.,White,f,42,0
2540790,0,.313992185913079,.208400710536423,0,5,5,au,uk,0,1,1,2,White,f,38,0
2540806,0,.444511545324813,.514458135272907,0,3,4,uk,uk,0,1,1,2,White,f,46,1
2540835,0,-.0371725867648993,.299631887140556,3,0,4,lt,lt,0,1,1,2,White,m,22,4
2540855,0,.186567064895992,.432920896413114,0,2,4,nl,nl,0,1,1,3,White,f,35,2
2540912, , , ,0,5,5,au,au,0,1,1,2,White,m,58,0
2541023, ,.386563008152486,.386563008152486, ,3,4,uk,uk,0,1,1,3,White,f,31,1
2541144,0,.623448869563718,.727230839646004,0,5,5,uk,uk,0,1,1,2,White,f,52,0
2541226,0,.0695459145303034,.637892070457959,0,0,0,us,us,1,1,1,2,White,m,35,0
2541161,0,.588402284077344,.971426929148815,0,0,0,us,sm,1,1,1,.,White,m,23,0
2555492,0,.305765805404174,-.397815102323561,0,1,0,us,us,1,1,1,.,White,m,24,-1
2541310,.0234375,1.04269700078535,.086106437749351,1,1,2,us,sm,1,1,1,2,White,f,17,1
2541488,0,.202846178439729,.626647213434781,0,2,3,us,sm,1,1,1,2,White,m,35,1
2541352,0,.626935264890751,.87259848363012,0,0,0,it,uk,0,1,1,2,White,m,42,0
2541408,0,.588214579690209,.619922931203624,1,3,4,se,se,0,1,1,2,White,m,28,1
2541402,0,-.541587107681599,.160784808467306,0,4,2,us,us,1,1,1,2,White,f,31,-2
2541412, ,.299170827115136, ,0,1,0,ca,sm,0,1,1,2,White,m,26,-1
2541543,0,-.0851897088788642,.993912918973985,2,-1,5,dk,dk,0,1,1,2,White,m,24,6
2541592, , , ,0,2,2,us,us,1,1,1,2,White,f,21,0
2541678,.015625,.449110286812251,.193246867049817,3,3,5,us,us,1,1,1,2,White,f,19,2
2541924,0,.161209122707826,.62262072320261,1,3,5,us,us,1,1,1,2,White,m,28,2
2541928,0,.100329165778809,.893797876400703,3,0,5,us,sm,1,1,1,2,White,m,53,5
2541939,0,-.590280173249622,.383450483420588,0,5,5,us,sm,1,1,1,2,White,m,22,0
2541974,0,-.432491668805356,-.0276660696027948,0,5,5,ca,us,1,1,1,.,White,m,19,0
2542022,0,-.258026442203855,.240824334397203,0,3,1,au,sm,0,1,1,.,White,f,20,-2
2542091,0,.0830791970957953,-.203981469566064,0,5,5,us,us,1,1,1,2,White,m,21,0
2542341,0,.616877290982108,.948676463484217,2,0,3,us,us,1,1,1,3,White,f,19,3
2542398,.0078125,-.0284200304239436,-.433701095462219,0,3,3,ca,ca,0,1,1,2,White,f,33,0
2542409, , , ,0,5,5,au,au,0,1,1,.,White,f,44,0
2542498,0,.0163154554720697,-.371271910811553,0,4,4,au,au,0,1,1,2,White,f,48,0
2542751,0,1.05639468448714,-.119949548834954,3,-3,5,us,us,1,1,1,2,White,f,48,8
2542638,.0078125,.53227451136322,.458951238847772,3,-4,4,us,sm,1,1,1,2,White,f,18,8
2542709, , , ,0,4,4,au,sm,0,1,1,2,White,m,26,0
2542713,0,.440448608883491,.631973681347424,0,5,5,us,sm,1,1,1,2,White,f,19,0
2542755,0,1.09215991619277,.559012540796873,0,0,0,us,us,1,1,1,2,White,f,46,0
2542930,0,-.0965435699271857,.314563978515284,0,0,0,za,nl,0,1,1,2,White,f,38,0
2542879,0,.96332215165885,.415247144435496, , , ,br,br,0,1,1,1,White,m,18, 
2542905, , , ,0,0,0,ie,sm,0,1,1,2,White,f,20,0
2542958,0,.111195389888906,.859930763388519,0,0,0,ca,ca,0,1,1,2,White,m,23,0
2543172,0,-.397188044989852,.374404668135816,2,0,0,us,us,1,1,1,.,White,f,19,0
2551013,0,.341517295898642,.975563642336463,1,0,4,us,sm,1,1,1,2,White,f,20,4
2543354,0,.0986769915031208,.496401657871875,0,0,0,es,es,0,1,1,1,White,m,47,0
2544408,0,.20874166341292,.694090861791854,0,0,0,fi,ch,0,1,1,2,White,f,36,0
2543413,0,.464878316306125,.358462974171254,0,0,0,us,sm,1,1,1,2,White,f,26,0
2555099,0,.332577118464134,-.23413910056326,0,0,4,us,sm,1,1,1,2,White,m,58,4
2543633,.0390625,.08710075837291,-.444020390157313,0,0,0,ca,ca,0,1,1,2,White,m,50,0
2562237,0,-.330398444323387,-.499646547641082,-1,4,3,us,us,1,1,1,2,White,f,34,-1
2543837, , , ,3,-1,5,.,., ,1,1,.,White,m,34,6
2543673,0,-.650917038570963,-.263203080861778,0,3,3,us,sm,1,1,1,2,White,f,23,0
2543771,0,-.28348343707651,.276650670125928,1,3,3,ca,ca,0,1,1,2,White,f,44,0
2543785,.589717741935484,.0119544861133077,-.412565967496621,0,2,4,us,sm,1,1,1,3,White,f,19,2
2543828,0,.273073352358268,.915289528922064,0,5,5,us,us,1,1,1,2,White,f,24,0
2544285,0,.516761692681169,.32004747120861,0,0,0,us,sm,1,1,1,2,White,m,21,0
2543967,0,.276227339599784,1.02514142155095,1,3,4,us,sm,1,1,1,3,White,f,18,1
2544042,0,.535385920599102,.169044503011003,1,3,3,us,us,1,1,1,2,White,f,57,0
2545432, , , ,0,5,5,us,us,1,1,1,2,White,f,21,0
2544281,.15625,-.440948498572959,.60633110827083,0,1,1,us,us,1,1,1,.,White,m,19,0
2544297,0,.891805459124221,1.40179540989661,0,3,4,us,us,1,1,1,2,White,m,56,1
2544706,0,.505672526071769,-.322243400935001,0,4,4,ca,sm,0,1,1,2,White,m,23,0
2544775, , , ,0,0,0,uk,au,0,1,1,.,White,m,53,0
2544851,0,-.324332085939945,.568674304740676,2,1,4,us,sm,1,1,1,2,White,m,21,3
2545006,0,.648105326330325,.351821378568895,0,0,0,ca,ca,0,1,1,2,White,f,42,0
2544985,.015625,.484037075480054,1.07545414789825,1,0,0,ca,ca,0,1,1,2,White,f,53,0
2545156,0,.338830304895723,.844680643858744,1,0,0,uk,sm,0,1,1,2,White,m,26,0
2545212,.5390625,-1.00571685925984,.696745988974657,0,0,0,uk,at,0,1,1,2,White,m,21,0
2545238, , , ,0,3,3,au,au,0,1,1,2,White,f,27,0
2558116, , , ,1,4,4,us,us,1,1,1,2,White,m,26,0
2545402,0,-.354283584699974,-1.05410495109646,0,0,0,uk,sm,0,1,1,2,White,f,41,0
2545508,0,-.435571415392329,.173302298971952,0,5,5,us,us,1,1,1,.,White,f,20,0
2545603,0,-.373561821144483,.386326266507843,0,2,2,us,sm,1,1,1,2,White,f,56,0
2550981,0,.273718926385918,-.4883498177613,0,0,0,uk,sm,0,1,1,2,White,m,60,0
2545767,0,.320376425594154,.878659862985678,0,5,5,us,us,1,1,1,3,White,m,34,0
2555759,.0078125,.0868281654658256,.639165105475444,0,0,4,us,sm,1,1,1,2,White,f,44,4
2545826,0,-.000395777624272148,.366018675628983,1,4,5,us,us,1,1,1,2,White,f,20,1
2545894,0,.128085373833504,.398773999511051,0,0,0,uk,uk,0,1,1,2,White,f,47,0
2545984,0,.118227962023189,.596051329141523,0,3,3,uk,uk,0,1,1,2,White,f,59,0
2546076,0,.327432120627522,1.17841892446711,1,3,3,ie,ie,0,1,1,2,White,m,30,0
2548041,0,.790488735094425,.743082486039136,2,1,5,uk,sm,0,1,1,2,White,f,20,4
2546199,0,.219640224799849,.96103747533996,0,0,0,ca,.,0,1,1,2,White,f,53,0
2546207,0,.0549141766776849,.700465528390765,1,3,3,us,us,1,1,1,2,White,m,46,0
2546677,0,.607800637655859,.838389617778764,0,3,5,us,us,1,1,1,2,White,f,31,2
2546428,0,.94301501782568,.963971133830546,3,-3,4,us,us,1,1,1,.,White,m,18,7
2551375,0,-.228379050776051,.627608933168302,0,3,5,us,sm,1,1,1,2,White,f,52,2
2546875,0,-.315286360534723,.875853817526368,0,4,4,us,us,1,1,1,2,White,f,21,0
2547207,.0078125,-.292237539952875,.398098385892927,0,5,4,hk,hk,0,1,1,1,White,f,15,-1
2547183,0,.0326898335630743,.480322877121255,0,4, ,ca,ca,0,1,1,2,White,f,25, 
2547191,0,.662532478122121,.80892987798038,0,5,5,us,sm,1,1,1,2,White,f,42,0
2547250,.0078125,-.343183275698023,-.51600120114534,0,0,0,us,us,1,1,1,2,White,f,32,0
2547243,0,-.160452668533605,.629113467435883,0,5,5,us,us,1,1,1,2,White,m,35,0
2547409,0,.663980590315491,1.04743601143927,3,-3,5,us,sm,1,1,1,2,White,m,18,8
2552097,0,.687212310553987,.0529706952846834,3,0,4,us,us,1,1,1,1,White,f,43,4
2550104, , , ,0,5,5,us,us,1,1,1,2,White,f,45,0
2547808, , , ,0,4,4,au,sm,0,1,1,2,White,f,66,0
2547634,0,-.230394077853777,1.10986973992646,0,0,0,au,au,0,1,1,3,White,f,26,0
2547832,0,.324962911523915,.802269066837257,0,0,0,us,us,1,1,1,2,White,f,38,0
2547857,0,-.112403089234575,.212320251113828,-1,4,4,us,sm,1,1,1,2,White,f,22,0
2548155, , , ,1,-1,3,bg,bg,0,1,1,2,White,f,50,4
2547998,.3671875,.624803981808725, ,-2,5,-3,de,de,0,1,1,2,White,m,28,-8
2548027,0,-.0501262352493624,.637686276030825,0,4,4,us,sm,1,1,1,2,White,m,51,0
2548043,0,-.186219018387284,.413782558541268,0,0,0,uk,sm,0,1,1,2,White,f,18,0
2548108,0,-.1057941483506,.824090164250368,0,5,5,uk,sm,0,1,1,2,White,m,27,0
2548226,0,.0536754158847858,.207423814233587,0,0,0,us,sm,1,1,1,2,White,f,24,0
2548231, , , ,0,4,4,us,us,1,1,1,2,White,f,29,0
2548485,0,.846231391787084,.97679284166897,1,-1,1,us,sm,1,1,1,2,White,f,22,2
2548515,0,.539734991003831,.283650424192334,0,5,5,uk,uk,0,1,1,2,White,f,18,0
2548532, , , ,0,2,4,us,us,1,1,1,2,White,f,18,2
2548673,0,.241290021230563,.503694568778074,0,4,4,us,sm,1,1,1,2,White,f,23,0
2563442,0,1.16086376199664,1.25351273558453,2,-1,3,us,us,1,1,1,2,White,m,52,4
2548911, , , ,0,0,0,uk,uk,0,1,1,2,White,f,18,0
2549001,0,-.0642843626383185,.221308958478033,1,2,2,us,us,1,1,1,2,White,m,21,0
2549139,0,-.0868859675224501,-.267693366453573,0,0,0,us,sm,1,1,1,2,White,m,35,0
2549364,0,.387550484057807,.554231855184355,1,4,4,us,us,1,1,1,2,White,m,43,0
2549424,0,.11792777420858,-.0503463206885277,1,4,4,us,us,1,1,1,2,White,f,68,0
2549439,0,.0445031604782392,.824323328338808,0,0,0,uk,uk,0,1,1,2,White,f,28,0
2549452,0,.738922216525641,.723444260353259,0,2,4,au,au,0,1,1,2,White,f,53,2
2549465, , , ,0,2,3,us,us,1,1,1,2,White,m,23,1
2560512,0,-.391491970932755,-.0165416195489896,0,5,5,us,us,1,1,1,2,White,f,23,0
2551426,.03125,.224293020598765,-.318777860481613,0,4,4,us,us,1,1,1,1,White,f,25,0
2549626,0,.247294799681053,-.0242717959913116,0,4,5,us,sm,1,1,1,2,White,f,20,1
2549608,0,.772170241462839,.241585593116762,0,5,5,us,sm,1,1,1,2,White,m,22,0
2549748,0,.541734192531678,.635867877056328,0,5,5,us,us,1,1,1,2,White,f,18,0
2549897,0,-.0139683261214739,.159435072976636,1,2,2,us,us,1,1,1,2,White,m,53,0
2549958,0,-.478506952833422,.195551882118399,1,4,3,us,us,1,1,1,2,White,f,36,-1
2552634, , , ,0,2,2,ca,ca,0,1,1,2,White,f,46,0
2552691,0,.724376785488829,.72009690776657,0,5,5,us,us,1,1,1,1,White,f,59,0
2550385,0,-.1566973127347,.219533762074641,0,5,5,us,sm,1,1,1,1,White,m,25,0
2550421,0,-.251692750007439,.363424429304708,0,5,5,us,us,1,1,1,2,White,f,20,0
2550458,0,.379092813283397,.714237755279866,0,3,3,us,us,1,1,1,2,White,m,21,0
2550569,0,.0132078875762345,-.0370967704577708,0,4,5,us,us,1,1,1,2,White,f,39,1
2550606,0,.825707865931762,.666100871752768,0,3,4,uk,sm,0,1,1,2,White,m,56,1
2550642, , , ,0,4,5,uk,uk,0,1,1,.,White,m,19,1
2550643,0,-.0103100929668796,.904796539678718,0,3,3,us,us,1,1,1,.,White,m,20,0
2551370,0,.45722966356521,1.16974630509734,1,-1,2,us,us,1,1,1,2,White,m,62,3
2551570,0,.813541697835087,-.166902792133539,2,2,3,us,sm,1,1,1,2,White,m,55,1
2550758,0,.0416063740534741,.433722917971815,2,0,0,uk,uk,0,1,1,2,White,m,31,0
2554685,0,-.0881387962511011,-.0881387962511011,0,0,0,us,sm,1,1,1,2,White,f,20,0
2550881,0,1.06472533475146,1.05509468718152,2,0,5,us,sm,1,1,1,2,White,f,18,5
2560354,0,.258250855357343,-.306273092961372,0,0,0,de,de,0,1,1,2,White,f,34,0
2550907,0,.640605118774608,-.276369645948155,0,3,4,us,sm,1,1,1,2,White,f,47,1
2550947,.0078125,.0204142237918797,1.06097023895575,0,0,0,uk,sm,0,1,1,.,White,f,43,0
2550988,.03125,.400295883781154,.537684745282683,0,5,5,us,us,1,1,1,2,White,f,26,0
2551111,0,.718477876270352,.528975582427119,2,-1,3,us,us,1,1,1,.,White,f,18,4
2551154,0,1.34105257446215,.416353146967869,0,3,5,uk,uk,0,1,1,2,White,m,55,2
2551170,0,.899013133145886,1.23293694307993,1,0,4,us,sm,1,1,1,2,White,f,58,4
2551600,0,.0239632649115472,.980464653379992,1,4,5,us,sm,1,1,1,2,White,f,31,1
2551231, , , ,0,2,2,us,sm,1,1,1,.,White,f,42,0
2551345,.0078125,.782066986071608,.190510486430168,0,5,5,.,., ,1,1,.,White,m,29,0
2551340,0,.723953080729119,.630069675830443,3,-5,5,us,sm,1,1,1,2,White,m,27,10
2551444,0,-.0980138836969058,.668757374138464,2,0,4,uk,uk,0,1,1,3,White,m,45,4
2551601, , , ,3,-3,5,ca,ca,0,1,1,2,White,m,24,8
2551592,0,1.30512089935179,.569341884150552,0,4,5,us,us,1,1,1,1,White,m,18,1
2551594,0,-.0075263244706173,.271780483085434,-1,1,1,ca,ca,0,1,1,2,White,f,24,0
2551658,0,-.258437061443929,.744142232909674,0,3,3,it,it,0,1,1,1,White,m,25,0
2551676, , , ,3,-2,5,us,us,1,1,1,1,White,m,23,7
2551710, , , ,1,0,4,us,us,1,1,1,3,White,f,18,4
2563482,0,-.0597558382474367,-.067750215723727,0,5,5,us,us,1,1,1,2,White,f,21,0
2551924,0,.341376577645962,-.315193205311946,2,3,5,us,us,1,1,1,2,White,f,20,2
2551971,.0078125,-.381118048686813,-.0279971204055859,0,0,0,au,sm,0,1,1,2,White,f,20,0
2551977,0,.356143894694602,1.31428957406838,2,1,2,us,us,1,1,1,2,White,f,51,1
2552087,0,-.170579712927711, ,0,0,3,si,si,0,1,1,3,White,f,66,3
2552272,0,.221837133500079,.785345743477369,0,0,0,nl,nl,0,1,1,2,White,m,21,0
2552305,.25,.549968800786184,.443229145392158,0,1,1,us,us,1,1,1,2,White,m,36,0
2552400, , , ,1,2,4,us,sm,1,1,1,2,White,f,42,2
2552496,0,.877283888336831,1.03974006033334,3,1,2,us,us,1,1,1,2,White,m,51,1
2552495,.0078125,.590867228052423,.75452152701638,2,5,5,us,sm,1,1,1,3,White,f,44,0
2552538,0,.49229626605589,.146885144053313,0,5,5,us,sm,1,1,1,2,White,f,48,0
2552608,0,-.443524540443455,-.572558686057797,0,3,3,us,us,1,1,1,2,White,f,22,0
2552771,.578125,-.322695974609524,-.322695974609524,1,4,5,us,us,1,1,1,.,White,f,20,1
2552828,0,-.212985756227115,.028167790686548,0,0,1,us,sm,1,1,1,1,White,f,27,1
2552850,0,.116426872800191,.0253404529704442,0,3,3,us,sm,1,1,1,2,White,f,19,0
2553046,0,.282458482108846,1.05815488673405,0,0,0,ca,sm,0,1,1,.,White,f,40,0
2553049,0,-.27971411630415,.400701700344514,0,5,5,us,sm,1,1,1,2,White,f,25,0
2555499,0,.561607088546943,.404222687046918,1,0,4,us,us,1,1,1,2,White,f,45,4
2553291,0,-.289243451732959,.470378020149195,0,4,5,us,sm,1,1,1,2,White,m,26,1
2553506,0,.123885142064572,.846753655387245,0,0,0,uk,sm,0,1,1,2,White,f,44,0
2553601,0,.224261805277518,.409749493328113,1,2,3,us,us,1,1,1,2,White,f,63,1
2553749,0,.0818666066358253,.484911188935473,1,1,2,be,be,0,1,1,2,White,m,31,1
2553777, , , ,0,0,0,us,us,1,1,1,2,White,f,26,0
2553833,0,.752121289178628,.689359029063958,1,-1,5,eg,eg,0,1,1,2,White,f,26,6
2553981,0,.153047774017997,1.06428190125709,2,3,5,ua,ua,0,1,1,2,White,m,26,2
2562634,0,-.484567264541926,-.315645139714181,0,4,3,us,us,1,1,1,2,White,f,20,-1
2554099,.0078125,.126463379711387,-.500066098311461,0,5,5,us,sm,1,1,1,2,White,m,18,0
2554120,0,.364134413946093,.619754898010368,0,4,4,se,se,0,1,1,3,White,f,17,0
2554221,0,.854371943581911,.577371548893276,1,0,0,us,us,1,1,1,2,White,f,41,0
2554267,0,-.0754180924000357,.623993454413083,0,0,0,us,sm,1,1,1,2,White,f,58,0
2554242,0,.513492815321756,-.619693832032656,1,0,1,us,us,1,1,1,2,White,m,27,1
2554314,0,-.269696431340184,.584310811797686,1,-1,0,us,us,1,1,1,1,White,f,24,1
2555440,0,1.18234164977193,1.56405363810323,0,4,4,us,sm,1,1,1,2,White,m,69,0
2554323,.6796875,.370316521842109, ,3,0,0,us,us,1,1,1,3,White,m,41,0
2554390,0,.667891117462735,-.202640854749743,0,5,5,us,us,1,1,1,2,White,f,19,0
2555095,0,-.830114608733383,-.127623953901898,0,4,0,us,us,1,1,1,2,White,f,58,-4
2554449,.0078125,.544295186694355,1.13093597392098,0,3,5,us,us,1,1,1,2,White,m,20,2
2554640,.0703125,.380611100085861,.193950798065118,0,5,5,us,sm,1,1,1,2,White,m,22,0
2554695,0,.860060066276224,-.693603614356087,0,4,4,au,au,0,1,1,2,White,f,51,0
2554976,0,.590747880118587,1.10577391164082,3,-4,5,us,sm,1,1,1,2,White,m,20,9
2554994,0,-.15794368463328,.86443581241562,0,4,4,au,sm,0,1,1,3,White,f,33,0
2555154,0,.164658784120343,.354434740218031,0,5,5,uk,uk,0,1,1,2,White,f,57,0
2555470,0,.282153058404935,1.04397019241494,1,0,1,us,us,1,1,1,3,White,.,19,1
2555184,0,.918125097810297,.642973032456758,-3,-1,5,us,us,1,1,1,2,White,f,27,6
2556521,0,.414401266584309,-.279614147665489,0,0,1,us,us,1,1,1,3,White,m,33,1
2555317,0,.52171994500397,.411795800982503,0,2,2,us,us,1,1,1,2,White,f,44,0
2555347,0,.796883575189251,-.0497644334669515,0,0,0,us,us,1,1,1,2,White,f,42,0
2555916,0,.225134510968914,.814707653190064,0,0,0,us,us,1,1,1,2,White,m,24,0
2555453,0,.475296563131831,-.137152409140664,0,4,4,us,sm,1,1,1,2,White,f,25,0
2558201,0,.569508801423659,.918291265535247,0,4,5,us,sm,1,1,1,2,White,f,18,1
2555624,0,-.623316607726198,.070279695968969,0,4,4,us,sm,1,1,1,1,White,.,43,0
2555716,0,.425416784486576,.440180946191237,1,4,5,us,sm,1,1,1,2,White,f,18,1
2556866,.0078125,.552696865378329,.916881648469832,1,3,4,us,sm,1,1,1,2,White,f,19,1
2555733,0,.0464680297488695,-.235602783466831,0,5,5,us,sm,1,1,1,2,White,f,40,0
2555752,0,-.169350874501802,.336247050775899,1,0,2,uk,uk,0,1,1,2,White,f,32,2
2555986,0,.101166894223227,.544025515690408,3,-4,3,ru,ru,0,1,1,3,White,f,19,7
2555978,0,.337544882286848,.64067720556175,0,3,3,us,sm,1,1,1,2,White,f,22,0
2556285,0,.615222040343549,.188029533031063,1,3,4,us,sm,1,1,1,2,White,m,23,1
2556236,0,.333406772774813,-.135068991253154,0,4,4,us,us,1,1,1,.,White,f,30,0
2556404,0,.781241393339226,.977060412205196,1,5,5,us,us,1,1,1,1,White,f,20,0
2558269,0,.999942007425666,.54481416901671,3,1,5,us,us,1,1,1,2,White,f,18,4
2556550, , , ,3,1,5,us,us,1,1,1,2,White,f,19,4
2556650,0,-.140877357883018,1.06822314771121,0,3,3,us,us,1,1,1,2,White,f,48,0
2556687, , , ,0,0,0,ca,ca,0,1,1,1,White,m,29,0
2556728,0,.388440817927682,.214137034310468,0,3,3,us,us,1,1,1,3,White,f,60,0
2557016,0,.869116617638181,.596747232561548,2,-1,2,pl,us,1,1,1,2,White,f,58,3
2556972, , , ,0,5,5,us,sm,1,1,1,.,White,f,23,0
2556925,.265625,.32113088983376,-.301506595842916,0,0,0,us,sm,1,1,1,2,White,m,44,0
2556954, , , ,1,5,5,us,us,1,1,1,1,White,m,23,0
2557091,0,-.376732565624403,.773817210955821,0,0,0,us,sm,1,1,1,2,White,m,24,0
2557169, , , ,0,5,5,us,sm,1,1,1,2,White,f,19,0
2557216,0,.556733000948544,.782087715935632,0,3,2,us,us,1,1,1,2,White,m,58,-1
2557332,0,.673711490436023,.659088379484136,0,1,3,es,es,0,1,1,2,White,f,42,2
2557354,0,-.621658517183286,.554165714933255,0,1,0,uk,uk,0,1,1,.,White,f,30,-1
2557345,0,.283049233862846,1.06610515177698,0,0,0,uk,sm,0,1,1,2,White,f,27,0
2557400,0,.304766508820541,.327392759896752,0,2,3,us,sm,1,1,1,2,White,m,18,1
2557444,0,.669704028088232,.267933134172988,0,4,4,us,sm,1,1,1,2,White,f,27,0
2561125, , , ,0,0,0,uk,sm,0,1,1,.,White,f,42,0
2557610,0,.494431548148761,.250057913120555,1,1,1,uk,uk,0,1,1,3,White,m,55,0
2557692,0,.493192987911708, ,1,0,5,us,sm,1,1,1,.,White,f,20,5
2560424,.3046875,.12981314613445,.45924344512221,0,3,4,us,us,1,1,1,2,White,f,23,1
2557698,0,.567494743692472,1.01565327185615,2,0,1,ee,ee,0,1,1,3,White,f,20,1
2557702,0,-.108272764493701,-.0217199856952666,2,-1,1,uk,uk,0,1,1,2,White,m,46,2
2557724, , , ,2,-1,2,si,si,0,1,1,2,White,m,32,3
2557811,0,.589594281372631,.948475684042222,0,0,0,uk,uk,0,1,1,2,White,f,19,0
2558004,0,.0891266063424021,.686155474241608,2,1,5,us,us,1,1,1,.,White,f,22,4
2558228,0,-.585576255446397,-.419912436352266,0,2,3,si,sm,0,1,1,2,White,m,18,1
2558341,0,.0224467857494433,.259952613922234,0,0,0,us,sm,1,1,1,2,White,m,29,0
2558459,0,.164543327464394,.432365354377943,0,4,4,ca,ca,0,1,1,2,White,m,22,0
2558691,0,-.290036870019579,-.222538119953848,0,4,4,ge,us,1,1,1,2,White,f,18,0
2558796,0,.635494477613348,.169382833458979,0,4,5,us,us,1,1,1,2,White,f,45,1
2560294,0,.0607472808910964,.292561747918834,0,4,4,us,us,1,1,1,2,White,m,37,0
2558637,.0234375,.130590782327591,.0122075261831996,3,5,5,.,., ,1,1,2,White,m,45,0
2560694,0,.822374233807238,.567968073843412,0,4,4,us,us,1,1,1,2,White,f,30,0
2558689,0,.326123813281227,.960572337040301,3,2,5,us,us,1,1,1,2,White,f,18,3
2558798,.03125,.191596307911609,.331388685612811,0,5,0,us,sm,1,1,1,.,White,f,19,-5
2558826,0,.367615360042245,.802079945825075,3,-1,5,us,us,1,1,1,2,White,m,20,6
2558914,0,.0688675213265546,.871708398950366,0,5,5,us,sm,1,1,1,2,White,f,25,0
2559105,0,.118261807459532,.623173748170363,0,5,5,us,us,1,1,1,2,White,f,24,0
2559102,0,-.483631651216916,.766391986492211,0,0,0,us,us,1,1,1,2,White,f,47,0
2559136,0,.581928669164453,.312623033317262,0,4,4,us,sm,1,1,1,2,White,f,18,0
2559204,0,.394922340979777,.641512481043192,1,4,4,us,sm,1,1,1,2,White,m,18,0
2559251,.0078125,.339705804392027,1.57366808908354,0,5,5,us,sm,1,1,1,2,White,f,18,0
2559486, ,.256412472717053, ,2,3,5,us,us,1,1,1,2,White,f,44,2
2559414,0,.286366143372098,.373045474239991,0,4,3,us,sm,1,1,1,.,White,f,19,-1
2559596,0,.440983943141933,.00733735800086442,0,4,4,us,us,1,1,1,2,White,f,28,0
2559656,0,.091932754328872,-.111387660184672,0,3,3,us,us,1,1,1,2,White,f,18,0
2559633,0,.628006463405092,-.213114156466076,3,-1,3,us,sm,1,1,1,2,White,m,31,4
2559660,0,1.16600271766339,-.426685928143886,0,4,4,us,us,1,1,1,2,White,f,57,0
2559781,0,-.200905675933133,-.498295278363785,0,5,0,us,sm,1,1,1,2,White,f,16,-5
2559793,0,-.20666570552678,-.610039032401187,1,1,0,us,us,1,1,1,2,White,m,51,-1
2559813, , , ,0,5,5,us,us,1,1,1,2,White,f,19,0
2559867,0,.508990229751863,.220420562335194,0,4,4,us,us,1,1,1,2,White,f,18,0
2559891,0,-.00938621627008834,1.11161721791649,1,2,3,us,us,1,1,1,1,White,m,19,1
2559946,.0078125,1.26337757447623,.487416973381315,3,-4,3,us,us,1,1,1,2,White,m,19,7
2560011,0,-.462602705276648,1.13945551942143,2,2,5,us,sm,1,1,1,2,White,m,34,3
2564921,.125,-.0925491555706251,.0908955277648596,0,1,5,us,sm,1,1,1,2,White,f,19,4
2560114,0,-.426819995041185,.380872059018623,0,0,0,nz,sm,0,1,1,2,White,m,32,0
2560128,0,-.463100876550364,.306092432692272,1,3,3,no,sm,0,1,1,2,White,f,27,0
2560164, , , ,3,5,5,be,be,0,1,1,3,White,m,18,0
2560366,0,-.177680844213886,.169984253947053,0,2,2,si,si,0,1,1,.,White,f,37,0
2560344, , , ,0,3,4,us,us,1,1,1,2,White,f,18,1
2560345,0,.299820390782319,.627251956442376,0,4,3,us,us,1,1,1,2,White,f,49,-1
2560437,0,.703916934110942,.986615548660643,3,1,5,us,us,1,1,1,2,White,f,19,4
2560504,0, , ,0,3,3,uk,sm,0,1,1,.,White,f,30,0
2560585,0,-.000558007469302069,.503681272159459,1,4,4,us,us,1,1,1,2,White,m,21,0
2560620,0,.359545116500838,.58252480452805,0,4,4,us,sm,1,1,1,2,White,f,20,0
2560668,0,.737689781996484,.541843228122427,0,4,5,us,sm,1,1,1,2,White,f,19,1
2560670, , , ,0,4,4,us,us,1,1,1,2,White,f,27,0
2560686,.0234375,.388066416284862,.110217789440896,1,2,3,us,us,1,1,1,2,White,m,23,1
2560697, , , ,0,4,3,us,us,1,1,1,2,White,f,25,-1
2560783,0,-.383148737274794,.0551379467104154,0,3,3,be,us,1,1,1,2,White,f,27,0
2560888,0,.346805517562118,.639698000305273,0,3,3,us,sm,1,1,1,2,White,m,34,0
2561060,0,.0233767007164279,.258299892061323,0,0,0,us,sm,1,1,1,2,White,f,62,0
2560978,0,.317276910182083,-.0177723576094829,2,0,5,us,sm,1,1,1,2,White,m,24,5
2560990,0,.480098328323366,.557478065623092,0,0,0,uk,uk,0,1,1,2,White,f,48,0
2560985,0,.179780587320139,.20605600274726,0,4,4,us,sm,1,1,1,2,White,m,20,0
2561065,0,-.03376031083989,.24023859365411,0,0,0,us,sm,1,1,1,3,White,m,34,0
2561295,0,-.473783361443332,.182846035178655,0,5,5,us,sm,1,1,1,2,White,f,23,0
2561379,0,.593339910971509,.973255016314494,1,0,0,us,us,1,1,1,3,White,m,26,0
2561647,0,-.566353551750525, ,0,0,0,us,sm,1,1,1,2,White,m,20,0
2561861,0,1.19712985413659,.78558779689311,3,-1,5,us,sm,1,1,1,2,White,m,19,6
2561979,0,1.00681490398762,1.2530784530902,1,3,3,us,sm,1,1,1,2,White,m,30,0
2562088,0,.558007808467646,.734147651476108,2,0,5,us,sm,1,1,1,2,White,m,44,5
2562206, , , ,0,4,5,us,us,1,1,1,2,White,f,19,1
2562179,0,-.172981376412188,.191326885965858,2,0,-1,us,sm,1,1,1,.,White,m,21,-1
2562210,0,-.027800942788085,-.108967083196971,0,4,4,us,us,1,1,1,2,White,f,29,0
2562310,0,.992857609556828,1.11922342453597,0,0,0,us,us,1,1,1,2,White,f,38,0
2562435,0,.601941993788727,.168571897604896,0,5,5,us,us,1,1,1,2,White,f,26,0
2562518,0,.040125473066939,.078822768974272,1,-1,0,ca,us,1,1,1,2,White,f,29,1
2562557,0,-.685750662365335,-.183504319429151,0,3,3,us,sm,1,1,1,2,White,m,21,0
2562681,.09375,-.444759022607091,-.593364521551175,0,5,5,us,sm,1,1,1,2,White,f,21,0
2562824,0,.561852304353149,.0456993285168144,0,3,3,us,us,1,1,1,2,White,f,29,0
2563096,0,.723997130998637,.405847991535453,-1,0,0,us,us,1,1,1,2,White,m,55,0
2562928,0,-.416870876269329,.219085960331742,0,1,1,at,at,0,1,1,2,White,f,52,0
2562956,0,.376524781774085,.11117186057292,0,4,4,nl,sm,0,1,1,2,White,m,20,0
2562965,0,-.290934608105266,-.00881548634160373,0,-1,0,uk,sm,0,1,1,3,White,f,46,1
2562997,0,.662444444176571,.860402273249701,0,0,0,uk,uk,0,1,1,3,White,f,49,0
2562985,0,.341800892842273,.156674770507927,1,-1,3,gr,es,0,1,1,2,White,m,46,4
2563055, , , ,1,4,4,uk,uk,0,1,1,2,White,f,32,0
2563063,0,.321666030165362,.022143436484744,1,0,0,us,us,1,1,1,2,White,m,19,0
2563184,0,1.15861808558877,1.45553390994454,1,3,5,us,sm,1,1,1,2,White,f,18,2
2563232,0,-.0507439050164424,.316093997940195,1,5,5,us,us,1,1,1,2,White,f,49,0
2563274,0,-.47544428268879,.592970327953612,1,3,5,br,br,0,1,1,1,White,f,37,2
2563597,0,-.258900608193963,-.00250457097176937,0,0,0,us,us,1,1,1,2,White,f,27,0
2563353,0,.396355541298589,.597697029640705,0,0,0,us,us,1,1,1,2,White,f,54,0
2563398, , , ,0,3,5,us,sm,1,1,1,.,White,m,18,2
2563381,0,.532017937315013,.513275983202047,0,4,5,us,sm,1,1,1,2,White,f,18,1
2563384, , , ,1,2,2,us,sm,1,1,1,2,White,f,48,0
2563650,0,.598629673017446,-.0426953622666297,0,5,5,us,us,1,1,1,2,White,m,18,0
2563433,0,.635762676708421,.870324713979498,0,0,1,us,us,1,1,1,2,White,f,24,1
2563441,0,.599545170096877,1.30376098808445,0,3,3,us,us,1,1,1,2,White,m,23,0
2563570, , , ,0,0,0,uk,uk,0,1,1,2,White,m,53,0
2563632,.0078125,.142331977725869,-.339146525827037,0,3,3,us,sm,1,1,1,2,White,f,41,0
2563644,0,.0315331026251721,.474671535412684,0,0,0,uk,uk,0,1,1,2,White,f,49,0
2563657,.0078125,.0869134809605882,.12340725314083,1,2,3,us,us,1,1,1,2,White,m,21,1
2563757,0,1.18788078419082,.802356770701145,2,1,5,us,us,1,1,1,1,White,f,18,4
2563888,0,.565294715114715,.729143178104902,0,0,0,us,us,1,1,1,2,White,f,25,0
2564007,0,.205811787464757,.0186552785842762,0,3,5,us,us,1,1,1,2,White,m,21,2
2564165,0,-.528446131279633,.135815950262433,0,3,3,ca,sm,0,1,1,2,White,f,25,0
2564176,.125,.271216117650399,-1.03045915367461,0,0,0,us,us,1,1,1,2,White,m,21,0
2568285,.0078125,-.00705741749741833,-.043540619186657,3,-1,5,us,us,1,1,1,2,White,f,20,6
2564270, , , ,0,5,5,us,us,1,1,1,2,White,f,32,0
2566307,.0078125,.764960819847247,.470507896852077,0,4,4,us,sm,1,1,1,1,White,f,29,0
2564436,0,.279506972699309,.957846611464868,1,2,3,au,au,0,1,1,2,White,f,54,1
2564435,0,.377483066910306,.8746107899142,2,3,3,us,sm,1,1,1,2,White,f,20,0
2564482, ,.431741822184087,.431741822184087,2,0,3,us,us,1,1,1,2,White,f,19,3
2564526,0,.282248440414205,.84614213124809,1,2,4,us,sm,1,1,1,2,White,f,23,2
2564783,0,.350816082082592,-.088121417951516,0,2,1,us,us,1,1,1,2,White,m,45,-1
2564702,0,.902079944442605,1.06265584140528,3,-3,5,us,sm,1,1,1,.,White,m,18,8
2564765,0,-.186243414047445,.444037041423685,1,3,4,us,sm,1,1,1,2,White,f,18,1
2564824, , , ,2,-2,5,us,us,1,1,1,2,White,m,20,7
2564859,0,.371678280299017,.636914530822511,0,3,3,us,us,1,1,1,.,White,m,32,0
2565012, , , ,0,5,5,us,us,1,1,1,2,White,f,22,0
2565067,.0234375,-.580426623523892,.655479260973003,0,5,5,us,us,1,1,1,2,White,m,21,0
2565085,0,-1.16725176449019,-.605267257535807,0,5,5,us,us,1,1,1,2,White,f,41,0
2565163,0,.084778397094169,.304142212524364,0,3,3,us,us,1,1,1,2,White,f,18,0
2565184,0,.0430406922346148,-.847705748712458,0,3,3,de,de,0,1,1,2,White,f,21,0
2565267, , , ,0,3,3,uk,sm,0,1,1,.,White,m,34,0
2565347,0,-.018773059028791,.230046612037558,0,0,0,pt,pt,0,1,1,2,White,f,34,0
2565315,0,.623318284353285,1.54695946628214,0,4,4,us,us,1,1,1,2,White,f,44,0
2565354,.01171875,.715341501064828,.307860412310709,1,2,3,us,sm,1,1,1,2,White,m,33,1
2565430,0,-.400361871062415,-.161691847307468,0,0,0,us,us,1,1,1,2,White,f,58,0
2565675,0,-.742975864485899,.345628120631746,0,0,0,us,us,1,1,1,2,White,f,48,0
2565794, ,.0651568719235156, ,0,4,3,tr,tr,0,1,1,2,White,f,21,-1
2565767,0,.739090405451842,1.16216669476237,0,5,5,ca,ca,0,1,1,3,White,f,46,0
2565782,0,-1.04416228468864,-.467438582030566,0,5,5,us,us,1,1,1,2,White,f,47,0
2566019,0,-.31636761493543,.0417316830000963,0,2,2,se,se,0,1,1,2,White,m,36,0
2565910,0,.74622855388549,.47937084975046,0,4,4,us,us,1,1,1,2,White,f,36,0
2566159,0,-.328259961308977,.638212885537946,0,0,0,us,us,1,1,1,2,White,m,38,0
2566127, , , ,0,4,4,us,us,1,1,1,2,White,f,33,0
2566172,0,.174454763671831,.858153197679033,0,0,5,us,us,1,1,1,2,White,f,22,5
2568528,0,-.0584136507341834,.535662463435208,0,5,5,uk,nl,0,1,1,.,White,f,31,0
2566481,0,.285487200699652,.254217722204338,1,5,5,us,sm,1,1,1,2,White,f,24,0
2566398,0,.572136987164263,1.13190667296998,-1,4,4,uk,uk,0,1,1,2,White,m,20,0
2566492,0,.715914198600667,1.04708391852387,2,2,5,us,sm,1,1,1,2,White,m,20,3
2566489,0,.255685645596855,.695217175809476,1,0,0,be,be,0,1,1,2,White,m,28,0
2566849,0,.977649406377758,.699213450801042,3,-2,2,us,sm,1,1,1,2,White,f,40,4
2566856,0,.619145488272586,-.410908781566744,0,4,4,us,us,1,1,1,2,White,f,23,0
2566969,0,.318125582610326,.819908690376974,3,-2,5,us,us,1,1,1,2,White,f,18,7
2566966,0,.548767841087942,.0498672069472163,1,2,4,us,us,1,1,1,2,White,m,22,2
2567038,.0078125,.228538643875697,.276025811262284,1,3,5,de,de,0,1,1,3,White,f,19,2
2567087,0,.383625322019652,.711605575765991,2,4,5,ca,sm,0,1,1,2,White,f,21,1
2567322, , , ,1,1,5,us,us,1,1,1,2,White,f,19,4
2567355,0,.162813196061438, ,-1,1,0,us,sm,1,1,1,3,White,f,47,-1
2567439,0,.180705351356037,.461851368090647,0,3,3,au,au,0,1,1,2,White,f,71,0
2567425,0,.71084592538329,.441546958706451,3,0,5,us,us,1,1,1,2,White,m,43,5
2567563,0,.103157368599309,.715445247031366,0,0,0,us,sm,1,1,1,2,White,f,38,0
2567653,0,1.16733364950591,1.19489759545233,3,1,5,us,sm,1,1,1,2,White,m,20,4
2567680,0,.24438626597106,.781428377381769,0,3,5,us,sm,1,1,1,3,White,f,19,2
2567690,0,1.01348825610855,.562544857605007,0,3,3,us,sm,1,1,1,2,White,m,33,0
2567904,0,.441586567988823,.54900859910875,3,-1,4,us,us,1,1,1,2,White,m,18,5
2567917,0,.522484736788889,1.05912122037574,0,4,5,us,sm,1,1,1,2,White,f,28,1
2567998,0,.216683415665872,.638316798709525,1,0,0,us,us,1,1,1,2,White,f,18,0
2568094,0,-.0353477194889913,.116316801488268,0,0,0,us,sm,1,1,1,2,White,f,48,0
2568330, , , ,2,4,4,us,us,1,1,1,2,White,f,19,0
2568398,.515625,-.137811969698585, ,0,0, ,us,us,1,1,1,3,White,m,18, 
2568466,0,-.212806478763425,.452330383205018,0,3,3,ca,ca,0,1,1,2,White,f,49,0
2568532,0,1.18655703265401,.58453481322685,1,2,4,us,us,1,1,1,2,White,m,19,2
2568586,0,.18025154528245,.810639843874324,0,0,3,ca,us,1,1,1,2,White,f,31,3
2568621,0,-.241923995043261,.0838163983921893,0,5,5,.,., ,1,1,.,White,m,27,0
2568706,0,-.0499222008425796,-.368948967188138,1,0,0,us,us,1,1,1,2,White,m,21,0
2568745,.0078125,-.193060906561756,-.455972865825145,0,5,3,ca,ca,0,1,1,.,White,f,29,-2
2568730,0,-.0298676965648398,.855198823887696,3,-5,5,us,us,1,1,1,2,White,f,20,10
2568751,0,.490061519142071,.846037920995217,0,4,4,us,us,1,1,1,2,White,f,18,0
2569167,0,-.0326772199469351,.637284410009038,2,3,4,us,us,1,1,1,3,White,f,18,1
2569212,0,.34272733447503,-.301274655162549,0,3,4,us,us,1,1,1,2,White,f,19,1
2569233,0,.858030630027439,1.04322312949902,2,0,5,us,us,1,1,1,2,White,m,18,5
2569259, ,.990488707071687, ,0,1,1,us,sm,1,1,1,2,White,f,18,0
2569306,0,.379419670966414,.52977573973235,3,-1,4,us,us,1,1,1,2,White,m,28,5
2569378,0,-.688671515706788,.275249212113814,0,4,4,es,de,0,1,1,1,White,f,25,0
2569474, , , ,2,-2, ,pl,pl,0,1,1,3,White,f,21, 
2569509,0,1.14616370486547,.84724763386491,0,3,4,ro,ro,0,1,1,2,White,f,20,1
2569529,0,.159604252564356,.660800524395443,0,4,4,de,de,0,1,1,2,White,f,41,0
2569780,0,-.168840827256525,.458651530606533,1,3,4,us,sm,1,1,1,2,White,m,73,1
2569740,0,.68337877860793,.105175623079291,0,4,4,uk,ch,0,1,1,3,White,m,57,0
2569781,0,-.0331507476328,.236012223964023,0,0,0,us,us,1,1,1,3,White,f,22,0
2569833,0,1.26764046909517,.983311388258311,1,3,4,us,sm,1,1,1,2,White,f,24,1
2569853, , , ,0,0,0,it,fr,0,1,1,3,White,f,41,0
2569898,0,.615424686020746,-.117492198735643,2,-1,5,us,us,1,1,1,2,White,m,20,6
2569943,0,.188792163424803,-.0543096221402804,0,3,4,us,sm,1,1,1,2,White,m,42,1
2569945,0,-.222094869518785,.451536570567553,0,3,4,us,sm,1,1,1,2,White,f,19,1
2569947,0,.269697337822257,.752913853652204,2,-1,3,us,sm,1,1,1,2,White,m,20,4
2570006,0,1.12018155626236,.263803481581874,3,3,5,uk,uk,0,1,1,.,White,m,24,2
2570020,0,.640766514292639,1.11484137479282,0,4,5,us,sm,1,1,1,2,White,m,18,1
2570225,0,-.417241060782746,.333367554667061,-1,1,0,us,sm,1,1,1,2,White,f,52,-1
2570203,0,.756451426090011,1.24132496530214,2,-3,1,it,it,0,1,1,3,White,f,58,4
2570218, , , ,2,1,5,us,us,1,1,1,2,White,m,19,4
2544667,0,.0221628399717245,.132559437613334,0,5,5,.,., ,2,2,.,.,.,19,0
2524411,0,-.577019311599069,-1.01400027304571,0,0,0,us,sm,1,2,2,3,Black or African American,m,43,0
2525796,0,-.162553018909087,-.777268616926447,-3,5,4,us,us,1,2,2,.,Black or African American,m,46,-1
2528109,0,-.290028825494169,.0878937584154537,-1,0,0,ke,ke,0,2,2,.,Black or African American,m,28,0
2544338, ,-.237395237392614, ,0,5,5,us,sm,1,2,2,2,Black or African American,f,19,0
2556719, , , ,0,5,5,us,sm,1,2,2,2,Black or African American,f,33,0
2559643,0,.335948817279923,.368526365976201,0,5,5,us,sm,1,2,2,.,More than one race - Black/White,f,19,0
2528031,0,-.555211970149376,-.136503490875407,-2,5, ,us,sm,1,2,2,1,More than one race - Other,f,23, 
2520608,0,-.540013457516543,-.352654473603347,-2,5,4,us,us,1,2,2,2,More than one race - Other,f,18,-1
2522383,0,.255255286318263,.360351979002427,0,5,4,us,sm,1,2,2,1,More than one race - Other,m,39,-1
2563120,0,.287111870447289,.427383419527302,-2,4,5,uk,sm,0,2,2,2,More than one race - Other,f,31,1
2549211,0,-.613688198258149,-.651933479826716,0,0,0,us,us,1,2,2,2,Native Hawaiian or other Pacific Islander,m,49,0
2531516,0,-.0233739406652716,-.863565061974353,-2,4,2,us,sm,1,2,2,2,Native Hawaiian or other Pacific Islander,m,25,-2
2533961,0,-.327832632500291,-.11636250304719,0,4,0,us,sm,1,2,2,3,Other or Unknown,m,23,-4
2517694,0,-.883135321321923,-.295584833247882,-3,4,2,us,sm,1,2,2,3,Other or Unknown,m,20,-2
2521147,0,.349667624643978,.0800053423388509,0,2,0,us,sm,1,2,2,3,Other or Unknown,m,50,-2
2556840,0,.131628222614476,.226163896149562,-1,1,0,us,us,1,2,2,1,Other or Unknown,m,22,-1
2530634,0,-.236541469301447,.615725904153839,0,4,4,my,my,0,2,2,2,South Asian,m,24,0
2557057,0,-.624021604265813,-.0661228026942056,0,4,4,ca,ca,0,2,2,2,South Asian,m,22,0
2569683,.0546875,-.0874517030904893,.694562978558416,-2,2,4,ph,ph,0,2,2,3,South Asian,m,18,2
2539730,0,-.304236283212525,-.0654532652758237,-1,1,0,us,sm,1,2,2,2,White,m,54,-1
2548901,.0078125,-.00964858382974516,-.0239752595551745,0,2,3,us,sm,1,2,2,2,White,f,69,1
2521683, , , ,-2,4,4,us,us,1,2,2,2,White,m,65,0
2524455,0,-.912203544204988,.338215601436994,-3,4,-1,us,sm,1,2,2,2,White,m,67,-5
2554513,0,-.167542647327409,.285680660927812,0,0,0,us,us,1,2,2,2,White,m,19,0
2552755,0,-.0625977493306341,-.0377689665292529,-1,4,3,de,sm,0,2,2,2,White,m,47,-1
2519560,0,-.0986280528351545,.442800001586538,-1,3,0,us,us,1,2,2,2,White,f,48,-3
2520515,0,-.01642444184072,-.101050782175716,0,5,4,mx,us,1,2,2,1,White,m,42,-1
2519215,0,-.121078834727419,-.685076910515739,0,0,0,us,sm,1,2,2,2,White,m,32,0
2519547,0,-.51939909354795,-.0661988127402357,-3,4,3,ca,ca,0,2,2,2,White,m,34,-1
2519586,0,.268351602913848,.533447733839045,-1,4,4,mt,mt,0,2,2,2,White,f,29,0
2520827,0,-.0836048652201863,-.246300745832506,-2,4,1,fr,uk,0,2,2,2,White,m,35,-3
2520319,0,-.263797899645676,.345241678672678,-1,5,5,us,sm,1,2,2,2,White,f,36,0
2520780,0,-.355375042798936,.0519029790929978,-2,2,0,us,sm,1,2,2,2,White,f,24,-2
2520913, , , ,0,3,3,uk,uk,0,2,2,2,White,m,53,0
2524951,0,-.421944591940807,.203306927240898,-3,5,4,us,us,1,2,2,1,White,m,51,-1
2522687,0,-.198111679790942,.464383635012288,-2,4,1,fr,de,0,2,2,2,White,m,22,-3
2523677,0,-.294537091800719,.590548687504316,2,-1,4,us,sm,1,2,2,.,White,m,21,5
2523673,0,.404303104195401,-.455458553012731,-1,0,0,lt,lt,0,2,2,3,White,f,22,0
2524775,.015625,-.932055173217123,.0108272658127319,0,4,4,us,us,1,2,2,.,White,f,43,0
2524376,0,-.904127338040979,-.0981304051353839,-3,5,4,us,us,1,2,2,1,White,m,19,-1
2528198,.0078125,.177892962881039,.364779075617099,-1,4,4,uk,uk,0,2,2,.,White,f,37,0
2529048,0,-.00678472566490596,.316906796481159,0,0,0,us,sm,1,2,2,2,White,m,33,0
2532434,0,-.324503356085544,.13825288688516,-1,5,5,us,sm,1,2,2,2,White,m,19,0
2538823,0,-.113376260157369,.119605947153765,0,1,1,us,sm,1,2,2,.,White,m,48,0
2535865,0,.494324316538174,.710842060574956,0,5,5,us,sm,1,2,2,2,White,f,26,0
2536109,0,.308901522917621,.782801044941744,0,4,4,us,us,1,2,2,2,White,f,28,0
2539795,0,-1.08424567740251,-.0169127187490655,0,0,0,pt,sm,0,2,2,2,White,m,55,0
2540271,0,-.342032165962082,.673711798943794,0,5,5,us,us,1,2,2,2,White,f,18,0
2543741,.5,1.59677831500358,-.90188362143077,-3,5,2,us,us,1,2,2,2,White,m,17,-3
2549713,0,-.00972296635863043,.223622789327184,-3,4,3,us,us,1,2,2,.,White,m,63,-1
2550619,0,.00877211766535202,.19260564443375,0,4,4,uk,sm,0,2,2,2,White,m,24,0
2551791,0,.74682153767663,.301711662320864,0,1,-1,ca,ca,0,2,2,2,White,m,42,-2
2552640,0,.438307933139088,.695023352510304,0,5,5,ca,ca,0,2,2,2,White,m,23,0
2554575,0,.00175170533991253,.515613465837279,0,0,0,uk,us,1,2,2,.,White,f,22,0
2555137,0,-.261801728202683,.445150686364363,0,4,4,uk,sm,0,2,2,2,White,f,54,0
2560802,0,-1.03630753312764,-.0960481910554405,-2,2,0,us,us,1,2,2,2,White,m,50,-2
2563635,0,-.280277252319708,-.146959756893724,-3,5,0,us,sm,1,2,2,1,White,f,21,-5
2564186, , , ,0,0,0,us,us,1,2,2,2,White,f,64,0
2564878,0,.0419181236717741,.455048617452208,-1,5,5,us,us,1,2,2,2,White,f,21,0
2565063,0,.343267807513803,.419655812964194,0,3,3,us,sm,1,2,2,2,White,f,18,0
2565280,0,.0457587357871763,.89310588856869,-2,5,4,us,sm,1,2,2,2,White,m,36,-1
2566342,0,-.379914940931715,.197405953354971,0,4,0,us,us,1,2,2,2,White,f,46,-4
2567153,0,-.736907373038787,-.38500447078895,-2,5,2,us,sm,1,2,2,2,White,m,21,-3
2569505,0,-.00251622718405972,-.154612262996419,-1,5,5,uk,sm,0,2,2,2,White,m,38,0
2518497,0,-.335943873749839,.774969761493461,0,3,4,.,., ,3,3,.,.,.,22,1
2534981,0,.107850393990511,.458077201737632,0,3,3,.,., ,3,3,.,.,f,42,0
2565208,0,.186287893642985,1.27187054957247,0,3,3,sk,.,0,4,3,.,.,f,60,0
2520456,0,.409085381835257,.86481897410178,0,5,5,us,us,1,5,3,.,.,f,29,0
2562005,0,.480681333351044,.227744082983365,0,0,0,ca,ca,0,5,3,.,.,f,21,0
2553087,0,-.113799870476665,-.206528308417088,0,5,5,us,sm,1,5,3,3,.,f,20,0
2564958,0,.203937310722647,.3165480758522,0,5,5,us,us,1,4,3,1,American Indian/Alaska Native,f,19,0
2519426, , , ,0,4,4,br,br,0,3,3,1,Black or African American,m,28,0
2520750, , , ,0,1,0,us,us,1,3,3,3,Black or African American,f,23,-1
2526370, , , ,0,5,5,us,us,1,3,3,2,Black or African American,f,18,0
2542466,0,.434384535998795,.186201993687779,0,5,5,us,us,1,3,3,2,Black or African American,m,19,0
2559436,.0234375,.633728155340294,.164090937893454,0,5,5,us,us,1,3,3,2,Black or African American,f,18,0
2561399,.015625,.167217183417385,.818264218518623,0,5,5,us,us,1,3,3,2,Black or African American,f,33,0
2531338,0,-.0152083715458833,.523463750974425,0,5,5,us,us,1,5,3,2,Black or African American,f,29,0
2548204, , , ,0,5,5,us,us,1,5,3,3,Black or African American,f,48,0
2562406,0,-.592642974806267,-.267429200192992,0,0,0,us,us,1,5,3,2,Black or African American,f,17,0
2544992,0,-.438327616422525,.075712247718781,-1,4,0,cn,cn,0,3,3,2,East Asian,f,20,-4
2530275, , , ,-2,0,0,cn,cn,0,5,3,2,East Asian,f,18,0
2526557,0,.0253453284475493,-.123710660180105,0,1,0,us,us,1,3,3,2,More than one race - Black/White,f,35,-1
2546477,.1484375,.498648944781,.265838859924206,2,0,0,us,us,1,3,3,1,More than one race - Black/White,f,22,0
2539353,0,.272587787968864,-.234352482002246,0,3,3,us,sm,1,3,3,2,More than one race - Other,m,44,0
2544752,0,-.460250468636308,-.315673308090708,0,2,0,us,us,1,3,3,2,More than one race - Other,f,21,-2
2553075, , , ,0,0,0,us,sm,1,3,3,2,More than one race - Other,f,21,0
2557144, , , ,1,1,-1,us,sm,1,3,3,1,More than one race - Other,f,22,-2
2561908,0,-.628594339508144,.547435102804383,0,0,0,us,us,1,3,3,2,More than one race - Other,f,18,0
2524035,0,-.20019015210386,.551942627564418,0,0,0,br,us,1,5,3,.,More than one race - Other,f,29,0
2541539,0,-.251335919172161,-.0570322993284756,0,4,4,us,sm,1,5,3,1,More than one race - Other,f,18,0
2547180,0,-.061271648825568,-.385115310717818,0,0,0,be,hk,0,5,3,1,More than one race - Other,f,19,0
2566723, , , ,0,3,3,tw,tw,0,5,3,3,More than one race - Other,f,23,0
2541317, , , ,0,0,0,us,us,1,3,3,3,Other or Unknown,m,22,0
2556706,.1796875,.0257958968917774,.367711396809366,-1,2,2,us,us,1,3,3,1,Other or Unknown,m,19,0
2561620,.0234375,.0157506156045433,.208197144658383,0,3,3,us,sm,1,3,3,1,Other or Unknown,f,18,0
2525684, , , ,0,-5,5,uk,uk,0,5,3,3,Other or Unknown,f,27,10
2529664,0,.835772728735133,.301300881769599,0,3,4,um,sm,0,5,3,3,Other or Unknown,f,21,1
2534077,.171875,.356507637261482,-.328723744355082,-3,5,4,ca,us,1,5,3,3,Other or Unknown,f,21,-1
2565626, , , ,0,0,0,us,us,1,5,3,3,Other or Unknown,f,25,0
2519061,0,.210420192402422,-.361818403785157,2,3,4,in,in,0,3,3,3,South Asian,m,22,1
2520761,0,.58002142539644,.473043934573487,2,3,3,in,in,0,3,3,3,South Asian,m,34,0
2527368,0,-.233656726807572,-.0184454172824612,-1,4,3,ca,sm,0,3,3,2,South Asian,f,21,-1
2527789,.03125,.61608604179303,.671154529835908,3,-1,3,au,au,0,3,3,2,South Asian,m,40,4
2547446, , , ,-1,5,5,us,us,1,3,3,3,South Asian,m,20,0
2555022,0,.905791193647098,1.03395337292757,0,0,3,us,us,1,3,3,2,White,m,17,3
2565127,.0078125,-.188155352907535,-.55456459998369,0,4,3,us,us,1,3,3,2,White,f,20,-1
2527022,.1328125,.468583096789547,.287858592373642,0,2,2,fi,fi,0,3,3,2,White,f,23,0
2519283,0,.0023654860531499,.277654977619761,0,4,3,us,us,1,3,3,2,White,m,36,-1
2518059,0,.456277924623691,.331701142409524,0,4,4,us,sm,1,3,3,2,White,f,23,0
2518456,0,-.923111630039466,-.641469545523462,0,4,0,us,us,1,3,3,2,White,f,21,-4
2522128, , , ,0,5,5,us,sm,1,3,3,2,White,f,24,0
2522251, , , ,-2,4,-1,ca,ca,0,3,3,1,White,f,24,-5
2522470,0,-.617693024913586,.459785756820889,0,5,5,us,sm,1,3,3,2,White,m,20,0
2522475,0,.879652330235487,.916422298515875,0,3,4,us,us,1,3,3,1,White,f,31,1
2523785, , , ,1,1,2,.,., ,3,3,2,White,f,27,1
2524092,0,.231942376808265,.0682493643473978,0,5,5,us,sm,1,3,3,2,White,f,23,0
2524170,0,-.572657645100447,.548281816523343,0,5,5,us,sm,1,3,3,2,White,f,19,0
2524332,0,.327994050986885,.95362244939229,-2,0,0,uk,uk,0,3,3,2,White,f,35,0
2525691, , , ,0,4,3,pl,uk,0,3,3,3,White,f,20,-1
2527281,0,.328834553783217,.594214014883676,0,3,3,uk,uk,0,3,3,2,White,f,18,0
2531055,.0546875,-.000273753958563994,.573720830830458,0,4,4,be,sm,0,3,3,.,White,m,40,0
2531183,.0078125,-.238642550853263,-.444546219173145,-3,4,-3,ca,sm,0,3,3,2,White,f,21,-7
2532306,0,-.830402571380297,.338938364881858,0,4,4,us,us,1,3,3,1,White,f,20,0
2532597,0,.178199970478314,.298970583137571,0,5,5,us,us,1,3,3,2,White,f,20,0
2533153,0,-.195361893255114,-.579384562989909,-2,3,0,us,us,1,3,3,2,White,m,34,-3
2533672,0,-.178847781709564,.34506698197162,0,0,0,us,sm,1,3,3,2,White,f,20,0
2534053,0,1.01602008409748,.422322590526838,0,0,0,us,sm,1,3,3,.,White,m,19,0
2537204, , , ,0,5,5,us,sm,1,3,3,2,White,f,18,0
2537799,0,.451059823882922,.282412653203852,-1,5,2,us,sm,1,3,3,2,White,m,18,-3
2538116,0,.664567140744997,.29672691838087,0,0,0,us,us,1,3,3,2,White,m,44,0
2540191,0,-1.01960873558291,.355022869559399,-1,5,4,us,sm,1,3,3,2,White,f,21,-1
2541498,.0078125,-.450985288407468,.843878408954551,0,1,0,us,us,1,3,3,2,White,f,25,-1
2541646,0,.104661571919001,.578017838470388,0,5,5,us,us,1,3,3,2,White,f,34,0
2542661,0,-.45873552086081,-.12306636708724,1,-1,-1,us,us,1,3,3,2,White,m,20,0
2543162,0,.367485849738082,.937362807231196,-1,3,3,us,sm,1,3,3,2,White,f,31,0
2543205,0,.212433740380272,.887330489061534,0,0,0,lt,lt,0,3,3,2,White,f,18,0
2543333,0,-.193619236468093,-.00196365885814377,1,4,5,de,de,0,3,3,2,White,m,34,1
2543444,0,-.0212377051389173,-.168865294897002,0,4,4,ca,ca,0,3,3,.,White,f,30,0
2545057,0,-.370367711540592,.195497868047964,0,4,4,br,au,0,3,3,1,White,f,20,0
2549417,.09375,.0686601865063063,-.0128508871492402,0,0,0,us,us,1,3,3,2,White,f,18,0
2549876,0,-.00335362237501828,-.325216074455062,0,0,0,us,sm,1,3,3,2,White,f,22,0
2553029,0,.425108228562068,-.121426209507988,0,5,5,ru,us,1,3,3,2,White,m,20,0
2553673,0,-.37480280492856,.445869180249357,0,4,0,ca,de,0,3,3,2,White,f,38,-4
2555551,0,-.311839867355511,.0434160011087118,0,4,4,ca,ca,0,3,3,2,White,f,19,0
2555555, , , ,0,5,5,zw,us,1,3,3,2,White,f,25,0
2556117,0,.544083996968339,.973915491416543,0,0,0,us,us,1,3,3,1,White,f,24,0
2558332,.015625,.522735288419883,.0344542640153822,0,4,4,us,sm,1,3,3,2,White,f,20,0
2559642,0,-.149260583494762,.906331788203301,0,4,4,us,sm,1,3,3,2,White,f,18,0
2560094,0,.0214857767289544,.145072873650095,0,3,3,us,sm,1,3,3,2,White,m,29,0
2563979,0,-.385793510987723,.6708117239474,0,4,3,us,us,1,3,3,2,White,f,56,-1
2562307,0,-.523776349347667,.0140623304856589,0,3,3,uk,au,0,3,3,2,White,f,40,0
2562396,0,.0777106536198967,.573303350330438,0,0,0,ca,ca,0,3,3,2,White,f,24,0
2562519,0,-.399859644359316,-.819342581379056,-1,5,3,us,us,1,3,3,2,White,f,38,-2
2564606,0,.543425946706885,.0921334056831608,0,3,3,us,us,1,3,3,2,White,m,19,0
2565324,0,-.81346593045626,.0754076717882898,-1,0,-1,us,sm,1,3,3,2,White,f,18,-1
2566015,0,-.0145483737734251,.399249372816932,0,0,0,se,se,0,3,3,2,White,f,33,0
2569535,0,-.625743745397124,.320996039435561,-1,5,0,us,sm,1,3,3,2,White,f,32,-5
2522953,.0234375,.705113547570836,.920728357060636,1,-1,3,us,us,1,4,3,2,White,f,42,4
2532364,0,-.0799559107328126,-.342161729938027,0,0,0,us,sm,1,4,3,2,White,f,17,0
2551788,0,.0696951991201259,.0417643380508361,0,0,0,us,us,1,4,3,2,White,f,18,0
2563451,0,-.336020334492725,.214710497043209,0,3,3,uk,ie,0,4,3,3,White,f,27,0
2565963,0,.583819205217916,.689033854821598,1,-1,3,us,sm,1,4,3,2,White,f,18,4
2568086, , , , , , ,us,us,1,4,3,2,White,f,19, 
2547971,0,-.568724359019535,.985942678918152,-1,1,0,us,br,1,5,3,.,White,m,34,-1
2525966,0,.427278255310777,.0299916643632212,2,0,0,us,us,1,5,3,2,White,m,22,0
2557227,0,-.743470514036869,-1.06714957294382,0,5,5,us,sm,1,5,3,1,White,f,18,0
2528157,.2109375,.895171087310805,-1.16534563058489,0,4,4,uk,uk,0,5,3,.,White,m,20,0
2518924,0,-.242599906679256,.33767639118675,-1,3,3,us,sm,1,5,3,1,White,m,21,0
2518822,0,-.0255903754355582,.78724299563819,1,3,3,tr,tr,0,5,3,2,White,m,20,0
2520680,0,.571503471282657,.733111608562693,1,1,1,us,sm,1,5,3,1,White,f,25,0
2520044,0,-.588479441494695,.577817708746915,0,1,0,uk,uk,0,5,3,2,White,f,18,-1
2520074, , , ,1,-1,0,us,sm,1,5,3,2,White,m,25,1
2520092,.046875,.389253068502635,.44386220299075,0,5,5,uk,uk,0,5,3,2,White,f,15,0
2520219,0,.890129953674624,.397371318455626,0,1,1,uk,uk,0,5,3,2,White,m,17,0
2522465,0,-.609928583642666,.338906150831927,0,4,4,us,sm,1,5,3,2,White,f,20,0
2523358,0,.221695393297366,.37385025509111,0,0,0,lt,ie,0,5,3,2,White,f,21,0
2524374,0,.310065835209653,.567961090526362,-1,4,3,uk,uk,0,5,3,2,White,f,28,-1
2527338,0,-.128758828607051,.495773114192478,0,4,4,us,sm,1,5,3,2,White,f,20,0
2528234,0,.325293534864857,-.350217728714509,0,0,0,us,sm,1,5,3,2,White,f,25,0
2529865,0,-.607355388640929,.524498219137185,0,4,4,us,us,1,5,3,2,White,f,19,0
2531262, , , ,0,3,5,us,sm,1,5,3,.,White,f,30,2
2533576,0,.0876936311665087,.600511021880618,0,3,3,ca,ca,0,5,3,2,White,f,29,0
2538876,.0078125,.121890600773285,.678815059868022,2,-1,1,uk,fr,0,5,3,2,White,m,35,2
2539876,0,.826484718676258,.3622772649081,3,-1,4,dk,dk,0,5,3,2,White,m,31,5
2540458,0,-.326705458168683,-.714692959020294,0,5,3,us,us,1,5,3,2,White,f,20,-2
2542076,0,-.0363656082324179,-.329284936406217,0,0,0,us,sm,1,5,3,2,White,f,20,0
2544317,0,.371566192065362,.00269207995824972,0,5,5,us,sm,1,5,3,2,White,f,17,0
2544815,0,.565342602429028,.0343435904236092,0,3,3,ca,ca,0,5,3,2,White,f,22,0
2547226,0,-.347903253169437,.609454329184795,-2,4,3,us,sm,1,5,3,2,White,f,18,-1
2556352,.9296875,.509189135949664,-.0914381774964106,-3,5,5,us,us,1,5,3,2,White,m,18,0
2559666,0,.354278294893488,.419964951713225,0,5,5,us,us,1,5,3,2,White,f,19,0
2562769,.0078125,-.634197438049457,-.280614534383511,-1,4,4,us,us,1,5,3,.,White,f,20,0
2563789,0,.454544119494731,.613994829725734,0,3,3,.,sm, ,5,3,2,White,f,27,0
2564340,0,-.10821050468286,.434963237513123,0,3,3,us,us,1,5,3,.,White,f,19,0
2565219,0,-.785400724165044,.328801109886176,0,0,0,us,sm,1,5,3,2,White,f,48,0
2566676,0,-.369831860706261,.0953113311170052,0,4,4,fr,fr,0,5,3,2,White,f,24,0
2566921,0,.424446200940332,.45768971797894,-2,0,0,us,sm,1,5,3,1,White,f,23,0
2568424,0,.211567153094756,-.204628847190361,0,5,5,us,us,1,5,3,2,White,f,18,0
